L0Bar,L0Y,mu_Strength,sigma_uc_Strength,sigma_cal_Strength,mu_Toughness,sigma_uc_Toughness,sigma_cal_Toughness,p_Bar_dominant,p_Balanced,p_Y_dominant,p_Expanded,type,type_name,feasible
1.0,1.0,19.208769642885102,10.531271268627105,7.924662421676228,18.08112295313159,4.934629921013843,3.8576618622254046,0.10738802765510176,0.12779839716529276,0.17347711429321433,0.5913364608863911,4,Expanded,False
1.02,1.0,19.050725096226994,9.986128289579177,7.584040751068402,18.1669404878697,4.75294454341015,3.7557993906632015,0.10933671815543303,0.10529204662739741,0.17589479222678792,0.6094764429903816,4,Expanded,False
1.04,1.0,18.91182208974176,9.133419565869584,7.051242785809652,18.269718912555728,4.453237286914039,3.5877675859330855,0.11240204233863282,0.08831457448349962,0.17847998929162145,0.6208033938862461,4,Expanded,False
1.06,1.0,18.79185946502406,8.029906864774578,6.361734979178085,18.39454432023043,4.060475366309689,3.3675643945923657,0.1174149554989983,0.0757917224766771,0.18161234285500777,0.6251809791693168,4,Expanded,False
1.08,1.0,18.7253837516075,6.818728074458288,5.604954173374054,18.536234835767218,3.6281597462420225,3.1251852987297615,0.12568772340433298,0.06664703567909518,0.1856453187108401,0.6220199222057318,4,Expanded,False
1.1,1.0,18.76493331457474,5.651997426323296,4.87594589886383,18.687552259340677,3.2072445190056214,2.8891978685360686,0.1396449901173492,0.06003659164545746,0.1909847506267564,0.609333667610437,4,Expanded,False
1.12,1.0,18.95387605975676,4.592364606239978,4.2138555569171725,18.85227370111148,2.8147229006520544,2.669129403399018,0.16425965404403595,0.05536160091489016,0.19809644597689072,0.5822822990641832,4,Expanded,False
1.1400000000000001,1.0,19.316142546852966,3.6239170638052913,3.6087405091617017,19.050888599175746,2.4427436811194956,2.460578097998887,0.21009782761576973,0.052076310176029914,0.2069369501249642,0.5308889120832362,4,Expanded,False
1.1600000000000001,1.0,19.867747625051717,2.7555608889799754,3.066165547510006,19.31638781414937,2.0869737837805773,2.261114599458997,0.2964126622976371,0.04911411824793322,0.21440494765001203,0.4400682718044177,4,Expanded,False
1.1800000000000002,1.0,20.637789420653114,2.163984215390417,2.6965307129889506,19.685601087196122,1.764718040803411,2.0804409157112027,0.4330770354029017,0.044642652280048156,0.21211205091566812,0.31016826140138204,1,Bar-dominant,True
1.2000000000000002,1.0,21.694422454816014,2.303109209052332,2.78346017844256,20.18868610054525,1.5243254935242347,1.945664087031001,0.5664996832622089,0.03941716295052186,0.20217263849896985,0.19191051528829942,1,Bar-dominant,True
1.2200000000000002,1.0,23.18181505420696,3.3615952687307726,3.4448339901211793,20.83574434815106,1.434938451026785,1.8955489638740515,0.6417904228054766,0.03617531390069823,0.19881287637178832,0.1232213869220368,1,Bar-dominant,True
1.2400000000000002,1.0,25.389341630383193,5.024239820443401,4.483704133547469,21.59827472788618,1.5235245804959785,1.9452150526527776,0.6747628831178321,0.03430581231272627,0.20063407870221556,0.09029722586722609,1,Bar-dominant,True
1.2600000000000002,1.0,28.887751864604315,6.931839718400243,5.6756297183329085,22.386022132858763,1.7399636376170957,2.066562282637574,0.6878938692257021,0.03286093646572695,0.2031871947039207,0.07605799960465025,1,Bar-dominant,True
1.2800000000000002,1.0,34.59298701481232,8.796531014848254,6.840744722974936,23.041173684260222,2.0817957058800793,2.258211493992597,0.6917346831243646,0.03159589637762529,0.20526739435857463,0.07140202613943547,1,Bar-dominant,True
1.3000000000000003,1.0,43.13817894743096,9.867312747462552,7.509801239590843,23.378032598552902,2.538283959301374,2.514143051864216,0.6907919663239771,0.030474055682057806,0.2067652183950622,0.0719687595989029,1,Bar-dominant,True
1.3200000000000003,1.0,53.7910040061394,9.437236181965382,7.241076512575615,23.288959602723978,2.797494205824969,2.659470082104016,0.6870969276374078,0.02949047695507271,0.20775423952932232,0.07565835587819716,1,Bar-dominant,True
1.3400000000000003,1.0,63.92128728877535,8.60074827550968,6.718413800056053,23.108801992465892,2.7635010099226593,2.640411691183529,0.6816545153353323,0.028641484035106125,0.208315276268627,0.08138872436093461,1,Bar-dominant,True
1.3600000000000003,1.0,71.40403577004776,7.490172879691143,6.0244930101005085,23.207995815932307,2.3776516184003285,2.424084030754141,0.6750272266010867,0.027921978238283202,0.20851712577880402,0.08853366938182608,1,Bar-dominant,True
1.3800000000000003,1.0,76.10642748406593,6.689827485087417,5.524413222134948,23.498690326447083,1.8633555956584251,2.1357423673684766,0.6675799360912438,0.02732638642289748,0.20842119649329177,0.09667248099256694,1,Bar-dominant,True
1.4000000000000004,1.0,78.65879495781726,6.458358155896486,5.379784248390877,23.769666515757827,1.7833352569301304,2.090878715787838,0.6595864522192815,0.02684950380144972,0.20808652929802443,0.10547751468124436,1,Bar-dominant,True
1.4200000000000004,1.0,79.7965430158948,6.496129399475862,5.403384853339347,23.958866699045736,2.0493988574232227,2.2400481002282406,0.6512756920342544,0.02648689534979708,0.2075721003655703,0.11466531225037818,1,Bar-dominant,True
1.4400000000000004,1.0,80.06210627724565,6.577766013139346,5.4543938561103005,24.12552782058351,2.2186879794431262,2.3349605725745697,0.6428497963870061,0.026234983788831354,0.20693681649885148,0.12397840332531106,1,Bar-dominant,True
1.4600000000000004,1.0,80.07860540785336,6.5343185112070765,5.427246554832106,24.133814656008756,2.4895826890201005,2.4868385333360905,0.6344890562314524,0.02609096471023772,0.20623811565399902,0.1331818634043109,1,Bar-dominant,True
1.4800000000000004,1.0,80.12438574781332,6.111179291177625,5.162856489169254,23.87988206779835,2.6404337541896106,2.571413651810815,0.6263512957907901,0.026052651065528974,0.2055300344244526,0.1420660187192283,1,Bar-dominant,True
1.5000000000000004,1.0,80.10233649157884,5.661017843835446,4.881582126056804,23.392156550516365,2.591814044098785,2.5441548602569224,0.6185698890599113,0.026118313983454267,0.20486141084304385,0.15045038611359066,1,Bar-dominant,True
1.5200000000000005,1.0,79.87256242950733,5.3816205347224075,4.707006314111792,22.687217638427533,2.368619014294239,2.4190198731921813,0.6112525640811813,0.02628655776079348,0.20427463781276392,0.1581862403452613,1,Bar-dominant,True
1.5400000000000005,1.0,79.30832453443028,5.0422099323628835,4.494932398018038,21.77899888811055,1.986477840620849,2.2047712366235253,0.604481808079542,0.02655624300027158,0.20380512253772,0.16515682638246645,1,Bar-dominant,True
1.5600000000000005,1.0,78.43157422272307,4.468498942358786,4.136460578014859,20.738028387530782,1.526077173126026,1.946646171643296,0.5983168003881598,0.026926453415834776,0.20348138890645215,0.17127535728955326,1,Bar-dominant,True
1.5800000000000005,1.0,77.41260358112208,3.86041703662879,3.7565127798099187,19.670446654789238,1.1325895278027722,1.7260361004836475,0.5927962877606957,0.027396488786627666,0.2033256122926491,0.17648161116002756,1,Bar-dominant,True
1.6000000000000005,1.0,76.36348851342191,3.312426195459825,3.4141116796017656,18.641075760242835,0.8737354029835689,1.5809087309841048,0.5879416057181864,0.027965858188912805,0.20335430477298896,0.18073823131991182,1,Bar-dominant,True
1.6200000000000006,1.0,75.31486109200397,2.8087242899317797,3.099383633669757,17.672008990320965,0.7919345786176606,1.5350468445976697,0.5837590615733016,0.028634243046449282,0.20357886305125264,0.18402783232899647,1,Bar-dominant,True
1.6400000000000006,1.0,74.29466641682092,2.392258871357189,2.839163559161941,16.77686361812935,0.8879581867318836,1.5888827788915716,0.5802410740037732,0.02940139920033943,0.20400574181672654,0.18635178497916083,1,Bar-dominant,True
1.6600000000000006,1.0,73.34224939815398,2.116312217237297,2.666743819868749,15.968841103791982,1.0655722978379303,1.6884626822399298,0.5773658042571311,0.03026697419184611,0.20463612566662945,0.1877310958843933,1,Bar-dominant,True
1.6800000000000006,1.0,72.48620058567937,1.9602501961218401,2.569231592079226,15.254194262385116,1.2391791168461765,1.7857958848205242,0.5750955486660577,0.03123023647617245,0.20546516003031656,0.1882090548274533,1,Bar-dominant,True
1.7000000000000006,1.0,71.73522272270822,1.8616441539341932,2.5076195818124125,14.629477093161025,1.3725941307893907,1.8605954269906442,0.5733748874194708,0.03228975314899782,0.20648107001855093,0.18785428941298038,1,Bar-dominant,True
1.7200000000000006,1.0,71.08484494181342,1.7784764140790195,2.455653885510827,14.08469249857588,1.4574617899412856,1.9081767438303927,0.5721303060070659,0.033443107722571176,0.20766478100475702,0.18676180526560585,1,Bar-dominant,True
1.7400000000000007,1.0,70.52546634013002,1.6992697660315759,2.4061631980800082,13.607627238171819,1.4993624632550255,1.9316684865350144,0.5712732045179465,0.0346867920511764,0.20899076680668813,0.18504923662418898,1,Bar-dominant,True
1.7600000000000007,1.0,70.04606008943813,1.629675205851468,2.3626784312117532,13.18703695686519,1.513417307320487,1.9395483785373975,0.5707071992883068,0.03601638469590356,0.21042952360668615,0.18284689240910343,1,Bar-dominant,True
1.7800000000000007,1.0,69.63488454385185,1.5812146978665143,2.3323988535179025,12.814648822758695,1.5212320627301512,1.9439297454430977,0.5703382198713437,0.03742700045678558,0.21195119885688993,0.18028358081498083,1,Bar-dominant,True
1.8000000000000007,1.0,69.27905853372873,1.562818444199477,2.320904322912491,12.486441846131727,1.543231426007963,1.9562637568304133,0.5700831873592077,0.038913793377165336,0.21352885610970007,0.17747416315392686,1,Bar-dominant,True
1.8200000000000007,1.0,68.96438233770864,1.572807641323787,2.3271458726403367,12.203000198847937,1.5857939977956141,1.980126594971361,0.5698719953177882,0.040472136092394265,0.21513935933082295,0.1745165092589946,1,Bar-dominant,True
1.8400000000000007,1.0,68.67709694519037,1.5977059801659854,2.3427031009230905,11.967516210461161,1.635089973686853,2.0077645370478305,0.5696391664350935,0.0420970935050665,0.2167603632154333,0.17150337684440675,1,Bar-dominant,True
1.8600000000000008,1.0,68.40800204454902,1.6249764883368143,2.3597425316935188,11.780616151077938,1.671640239834341,2.028256557347673,0.56930489329601,0.0437819552025182,0.21836308171816404,0.1685500697833078,1,Bar-dominant,True
1.8800000000000008,1.0,68.15503596704134,1.6556280123501346,2.3788945224874336,11.63602215462295,1.690743308551347,2.038966752188897,0.5687485010387167,0.04551581529838127,0.21990177519788848,0.16583390846501359,1,Bar-dominant,True
1.9000000000000008,1.0,67.9203203018534,1.698795623149515,2.4058669393977876,11.522328935623575,1.701537312907746,2.045018444274951,0.5677809676238049,0.047280531255927856,0.22130235992849692,0.16363614119177033,1,Bar-dominant,True
1.9200000000000008,1.0,67.70537087657405,1.7603132939666941,2.44430502373714,11.428464225212505,1.712605377836079,2.051223789272335,0.5661295002419243,0.04904809764603902,0.2224551993206152,0.16236720279142144,1,Bar-dominant,True
1.9400000000000008,1.0,67.50966044307334,1.840546580114186,2.494437185420014,11.347022687038704,1.7261516455974564,2.0588185463893725,0.5634567335616896,0.05078069197444,0.22322125700463735,0.16254131745923303,1,Bar-dominant,True
1.9600000000000009,1.0,67.33165505526999,1.9370954607518005,2.554763819499637,11.274238626093496,1.7410067572659595,2.0671471109103265,0.5594397975176264,0.05243659211449237,0.22346246985036414,0.16466114051751707,1,Bar-dominant,True
1.9800000000000009,1.0,67.169755885624,2.046631252645725,2.623205064934772,11.208583590538073,1.7558769056878532,2.075484105833797,0.5539069026064984,0.05398334479177462,0.2230968075611234,0.16901294504060352,1,Bar-dominant,True
2.000000000000001,1.0,67.02254723278688,2.1656684295166846,2.6975830604489737,11.149492033614901,1.770243144239246,2.083538582122413,0.5469643513214923,0.05541313821340931,0.22215222412340177,0.17547028634169656,1,Bar-dominant,True
1.0,1.02,19.268618215717204,10.761973739430882,8.068812239318154,17.986665063892872,4.978952104967081,3.8825112323951902,0.09891890286260005,0.1331186042010016,0.1669780393165097,0.6009844536198886,4,Expanded,False
1.02,1.02,19.074740683423055,10.417459033491271,7.853549126343536,18.06349632216979,4.875704941282864,3.824625389222922,0.09990449977867978,0.10707773334614565,0.16936704152912468,0.6236507253460499,4,Expanded,False
1.04,1.02,18.918548105527826,9.765940733737395,7.446460967414454,18.146134717601136,4.65068875239709,3.6984693636598247,0.10161092174517504,0.08780148562826849,0.17189354639897053,0.638694046227586,4,Expanded,False
1.06,1.02,18.775573356120322,8.809375869935188,6.848770573378564,18.2462310101266,4.309575792221337,3.5072233224886205,0.1045948782024407,0.07388855947743701,0.17489385376633265,0.6466227085537897,4,Expanded,False
1.08,1.02,18.65737913940395,7.635984407453868,6.115600422447924,18.36416351658344,3.889426594595555,3.2716653691766484,0.10964327633357968,0.06390301635345774,0.17863638483429103,0.6478173224786715,4,Expanded,False
1.1,1.02,18.60775798102177,6.40826354949785,5.348483637036136,18.491039580340555,3.4505367955376594,3.0256004394331373,0.11815267169201307,0.05674402291029466,0.18345402160495974,0.6416492837927326,4,Expanded,False
1.12,1.02,18.677865157994344,5.260079004768942,4.631063523739102,18.620275561191793,3.0370721711901862,2.7937902129027474,0.13296983375268606,0.05169415959378543,0.1899023445522312,0.6254336621012974,4,Expanded,False
1.1400000000000001,1.02,18.90098007014475,4.2237502276577,3.9835342462363608,18.759596069107623,2.655768773195743,2.5800112778719795,0.16040757213761833,0.048322546664824446,0.19877570911417217,0.5924941720833851,4,Expanded,False
1.1600000000000001,1.02,19.291097786147102,3.2773849823592505,3.392216879512277,18.93289872476228,2.2950952398520665,2.3777985405673956,0.21477580459189086,0.04616469299139337,0.21006765269246308,0.5289918497242527,4,Expanded,False
1.1800000000000002,1.02,19.859105104158278,2.4456383162072437,2.872516636023902,19.174632099783757,1.9493253033735876,2.1839415511599665,0.3215577885272981,0.04380077992792389,0.21821133752046393,0.4164300940243141,4,Expanded,False
1.2000000000000002,1.02,20.63335228813332,1.9319761555788912,2.5515651242080035,19.52273741271093,1.629716927345252,2.0047521219190383,0.4794628287991253,0.039104155111453855,0.21137087755029085,0.27006213853913,1,Bar-dominant,True
1.2200000000000002,1.02,21.68351779700228,2.1860984700733876,2.710348362053267,20.01085920718877,1.375246637112296,1.8620825629035567,0.6043797319099302,0.03438095706527889,0.20000550324253352,0.1612338077822574,1,Bar-dominant,True
1.2400000000000002,1.02,23.15833064081425,3.297153777932027,3.404569015433873,20.656176157122797,1.2637922326020128,1.7995953046571875,0.6630776850166497,0.03189649360940206,0.19820415932136337,0.10682166205258489,1,Bar-dominant,True
1.2600000000000002,1.02,25.365352315001168,4.945289175133479,4.434373404299157,21.43681749362813,1.3686713647432476,1.8583961160164169,0.6870450834596875,0.030405429548536013,0.20039913699936088,0.08215034999241558,1,Bar-dominant,True
1.2800000000000002,1.02,28.93194541288002,6.787271794508746,5.585299346953592,22.257548765974995,1.663900763208275,2.0239173957259347,0.6960532491545169,0.029210296160465127,0.2028227605443484,0.07191369414066955,1,Bar-dominant,True
1.3000000000000003,1.02,34.87690152652119,8.519776453717528,6.667820179169345,22.93243871249537,2.100682673096283,2.2688005308558346,0.6979841898620913,0.028171250498016224,0.20473216707056624,0.0691123925693262,1,Bar-dominant,True
1.3200000000000003,1.02,43.876468171311394,9.427643021736365,7.235082418568712,23.230164031341403,2.570740250251969,2.5323397722474104,0.6961065555535596,0.027266739300087866,0.2060931820735536,0.07053352307279893,1,Bar-dominant,True
1.3400000000000003,1.02,54.863250521743886,9.118366962388098,7.0418374680454665,23.077437265053355,2.7975238905424167,2.6594867249331013,0.6919137044082082,0.026491049993395095,0.20697411495498497,0.07462113064341173,1,Bar-dominant,True
1.3600000000000003,1.02,64.82636840862789,8.259192015935664,6.504999213031843,22.903151036269218,2.755551527501336,2.6359547891600617,0.6861749994649486,0.02583895397240884,0.2074447737549073,0.08054127280773528,1,Bar-dominant,True
1.3800000000000003,1.02,71.9410712292354,6.98829920818261,5.710907299573931,23.01835396755756,2.3590326917990825,2.4136452716946466,0.6793511495742689,0.02530480423852777,0.2075684012144988,0.08777564497270451,1,Bar-dominant,True
1.4000000000000004,1.02,76.25091655118791,6.185695181515971,5.209416250606896,23.310293528309405,1.8392714931214327,2.1222395404369285,0.6717677926624613,0.024883270818448353,0.2074060099599858,0.09594292655910454,1,Bar-dominant,True
1.4200000000000004,1.02,78.42604799625062,5.976354176437763,5.078613716928495,23.594705702138988,1.7775275867775449,2.0876226274687726,0.6636892676994226,0.0245698368973555,0.20701944917946674,0.10472144622375514,1,Bar-dominant,True
1.4400000000000004,1.02,79.19914776198304,6.0107115353442415,5.1000812244232,23.846430802545807,1.9354762239553394,2.176177021746481,0.6553477966367115,0.024360945617037822,0.20647177564374083,0.11381948210250986,1,Bar-dominant,True
1.4600000000000004,1.02,79.27287863744344,6.112457464187383,5.163655129971104,24.035921877411443,2.113842906952554,2.2761788568643286,0.6469520059821499,0.024253922178271065,0.20582569289314592,0.12296837894643312,1,Bar-dominant,True
1.4800000000000004,1.02,79.29957537326706,5.906595354127298,5.035026314158449,23.98488184989241,2.378698029173348,2.4246707042058793,0.6386865550578282,0.02424679217030836,0.2051411165427348,0.1319255362291286,1,Bar-dominant,True
1.5000000000000004,1.02,79.3723433802721,5.430521139048701,4.737560877188885,23.66757138336884,2.474769517141207,2.478533482488514,0.6307091849242064,0.024338083077264195,0.2044727740462869,0.14047995795224258,1,Bar-dominant,True
1.5200000000000005,1.02,79.35063604587353,5.106271669616162,4.534960091309365,23.119063259588387,2.3789738926615227,2.4248253679278022,0.6231484821238165,0.02452666139300292,0.20386844060596818,0.14845641587721245,1,Bar-dominant,True
1.5400000000000005,1.02,79.07529966970104,4.941842620841938,4.432219893888593,22.343411376927587,2.0919424512101434,2.2639002982941028,0.6161036886012338,0.02481162743862786,0.203368065861218,0.15571661809892037,1,Bar-dominant,True
1.5600000000000005,1.02,78.4496882286783,4.570418859543365,4.20014319669272,21.372653703528773,1.64047411030229,2.0107831699731133,0.6096466027851186,0.025192266142730037,0.20300374653124517,0.16215738454090617,1,Bar-dominant,True
1.5800000000000005,1.02,77.57523275345629,3.990210326730121,3.8376115172186136,20.306092750299438,1.1715614052912304,1.7478858047072474,0.6038248866203145,0.02566803586692414,0.20280030070920546,0.16770677680355583,1,Bar-dominant,True
1.6000000000000005,1.02,76.60990009687195,3.4209421459621248,3.481915697571957,19.242973582271365,0.8421497089811305,1.5632001134853764,0.5986658099915536,0.026238568170933736,0.20277610967710907,0.1723195121604036,1,Bar-dominant,True
1.6200000000000006,1.02,75.61887343360272,2.8997597495117677,3.156265317041782,18.227473207730593,0.7230574947426357,1.4964306934794929,0.5941794964033076,0.02690364770778821,0.20294389397737436,0.17597296191152986,1,Bar-dominant,True
1.6400000000000006,1.02,74.6317297358202,2.451664510052665,2.876281982536516,17.277276969700488,0.8114344193778222,1.5459794909179043,0.5903609715483283,0.02766314251648078,0.20331115839135397,0.17866472754383686,1,Bar-dominant,True
1.6600000000000006,1.02,73.68848878450979,2.1332886446496313,2.677351200479687,16.40752135970914,0.9916915311873109,1.647041200824083,0.5871907081781765,0.02851686268736192,0.2038801654680109,0.18041226366645058,1,Bar-dominant,True
1.6800000000000006,1.02,72.82446610979126,1.9417897261544415,2.5576969372048612,15.628519604152567,1.1659743443548352,1.744753401630808,0.5846339084477546,0.02946434425341449,0.20464748505705416,0.18125426224177674,1,Bar-dominant,True
1.7000000000000006,1.02,72.05589010022818,1.8217231567340855,2.482675746376103,14.941171178899632,1.2967088504677176,1.818050108755859,0.5826394500962486,0.030504589641146784,0.20560341621462724,0.18125254404797736,1,Bar-dominant,True
1.7200000000000006,1.02,71.38353562334721,1.7292960005219542,2.4249244892407917,14.338608453487826,1.3778491438951532,1.8635416664189617,0.5811400667760721,0.03163584229313371,0.2067318286449949,0.18049226228579926,1,Bar-dominant,True
1.7400000000000007,1.02,70.80062653553315,1.6515745478535027,2.376361796392339,13.810402761900729,1.4190034202294795,1.8866149393375586,0.5800554794876346,0.03285550811115769,0.20801105982402326,0.17907795257718448,1,Bar-dominant,True
1.7600000000000007,1.02,70.29720353288499,1.5941610499741314,2.340488122301801,13.346335419818312,1.4400127262217535,1.898393872031018,0.5792992493589337,0.034160316885923955,0.20941620252672719,0.17712423122841509,1,Bar-dominant,True
1.7800000000000007,1.02,69.86131600290398,1.566166858142566,2.32299651229219,12.939066294588295,1.4647397336985672,1.9122571456149795,0.5787879249395762,0.03554670707631764,0.2109223377235613,0.17474303026054486,1,Bar-dominant,True
1.8000000000000007,1.02,69.47903375837471,1.5681423766036857,2.32423087543068,12.585699982096896,1.5085354838563474,1.9368113690413866,0.5784485421300243,0.037011239498443226,0.2125073147527404,0.17203290361879214,1,Bar-dominant,True
1.8200000000000007,1.02,69.13537888868683,1.5867429577241923,2.335853075952474,12.287313344147389,1.5659353059815027,1.9689927576925572,0.5782194261543929,0.03855069429954154,0.21415218009708836,0.16907769944897713,1,Bar-dominant,True
1.8400000000000007,1.02,68.81781184405878,1.6042032420421684,2.3467627848586834,12.045011875386928,1.6165261051210422,1.9973566464470025,0.5780405127807763,0.04016147451767206,0.21583770743934436,0.16596030526220734,1,Bar-dominant,True
1.8600000000000008,1.02,68.52043716902583,1.616150713683638,2.354227923192051,11.854378058096854,1.647973899681472,2.01498795019503,0.5778322019981862,0.04183803102009265,0.2175364345691206,0.1627933324126006,1,Bar-dominant,True
1.8800000000000008,1.02,68.24362978696362,1.6340588008478865,2.3654174327367397,11.704434007821364,1.6657015028301756,2.0249269859909638,0.5774647264656475,0.043570188743616504,0.21920070131643102,0.15976438347430497,1,Bar-dominant,True
1.9000000000000008,1.02,67.98927880954457,1.6710693614284657,2.38854274015078,11.582441233099399,1.6803124712018307,2.0331186708138356,0.5767239096984282,0.045339572225536875,0.2207487050537268,0.15718781302230814,1,Bar-dominant,True
1.9200000000000008,1.02,67.75759557604118,1.7329188068927137,2.4271881272325198,11.478644122977672,1.6965792480847135,2.0422386898241474,0.5752874754931513,0.04711612943649097,0.2220539232038392,0.15554247186651848,1,Bar-dominant,True
1.9400000000000008,1.02,67.54728866933525,1.8189756662582335,2.480959031987709,11.38742854597724,1.714154142915921,2.052092109227318,0.5727404382594715,0.04885735117391614,0.2229492076588731,0.15545300290773925,1,Bar-dominant,True
1.9600000000000009,1.02,67.35662427911811,1.9254450435826511,2.5474842897029504,11.306161741443848,1.731627908384028,2.0618888301387948,0.5686667713181811,0.0505143914666714,0.2232610346083418,0.15755780260680569,1,Bar-dominant,True
1.9800000000000009,1.02,67.18390651449747,2.047418089993249,2.6236967044901016,11.233697850188017,1.7482970397024569,2.0712344304137593,0.5628236748003641,0.05204765497955088,0.22287824119723385,0.16225042902285122,1,Bar-dominant,True
2.000000000000001,1.02,67.02756066278404,2.1800517461145175,2.706570187710507,11.169396747108586,1.7641513098901151,2.0801231762634806,0.5553151745447124,0.0534462465107744,0.22182410025450533,0.16941447869000797,1,Bar-dominant,True
1.0,1.04,19.38472488012972,10.86598217930713,8.133799829564358,17.889862120633335,4.969559126562548,3.877245029862903,0.09191591322601517,0.1425173457176979,0.1608467752068484,0.6047199658494385,4,Expanded,False
1.02,1.04,19.12725092170318,10.706130839527038,8.033919921911714,17.970455820795422,4.942049135173415,3.8618214677000497,0.0923934952421022,0.11179229492097933,0.16349045047080768,0.6323237593661107,4,Expanded,False
1.04,1.04,18.943563919785056,10.260336077203673,7.75537399446347,18.041795358540593,4.795913964963685,3.779890330389725,0.09333419579145019,0.0893926594910626,0.1662487410109741,0.6510244037065132,4,Expanded,False
1.06,1.04,18.78447963049656,9.496117770683751,7.277867493819327,18.122266920472434,4.524400016845652,3.6276651916158027,0.0951027909951262,0.07356970482800033,0.1693739798253396,0.6619535243515339,4,Expanded,False
1.08,1.04,18.63593793114788,8.439383504895389,6.617588255462447,18.219599226795292,4.142747266872916,3.4136903913127523,0.09815844880023353,0.06242553375058105,0.17302584796186352,0.6663901694873219,4,Expanded,False
1.1,1.04,18.522214409301572,7.212875078773122,5.851229033795553,18.329164894364116,3.701037276568731,3.1660443125829327,0.10328683260918603,0.0545064256469157,0.1774137816514183,0.66479296009248,4,Expanded,False
1.12,1.04,18.493521748978704,5.9883886874276495,5.086133240055221,18.43961508037328,3.262199643842525,2.9200086300553965,0.11204629327906888,0.04886813542125347,0.18295156683428634,0.6561340044653913,4,Expanded,False
1.1400000000000001,1.04,18.595249491513037,4.871407269198313,4.388209775316394,18.546781170012753,2.859694259776413,2.6943427356458804,0.12781195988637675,0.04497300151951907,0.19040857425079455,0.6368064643433096,4,Expanded,False
1.1600000000000001,1.04,18.84935617125904,3.867368471844573,3.7608562448591383,18.662678467853944,2.490837945947188,2.487542297033121,0.15848604424050625,0.042523331362803826,0.20080508532450803,0.5981855390721819,4,Expanded,False
1.1800000000000002,1.04,19.261793109033203,2.9537044806319077,3.189971601706262,18.81367478670851,2.142394266066259,2.292186265078136,0.2227460177344313,0.040986139067128204,0.21338536863419252,0.522882474564248,4,Expanded,False
1.2000000000000002,1.04,19.840957449574223,2.168581875525638,2.699403468827944,19.034538147141927,1.808956093858211,2.1052431176313324,0.35100715557370277,0.03842349212427923,0.21835085907458152,0.3922184932274365,4,Expanded,False
1.2200000000000002,1.04,20.616166121548034,1.7361990887172147,2.429237745622685,19.363389741394666,1.4986900182471352,1.9312914781516386,0.5192768138039104,0.03334351750733364,0.20498058520205076,0.24239908348670522,1,Bar-dominant,True
1.2400000000000002,1.04,21.65906559727771,2.0864090736792065,2.648059439611351,19.836553537582663,1.2425963727999598,1.7877117799905378,0.6269848616281942,0.02959432123527601,0.1951981147950998,0.14822270234142998,1,Bar-dominant,True
1.2600000000000002,1.04,23.123010796767637,3.2222977419367953,3.3577967207960406,20.47787214547708,1.1188153839258117,1.7183135839142565,0.6734326973022761,0.027883239113433104,0.19579850227455597,0.10288556130973489,1,Bar-dominant,True
1.2800000000000002,1.04,25.3357464395201,4.835037397515465,4.365484789526355,21.272759942291973,1.2385395464008804,1.7854373076628285,0.692885992631175,0.026786754617390638,0.19877784517273386,0.08154940757870048,1,Bar-dominant,True
1.3000000000000003,1.04,28.989004514383332,6.592013893793855,5.463296358935587,22.12164051191161,1.6036759829726022,1.9901521855312125,0.7003923043021023,0.02587155481029531,0.20144286486998944,0.07229327601761293,1,Bar-dominant,True
1.3200000000000003,1.04,35.21637980329665,8.190451664464806,6.462048181364764,22.80743940881086,2.1187120057122897,2.278908732215272,0.7018610020833058,0.02507375780245361,0.20343827035442605,0.06962696975981457,1,Bar-dominant,True
1.3400000000000003,1.04,44.70148920029429,9.05799205535297,7.0041134167644366,23.055886665857866,2.5906126257390785,2.5434812813200036,0.69986768536905,0.024388420329675295,0.2048252942952554,0.0709186000060193,1,Bar-dominant,True
1.3600000000000003,1.04,55.931551088530725,8.97540525271663,6.952510707447187,22.85340916087175,2.797315921403404,2.6593701263890255,0.6956586612063735,0.023814421305089012,0.20570030561547703,0.0748266118730604,1,Bar-dominant,True
1.3800000000000003,1.04,65.64727543438337,7.97523502216773,6.327574373466026,22.691484587174788,2.750192304908181,2.6329501243587945,0.6899187281158539,0.02334869493827848,0.2061461223133476,0.08058645463252001,1,Bar-dominant,True
1.4000000000000004,1.04,72.35358085667568,6.545835300984214,5.434442590229606,22.81736901317286,2.347232083419568,2.4070292239348925,0.6830889339964719,0.022987234586167415,0.20623591637260158,0.08768791504475919,1,Bar-dominant,True
1.4200000000000004,1.04,76.22742601201921,5.716276189312765,4.9161091963391375,23.113727688985456,1.8366854691704455,2.120789678072434,0.6755026191662489,0.02272620878857972,0.20604011153871005,0.09573106050646141,1,Bar-dominant,True
1.4400000000000004,1.04,77.97942051417999,5.47833528600859,4.76743658914359,23.436644709352944,1.7513964242047986,2.0729721099666993,0.6674417489980946,0.022562494742887206,0.20562933054287744,0.10436642571614074,1,Bar-dominant,True
1.4600000000000004,1.04,78.39808218944944,5.498305492237493,4.779914572479176,23.75911823353413,1.7941671849206895,2.096951669877236,0.6591563924869888,0.02249378137674756,0.2050738693706005,0.11327595676566325,1,Bar-dominant,True
1.4800000000000004,1.04,78.3864702202023,5.550537185566501,4.812550499794014,23.930703824365235,2.029901535295169,2.2291168659869243,0.6508677078851837,0.022518444792059906,0.20444128181333765,0.12217256550941882,1,Bar-dominant,True
1.5000000000000004,1.04,78.46774020036659,5.197480540945157,4.591950127539118,23.81224639623526,2.2559017808605777,2.3558246059855312,0.642765156118351,0.02263534608169255,0.20379353501430497,0.13080596278565138,1,Bar-dominant,True
1.5200000000000005,1.04,78.58739403420599,4.789772355692401,4.337201834854843,23.436497792840576,2.298963427120422,2.379967251780246,0.6350035862864519,0.02284364434401676,0.2031847452241985,0.13896802414533282,1,Bar-dominant,True
1.5400000000000005,1.04,78.5780458411713,4.66821024872098,4.261246187344666,22.824760694197035,2.1449867748766565,2.293639763199211,0.6277026379123131,0.023142668885261397,0.20265997182139228,0.14649472138103325,1,Bar-dominant,True
1.5600000000000005,1.04,78.26739669579213,4.571689441272208,4.200937094234753,21.97934779840832,1.7812350276463085,2.089701215713154,0.6209488462828497,0.023531857694237213,0.20225509056448013,0.15326420545843294,1,Bar-dominant,True
1.5800000000000005,1.04,77.62443938661502,4.146377220120528,3.9351892723484254,20.962107957295217,1.2842436000421968,1.811061427367558,0.6147996982538771,0.02401074590253105,0.2019974715196692,0.15919208432392257,1,Bar-dominant,True
1.6000000000000005,1.04,76.79134506476855,3.572098621359206,3.5763627933831605,19.886626101751553,0.8610920184554366,1.573820178157602,0.6092884676549266,0.02457897654632842,0.20190706470752742,0.16422549109121753,1,Bar-dominant,True
1.6200000000000006,1.04,75.88563846867346,3.028731429067238,3.2368506875587144,18.832590920768865,0.6756813287637612,1.4698690987964256,0.6044287203104415,0.025236303319297243,0.20199750799260438,0.16833746837765687,1,Bar-dominant,True
1.6400000000000006,1.04,74.95468763589862,2.5534026599777864,2.939851027583315,17.831483202298106,0.743836608822874,1.508080568362121,0.6002177039827327,0.025982558414113007,0.20227696678502138,0.171522770818133,1,Bar-dominant,True
1.6600000000000006,1.04,74.03919222228845,2.195251967730662,2.716067741709171,16.90119815478905,0.9208368833711349,1.607316322336787,0.5966382977745128,0.026817567620497928,0.20274856014297565,0.17379557446201355,1,Bar-dominant,True
1.6800000000000006,1.04,73.17955465413283,1.966589597479102,2.573192640031701,16.055629883392825,1.090835226769789,1.702626421853101,0.5936597364099488,0.02774101167893426,0.20341041003547697,0.17518884187563996,1,Bar-dominant,True
1.7000000000000006,1.04,72.40006484123128,1.8234586833012048,2.4837601553869444,15.300682274033852,1.2150752757970784,1.7722819914308245,0.591237901253331,0.028752259398968666,0.20425555692831815,0.1757542824193822,1,Bar-dominant,True
1.7200000000000006,1.04,71.70823065545781,1.7229522883374842,2.420960747754286,14.63396397899049,1.2910378396299311,1.8148706389063203,0.5893164284905508,0.02985023012060976,0.20527216383538152,0.17556117755345788,1,Bar-dominant,True
1.7400000000000007,1.04,71.10143759835351,1.6501843515130796,2.3754931600562808,14.048209507263376,1.3333074106262675,1.8385692052430826,0.5878298917202596,0.0310333636020529,0.20644446293864765,0.17469228173903986,1,Bar-dominant,True
1.7600000000000007,1.04,70.57164571831632,1.6078534887897418,2.3490435684202007,13.535327081784743,1.3660791354125217,1.8569427745864877,0.5867094802085118,0.03229975497408712,0.20775463346029563,0.1732361313571055,1,Bar-dominant,True
1.7800000000000007,1.04,70.10713312724496,1.5980756721659712,2.3429340955639195,13.089667237186907,1.4121401672661211,1.8827670352352857,0.5858898751748378,0.03364742862145172,0.20918519846885447,0.17127749773485604,1,Bar-dominant,True
1.8000000000000007,1.04,69.69343065591319,1.6096307696813392,2.350154066784304,12.709526924349136,1.4766558696882504,1.9189379642883901,0.585314132409503,0.035074593649239406,0.21072081941853366,0.16889045452272392,1,Bar-dominant,True
1.8200000000000007,1.04,69.31601024999436,1.6205426915942933,2.3569721626130793,12.39519293922508,1.5426645055904866,1.9559459111365833,0.5849324929456928,0.03657960535233108,0.21234797145892612,0.16613993024305002,1,Bar-dominant,True
1.8400000000000007,1.04,68.96510095163019,1.6171734375769151,2.3548669517304117,12.143555921520434,1.5909270568829956,1.9830044605002866,0.5846917731856058,0.03816030912742935,0.21405114891242788,0.1630967687745369,1,Bar-dominant,True
1.8600000000000008,1.04,68.63816621501846,1.6074131013821502,2.348768401170041,11.944543665132436,1.620020745915935,1.9993159276686665,0.5845137439223944,0.03981246696887178,0.21580480868419719,0.15986898042453662,1,Bar-dominant,True
1.8800000000000008,1.04,68.33663304399587,1.6106646916089604,2.3508000921901155,11.78409217199525,1.6407282873532703,2.0109256751266305,0.5842629879458867,0.04152704596786869,0.21756097955503728,0.1566489865312073,1,Bar-dominant,True
1.9000000000000008,1.04,68.06141163397184,1.6416438818666685,2.370156818673298,11.649812953622636,1.6609113729982743,2.0222413848148157,0.5837084423272537,0.04328639952271635,0.21923385483337568,0.15377130331665423,1,Bar-dominant,True
1.9200000000000008,1.04,67.81168975881391,1.7053931644395979,2.409989280916442,11.53369587514623,1.6819097336432163,2.0340141809652796,0.5824923511992867,0.0450601804943539,0.22068638270865382,0.15176108559770563,1,Bar-dominant,True
1.9400000000000008,1.04,67.58574240862404,1.7997857830105708,2.4689686178361705,11.43153250508252,1.702540121107211,2.045580671808325,0.5801387125096836,0.046803648305403116,0.22173123740899117,0.1513264017759221,1,Bar-dominant,True
1.9600000000000009,1.04,67.38165195667393,1.9189602378589743,2.54343238874474,11.34129189114813,1.7219721538708272,2.0564753013645753,0.5761488115036681,0.048463241360325995,0.22216541755597585,0.15322252958003002,1,Bar-dominant,True
1.9800000000000009,1.04,67.1975411977291,2.055979851302543,2.62904634954214,11.261835459591863,1.740172838078403,2.066679571526321,0.5702024678260068,0.049993232917558056,0.22184783748678588,0.1579564617696492,1,Bar-dominant,True
2.000000000000001,1.04,67.03160479657501,2.2044485848170794,2.721814063676643,11.192247008108701,1.7575067229149486,2.0763978679270174,0.5623754485958299,0.05137825257024176,0.22078749663435063,0.1654588021995777,1,Bar-dominant,True
1.0,1.06,19.594711736608524,10.863207039457064,8.132065839018335,17.776354719270063,4.9107415277931015,3.844268760330203,0.08607820350274921,0.15777730695571482,0.15504545106714876,0.6010990384743872,4,Expanded,False
1.02,1.06,19.226464939107924,10.862462435120337,8.131600587913825,17.877909385120237,4.954197058734086,3.868632238795442,0.08637784931156055,0.1207107837631642,0.15819336987521979,0.6347179970500555,4,Expanded,False
1.04,1.06,18.992718268151325,10.610867958875824,7.974396819163513,17.948703274704716,4.885951511550422,3.8303701606858516,0.08694901626092398,0.09384903382366698,0.1614094595922238,0.6577924903231852,4,Expanded,False
1.06,1.06,18.812664196524317,10.054494932263948,7.6267582782863155,18.01604904815894,4.692594556202244,3.721963982790401,0.08800636710374864,0.07522416304443472,0.16482110461633384,0.6719483652354828,4,Expanded,False
1.08,1.06,18.646319568479868,9.173686010783664,7.0764024673303165,18.095205179403,4.372536292176812,3.5425223224458207,0.08981511309827356,0.06237809297937452,0.1684998288021128,0.6793069651202391,4,Expanded,False
1.1,1.06,18.492165450401842,8.02645818864992,6.359580142982601,18.189172431384094,3.9537434620692906,3.3077248207980334,0.09282965511856857,0.05338476401383797,0.17257717155030644,0.681208409317287,4,Expanded,False
1.12,1.06,18.38696568704497,6.76933533865335,5.574092111800496,18.288478818768134,3.4985769409390035,3.0525342962428064,0.09791529512369078,0.04698372303140554,0.17734088790092697,0.6777600939439767,4,Expanded,False
1.1400000000000001,1.06,18.38307538788269,5.569169937305386,4.824192801482287,18.38110812143399,3.0667892098040115,2.810451162950783,0.10684201790766319,0.0424339751284275,0.18334922895130065,0.6673747780126087,4,Expanded,False
1.1600000000000001,1.06,18.516325338448393,4.495840555366917,4.153544437218562,18.466789161342852,2.6783228755494073,2.5926563054460883,0.1235717863391369,0.03934778355947005,0.19154443231589457,0.6455359977854985,4,Expanded,False
1.1800000000000002,1.06,18.79756126831611,3.5335086161694895,3.5522506016432205,18.5616171859106,2.3228847473281062,2.393378814293002,0.15779426505491628,0.03747551163235576,0.20284577243917581,0.6018844508735521,4,Expanded,False
1.2000000000000002,1.06,19.227094125327504,2.6622748786864747,3.0078776526058006,18.693443510191795,1.9874366665937142,2.2053088053848766,0.23313281608631728,0.03606691738461504,0.214638049898702,0.5161622166303657,4,Expanded,False
1.2200000000000002,1.06,19.81278060547539,1.9305778299788101,2.550691408466887,18.896569536064916,1.668665189857654,2.0265885863329256,0.38220826521898293,0.032827957778820395,0.21265711130025078,0.3723066657019459,1,Bar-dominant,True
1.2400000000000002,1.06,20.585512565811317,1.5763549714995564,2.3293623508435015,19.208749242408658,1.3749059295416652,1.8618915441452937,0.5487165655573543,0.02791991565149738,0.1950788668785348,0.22828465191261357,1,Bar-dominant,True
1.2600000000000002,1.06,21.61887714175565,1.9966331857379545,2.5919647743470993,19.668215226334144,1.1319480134352937,1.7256764334599393,0.6382741111469894,0.025370854770823226,0.18956479772386708,0.1467902363583203,1,Bar-dominant,True
1.2800000000000002,1.06,23.071932868454088,3.1292602863997407,3.299664130352559,20.30443013146529,1.0107609563532438,1.6577325333038462,0.6775474049389328,0.02430238140615342,0.19259257875702337,0.10555763489789038,1,Bar-dominant,True
1.3000000000000003,1.06,25.297184420669325,4.685211627947071,4.2718691585966155,21.109511678479862,1.1433691042198766,1.7320797035006994,0.6954371568061587,0.023558011065013932,0.1964617866076226,0.08454304552120481,1,Bar-dominant,True
1.3200000000000003,1.06,29.06062721696989,6.340609165133945,5.306211150162649,21.97936721975051,1.5604940677128682,1.9659421105479593,0.7029247791737065,0.02290817404509537,0.19951872619482344,0.07464832058637462,1,Bar-dominant,True
1.3400000000000003,1.06,35.61764595711456,7.8234695802078535,6.232746777096372,22.66383064126677,2.129300023346141,2.2848449372052015,0.7046913188093831,0.022338065769233202,0.20170681220777306,0.07126380321361073,1,Bar-dominant,True
1.3600000000000003,1.06,45.59947675779986,8.794197482296926,6.8392866619036194,22.854646146479265,2.5943760944438554,2.545591281744759,0.702976301108821,0.02185603009930521,0.2031822178038306,0.07198545098804317,1,Bar-dominant,True
1.3800000000000003,1.06,56.97313175370717,8.924855808802967,6.920925899982109,22.616627974872713,2.7932921968387534,2.657114212707657,0.6989518082043117,0.021466311556647168,0.20408373763877383,0.07549814260026735,1,Bar-dominant,True
1.4000000000000004,1.06,66.37757928862025,7.707138306193292,6.160059510779597,22.468892074713374,2.747446339434466,2.6314105902825453,0.6933092536504514,0.02116901079686003,0.2045199721643364,0.08100176338835215,1,Bar-dominant,True
1.4200000000000004,1.06,72.61997454892996,6.15912388388451,5.192813707535988,22.603918518026045,2.34809150854893,2.407511063304434,0.6865224091791903,0.020962487672435193,0.20458344035820542,0.08793166279016916,1,Bar-dominant,True
1.4400000000000004,1.06,76.00788113310753,5.287083196340186,4.647936551916912,22.916976402141252,1.8618841532113517,2.1349173985878442,0.6789632491591125,0.02084486197299784,0.20436028938483478,0.09583159948305478,1,Bar-dominant,True
1.4600000000000004,1.06,77.29544966784657,4.952476755265092,4.438864419768775,23.309275359087913,1.678506572569432,2.0321061881335387,0.6709479417498956,0.020814628589898708,0.20393337360257474,0.10430405605763098,1,Bar-dominant,True
1.4800000000000004,1.06,77.43309550979214,4.963460739763522,4.445727542460586,23.68278528754877,1.683119341119254,2.0346923511557176,0.6627502984481576,0.020870756490591794,0.20338113931150645,0.11299780574974413,1,Bar-dominant,True
1.5000000000000004,1.06,77.44001064812785,4.889919801976396,4.399776960595137,23.802696238537855,1.9575057957112996,2.1885279696109476,0.6546022928794368,0.021012562631331576,0.2027749098851025,0.12161023460412915,1,Bar-dominant,True
1.5200000000000005,1.06,77.60968756890672,4.491394665706322,4.1507665121205,23.620799629222212,2.1229306850607066,2.2812739479020046,0.6466919896403642,0.021239541150785725,0.2021764019750602,0.1298920672337898,1,Bar-dominant,True
1.5400000000000005,1.06,77.79979265851799,4.283549063497275,4.020898350970228,23.18922257580944,2.106860066094758,2.2722639054374056,0.6391635285495232,0.021551237215854026,0.2016363876030337,0.13764884663158908,1,Bar-dominant,True
1.5600000000000005,1.06,77.81208743609447,4.374397731319823,4.077663321254274,22.511352865546375,1.882790295001312,2.1466384919506813,0.6321202732967651,0.021947190898844816,0.20119465981602944,0.14473787598836066,1,Bar-dominant,True
1.5800000000000005,1.06,77.49005720282895,4.253881656311953,4.0023612658632794,21.604224612879737,1.4520595805222376,1.9051479783316019,0.6256303663223075,0.02242693925018272,0.20088099879155455,0.1510616956359552,1,Bar-dominant,True
1.6000000000000005,1.06,76.8693594969557,3.7676995097421817,3.6985800903751236,20.55828820951131,0.9621757988706816,1.630493113777153,0.6197332924280491,0.02299004911037728,0.20071666413396008,0.1565599943276135,1,Bar-dominant,True
1.6200000000000006,1.06,76.09100105448913,3.2037542270641497,3.3462101769761188,19.48278728326151,0.6685358764664147,1.4658629787605844,0.6144461562892499,0.023636151521126494,0.20071596860860677,0.16120172358101675,1,Bar-dominant,True
1.6400000000000006,1.06,75.2442938778805,2.7030607433798566,3.033361883170977,18.438348388098916,0.6873526702671598,1.4764126726803735,0.6097688191282448,0.02436495448767845,0.20088762022424625,0.1649786061598305,1,Bar-dominant,True
1.6600000000000006,1.06,74.37958166510688,2.3129526697391616,2.789610667676717,17.451466598247972,0.8537263540941671,1.5696905955437874,0.6056875712418042,0.025176220995455436,0.20123568661955665,0.16790052114318377,1,Bar-dominant,True
1.6800000000000006,1.06,73.54130916439983,2.051787660345917,2.6264269429973712,16.53958254197646,1.0154382015657384,1.6603548453673211,0.6021775292579848,0.026069713186987704,0.20176020599400832,0.16999255156101908,1,Bar-dominant,True
1.7000000000000006,1.06,72.76136647546585,1.8877519996211312,2.5239325462192683,15.713710058546969,1.1297459356674142,1.7244418317161618,0.5992043800643115,0.027045121241952148,0.2024576229135987,0.17129287578013758,1,Bar-dominant,True
1.7200000000000006,1.06,72.05508555288534,1.7810989138416837,2.457292501955796,14.977174631560043,1.199262549905097,1.7634165375195785,0.5967263435190322,0.028102013074055684,0.203321328687745,0.17185031471916715,1,Bar-dominant,True
1.7400000000000007,1.06,71.42548183147144,1.714246799042581,2.4155212971494793,14.327544703981223,1.2449575943357925,1.7890356061823762,0.5946971071448506,0.029239847663705323,0.2043425665504891,0.17172047864095505,1,Bar-dominant,True
1.7600000000000007,1.06,70.86752889630739,1.683537476066472,2.396333191831447,13.760363235441336,1.294150023314144,1.8166154943603514,0.5930698217535468,0.03045807480567374,0.20551175076714373,0.17096035267363568,1,Bar-dominant,True
1.7800000000000007,1.06,70.3705148358276,1.680355478755783,2.3943449845509837,13.272589464305508,1.363498711995002,1.855496052178486,0.5918010963713894,0.031756287212341125,0.20681985095988906,0.16962276545638036,1,Bar-dominant,True
1.8000000000000007,1.06,69.92053008338657,1.6825874872724458,2.3957396103628845,12.863355374552066,1.4443770669904543,1.9008407532456926,0.5908527440468574,0.03313430733062082,0.20825905167230943,0.16775389695021234,1,Bar-dominant,True
1.8200000000000007,1.06,69.50526523719608,1.6674143523042937,2.3862589809136407,12.530286636483517,1.5134844294110283,1.9395860107460492,0.5901884226854355,0.034592010177379395,0.2098216277074893,0.16539793942969588,1,Bar-dominant,True
1.8400000000000007,1.06,69.11881634335556,1.6324978209378824,2.364442085708224,12.264516642806617,1.559844633240993,1.9655780030931083,0.5897625165687936,0.036128628265827044,0.21149597512239643,0.16261288004298288,1,Bar-dominant,True
1.8600000000000008,1.06,68.76120264197846,1.5972800435047225,2.342436962932309,12.05114786047341,1.591002151237978,1.9830465623837719,0.5894992729832625,0.03774125254135083,0.213258905327246,0.1595005691481406,1,Bar-dominant,True
1.8800000000000008,1.06,68.43374850858349,1.5854127479112896,2.335021920996537,11.874972677273423,1.6174554751607464,1.9978777006478894,0.5892612669141887,0.0394222432772211,0.21506363186105174,0.15625285794753851,1,Bar-dominant,True
1.9000000000000008,1.06,68.13630140272004,1.6117575502428578,2.351482943016272,11.724909449694474,1.6431499316747236,2.012283377540998,0.5888094727283057,0.04115543465025462,0.21682401735188328,0.15321107526955638,1,Bar-dominant,True
1.9200000000000008,1.06,67.8673388964913,1.6801910403546354,2.3942422385099196,11.594515551668978,1.6677505861023403,2.02607581089527,0.5877670962086861,0.04291175827358314,0.21839935639784328,0.1509217891198875,1,Bar-dominant,True
1.9400000000000008,1.06,67.62481519640453,1.7863101969879964,2.4605486678416844,11.480421409545855,1.6905171541826622,2.038839958039292,0.5856200278579964,0.04464677365348628,0.2195920468207904,0.15014115166772699,1,Bar-dominant,True
1.9600000000000009,1.06,67.40657735102603,1.9214769659761044,2.545004915895727,11.38072029360859,1.7114791236587914,2.050592351367871,0.5818081771356021,0.046305186150789754,0.22017951565536015,0.15170712105824805,1,Bar-dominant,True
1.9800000000000009,1.06,67.21049039799675,2.076343561227176,2.641770205779664,11.293999228163354,1.7311432401428677,2.061617099383225,0.5759390012403612,0.04783715354232905,0.21999460621239827,0.15622923900491142,1,Bar-dominant,True
2.000000000000001,1.06,67.034501296427,2.242841316088644,2.745802992760453,11.218925055921158,1.7500926861468737,2.072241165173004,0.5680381829373274,0.04922231017786998,0.21902485182647397,0.16371465505832858,1,Bar-dominant,True
1.0,1.08,19.96502050482722,10.795971606671245,8.090055125646325,17.62449558245179,4.812614652453962,3.789253622730501,0.08112468871758735,0.1814024665578253,0.14944521053405146,0.5880276341905358,4,Expanded,False
1.02,1.08,19.40409259948321,10.902045337511126,8.156333171580966,17.7737973161507,4.915222963650315,3.8467812912701387,0.08145837031914212,0.1358139766739252,0.1532526319850041,0.6294750210219285,4,Expanded,False
1.04,1.08,19.08054636607175,10.824659562432428,8.107980220150457,17.858697470056992,4.921858345270976,3.8505014385959915,0.08191485412792603,0.10241043898127844,0.15707292373603948,0.658601783154756,4,Expanded,False
1.06,1.08,18.862285484324296,10.470558071221273,7.8867269964334135,17.921623027842816,4.808093651856976,3.7867189096962592,0.0825643765585898,0.07951535564171443,0.16084315947887454,0.6770771083208212,4,Expanded,False
1.08,1.08,18.679169042360932,9.79512777283852,7.464697904146327,17.986559931511902,4.563661987062551,3.6496775372291004,0.08356371725463671,0.06406625977528314,0.1645751712347484,0.6877948517353317,4,Expanded,False
1.1,1.08,18.502167634735034,8.797983845198889,6.841652494917643,18.064981071118705,4.19494405682617,3.442954683807712,0.08520805684354096,0.053482490935098416,0.16838939005558734,0.6929200621657733,4,Expanded,False
1.12,1.08,18.34425612957855,7.577757677335988,6.079218616483146,18.1544018005279,3.74570859395294,3.191089425495766,0.08801511134670928,0.04604558893550676,0.17252205359462275,0.6934172461231612,4,Expanded,False
1.1400000000000001,1.08,18.25278461852497,6.317607228302143,5.291838850688944,18.241330987959103,3.287177588175019,2.934012592167311,0.09294624486826163,0.04072536014181905,0.17737400038903087,0.6889543946008885,4,Expanded,False
1.1600000000000001,1.08,18.276997826706413,5.162726305745135,4.570234639842288,18.31521205280169,2.8692820391966722,2.6997181539730017,0.1019821572812115,0.03694943401743613,0.18361502500677776,0.6774533836945746,4,Expanded,False
1.1800000000000002,1.08,18.440634904891446,4.144742563078128,3.9341678896395704,18.380612185675787,2.497508174709255,2.4912819815170946,0.11969856471383233,0.034419956420735025,0.19221475366350393,0.6536667252019287,4,Expanded,False
1.2000000000000002,1.08,18.744915141342688,3.2334477514741353,3.36476358090774,18.45702955703434,2.156550868438985,2.3001232081917125,0.15782212822202737,0.03285266293299579,0.20353155385057878,0.6057936549943981,4,Expanded,False
1.2200000000000002,1.08,19.186748038921234,2.4134179530231634,2.852384387499818,18.572902505148605,1.8352763492887543,2.1199996506317578,0.24583751872362608,0.031222074587291666,0.21216756601538916,0.5107728406736931,4,Expanded,False
1.2400000000000002,1.08,19.77441737237023,1.7395655496203017,2.431341211283837,18.761621148236866,1.5339744520774583,1.95107380562914,0.4136118857161477,0.02732693517407172,0.20159056109851295,0.3574706180112676,1,Bar-dominant,True
1.2600000000000002,1.08,20.540163359692855,1.4530980518983065,2.2523477336106503,19.060259075368233,1.2639193336589838,1.79966656425976,0.5676646036042619,0.02326583283721294,0.1845269477259607,0.22454261583256446,1,Bar-dominant,True
1.2800000000000002,1.08,21.559721903234227,1.9095880176934774,2.537576344710841,19.508147212176343,1.0483972927215666,1.678833462248091,0.6424304153034205,0.02177257063511926,0.18396117727610903,0.15183583678535123,1,Bar-dominant,True
1.3000000000000003,1.08,23.000758339719784,3.010618152229472,3.225532969356717,20.13876195283191,0.9452551863455958,1.6210065197821688,0.6784128798632476,0.021189057610005245,0.1890555741813401,0.11134248834540704,1,Bar-dominant,True
1.3200000000000003,1.08,25.24762784177091,4.49177966633613,4.151007072052023,20.94928260548829,1.0866319343736321,1.7002698329089698,0.6965551880752008,0.02074366661909895,0.193806328232849,0.0888948170728513,1,Bar-dominant,True
1.3400000000000003,1.08,29.150388860008434,6.040242697010259,5.118533179246569,21.83031607396132,1.5317890490247958,1.9498485526162677,0.7048530570338025,0.02033077453404327,0.19730608436837968,0.07751008406377455,1,Bar-dominant,True
1.3600000000000003,1.08,36.08339207240687,7.454607985514477,6.002270998380567,22.498504722395044,2.1270355921168154,2.2835753767994937,0.7072699121025919,0.01996421829090035,0.19971282154863926,0.07305304805786841,1,Bar-dominant,True
1.3800000000000003,1.08,46.54957890179172,8.641081309160342,6.74361508821492,22.625812750307784,2.580456897113304,2.5377874405058414,0.7059450189724905,0.0196622288775042,0.20127517064206402,0.07311758150794125,1,Bar-dominant,True
1.4000000000000004,1.08,57.97361981823441,8.87399936427901,6.8891492693352685,22.363532082238976,2.7826461178661797,2.6511454554477396,0.7021005830839089,0.019434303631264086,0.2021861635623243,0.07627894972250278,1,Bar-dominant,True
1.4200000000000004,1.08,67.00176377973042,7.445248696385553,5.996423034045845,22.23053443869383,2.7492489843637324,2.6324212487640697,0.6965067681684468,0.019284103536461747,0.20259171834527342,0.08161740994981806,1,Bar-dominant,True
1.4400000000000004,1.08,72.71352351769875,5.837350959534227,4.991760341243028,22.378852940159444,2.371420883260836,2.4205907497354415,0.6897126598450948,0.01921268913476071,0.20261206956879932,0.08846258145134522,1,Bar-dominant,True
1.4600000000000004,1.08,75.56307313593125,4.908944833354818,4.411664370358356,22.7330663820855,1.9027528758597547,2.1578305749450366,0.682150592111453,0.019220268855957335,0.20235356323800896,0.09627557579458072,1,Bar-dominant,True
1.4800000000000004,1.08,76.37772119318257,4.415811049982498,4.103539603863528,23.216445940626308,1.5706171090909973,1.9716176251551496,0.6741763998826732,0.01930687367865455,0.20191192744034261,0.1046047989983296,1,Bar-dominant,True
1.5000000000000004,1.08,76.36434517300013,4.405441829675251,4.097060604262132,23.59880113140979,1.6357184265498326,2.0081168810984513,0.6660815152875864,0.01947249318260772,0.20137137595825638,0.11307461557154945,1,Bar-dominant,True
1.5200000000000005,1.08,76.47037234751173,4.203354832796771,3.970790592301078,23.652941755756412,1.8825933964153931,2.1465281001466003,0.6580963410432337,0.019717024610745593,0.20080291177228454,0.12138372257373624,1,Bar-dominant,True
1.5400000000000005,1.08,76.76230629810082,3.9096558996054473,3.787278697028976,23.41517132801147,1.974722043326543,2.198180312337949,0.650393803890528,0.02004021290062075,0.20026356066856954,0.1293024225402817,1,Bar-dominant,True
1.5600000000000005,1.08,77.04289686452357,3.989163612478207,3.8369574987852135,22.92647234760663,1.8931705038194722,2.1524581882823033,0.6430956769719456,0.02044164317346802,0.19979696027385735,0.13666571958072898,1,Bar-dominant,True
1.5800000000000005,1.08,77.08636114347863,4.1849897945566665,3.959315566029904,22.182958111130286,1.6035889622501514,1.9901033970927435,0.6362811402680616,0.0209207852184213,0.1994350017172736,0.1433630727962435,1,Bar-dominant,True
1.6000000000000005,1.08,76.7787798039835,3.9585284310408313,3.817815719322517,21.22770363614702,1.1447364632727637,1.7328463176029296,0.629996062644128,0.021477066301282308,0.19919998505783465,0.1493268859967551,1,Bar-dominant,True
1.6200000000000006,1.08,76.19875302320239,3.42828233485558,3.48650206756948,20.166231503127864,0.7390013136296639,1.505369645085799,0.6242616325994936,0.022109946944327722,0.19910680553970508,0.15452161491647354,1,Bar-dominant,True
1.6400000000000006,1.08,75.47532890074726,2.9012103923062553,3.1571717221338487,19.09345349970118,0.6492537794235349,1.455052411132108,0.619081516085559,0.022818981669433115,0.19916485878030377,0.1589346434647042,1,Bar-dominant,True
1.6600000000000006,1.08,74.68955878697363,2.4862429189945012,2.897887608717924,18.05755444336646,0.7883181799767955,1.5330192994612843,0.6144472926839083,0.023603856548905858,0.19937953478272497,0.16256931598446087,1,Bar-dominant,True
1.6800000000000006,1.08,73.89458663600433,2.2027521854290963,2.720754102499922,17.08274439101404,0.9401657215887804,1.6181530955501495,0.6103423689812386,0.02446440551007656,0.19975332002658205,0.16543990548210277,1,Bar-dominant,True
1.7000000000000006,1.08,73.1292759238929,2.0248922314249485,2.6096218729829426,16.18515870623492,1.0434746165087738,1.6760735485315927,0.606744848982618,0.025400616743976985,0.20028662902389555,0.16756790524950937,1,Bar-dominant,True
1.7200000000000006,1.08,72.41713159832355,1.915151539809512,2.541052600061202,15.374682031011593,1.1064639448934155,1.711388711237193,0.603629922413737,0.026412646872389568,0.2009785273609961,0.16897890335287735,1,Bar-dominant,True
1.7400000000000007,1.08,71.76804997986643,1.8518060994562469,2.501472470539584,14.655511731702907,1.1583231400247507,1.740463730146128,0.6009721573401704,0.02750085857631643,0.20182746423952141,0.16969951984399173,1,Bar-dominant,True
1.7600000000000007,1.08,71.18131348994241,1.8221547310261323,2.482945406927552,14.028702592214739,1.2272449966290107,1.7791049832340873,0.5987476244359146,0.02866588071173328,0.20283198728390167,0.16975450756845045,1,Bar-dominant,True
1.7800000000000007,1.08,70.6484960805035,1.806326880934793,2.473055691848293,13.494759155933746,1.3181763172119427,1.830085910698688,0.5969351203534049,0.02990865553452066,0.20399118632384353,0.16916503778823086,1,Bar-dominant,True
1.8000000000000007,1.08,70.15811934147536,1.7771479801979106,2.4548238402102975,13.052764242304638,1.4092301870341974,1.8811355457751515,0.5955151126165469,0.031230389815025544,0.20530437355711487,0.16795012401131276,1,Bar-dominant,True
1.8200000000000007,1.08,69.70207705934072,1.7201377408414387,2.419202134130054,12.695814317192546,1.4788375679737213,1.9201611402120236,0.5944646014744449,0.03263227357488368,0.20676932453586377,0.1661338004148077,1,Bar-dominant,True
1.8400000000000007,1.08,69.27862153294681,1.647135816775227,2.3735883441910435,12.409108593884543,1.526587165707486,1.9469321005689533,0.593745873800383,0.03411477352930809,0.20837827863903632,0.16376107403127255,1,Bar-dominant,True
1.8600000000000008,1.08,68.88923278429027,1.585363079063305,2.334990886411799,12.1747489346587,1.5633780653519658,1.9675590327866814,0.5932869560456834,0.03567624206263153,0.21011077940800915,0.160926022483676,1,Bar-dominant,True
1.8800000000000008,1.08,68.53459931608377,1.559785863951633,2.3190094758907485,11.977893333584358,1.5961377586058059,1.985925856614049,0.5929517928153362,0.0373105278473406,0.21192244472241958,0.15781523461490363,1,Bar-dominant,True
1.9000000000000008,1.08,68.21366818508105,1.5846130055884289,2.33452221802587,11.808962262323488,1.6261236992686106,2.00273756743149,0.5925007620059929,0.03900337119323122,0.21372961954135564,0.15476624725942023,1,Bar-dominant,True
1.9200000000000008,1.08,67.92440339040309,1.6618074362222717,2.382755611712864,11.662549312047604,1.6530785820547633,2.017849906231017,0.5915516886135576,0.040728004734754505,0.215393336134162,0.15232697051752592,1,Bar-dominant,True
1.9400000000000008,1.08,67.66443063303356,1.783742444577408,2.4589442591830064,11.535542431817566,1.6773094280661787,2.0314350053475225,0.5895730051138062,0.04244214737047853,0.2167141640833989,0.15127068343231642,1,Bar-dominant,True
1.9600000000000009,1.08,67.43132695286222,1.9383523358014565,2.55554915269774,11.425775080330581,1.6996219362895721,2.0439445824217133,0.5859661778279696,0.04409131792418919,0.21745987898247882,0.15248262526536246,1,Bar-dominant,True
1.9800000000000009,1.08,67.2226853081685,2.11365820400927,2.6650855128661997,11.331351806663656,1.7208702550656094,2.05585751837515,0.5802792211227031,0.04562383939430357,0.21744386208571226,0.15665307739728104,1,Bar-dominant,True
2.000000000000001,1.08,67.03618950852962,2.299921904861356,2.781468655264253,11.250423804230687,1.7417239773966218,2.067549222605428,0.5724776309678326,0.04701489589716815,0.21662986480520702,0.16387760832979234,1,Bar-dominant,True
1.0,1.1,20.609902084179897,10.782608658941289,8.081705555432706,17.40151816898694,4.710435598456877,3.7319666185736,0.07686231819278222,0.21666572052444322,0.14397881863091497,0.5624931426518596,4,Expanded,False
1.02,1.1,19.71658845063461,10.852628737690434,8.12545619905519,17.639834040354867,4.8305885536381385,3.7993307462854227,0.07731055455579688,0.16023826979514652,0.14842674494381508,0.6140244307052415,4,Expanded,False
1.04,1.1,19.233563333052878,10.914609404422087,8.164183577117353,17.76176773289942,4.905910218039847,3.841560071503177,0.07781765949213168,0.11727929308604816,0.15293649315211702,0.6519665542697032,4,Expanded,False
1.06,1.1,18.94427079982579,10.746606647453554,8.059210419716914,17.832579991917886,4.8700884261006205,3.8214764725320154,0.0782614197368549,0.08774300538785844,0.15711513913389194,0.6768804357413948,4,Expanded,False
1.08,1.1,18.7328155689526,10.279918856218314,7.767609901664844,17.88980654481661,4.7063967234003385,3.729702210721872,0.07872709473624465,0.06819414626231292,0.160905991193347,0.6921727678080954,4,Expanded,False
1.1,1.1,18.540273153854876,9.47851514671187,7.2668688468316045,17.953954322535544,4.408003830712035,3.5624073081451435,0.07945497819380155,0.05515985530898985,0.1644788548707928,0.7009063116264158,4,Expanded,False
1.12,1.1,18.35091359706822,8.372064188034415,6.5755251288063725,18.031792023205465,3.9936033553856793,3.330072393855176,0.08080808102987143,0.046218644889440476,0.16809374367364854,0.7048795304070395,4,Expanded,False
1.1400000000000001,1.1,18.19337153660042,7.105394326616607,5.784071838775493,18.11488503777838,3.524382820155377,3.067002442620273,0.08335480832489506,0.039901609297245004,0.17208038787830013,0.7046631944995598,4,Expanded,False
1.1600000000000001,1.1,18.121550479660918,5.873053302480423,5.01406823507335,18.187366577716283,3.0738005730312414,2.814382105532766,0.08812901964904518,0.03536941378775896,0.1769026390820326,0.6995989274811633,4,Expanded,False
1.1800000000000002,1.1,18.17624278838046,4.782682452940578,4.332771851139396,18.242256394460906,2.675930016340081,2.591314741494288,0.09730454616107582,0.03216240181116423,0.18324812597727072,0.6872849260504892,4,Expanded,False
1.2000000000000002,1.1,18.368276030701377,3.830484847204713,3.7378102508249813,18.289173623616076,2.323129365968268,2.39351596049379,0.11611153359864783,0.03001459938353483,0.1919006899101453,0.661973177107672,4,Expanded,False
1.2200000000000002,1.1,18.69141175084129,2.979132231765689,3.205859622654666,18.350051486246276,1.9980322086527824,2.211249228967187,0.15876979709076794,0.028555469498998957,0.2021956349168976,0.6104790984933355,4,Expanded,False
1.2400000000000002,1.1,19.140770034836606,2.21825640864712,2.7304416058100127,18.45321539632919,1.6927077924343021,2.0400681461827403,0.2619561940793545,0.026521873016266486,0.2055170875298116,0.5060048453745674,4,Expanded,False
1.2600000000000002,1.1,19.725097282937405,1.6043743035196385,2.3468696691963196,18.63095174766107,1.4120186020889363,1.8826988793409187,0.44336501440963105,0.02234616262408051,0.1874124134850446,0.3468764094812438,1,Bar-dominant,True
1.2800000000000002,1.1,20.477576564982,1.36599898341102,2.197925625362391,18.919454695093663,1.1718050375430156,1.7480223978863267,0.577792192182653,0.019472493836995584,0.1749167954676806,0.22781851851267082,1,Bar-dominant,True
1.3000000000000003,1.1,21.47739086964128,1.8174292255583986,2.479992769493429,19.35819588620244,0.994240220123812,1.648470131196683,0.6425613784186416,0.01875150326185044,0.17862764921510083,0.1600594691044072,1,Bar-dominant,True
1.3200000000000003,1.1,22.905752385323286,2.860819430071852,3.131934238459808,19.98259077157211,0.9199267821003495,1.6068060712310746,0.6779792910799269,0.018530671606148078,0.18543920647571505,0.11805083083820997,1,Bar-dominant,True
1.3400000000000003,1.1,25.187115355608718,4.257362344294019,4.004536104026629,20.792503304408406,1.0643504914717545,1.6877776727038263,0.6974852728639671,0.01833592127053661,0.19103429825283677,0.09314450761265954,1,Bar-dominant,True
1.3600000000000003,1.1,29.262607899893272,5.712006247879346,4.913441208966377,21.672216842364115,1.5124218987449871,1.938990299626194,0.7069597956070659,0.018126839605547507,0.19495791766496454,0.07995544712242206,1,Bar-dominant,True
1.3800000000000003,1.1,36.610790672149946,7.126308280177075,5.7971395037268465,22.307400039825602,2.1080684891180437,2.272941411560727,0.7100341822025839,0.01793441805400436,0.1975371899872388,0.07449420975617295,1,Bar-dominant,True
1.4000000000000004,1.1,47.530904681550716,8.557522975109974,6.691405336954526,22.367054669574053,2.548029280048653,2.5196067962259088,0.7089571553635692,0.017785338953732382,0.19912624485814018,0.07413126082455826,1,Bar-dominant,True
1.4200000000000004,1.1,58.9220339334655,8.769927522995957,6.824122063990027,22.087783852925455,2.7642043435606656,2.640806017373369,0.7051201785478829,0.01769454808251114,0.1999900731733893,0.07719520019621669,1,Bar-dominant,True
1.4400000000000004,1.1,67.49329162540859,7.205031544210016,5.846328158338949,21.97201334898231,2.7595465668700174,2.6381946203971682,0.6994363612376078,0.017669497840776458,0.20032397045862754,0.08257017046298819,1,Bar-dominant,True
1.4600000000000004,1.1,72.60911277154835,5.6204899711022875,4.856259096600093,22.14582827419199,2.425636879467466,2.4509871164912775,0.6925567717522808,0.017713912899497683,0.20028092418641555,0.0894483911618059,1,Bar-dominant,True
1.4800000000000004,1.1,74.8716008886139,4.595516501433057,4.215824955492428,22.576123392401335,1.927915833704467,2.1719382654575274,0.6849737899915356,0.017829759878073295,0.19998621317351437,0.09721023695687676,1,Bar-dominant,True
1.5000000000000004,1.1,75.27260894019308,3.947529472020362,3.8109432401005665,23.14598854478814,1.4933766930679844,1.9283125458781645,0.67706559050252,0.018018068652429428,0.19954280116738599,0.10537353967766452,1,Bar-dominant,True
1.5200000000000005,1.1,75.2574542880029,3.8773715769363895,3.767106484701887,23.49486110787079,1.632190262799197,2.006138805127473,0.6691169491815666,0.018279240802976292,0.1990331866466478,0.11357062336880927,1,Bar-dominant,True
1.5400000000000005,1.1,75.52264534375192,3.638999705725811,3.6181645958428135,23.485862150071824,1.793802712361264,2.096747327204153,0.6613336294595868,0.01861319542565955,0.1985209680015487,0.12153220711320492,1,Bar-dominant,True
1.5600000000000005,1.1,75.96869544986346,3.573457240362567,3.577211699252686,23.196530727530376,1.8089240910932176,2.105225175181687,0.6538563282582108,0.019019491906945355,0.19805317197550906,0.12907100785933476,1,Bar-dominant,True
1.5800000000000005,1.1,76.34874644518811,3.8851003362160994,3.771935645121743,22.647946613122123,1.6693688554913937,2.0269830986572055,0.6467748245895115,0.019497462030907315,0.197663228201644,0.13606448517793718,1,Bar-dominant,True
1.6000000000000005,1.1,76.42912654853805,4.019228926196667,3.855743207818861,21.845366484334782,1.3401084195013824,1.8423822120038515,0.6401413084530809,0.02004634463826968,0.1973741214187927,0.14243822548985666,1,Bar-dominant,True
1.6200000000000006,1.1,76.14852588752663,3.671011772461161,3.638166694503329,20.855983198337483,0.9102537662224536,1.6013828648190969,0.6339818929712803,0.020665409803886328,0.1972013101196184,0.14815138710521505,1,Bar-dominant,True
1.6400000000000006,1.1,75.61223222961696,3.14391015618816,3.308817808035858,19.785890716553357,0.6620864233150675,1.4622470728088468,0.628305833759406,0.021354064489642857,0.1971551796321059,0.15318492211884527,1,Bar-dominant,True
1.6600000000000006,1.1,74.94315504290407,2.7034195015616964,3.0335860460345545,18.715294429179274,0.7238150559628898,1.496855422531839,0.6231124665463924,0.022111938079460186,0.19724296217052809,0.15753263320361938,1,Bar-dominant,True
1.6800000000000006,1.1,74.2190444884211,2.406430919660084,2.8480186796613327,17.685046866544486,0.8625553406917195,1.57464059431682,0.6183961757455103,0.022938950993849648,0.19747016473474233,0.16119470852589776,1,Bar-dominant,True
1.7000000000000006,1.1,73.48868408938907,2.2250238337280615,2.7346700958124144,16.71839838731709,0.9586737626751065,1.628529686301114,0.6141498222241437,0.023835371886997907,0.19784159651116168,0.16417320937769675,1,Bar-dominant,True
1.7200000000000006,1.1,72.78373375438187,2.11711150580669,2.667243239320651,15.832393985401822,1.018433920531407,1.6620344045149724,0.6103670175924183,0.024801868056600826,0.1983620872979068,0.16646902705307406,1,Bar-dominant,True
1.7400000000000007,1.1,72.12168222880858,2.053355446214108,2.627406542592529,15.03951901919479,1.0798977940716876,1.6964943162215511,0.6070434597940917,0.025839548122589606,0.19903694254902932,0.1680800495342894,1,Bar-dominant,True
1.7600000000000007,1.1,71.50745981329742,2.010552095623917,2.600661726377329,14.348343113936078,1.1690429508624007,1.7464738254053305,0.6041772715838447,0.026949984289184322,0.1998720959784538,0.16900064814851715,1,Bar-dominant,True
1.7800000000000007,1.1,70.93687863401748,1.9608535087379644,2.5696085598823553,13.763637845157419,1.275876445453463,1.8063703561454667,0.6017679593642972,0.028135182863217482,0.20087381110120847,0.16922304667127686,1,Bar-dominant,True
1.8000000000000007,1.1,70.40352810950817,1.8812111420768118,2.5198456224037127,13.283258370206436,1.3712240115845902,1.859827265400666,0.5998132777581154,0.029397445797655554,0.2020476611450364,0.16874161529919257,1,Bar-dominant,True
1.8200000000000007,1.1,69.90521124314344,1.7726629147266204,2.452021436891659,12.894852218712947,1.4418277271084616,1.8994114579184798,0.5983029189853798,0.03073902974123839,0.20339637254960813,0.16756167872377367,1,Bar-dominant,True
1.8400000000000007,1.1,69.44396761636153,1.659804209382574,2.381503935549051,12.579019809833337,1.494477656102975,1.9289298042251042,0.5972074328674895,0.0321614537182034,0.2049159100103757,0.1657152034039314,1,Bar-dominant,True
1.8600000000000008,1.1,69.02191312396508,1.5734527398359686,2.327548949523597,12.316867766762032,1.5381055199828635,1.9533899016880851,0.5964600886408775,0.03366422453748413,0.20658889279264553,0.16328679402899282,1,Bar-dominant,True
1.8800000000000008,1.1,68.63900997595564,1.5380467707566547,2.3054262389672813,12.094665146998077,1.5759337775160627,1.9745984318298353,0.5959290423001204,0.03524266378871115,0.20837423982613495,0.1604540540850335,1,Bar-dominant,True
1.9000000000000008,1.1,68.29351534591764,1.5663511270773562,2.323111649044972,11.903972247530593,1.6085510426233962,1.992885402874252,0.5953791780818761,0.03688456195358492,0.210192562004036,0.15754369796050288,1,Bar-dominant,True
1.9200000000000008,1.1,67.98296865629928,1.6573774918274877,2.3799876496947414,11.739767614103926,1.6368226727718,2.0087359801743725,0.5944318723894781,0.03856591354400612,0.2119099461237644,0.15509226794275133,1,Bar-dominant,True
1.9400000000000008,1.1,67.70470213164599,1.7993349821428675,2.4686869439440535,11.598697500389482,1.6621484531218158,2.0229349576304516,0.592552186252466,0.04024759500320239,0.2133306367137174,0.15386958203061418,1,Bar-dominant,True
1.9600000000000009,1.1,67.4560258229196,1.9763419386250554,2.579286195045972,11.478028211244965,1.685887291427995,2.0362442110980448,0.5891209179928372,0.041877566666431214,0.21422012150054384,0.1547813938401878,1,Bar-dominant,True
1.9800000000000009,1.1,67.23427199780474,2.1738140212356196,2.7026726702688393,11.375225261513984,1.7090496398649955,2.0492302537289726,0.5836410721257407,0.04340418916043085,0.21437898795940624,0.1585757507544223,1,Bar-dominant,True
2.000000000000001,1.1,67.03687417184749,2.3805232629238016,2.831830799310276,11.287855587522724,1.732276794621625,2.062252630224394,0.576018723952255,0.04479936149582022,0.21374894414986612,0.16543297040205876,1,Bar-dominant,True
1.0,1.12,21.692953174497,11.102384784921561,8.281511262262368,17.074911015683355,4.70615050359472,3.7295641668226946,0.07329726224503631,0.2670836435617568,0.13888498549454079,0.5207341086986661,4,Expanded,False
1.02,1.12,20.264663442556476,10.790551255002919,8.086668327482343,17.446436606978047,4.7205663877746895,3.7376464770872513,0.07373688961061348,0.1985711420648993,0.14360821172618415,0.5840837565983031,4,Expanded,False
1.04,1.12,19.499221241957084,10.899854602249707,8.154964334535853,17.642683776555796,4.840858572777084,3.805088664430966,0.07436370476060743,0.14227723031858758,0.14877032855494748,0.6345887363658574,4,Expanded,False
1.06,1.12,19.08045862080122,10.892995670549155,8.150678668455171,17.74077224903845,4.879892442887441,3.8269731250106824,0.07475558526677094,0.10237322275445604,0.1534203112839194,0.6694508806948536,4,Expanded,False
1.08,1.12,18.814418843099233,10.623093625710787,7.982035782190961,17.800363160421483,4.797022337905665,3.7805117431240456,0.07488645745550801,0.07617828121708418,0.15730615518079358,0.6916291061466142,4,Expanded,False
1.1,1.12,18.601054785908325,10.033802117266774,7.613828787336573,17.854300298970156,4.579339744227827,3.6584673205042875,0.07499514027448223,0.05920005784806529,0.16067283245078468,0.7051319694266678,4,Expanded,False
1.12,1.12,18.393754427326293,9.103072304763234,7.032280907598418,17.919196567814947,4.2260291555768426,3.4603826410228793,0.07540138327714173,0.04792726468542226,0.16387125959858004,0.712800092438856,4,Expanded,False
1.1400000000000001,1.12,18.19285917151781,7.904297859706934,6.283250708456574,17.995963718130824,3.7732991653459402,3.206558165088199,0.0764938076689615,0.04017520136898181,0.1672337616132628,0.7160972293487938,4,Expanded,False
1.1600000000000001,1.12,18.042107102370096,6.626564605148383,5.484884678834382,18.07042454023158,3.2980942792508388,2.9401330689438714,0.07885409726430977,0.03468660869716665,0.17110811066133505,0.7153511833771885,4,Expanded,False
1.1800000000000002,1.12,17.995899424824167,5.453050479929472,4.751637884549236,18.126751984333577,2.866727003519714,2.698285665280641,0.08356156052472313,0.0307541408363117,0.17593970420847796,0.7097445944304872,4,Expanded,False
1.2000000000000002,1.12,18.082200565224653,4.4431185596011895,4.12060215424747,18.16319608426224,2.4937683147342184,2.4891852174000357,0.09297425089930793,0.027978518270323514,0.18231036404705456,0.696736866783314,4,Expanded,False
1.2200000000000002,1.12,18.299789854852357,3.565467318062713,3.5722193563510936,18.193903349568043,2.1618415362776253,2.303089437556819,0.11308833879541834,0.02608563782012368,0.19059943881675767,0.6702265845677003,4,Expanded,False
1.2400000000000002,1.12,18.63719777032214,2.7820672861204168,3.0827275388091326,18.242202260148,1.8542727756168023,2.1306500560862083,0.1614633571317025,0.024606033084573705,0.19878776575082496,0.6151428440328989,4,Expanded,False
1.2600000000000002,1.12,19.088519236112496,2.086951733717321,2.6483985098660527,18.335843771222205,1.5671019035314735,1.9696468142342876,0.2831801767477807,0.02213296517718916,0.19515968706612305,0.4995271710089071,4,Expanded,False
1.2800000000000002,1.12,19.662601770917036,1.5312057162352808,2.301151743083909,18.50599196845331,1.30991406870612,1.825453655397989,0.46899162306553793,0.01818407865175701,0.17289553591326579,0.3399287623694393,1,Bar-dominant,True
1.3000000000000003,1.12,20.393828751558864,1.3113616852175924,2.163786604035094,18.78771776352995,1.1030886413828849,1.7094963368348612,0.581913055473909,0.01644711602363987,0.1667135389389864,0.23492628956346467,1,Bar-dominant,True
1.3200000000000003,1.12,21.367671922877427,1.7130130474502376,2.414750412180488,19.21948733562367,0.9673517956373906,1.6333950524494274,0.6411845304073742,0.016248549305134766,0.17370577385978705,0.168861146427704,1,Bar-dominant,True
1.3400000000000003,1.12,22.784891946165963,2.678766495674074,3.0181821091341616,19.83627745063891,0.9252288973622693,1.609778718629617,0.6778367473189847,0.0163036456302561,0.18197444807408783,0.12388515897667138,1,Bar-dominant,True
1.3600000000000003,1.12,25.11741834679356,3.9924099036387637,3.838985878789886,20.637855792701036,1.067625112937407,1.689613599404816,0.6991734573647119,0.01631335671701819,0.18831405495892128,0.09619913095934855,1,Bar-dominant,True
1.3800000000000003,1.12,29.399829898533568,5.386309485477238,4.70993611106579,21.501098259815635,1.4967857354526057,1.9302238360851027,0.7096713485082815,0.01627029023926161,0.1925401594238517,0.0815182018286052,1,Bar-dominant,True
1.4000000000000004,1.12,37.19228996869516,6.860268927754648,5.630910143444497,22.085023587361142,2.0702875239261282,2.2517593960170843,0.7130398575739434,0.016218893302018634,0.1951622867435614,0.07557896238047662,1,Bar-dominant,True
1.4200000000000004,1.12,48.528706690358675,8.479729676588917,6.6427977526642294,22.072624764850783,2.4960731173223385,2.4904774121335103,0.7118628137650328,0.01619446197497557,0.19667182664357913,0.07527089761641254,1,Bar-dominant,True
1.4400000000000004,1.12,59.8015734307039,8.616661605845536,6.728356925753829,21.78085554504861,2.7381923827915506,2.6262223307329355,0.7077976534975626,0.016217301458954576,0.19742195092478074,0.07856309411870205,1,Bar-dominant,True
1.4600000000000004,1.12,67.82466794866949,7.026696326686599,5.734898969932038,21.68889260674965,2.782755289432501,2.651206662825661,0.7019205066684938,0.016298058088669447,0.19765895893484514,0.08412247630799155,1,Bar-dominant,True
1.4800000000000004,1.12,72.28898480743186,5.57385457757237,4.827119905114299,21.91138967802141,2.5055636140325905,2.4957982886069487,0.6949615319107967,0.01644219032983798,0.19756054478826804,0.09103573297109728,1,Bar-dominant,True
1.5000000000000004,1.12,73.9405866411155,4.395542907082316,4.090875460766911,22.45220882035185,1.916900569885268,2.1657625235660647,0.6874306882860007,0.016652373456512555,0.19725813683713755,0.09865880142034912,1,Bar-dominant,True
1.5200000000000005,1.12,74.06909006433337,3.685115508539046,3.6469791314772975,23.074895328880526,1.5043319124073016,1.9344546236453861,0.6796841486020695,0.016929672326541346,0.19684883492576696,0.1065373441456222,1,Bar-dominant,True
1.5400000000000005,1.12,74.18127933812352,3.5278513058138143,3.5487157445900075,23.36713097257188,1.6364719952243207,2.0085393717176063,0.6719649347301003,0.017274157523192002,0.19640301189730222,0.11435789584940542,1,Bar-dominant,True
1.5600000000000005,1.12,74.6507598472646,3.348963546367722,3.4369413114307723,23.30307619133001,1.6904987141078027,2.0388296195540176,0.6644325607800186,0.017685289958167753,0.19597035600544782,0.12191179325636588,1,Bar-dominant,True
1.5800000000000005,1.12,75.267898304716,3.498821917124542,3.53057731256006,22.962014825846747,1.6401191135340794,2.010584139931822,0.6571866439022626,0.018162199824205128,0.19558512325663602,0.1290660330168963,1,Bar-dominant,True
1.6000000000000005,1.12,75.73879680158679,3.8498889830595324,3.7499345364263714,22.354449906813276,1.4633146269231438,1.9114581550726513,0.6502858376240231,0.018703904333990426,0.19527064852702172,0.1357396095149647,1,Bar-dominant,True
1.6200000000000006,1.12,75.85086140289319,3.8256711734271422,3.7348025231885713,21.503866590009512,1.1281312122735991,1.7235365320274765,0.6437625875096907,0.019309482271160364,0.19504305283639517,0.14188487738275377,1,Bar-dominant,True
1.6400000000000006,1.12,75.59832775340506,3.4070377083054995,3.473227788224333,20.49079925966277,0.7787972469148026,1.5276813587526579,0.6376341972063992,0.019978216230784766,0.1949141501972152,0.14747343636560076,1,Bar-dominant,True
1.6600000000000006,1.12,75.10535886205862,2.948556845563666,3.186755205047011,19.41422104305451,0.6811924429657076,1.4729589221001829,0.6319107831570338,0.020709710820797866,0.1948936265564426,0.15248587946572578,1,Bar-dominant,True
1.6800000000000006,1.12,74.48902374405057,2.6358610567809793,2.9913735050878403,18.342844239793724,0.7793778920753919,1.5280068992663656,0.6266006970527506,0.021503992445900903,0.1949905925812781,0.15690471792007046,1,Bar-dominant,True
1.7000000000000006,1.12,73.81998633174248,2.4586731026081905,2.8806611612045447,17.314397115447466,0.8752653842933611,1.5817665197600368,0.6217139059559008,0.022361592499709468,0.19521460546915292,0.16070989607523675,1,Bar-dominant,True
1.7200000000000006,1.12,73.14042966783842,2.359441314960613,2.818658166421506,16.354948699503193,0.9413809305843137,1.6188344062499003,0.6172636818369074,0.02328361086888697,0.1955762264439983,0.16387648085020737,1,Bar-dominant,True
1.7400000000000007,1.12,72.47588184539968,2.2931069596366895,2.7772104732519285,15.48676045951918,1.0175602416589271,1.6615445737400567,0.6132668027033414,0.024271750661927598,0.19608714248744957,0.16637430414728144,1,Bar-dominant,True
1.7600000000000007,1.12,71.83822436781809,2.2244752087701554,2.7343272984970657,14.727636672324987,1.1237636704106455,1.721087856109361,0.609742328485652,0.025328308116438356,0.1967598408404644,0.16816952255744527,1,Bar-dominant,True
1.7800000000000007,1.12,71.23026120121635,2.1241109217923437,2.6716166841928137,14.086881842789191,1.237982240662338,1.7851248524686216,0.6067088778725331,0.02645609280146348,0.19760678069405355,0.1692282486319498,1,Bar-dominant,True
1.8000000000000007,1.12,70.653702127331,1.9831485581684931,2.5835391749231533,13.560305827899438,1.3334441787691587,1.8386458847274179,0.6041801342570521,0.027658239048940318,0.19863893771681657,0.16952268897719108,1,Bar-dominant,True
1.8200000000000007,1.12,70.11332197286949,1.8213159105732302,2.4824212867701085,13.130891850823318,1.4066481967237057,1.8796879448837354,0.6021579256749329,0.02893784193494763,0.19986346034290706,0.1690407720472125,1,Bar-dominant,True
1.8400000000000007,1.12,69.61435819004616,1.6722197515910848,2.389261538400235,12.77700578854078,1.4655080579983448,1.912687909021308,0.6006215237329455,0.030297298088808305,0.20127992162206063,0.16780125655618555,1,Bar-dominant,True
1.8600000000000008,1.12,69.15919461165556,1.5670231781491386,2.3235315666952077,12.480282358688816,1.5146438049504616,1.9402360182451284,0.5995108209805237,0.03173714486082689,0.20287427583009088,0.16587775832855858,1,Bar-dominant,True
1.8800000000000008,1.12,68.74721689138619,1.5283993622043037,2.2993982489822002,12.22815786919104,1.5553238958517064,1.9630434376270811,0.598700353311326,0.03325409196302139,0.20460932052819789,0.16343623419745473,1,Bar-dominant,True
1.9000000000000008,1.12,68.37622307159621,1.5666337684640976,2.3232882518538402,12.012705349236427,1.588986856781524,1.9819166812839963,0.5979626555206011,0.0348379421934296,0.20641089210388583,0.1607885101820834,1,Bar-dominant,True
1.9200000000000008,1.12,68.04346608685702,1.6766437078811225,2.392025758871056,11.828678528410563,1.6178900245479415,1.9981213321122335,0.5969275483775064,0.03646752795161706,0.20815178633677472,0.15845313733410182,1,Bar-dominant,True
1.9400000000000008,1.12,67.74607842690449,1.8418814766682847,2.4952712687923064,11.672056662925074,1.6442774538910998,2.0129155263755174,0.5950645324243911,0.03810722539128704,0.20964280850387876,0.15718543368044316,1,Bar-dominant,True
1.9600000000000009,1.12,67.48115099522047,2.0427431374800156,2.620775654056964,11.539309178734452,1.6697975779787595,2.027223463252053,0.5917448363610819,0.039708226270595226,0.21065160312816641,0.15789533424015653,1,Bar-dominant,True
1.9800000000000009,1.12,67.24579285691847,2.262434383513187,2.758045328468665,11.427137603390232,1.6954498047205921,2.041605463892175,0.5864383033412292,0.04122016344039565,0.21097118129869868,0.1613703519196765,1,Bar-dominant,True
2.000000000000001,1.12,67.03718861396985,2.488596202727501,2.8993580109194683,11.332455852502061,1.7217305740053281,2.0563398588622457,0.5789982562150159,0.04261290669069898,0.2105248551399224,0.16786398195436272,1,Bar-dominant,True
1.0,1.1400000000000001,23.37968780036247,12.021261858054475,8.855653195228994,16.619738073672494,4.947080489220478,3.8646423119820605,0.07074852709653721,0.335034057852176,0.13495527494359383,0.45926214010769295,4,Expanded,False
1.02,1.1400000000000001,21.208146491437308,10.928256713410166,8.172710824767023,17.15684291839784,4.657404212481108,3.7022344072250117,0.07077371741372773,0.25625849420899915,0.13907861897705034,0.5338891694002228,4,Expanded,False
1.04,1.1400000000000001,19.964142707007817,10.827412320344942,8.109700225791137,17.47569218052421,4.736828863121505,3.7467640844279995,0.07138442669270621,0.18344470752555617,0.14449153403388582,0.6006793317478518,4,Expanded,False
1.06,1.1400000000000001,19.3104673604891,10.924079978888786,8.170101075866206,17.63363438560242,4.838677354041799,3.803865757368634,0.07181865629604411,0.12789350409765568,0.14962476734947375,0.6506630722568264,4,Expanded,False
1.08,1.1400000000000001,18.94146899066642,10.831253098990622,8.11210005939261,17.71183402061334,4.835203179848394,3.8019179508106964,0.07177848745171167,0.0907377449034516,0.1536906432999474,0.6837931243448894,4,Expanded,False
1.1,1.1400000000000001,18.68760682428982,10.448916568343396,7.873204736864739,17.76337358765017,4.701177290550813,3.7267759194747834,0.07147993480819266,0.06712817456793657,0.15691755360959642,0.7044743370142743,4,Expanded,False
1.12,1.1400000000000001,18.464052021026536,9.727471898137003,7.4224244860652355,17.816649017499728,4.426130633749204,3.572570156599106,0.07126349256841658,0.0520098621503249,0.15979480940904678,0.7169318358722118,4,Expanded,False
1.1400000000000001,1.1400000000000001,18.238569453307015,8.671049178750685,6.762339911237035,17.883498426640557,4.020326269818645,3.3450546788766196,0.0714528752241147,0.04199608912269638,0.1627190975481365,0.7238319381050524,4,Expanded,False
1.1600000000000001,1.1400000000000001,18.030228230473618,7.409661178611026,5.97418688642396,17.957832143166772,3.541951335938671,3.076852285590407,0.07241216011916796,0.03511493458708705,0.1659886688046482,0.7264842364890968,4,Expanded,False
1.1800000000000002,1.1400000000000001,17.894481939903223,6.162407783521464,5.194865586443797,18.02102985298048,3.0769804992956122,2.816164941074881,0.07470760457653958,0.030256179305122956,0.16988926598642823,0.7251469501319092,4,Expanded,False
1.2000000000000002,1.1400000000000001,17.878960776494548,5.075132030874641,4.515503111805042,18.06015174107842,2.6744651152852033,2.5904934401655186,0.07945042419899272,0.026789921452541336,0.17476813496828528,0.7189915193801807,4,Expanded,False
1.2200000000000002,1.1400000000000001,17.996429520145814,4.157121326806346,3.941902512194059,18.079435458616416,2.3296451465128003,2.397169053104637,0.08920771342588289,0.02434097208425684,0.1809958721860362,0.7054554423038241,4,Expanded,False
1.2400000000000002,1.1400000000000001,18.235660054813973,3.360629321332262,3.444230437238274,18.096491059262185,2.0200348027977584,2.2235850517502187,0.11099716377080404,0.022612362391504954,0.1884189287346425,0.6779715451030485,4,Expanded,False
1.2600000000000002,1.1400000000000001,18.581707902821137,2.651464102751561,3.0011227558153326,18.135136471903675,1.731807901559229,2.061989743871821,0.16711889109641112,0.02104611644558706,0.1934901409766085,0.6183448514813933,4,Expanded,False
1.2800000000000002,1.1400000000000001,19.027884924658288,2.02540729787482,2.6099437019367624,18.222324798868694,1.4650720280679266,1.9124434474858045,0.3106413530015158,0.01821142391374737,0.18209949697593353,0.4890477261088033,4,Expanded,False
1.3000000000000003,1.1400000000000001,19.58310196746404,1.5190685999584803,2.293568109098958,18.388106661507138,1.2331728576960572,1.7824284569628528,0.4887576023221696,0.01492070186200031,0.16011661000741945,0.3362050858084107,1,Bar-dominant,True
1.3200000000000003,1.1400000000000001,20.28446760188141,1.2825590959841495,2.145789883102064,18.66604054178914,1.0592286463418534,1.6849060943150107,0.5832306799434808,0.014060575361385448,0.15993231544413128,0.24277642925100246,1,Bar-dominant,True
1.3400000000000003,1.1400000000000001,21.22754436513892,1.593150919904535,2.339856962761898,19.092277797486382,0.9616926231557911,1.630222219811074,0.6405654716027028,0.014214340400124488,0.16940807459412818,0.17581211340304453,1,Bar-dominant,True
1.3600000000000003,1.1400000000000001,22.63800748492571,2.469475403205883,2.8874107623503216,19.698946607609493,0.9486606719961067,1.6229158158950752,0.6793426922778275,0.014478198011408764,0.17888047377522928,0.12729863593553442,1,Bar-dominant,True
1.3800000000000003,1.1400000000000001,25.0400534194211,3.7133312604334825,3.664609178854086,20.482714351652966,1.086232832709522,1.7000460753207314,0.7021428256929012,0.014642668101305645,0.1857166990809704,0.09749780712482274,1,Bar-dominant,True
1.4000000000000004,1.1400000000000001,29.560216519175036,5.0881148025578105,4.523615136631198,21.31168835719967,1.4809604719268692,1.9213513529105297,0.7129179790261101,0.014723749938839023,0.18999486479780356,0.08236340623724733,1,Bar-dominant,True
1.4200000000000004,1.1400000000000001,37.81936081114461,6.638074836093652,5.492076616077171,21.823607295638567,2.0138713570295477,2.2201294967266385,0.715960209536595,0.014780603153604006,0.1924772430449102,0.07678194426489082,1,Bar-dominant,True
1.4400000000000004,1.1400000000000001,49.533586397047905,8.369019219879847,6.573622541449259,21.732306630952372,2.423257682975657,2.4496532125845114,0.7143399247952064,0.014856339343311362,0.1938130567911981,0.07699067907028413,1,Bar-dominant,True
1.4600000000000004,1.1400000000000001,60.58762358842629,8.456639148350416,6.628370098624638,21.43185681142092,2.7047281097867772,2.6074604820786424,0.7099559162811385,0.014974546044489105,0.19443008767509054,0.0806394499992818,1,Bar-dominant,True
1.4800000000000004,1.1400000000000001,67.9820580726364,6.991070292416809,5.712638756049616,21.37588886668723,2.8203657517764054,2.672293085417709,0.7039639924948753,0.015146879555628124,0.1946002895284597,0.08628883842103685,1,Bar-dominant,True
1.5000000000000004,1.1400000000000001,71.75159230609499,5.740006361400629,4.93093651902519,21.682397804087216,2.5825042905358258,2.5389353179906946,0.6970840945869703,0.015378683189648265,0.19450032615878698,0.09303689606459448,1,Bar-dominant,True
1.5200000000000005,1.1400000000000001,72.83365084814059,4.417984785498171,4.104897818958036,22.35057343028698,1.893480711482637,2.1526321071726633,0.6897723466657348,0.01567199029875353,0.1942473178972592,0.10030834513825249,1,Bar-dominant,True
1.5400000000000005,1.1400000000000001,72.88078157659774,3.7359138977336612,3.678719487414515,22.981232234208388,1.5868356643970454,1.9807106085885549,0.6823176283858343,0.01602706648851414,0.1939194177703134,0.10773588735533819,1,Bar-dominant,True
1.5600000000000005,1.1400000000000001,73.20845477119414,3.4820273502519985,3.5200835638645316,23.21380736525726,1.6331573889906368,2.0066810274321627,0.674900318655362,0.016443248810817764,0.19356870353676497,0.11508772899705519,1,Bar-dominant,True
1.5800000000000005,1.1400000000000001,73.90616849404262,3.3460782565591733,3.435138495889624,23.100753297369966,1.5892030853369177,1.9820379104955335,0.6676308323381945,0.01691944323262748,0.19322995415218117,0.1222197702769968,1,Bar-dominant,True
1.6000000000000005,1.1400000000000001,74.68220449089259,3.5542411650404575,3.5652049195080875,22.70812696321476,1.494415451393103,1.9288949289612058,0.6605759953034821,0.01745444546812663,0.19292689930046997,0.12904265992792133,1,Bar-dominant,True
1.6200000000000006,1.1400000000000001,75.21634817397806,3.777430210748843,3.7046601239818355,22.04855040411864,1.2979322076951447,1.8187359877871425,0.6537773448391063,0.018047165326692365,0.1926767312378237,0.13549875859637758,1,Bar-dominant,True
1.6400000000000006,1.1400000000000001,75.34825597564671,3.6074343593642593,3.598441621459535,21.16128367827001,0.9818492598395404,1.6415231008069389,0.6472637469385674,0.018696796569486137,0.1924933435375834,0.14154611295436306,1,Bar-dominant,True
1.6600000000000006,1.1400000000000001,75.12271128738168,3.1995071862921804,3.343556498622938,20.130417359854402,0.7255101430809925,1.497805778392286,0.6410598642543388,0.01940295430172542,0.19238960080998924,0.1471475806339466,1,Bar-dominant,True
1.6800000000000006,1.1400000000000001,74.67091874078791,2.8642617064468743,3.134085075899926,19.045977493012558,0.7039699984931848,1.4857292293905973,0.635191483464712,0.020165789264715996,0.19237884066646657,0.15226388660410536,1,Bar-dominant,True
1.7000000000000006,1.1400000000000001,74.09906253731145,2.6869880795665595,3.023319201141458,17.970363856746776,0.7906606221841991,1.5343325969642798,0.629688356614112,0.020986079164201324,0.19247573458439665,0.15684982963729002,1,Bar-dominant,True
1.7200000000000006,1.1400000000000001,73.46914502086422,2.6015838267559586,2.969956064519639,16.94474690359587,0.877865381920195,1.5832242165093198,0.6245849784862515,0.02186529017642856,0.19269658249424687,0.16085314884307303,1,Bar-dominant,True
1.7400000000000007,1.1400000000000001,72.81711690414383,2.5337430263300327,2.9275670993039293,16.003485568973087,0.9768969766466937,1.6387465878450667,0.6199195905627499,0.022805596896273133,0.1930590863297487,0.1642157262112282,1,Bar-dominant,True
1.7600000000000007,1.1400000000000001,72.16374128925716,2.4325295223890366,2.8643258687910382,15.17468874664932,1.0948631221533567,1.7048846739170571,0.6157316409908689,0.023809845893766165,0.19358163499813377,0.16687687811723123,1,Bar-dominant,True
1.7800000000000007,1.1400000000000001,71.52232129102427,2.2747833768806807,2.76576134960959,14.472006623256178,1.2079141436828393,1.7682670804569156,0.6120578717953106,0.02488144482256442,0.19428211860167519,0.16877856478044984,1,Bar-dominant,True
1.8000000000000007,1.1400000000000001,70.90546436043392,2.0735019051616543,2.6399946539088113,13.889643843863343,1.3008786250247795,1.8203879058193408,0.6089270319391898,0.02602415045469446,0.19517623621773528,0.16987258138838043,1,Bar-dominant,True
1.8200000000000007,1.1400000000000001,70.32531169926962,1.8659117204818152,2.5102860852853546,13.408512574137294,1.376697218708452,1.8628958359832946,0.6063527786422422,0.02724170557760217,0.19627511747360632,0.17013039830654927,1,Bar-dominant,True
1.8400000000000007,1.1400000000000001,69.78981542758432,1.6902958006348991,2.400555995560898,13.007344621189176,1.439869711796944,1.8983136905493143,0.6043235147398279,0.028537224141672646,0.1975817971043807,0.16955746401411873,1,Bar-dominant,True
1.8600000000000008,1.1400000000000001,69.30167748713262,1.5760246019140498,2.329155926025686,12.66920324086902,1.4913890707791804,1.9271981792651762,0.6027867769413833,0.02991213805872841,0.19908566956408977,0.16821541543579857,1,Bar-dominant,True
1.8800000000000008,1.1400000000000001,68.86009553067436,1.5429760051950197,2.3085061723677733,12.382348594631146,1.532451925012602,1.9502201960987964,0.6016248939517889,0.03136441453196741,0.20075367900566074,0.16625701251058303,1,Bar-dominant,True
1.9000000000000008,1.1400000000000001,68.46275431685068,1.5977898961709793,2.3427555341578756,12.138731091309683,1.5659233638342507,1.9689860622905888,0.6006197651884259,0.03288572793576496,0.20251727610721562,0.16397723076859355,1,Bar-dominant,True
1.9200000000000008,1.1400000000000001,68.10688624594154,1.7304812959345905,2.425665097336527,11.932351513364322,1.5951935611243655,1.9853964893618745,0.5994119782481352,0.03445761709079656,0.20425660001826113,0.16187380464280715,1,Bar-dominant,True
1.9400000000000008,1.1400000000000001,67.78956824430601,1.919926582728701,2.544036189979573,11.75819271157113,1.6229843869659997,2.0009775022332486,0.5974792538908205,0.036047931626473524,0.20579027844553108,0.16068253603717494,1,Bar-dominant,True
1.9600000000000009,1.1400000000000001,67.50777189221145,2.1435945620136123,2.683790646505014,11.611731753373641,1.6509775896414627,2.0166719783054186,0.5941895181684397,0.037611357763205414,0.20689052911743075,0.16130859495092414,1,Bar-dominant,True
1.9800000000000009,1.1400000000000001,67.25840030790734,2.3832095721548776,2.8335092858234034,11.488800121360724,1.6799870359922429,2.0329362145522523,0.5889881417216273,0.039099517536058025,0.2073464906528933,0.1645658500894214,1,Bar-dominant,True
2.000000000000001,1.1400000000000001,67.03839642718725,2.6257478246988977,2.9850544546011966,11.38559530373659,1.7102416081740777,2.0498985344656413,0.5816842329291608,0.0404813290096852,0.2070670859630253,0.17076735209812868,1,Bar-dominant,True
1.0,1.1600000000000001,25.857925824174202,13.340741027894872,9.680103323795631,15.84147734178928,5.43048726594177,4.135665823594302,0.06969369082651095,0.41964520326800536,0.13324708641181046,0.3774140194936732,2,Balanced,True
1.02,1.1600000000000001,22.737622956355786,11.587362589113084,8.584539928539858,16.745183318255883,4.79024286811109,3.776710812315717,0.0687963556328534,0.3370102036108019,0.13574650075835754,0.45844693999798714,4,Expanded,False
1.04,1.1600000000000001,20.776693937012716,10.843434295938726,8.119711236302036,17.223496886890487,4.639527778190203,3.692211928786693,0.06890862519668214,0.24832468971037644,0.14035478795942014,0.5424118971335213,4,Expanded,False
1.06,1.1600000000000001,19.707494779279436,10.868540954450095,8.135398628957187,17.489280165778403,4.750324020060002,3.754330186103356,0.06930599948319027,0.17173789806754022,0.14567336935203093,0.6132827330972386,4,Expanded,False
1.08,1.1600000000000001,19.146775236598465,10.915686393275946,8.164856512029342,17.613928190562408,4.820878338518347,3.7938866840028753,0.06922447795910797,0.11695491151134671,0.15001239102323358,0.6638082195063117,4,Expanded,False
1.1,1.1600000000000001,18.813031656806686,10.724249277669035,8.045240865051273,17.67650741731224,4.77038184460914,3.7655756677688808,0.06868813414534754,0.08189060248202248,0.1532105211935485,0.6962107421790815,4,Expanded,False
1.12,1.1600000000000001,18.56053821311605,10.218259178303075,7.729083087034837,17.723498825475517,4.581202698839677,3.659511791796772,0.06806518908053377,0.06008061892521579,0.15585953340340958,0.7159946585908409,4,Expanded,False
1.1400000000000001,1.1600000000000001,18.319560236130673,9.357548160817876,7.191285048805687,17.778807048447817,4.247001574516436,3.4721408928756223,0.0676836463267832,0.04623200333229889,0.158476175944621,0.7276081743962969,4,Expanded,False
1.1600000000000001,1.1600000000000001,18.075543658545463,8.19084136040747,6.4622916750684745,17.8480451463201,3.796308205804209,3.219458255124428,0.06780800063914845,0.03710132571989456,0.16136056622794148,0.7337301074130155,4,Expanded,False
1.1800000000000002,1.1600000000000001,17.867407864904916,6.90993170068419,5.661940932306203,17.917534630773154,3.3101560753509442,2.9468955524108464,0.06875206816714086,0.03086026251676174,0.1646997818994319,0.7356878874166655,4,Expanded,False
1.2000000000000002,1.1600000000000001,17.755502404357074,5.7355234289797075,4.928135448500347,17.966863846478507,2.8714007167158946,2.7009059971081935,0.0710614338534048,0.026483647769557344,0.16867275410024604,0.7337821642767918,4,Expanded,False
1.2200000000000002,1.1600000000000001,17.77386144135292,4.7548214233088775,4.315363444862976,17.988552265128394,2.50434001465785,2.495112273815021,0.07589231270998843,0.023379958852604875,0.17349034482918527,0.7272373836082214,4,Expanded,False
1.2400000000000002,1.1600000000000001,17.920080436249446,3.935246403024378,3.8032684104826373,17.992543789244458,2.189108993035877,2.318377021925164,0.08610391060844047,0.021180340786509023,0.17928158860952176,0.7134341599955287,4,Expanded,False
1.2600000000000002,1.1600000000000001,18.175472666173263,3.2238931800464576,3.3587935983403754,17.998622825189614,1.9028423341641003,2.15788073002137,0.11018825234793891,0.019565817792718675,0.1853483653251015,0.6848975645342409,4,Expanded,False
1.2800000000000002,1.1600000000000001,18.522863008191628,2.591937771491241,2.9639289201092276,18.030445931341543,1.6358085162526506,2.0081673901703003,0.17723064710703554,0.017895478088786023,0.1864531935746972,0.6184206812294812,4,Expanded,False
1.3000000000000003,1.1600000000000001,18.955029431218314,2.0319120972392515,2.6140080955209024,18.11409655466101,1.3913909883963294,1.8711339436214214,0.34356053858128033,0.014869283632082458,0.16769916687421574,0.47387101091242145,4,Expanded,False
1.3200000000000003,1.1600000000000001,19.481912775547826,1.5584380226237906,2.3181673042358812,18.278417764840306,1.184472166900372,1.7551242633251238,0.5030025373421925,0.012461588299058003,0.14992796179558912,0.33460791256316047,1,Bar-dominant,True
1.3400000000000003,1.1600000000000001,20.145852679425964,1.27396535461053,2.14042025594743,18.55488392150245,1.0382253174601526,1.6731305127071687,0.5847982067310978,0.012205015914840758,0.15456557775902036,0.2484311995950411,1,Bar-dominant,True
1.3600000000000003,1.1600000000000001,21.05593920537186,1.4622832391649643,2.2580869138841977,18.97604402537867,0.969428612186082,1.634559426101403,0.6427069009726916,0.0126039182290386,0.165982224239356,0.17870695655891386,1,Bar-dominant,True
1.3800000000000003,1.1600000000000001,22.46584384419884,2.2441155231442544,2.7465991555152964,19.568934844458454,0.97863883302611,1.63972316503721,0.6833037180124722,0.013013587102868615,0.1762583290168466,0.1274243658678125,1,Bar-dominant,True
1.4000000000000004,1.1600000000000001,24.953604829003567,3.436375337032946,3.491558817867726,20.32393868464181,1.1109946373659998,1.7139288580516077,0.7062284905957528,0.01327868509634651,0.18314543383603787,0.09734739047186289,1,Bar-dominant,True
1.4200000000000004,1.1600000000000001,29.73685050965784,4.81625779074915,4.35375072841587,21.0979654665277,1.4644895835632057,1.9121168981642178,0.71620552276208,0.013444804052000079,0.18716654878555744,0.08318312440036238,1,Bar-dominant,True
1.4400000000000004,1.1600000000000001,38.48679352897231,6.420024570530424,5.355832275441358,21.512502951154914,1.9429892588010882,2.1803892280803905,0.7184411496338298,0.013584919144702882,0.18937998020251484,0.07859395101895249,1,Bar-dominant,True
1.4600000000000004,1.1600000000000001,50.53462367837718,8.243914007899184,6.4954530557465855,21.331490295365956,2.3288744916611663,2.396736983067168,0.716341396733394,0.013744721602560574,0.19053945293484617,0.0793744287291992,1,Bar-dominant,True
1.4800000000000004,1.1600000000000001,61.262042656735886,8.353469954007348,6.563906894138775,21.026823784923625,2.6625391523154174,2.583807111965174,0.711831184614845,0.013946625425454913,0.19108563184119642,0.08313655811850368,1,Bar-dominant,True
1.5000000000000004,1.1600000000000001,67.97452276958047,7.193639261502688,5.839209918689997,21.02704427657087,2.8660558321742338,2.697909370980054,0.7059837917227636,0.014200444100974895,0.19127088950257254,0.08854487467368893,1,Bar-dominant,True
1.5200000000000005,1.1600000000000001,71.03124237413554,6.085980583806426,5.147111581627886,21.460287708415624,2.616978393712557,2.5582633310690612,0.6994112134994043,0.0145098309579451,0.19124360070661606,0.09483535483603454,1,Bar-dominant,True
1.5400000000000005,1.1600000000000001,71.6783835451917,4.712212537726553,4.288740136212581,22.244615379299653,1.9057329515277135,2.1595013636292135,0.6924701276536719,0.014875482178164852,0.19109367579455927,0.101560714373604,1,Bar-dominant,True
1.5600000000000005,1.1600000000000001,71.82010117319884,4.039057736830308,3.868132842949067,22.849905936439523,1.689068150803887,2.0380275697920336,0.685371636473563,0.015296711837472034,0.19087716017337297,0.10845449151559194,1,Bar-dominant,True
1.5800000000000005,1.1600000000000001,72.40516230652193,3.664310976969915,3.6339798366653806,23.030140998309,1.6270787570679406,2.0032730235546388,0.678243001981476,0.01577226467784512,0.19063030112679358,0.11535443221388532,1,Bar-dominant,True
1.6000000000000005,1.1600000000000001,73.32075159117866,3.475668093412471,3.516110109611691,22.87326392820557,1.510587603187263,1.9379618961214669,0.6711643164664842,0.016300769305995454,0.1903780916156476,0.12215682261187269,1,Bar-dominant,True
1.6200000000000006,1.1600000000000001,74.21061723247354,3.5916340047367923,3.5885690863701107,22.434238468644786,1.3847917056930783,1.8674340352657963,0.6641911540648434,0.01688101839829236,0.1901397021208329,0.1287881254160313,1,Bar-dominant,True
1.6400000000000006,1.1600000000000001,74.77275277847787,3.6396646409830766,3.6185800673188866,21.732849844140375,1.173814313496167,1.7491489046935225,0.6573687945203865,0.017512163818346103,0.18993201504657525,0.13518702661469212,1,Bar-dominant,True
1.6600000000000006,1.1600000000000001,74.91510183594649,3.3963900037357786,3.4665747833098957,20.817424840839692,0.8860521278294136,1.5878141410445994,0.6507409857195995,0.01819386669379098,0.18977189859166213,0.14129324899494744,1,Bar-dominant,True
1.6800000000000006,1.1600000000000001,74.71420847826582,3.0715664049886318,3.2636152642286236,19.770599477640722,0.698888603215802,1.482880329337299,0.6443548727754898,0.018926417122925043,0.18967755997390248,0.14704115012768268,1,Bar-dominant,True
1.7000000000000006,1.1600000000000001,74.29419593996727,2.8768884558059025,3.141974647308385,18.676507515404683,0.7144346959371406,1.49159629453283,0.6382630217349952,0.01971082373060752,0.1896691614634784,0.15235699307091888,1,Bar-dominant,True
1.7200000000000006,1.1600000000000001,73.74761727668522,2.7984868265893708,3.0929869597685946,17.600363357028574,0.8241977620843026,1.553135298669882,0.6325231210112486,0.020548865321067325,0.18976880686458034,0.15715920680310372,1,Bar-dominant,True
1.7400000000000007,1.1600000000000001,73.12893106858682,2.7303103691137793,3.050388265969004,16.593881456592904,0.9549153674579142,1.6264225303429396,0.6271958075329871,0.021443093485860647,0.1899999803430358,0.16136111863811647,1,Bar-dominant,True
1.7600000000000007,1.1600000000000001,72.47255106253965,2.5987880606574127,2.968209186075421,15.696480191775558,1.081788986886107,1.69755461935006,0.6223410295339309,0.022396774732117628,0.19038651873885928,0.1648756769950922,1,Bar-dominant,True
1.7800000000000007,1.1600000000000001,71.80647050191911,2.3917837128760886,2.838866665903004,14.926119665483544,1.1891632542887602,1.7577543360475296,0.6180133067768669,0.023413760452489028,0.1909511907720873,0.16762174199855673,1,Bar-dominant,True
1.8000000000000007,1.1600000000000001,71.15615113159278,2.1455592794414895,2.68501826083424,14.277712564754776,1.2778169466457419,1.8074583041692538,0.6142560431370344,0.024498266867803313,0.19171389881983056,0.1695317911753317,1,Bar-dominant,True
1.8200000000000007,1.1600000000000001,70.54092978319848,1.9097881340930751,2.5377013834345643,13.733885370995122,1.3532819719125757,1.8497680051015513,0.6110945457883178,0.02565452562849778,0.19268936255922,0.17056156602396447,1,Bar-dominant,True
1.8400000000000007,1.1600000000000001,69.97137316152667,1.7235317107540318,2.4213227882447583,13.276112945275562,1.4162029803896268,1.8850448640386488,0.6085265204269259,0.026886217718839492,0.19388385021272206,0.1707034116415125,1,Bar-dominant,True
1.8600000000000008,1.1600000000000001,69.45098986949895,1.6131562355967757,2.3523568835423667,12.889377993459993,1.466166214824352,1.9130569066911085,0.606507611417274,0.02819552056214189,0.19529009973602024,0.17000676828456385,1,Bar-dominant,True
1.8800000000000008,1.1600000000000001,68.97946296291542,1.5950251299661184,2.341028025376263,12.562396370575993,1.5053633697155304,1.9350329133906197,0.6049285420633792,0.029581493442138496,0.19687916821384405,0.16861079628063833,1,Bar-dominant,True
1.9000000000000008,1.1600000000000001,68.55496156811509,1.6713150752226138,2.3886962694931198,12.286483617462563,1.5378876527643481,1.9532677537549765,0.6035812306898618,0.031037482590235196,0.19858810652533207,0.1667931801945709,1,Bar-dominant,True
1.9200000000000008,1.1600000000000001,68.17508058464449,1.827312914486475,2.4861683945383106,12.054490805263132,1.5677475074195406,1.9700087740604224,0.6021179516273887,0.032547505274442355,0.20030448394172637,0.16503005915644253,1,Bar-dominant,True
1.9400000000000008,1.1600000000000001,67.83706302504339,2.0386088951712984,2.6181924555640617,11.860137791202908,1.5977357884644285,1.9868217970203514,0.6000265677693598,0.03408269914460154,0.20185525694734263,0.16403547613869607,1,Bar-dominant,True
1.9600000000000009,1.1600000000000001,67.53783676950097,2.2810882222450393,2.7697008059420964,11.697743920348993,1.6292963355322452,2.004516315812037,0.5966758075459982,0.03560126771825668,0.20301869414404658,0.16470423059169853,1,Bar-dominant,True
1.9800000000000009,1.1600000000000001,67.27412612400204,2.5358577368021145,2.92888843378229,11.562159342335663,1.6628603580895174,2.0233340893629217,0.591493622180757,0.03705725455990418,0.20358293124499122,0.16786619201434766,1,Bar-dominant,True
2.000000000000001,1.1600000000000001,67.04258313625796,2.7897036503670707,3.0874989680433638,11.448808772693566,1.698240708993043,2.043170193045588,0.5842537670321004,0.0384195020875444,0.20344634941190284,0.17388038146845233,1,Bar-dominant,True
1.0,1.1800000000000002,29.494920023033785,14.98320124253083,10.706361688515399,14.473232188841763,6.2053573790061725,4.570099160483927,0.07001817363810689,0.5131219690566563,0.13362619851433546,0.28323365879090134,2,Balanced,True
1.02,1.1800000000000002,25.050868250494634,12.74873697508882,9.310201449932055,16.07428284803956,5.188422144835519,3.9999512612002306,0.06819279001403204,0.4376389884444661,0.13450192410836012,0.35966629743314177,2,Balanced,True
1.04,1.1800000000000002,22.14119419459784,11.25340573119239,8.375873675413839,16.854005306204883,4.676197456246486,3.7127708977442877,0.06721583819421478,0.34124577878332274,0.13708464988774233,0.45445373313472015,4,Expanded,False
1.06,1.1800000000000002,20.40386005489776,10.819241906918206,8.104595106624359,17.272535386336145,4.640346234299773,3.692670798747972,0.06717336982997445,0.24327740311516302,0.14166076800684577,0.5478884590480168,4,Expanded,False
1.08,1.1800000000000002,19.49152001988511,10.894604667401437,8.151684017908234,17.48828667744012,4.754342350880543,3.7565830757653282,0.06707479337485713,0.16345660933859857,0.14619213765342828,0.623276459633116,4,Expanded,False
1.1,1.1800000000000002,19.00411272921066,10.867845251324441,8.134963932794868,17.585374181348374,4.785344830791165,3.7739647124710736,0.0664559909092034,0.1090956539345955,0.14952818920869865,0.6749201659475025,4,Expanded,False
1.12,1.1800000000000002,18.691615325045625,10.566350666886807,7.946581080997504,17.636877574430883,4.683911123480944,3.717095589250415,0.06558903639465424,0.07529888409205317,0.15206654160537847,0.7070455379079141,4,Expanded,False
1.1400000000000001,1.1800000000000002,18.430237004055535,9.924581840988814,7.545584685513928,17.683120686266108,4.435696753074988,3.5779334311269486,0.06484123444959367,0.05457609457240514,0.15446537871096297,0.7261172922670383,4,Expanded,False
1.1600000000000001,1.1800000000000002,18.166628598621067,8.924172339234577,6.920498847712993,17.742830385356974,4.043784631188275,3.358206682078121,0.0644504776566768,0.04153145274272429,0.15708556513693558,0.7369325044636633,4,Expanded,False
1.1800000000000002,1.1800000000000002,17.907967620104166,7.6792016764248965,6.142603867272122,17.813556563220818,3.562533882714244,3.0883919544028187,0.06460446026800998,0.03300418285250269,0.1600644686906823,0.742326888188805,4,Expanded,False
1.2000000000000002,1.1800000000000002,17.71061332166803,6.431867708696142,5.363232223092325,17.87482704084794,3.0897127803998945,2.823303334043058,0.06557644507276049,0.02723520120008366,0.16347196227144697,0.7437163914557089,4,Expanded,False
1.2200000000000002,1.1800000000000002,17.630271008316623,5.366646472107128,4.697650071034589,17.908142083988185,2.689992317360326,2.599198814261544,0.06791128736037406,0.02323495959578076,0.16739116916082247,0.7414625838830227,4,Expanded,False
1.2400000000000002,1.1800000000000002,17.682929386842073,4.503779093883012,4.15850467399215,17.91304142436332,2.3613260098878235,2.414931027607855,0.07285112651327053,0.020424453627212492,0.1719146267876783,0.7348097930718387,4,Expanded,False
1.2600000000000002,1.1800000000000002,17.85313157134461,3.7843842792023024,3.7090052343568702,17.90401143527236,2.0757413083832246,2.254817077221232,0.083690872040754,0.018433016399420552,0.17696846654639525,0.7209076450134302,4,Expanded,False
1.2800000000000002,1.1800000000000002,18.117234827319,3.158825366729703,3.318137278573662,17.901826953090776,1.8136802149927118,2.107891710826153,0.11108047906919995,0.01691990581128643,0.18132567891366086,0.6906739362058527,4,Expanded,False
1.3000000000000003,1.1800000000000002,18.456829385990574,2.601596996056809,2.9699642930934784,17.929592888262857,1.5695546424626488,1.971021949938226,0.19357566936600518,0.015152297629414443,0.1777678973426752,0.6135041356619052,4,Expanded,False
1.3200000000000003,1.1800000000000002,18.865094238905762,2.0963530418694956,2.6542727289457613,18.01244026279055,1.3481837437307778,1.8469096676280823,0.3787465098420336,0.012172544150843411,0.15362472283065812,0.45545622317646484,4,Expanded,False
1.3400000000000003,1.1800000000000002,19.354898864965524,1.635473905304681,2.366301632410374,18.177744344827186,1.1630371423608368,1.743106650205172,0.514082059689364,0.010651112211265662,0.14234662822628208,0.33292019987308824,1,Bar-dominant,True
1.3600000000000003,1.1800000000000002,19.976297238824966,1.2855953297086344,2.1476870129255023,18.45425251937811,1.0353536759512647,1.671520517971247,0.5894418930961749,0.010801282197355632,0.15072662857692984,0.2490301961295396,1,Bar-dominant,True
1.3800000000000003,1.1800000000000002,20.853574798662184,1.335308432541855,2.178749249419355,18.869831587924224,0.9827326862216244,1.6420183965534056,0.649022414783798,0.01136833863529768,0.1635822598770472,0.17602698670385722,1,Bar-dominant,True
1.4000000000000004,1.1800000000000002,22.268330706978986,2.0189400985418735,2.6059028019791235,19.444522797748014,1.0054272693897461,1.6547421851327013,0.6895862264343104,0.011856735564912322,0.17398565688548198,0.12457138111529521,1,Bar-dominant,True
1.4200000000000004,1.1800000000000002,24.851921088522317,3.169153038773604,3.324590317574966,20.158952512639907,1.1339045744112293,1.7267733854513412,0.7108040757349601,0.01217393456220878,0.1804039465519704,0.09661804315086078,1,Bar-dominant,True
1.4400000000000004,1.1800000000000002,29.920530091621913,4.542783987155154,4.182876100239701,20.854171481255438,1.450926590352847,1.9045127638722328,0.7192669464292164,0.012399486617031316,0.18397864559385613,0.0843549213598962,1,Bar-dominant,True
1.4600000000000004,1.1800000000000002,39.19389996457974,6.205919626460654,5.2220530899113395,21.13936791108979,1.8683922714169559,2.138566195284559,0.7207266427110037,0.012609598360098376,0.18593975267690327,0.08072400625199459,1,Bar-dominant,True
1.4800000000000004,1.1800000000000002,51.518623451037726,8.173380094389811,6.451381352766882,20.853320662837152,2.216228870261162,2.3335818653697302,0.7184578930879849,0.012844332104730174,0.18701643124511527,0.08168134356216962,1,Bar-dominant,True
1.5000000000000004,1.1800000000000002,61.83291463781948,8.396633870439015,6.590877002697466,20.550488758220176,2.612954226576824,2.55600716925884,0.71415158999994,0.013121095359595226,0.18759186172040682,0.085135452920058,1,Bar-dominant,True
1.5200000000000005,1.1800000000000002,67.83820522882704,7.638148655468633,6.116952709467537,20.638238453529596,2.9044566389275004,2.719438902621299,0.7086878212668323,0.01344646630848622,0.18786878520991987,0.08999692721476167,1,Bar-dominant,True
1.5400000000000005,1.1800000000000002,70.21597503112659,6.498228346397352,5.404696338278882,21.236147176674855,2.594598142074933,2.545715773439162,0.7025413100431593,0.01382215860828349,0.18795907262712752,0.09567745872142962,1,Bar-dominant,True
1.5600000000000005,1.1800000000000002,70.62808840282328,5.137032258478519,4.554180229089505,22.104103780141614,1.9664744947430803,2.193556298594403,0.6959792049167839,0.014247766736875176,0.18792784650862474,0.10184518183771618,1,Bar-dominant,True
1.5800000000000005,1.1800000000000002,70.9742196821742,4.39207451640549,4.088708306328412,22.67197102769441,1.7764961501640981,2.087044349326133,0.6891604126017252,0.014722054038445573,0.18781580150818628,0.10830173185164287,1,Bar-dominant,True
1.6000000000000005,1.1800000000000002,71.81311791795939,3.871765216891422,3.763603462929726,22.8113176385175,1.6230301453710225,2.0010031568252242,0.682188263063061,0.015243599389514922,0.18765117769772183,0.11491695984970224,1,Bar-dominant,True
1.6200000000000006,1.1800000000000002,72.89494057448914,3.5771435684194914,3.579515027497601,22.618582887828865,1.4568574369833762,1.907837911466443,0.6751398749597349,0.015811158706433126,0.18745656932946164,0.12159239700437031,1,Bar-dominant,True
1.6400000000000006,1.1800000000000002,73.83662954750436,3.547306369648735,3.560871851519617,22.142176078130444,1.299671168519656,1.8197109415774302,0.6680829884741754,0.01642389619972396,0.1872529439201984,0.12824017140590224,1,Bar-dominant,True
1.6600000000000006,1.1800000000000002,74.3979476906641,3.4576825521602133,3.5048722044316056,21.40819491558309,1.0757650485793369,1.694177279618272,0.6610854136073513,0.01708155055024166,0.18706199048479716,0.13477104535760995,1,Bar-dominant,True
1.6800000000000006,1.1800000000000002,74.54333918812736,3.2200892221405226,3.3564167714405695,20.469637885982216,0.8204222743339753,1.5510185597298887,0.6542196644174472,0.017784559075239674,0.1869073391757323,0.14108843733158088,1,Bar-dominant,True
1.7000000000000006,1.1800000000000002,74.35650129409554,3.01081216515756,3.225654194448527,19.408592418618106,0.7013006741727051,1.484232664415081,0.647564159457847,0.018534142647471382,0.18681493022653367,0.147086767668148,1,Bar-dominant,True
1.7200000000000006,1.1800000000000002,73.94514870495459,2.91364438949077,3.1649408562071137,18.312811929438467,0.7836210846331944,1.5303858583601178,0.6412018507855757,0.019332345114767426,0.18681269987052962,0.15265310422912728,1,Bar-dominant,True
1.7400000000000007,1.1800000000000002,73.3910215326083,2.8368166946794493,3.116936610052676,17.257964149368874,0.9393236719005693,1.6176809977756856,0.6352169557700487,0.020182018753746582,0.18692971845285278,0.15767130702335194,1,Bar-dominant,True
1.7600000000000007,1.1800000000000002,72.75214709628456,2.685885115746376,3.0226300362920693,16.297511463027234,1.0768458283686286,1.6947832221657886,0.629690403889441,0.02108674870491392,0.18719491318391446,0.1620279342217307,1,Bar-dominant,True
1.7800000000000007,1.1800000000000002,72.07678900474984,2.4547723881102437,2.8782238778863682,15.455521527665885,1.1813617106612142,1.753380376368531,0.6246945155682216,0.022050710400938405,0.18763549260116508,0.16561928142967494,1,Bar-dominant,True
1.8000000000000007,1.1800000000000002,71.4044792201502,2.193831618058329,2.715180264667676,14.731827150146088,1.2650745918926334,1.8003142633785565,0.6202871591048833,0.023078448618220056,0.1882751185206641,0.16835927375623258,1,Bar-dominant,True
1.8200000000000007,1.1800000000000002,70.76155314380293,1.9567695141324073,2.5670567576602523,14.114969304539178,1.3352582863426659,1.8396629697760574,0.6165050654898339,0.02417454637795867,0.18913170222110778,0.17018868591109965,1,Bar-dominant,True
1.8400000000000007,1.1800000000000002,70.16167945268256,1.7803506973708638,2.4568249938816535,13.591272235174031,1.3922242777201028,1.8716011298703399,0.6133550537931522,0.02534310648173832,0.19021440405214077,0.1710874356729687,1,Bar-dominant,True
1.8600000000000008,1.1800000000000002,69.61024046066451,1.6878848329490288,2.399049550696879,13.148174629551335,1.436720368870411,1.8965480016505998,0.6108006976831339,0.026586890231266785,0.19151899578574377,0.1710934162998555,1,Bar-dominant,True
1.8800000000000008,1.1800000000000002,69.10853923246924,1.692317679327073,2.401819325961112,12.774736167539007,1.4722968438949537,1.9164940629311928,0.608740890135241,0.027905855939354875,0.19302032920037585,0.17033292472502826,1,Bar-dominant,True
1.9000000000000008,1.1800000000000002,68.65605123774068,1.791699902965952,2.463916317659907,12.461376919028528,1.503700667666848,1.9341007143199835,0.6069773466946518,0.029294784182764023,0.1946607261284258,0.1690671429941584,1,Bar-dominant,True
1.9200000000000008,1.1800000000000002,68.25123127104865,1.9681320984195132,2.5741564408462225,12.199537463141638,1.5349439816570314,1.951617375400855,0.6051741895769006,0.030739899263515422,0.1963349740153541,0.1677509371442299,1,Bar-dominant,True
1.9400000000000008,1.1800000000000002,67.89172134001998,2.195940694372309,2.716498078755206,11.981476629658601,1.5684488768296592,1.9704019989997934,0.6028308930818603,0.03221539272865638,0.19787862962673233,0.16707508456275094,1,Bar-dominant,True
1.9600000000000009,1.1800000000000002,67.57450160963631,2.450883811255931,2.8757941785316845,11.800202818178434,1.6051032319603658,1.9909523771115465,0.5993210940672363,0.03368294692161916,0.19907735028520065,0.1679186087259438,1,Bar-dominant,True
1.9800000000000009,1.1800000000000002,67.2961076084469,2.7142351215112934,3.0403439695105665,11.649479829878537,1.6447244714541829,2.0131661481614196,0.5940627966533647,0.035099371978216796,0.19972108011064182,0.17111675125777667,1,Bar-dominant,True
2.000000000000001,1.1800000000000002,67.05288462083055,2.9729813533431306,3.2020163694816053,11.523875523138987,1.6865497378417782,2.0366156137385625,0.5868038485107944,0.036434196256797155,0.1997014840301225,0.17706047120228596,1,Bar-dominant,True
1.0,1.2000000000000002,34.43001580200924,17.075295566211924,12.013564919575911,12.49989425697635,7.036955196523456,5.036337061163078,0.07052354046251658,0.5983623650269646,0.13383603788472404,0.1972780566257948,2,Balanced,True
1.02,1.2000000000000002,28.504649413178036,14.245759493156498,10.245585983237978,14.827843836462046,5.863870059766737,4.378643233740305,0.06843106471695751,0.5420591643991641,0.13435793382509015,0.25515183705878824,2,Balanced,True
1.04,1.2000000000000002,24.27858459342878,12.206751495629067,8.971552679693497,16.276344579003474,4.976528801573928,3.881152599817119,0.06645247499698648,0.45399856487946216,0.1350879986816949,0.34446096144185645,2,Balanced,True
1.06,1.2000000000000002,21.604674788900212,11.023661101854607,8.232322345825256,16.94547650663856,4.603677138401616,3.6721121561791388,0.06548551161584013,0.34625892562293764,0.1378687785914568,0.45038678416976546,4,Expanded,False
1.08,1.2000000000000002,20.090341975658653,10.823714979202329,8.107390016240235,17.303292519882696,4.64751815285903,3.6966917571758002,0.06516431383294523,0.24083469473744026,0.1420527749207845,0.55194821650883,4,Expanded,False
1.1,1.2000000000000002,19.311671377450942,10.892110456447961,8.150125560155912,17.474633551796458,4.744273560306391,3.7509379770399787,0.06459400133542295,0.15830805369025844,0.1456876863771461,0.6314102585971725,4,Expanded,False
1.12,1.2000000000000002,18.87843561825621,10.774668641699353,8.076744394706896,17.55024368100803,4.730219459020634,3.743058501479345,0.0636525030568127,0.10374680977445107,0.14833528548167146,0.6842654016870647,4,Expanded,False
1.1400000000000001,1.2000000000000002,18.57384615953402,10.350350814612584,7.811617900033156,17.595486389182533,4.573643473672725,3.6552736887157384,0.06268882108742885,0.0703963399726526,0.15062686772886555,0.716287971211053,4,Expanded,False
1.1600000000000001,1.2000000000000002,18.294347146002195,9.561668414833864,7.3188255007606,17.644866973071803,4.263384764356896,3.481326179172367,0.06197155487916427,0.050175607881516385,0.15305310796675017,0.7347997292725692,4,Expanded,False
1.1800000000000002,1.2000000000000002,18.006350084984497,8.43448121732209,6.614525159270816,17.710311753605183,3.820847930224217,3.2332165278805873,0.06164123302393975,0.0375920170957171,0.15576811347610842,0.7449986364042347,4,Expanded,False
1.2000000000000002,1.2000000000000002,17.741777258081058,7.162187362522731,5.819557829630625,17.779828178596098,3.3303411919925576,2.9582124007835926,0.0618370943736368,0.0294810394014463,0.15878444648259007,0.7498974197423268,4,Expanded,False
1.2200000000000002,1.2000000000000002,17.56692832735692,6.003459453465418,5.095549906328884,17.8290032897497,2.8914470865780166,2.712145056667846,0.06282261492781462,0.02408290873495651,0.1621058455157973,0.7509886308214316,4,Expanded,False
1.2400000000000002,1.2000000000000002,17.522950691116097,5.07174336499556,4.513385771809432,17.84507015512388,2.5382535708518716,2.5141260144855666,0.06517263119843156,0.020402956339504934,0.1657624134835594,0.748661998978504,4,Expanded,False
1.2600000000000002,1.2000000000000002,17.606940256995497,4.3290218012652035,4.049311080292496,17.834649777145774,2.2477929082101835,2.3512783413348117,0.07027236064435864,0.017856079867904332,0.16977352834820325,0.7420980311395338,4,Expanded,False
1.2800000000000002,1.2000000000000002,17.79379385372076,3.7073086292147504,3.6608460583773956,17.815179267982593,1.9912951556329257,2.207472079255419,0.08205022721840118,0.016064067734175326,0.17391252394497586,0.7279731811024476,4,Expanded,False
1.3000000000000003,1.2000000000000002,18.057134579999072,3.1636729654239533,3.3211662035147036,17.807511831170952,1.7543433999208429,2.074624341059973,0.11431316018765932,0.014659476903938155,0.17637759556351457,0.6946497673448879,4,Expanded,False
1.3200000000000003,1.2000000000000002,18.378652059928562,2.671514737830189,3.0136509935065856,17.83394221304092,1.5341869405636404,1.951192937959251,0.2181078339800398,0.01280556656716656,0.16759522666956936,0.6014913727832243,4,Expanded,False
1.3400000000000003,1.2000000000000002,18.753587514609386,2.203381954082723,2.721147600828139,17.91847523150455,1.3344690878974856,1.8392205032152402,0.4122918554278765,0.010129894166314594,0.14151815297735768,0.4360600974284512,4,Expanded,False
1.3600000000000003,1.2000000000000002,19.19982199795113,1.7381778167673902,2.430474114208604,18.086637231250368,1.1648124642318778,1.7441019899291927,0.5255898909898007,0.009355842677005271,0.13723198787963242,0.32782227845356166,1,Bar-dominant,True
1.3800000000000003,1.2000000000000002,19.77641523813651,1.3242871532341869,2.1718628238130497,18.36391022098409,1.0442008830000575,1.6764807320968895,0.5996817875674418,0.009789104994213337,0.1485993511158378,0.24192975632250704,1,Bar-dominant,True
1.4000000000000004,1.2000000000000002,20.62199527195836,1.2388435638623894,2.118475108528924,18.772776099036925,0.9938845687089083,1.6482707341256886,0.6597743026143843,0.010448773212499322,0.16210570876269512,0.1676712154104213,1,Bar-dominant,True
1.4200000000000004,1.2000000000000002,22.043067631853585,1.8167300533258066,2.4795559057291303,19.32481811816565,1.019259618506488,1.6624973346506553,0.6974456583266047,0.010953932387300736,0.17181151862665173,0.11978889065944291,1,Bar-dominant,True
1.4400000000000004,1.2000000000000002,24.725229687105415,2.9167925797978556,3.166907939858569,19.987012681981504,1.1458016724033646,1.7334435304122637,0.7157528339021729,0.011295323596580928,0.1774476681986408,0.09550417430260538,1,Bar-dominant,True
1.4600000000000004,1.2000000000000002,30.10633057254379,4.271105209454037,4.013123058036234,20.576720426838666,1.4449282263540713,1.901149762455697,0.7227361572454318,0.011569956850808822,0.18059572027795828,0.08509816562580107,1,Bar-dominant,True
1.4800000000000004,1.2000000000000002,39.94464979338176,6.1056095026526185,5.15937631837877,20.694362217035817,1.806699075907172,2.1039777135031335,0.7237895854380798,0.01184282326490524,0.18241306871533194,0.08195452258168295,1,Bar-dominant,True
1.5000000000000004,1.2000000000000002,52.48477370459337,8.24895357119396,6.498601925922989,20.285038515417348,2.1014656806171184,2.269239526455679,0.7216703838509675,0.012143719718088652,0.18350306087734833,0.08268283555359554,1,Bar-dominant,True
1.5200000000000005,1.2000000000000002,62.33803835217312,8.660634613203895,6.755832578571029,19.994624075461665,2.5724479445380837,2.5332971963557815,0.717734719791944,0.012484412730258135,0.1841649693480712,0.08561589812972663,1,Bar-dominant,True
1.5400000000000005,1.2000000000000002,67.6341531222935,8.165626968015408,6.446536967056009,20.211506723057756,2.921229141220112,2.728842458154176,0.7126725088771537,0.012868705719379531,0.18455248875506683,0.08990629664839987,1,Bar-dominant,True
1.5600000000000005,1.2000000000000002,69.43479474131082,6.834857702738489,5.615032448509654,20.992322861382736,2.544609456279881,2.5176894614024414,0.7068556547519403,0.013297021965683307,0.18474984739472,0.09509747588765631,1,Bar-dominant,True
1.5800000000000005,1.2000000000000002,69.80369678114872,5.476835914133494,4.766499736661605,21.9092575574926,2.044310071939305,2.2371950568326824,0.700501206169463,0.0137684451951913,0.18480763286825794,0.10092271576708776,1,Bar-dominant,True
1.6000000000000005,1.2000000000000002,70.38878668836341,4.615173725145144,4.228107377971787,22.445437297652752,1.8339255622192085,2.1192423276634873,0.6937513123728141,0.01428167822080924,0.18476045629434645,0.1072065531120302,1,Bar-dominant,True
1.6200000000000006,1.2000000000000002,71.43394566951805,3.9678666753751846,3.823650534238902,22.55782281943762,1.615416220837853,1.9967343863745364,0.6867145009496324,0.014835540755959484,0.1846361890566642,0.1138137692377439,1,Bar-dominant,True
1.6400000000000006,1.2000000000000002,72.60227545645158,3.5838466076517053,3.5837032872921486,22.33911522798781,1.40946473614695,1.8812670464641053,0.6794876544092261,0.015429264004119836,0.18446099104049207,0.12062209054616196,1,Bar-dominant,True
1.6600000000000006,1.2000000000000002,73.53996157995506,3.423908713918741,3.4837692981358295,21.83375659297677,1.2188974135686426,1.7744248848501951,0.6721674073593932,0.01606268634957524,0.18426200473837143,0.12750790155266017,1,Bar-dominant,True
1.6800000000000006,1.2000000000000002,74.07945375572999,3.260674126718799,3.3817754361032875,21.07381879684649,0.9961708133094467,1.6495525242657547,0.6648551062517,0.01673638813030963,0.18406858384607389,0.13433992177191653,1,Bar-dominant,True
1.7000000000000006,1.2000000000000002,74.21280430706801,3.0723958781257084,3.264133543903011,20.11846978648341,0.8063246897207086,1.5431147051065572,0.6576574905668618,0.017451774517863346,0.18391249479746313,0.14097824011781163,1,Bar-dominant,True
1.7200000000000006,1.2000000000000002,74.0126949624387,2.936015318531952,3.1789188831026722,19.057536756418354,0.7935416009618599,1.5359478266689561,0.6506844227480064,0.01821110432138504,0.18382735746749446,0.14727711546311414,1,Bar-dominant,True
1.7400000000000007,1.2000000000000002,73.57451345875785,2.825613607808503,3.1099365856322736,17.98679032862806,0.9264786575850832,1.6104794005823146,0.6440446683143528,0.01901746042990824,0.18384753370151025,0.15309033755422874,1,Bar-dominant,True
1.7600000000000007,1.2000000000000002,72.98787662054227,2.6653309630178854,3.009787185683346,16.97722497113758,1.0698376400913099,1.69085405962934,0.6378405755771714,0.01987465962411606,0.18400665276179443,0.15827811203691813,1,Bar-dominant,True
1.7800000000000007,1.2000000000000002,72.32824348231689,2.4458343766021353,2.872639140434331,16.0645810645926,1.1788408145488118,1.7519670281291313,0.6321623217646847,0.020787100796487636,0.18433592925999942,0.16271464817882828,1,Bar-dominant,True
1.8000000000000007,1.2000000000000002,71.6511120217651,2.2101354091619503,2.725367361954805,15.259682108875314,1.2592150132027107,1.797029072376721,0.6270820356482635,0.021759545243858813,0.18486233966117654,0.16629607944670122,1,Bar-dominant,True
1.8200000000000007,1.2000000000000002,70.99077131327071,2.0038685743012614,2.596485661957602,14.561221742962477,1.3198417579987358,1.8310196452513567,0.6226474764579712,0.022796803043065084,0.18560654310302377,0.16894917739593984,1,Bar-dominant,True
1.8400000000000007,1.2000000000000002,70.36556943645562,1.8590350895235197,2.505989360178009,13.962574947939498,1.3657555298846935,1.8567613441416686,0.6188739975037394,0.023903256859330247,0.1865801365400086,0.17064260909692175,1,Bar-dominant,True
1.8600000000000008,1.2000000000000002,69.78467495244374,1.7970177375576017,2.467239060082065,13.454636922614421,1.4015312707729357,1.8768191244479868,0.615732310552426,0.02508208172968065,0.1877814278086963,0.17140417990919693,1,Bar-dominant,True
1.8800000000000008,1.2000000000000002,69.25259617354656,1.8287758575671433,2.487082485217808,13.027233855561457,1.432366778318688,1.8941071475784814,0.6131284851563675,0.026333922936306754,0.1891885002551098,0.17134909165221596,1,Bar-dominant,True
1.9000000000000008,1.2000000000000002,68.77118549991971,1.9500538665271385,2.5628606197763615,12.669982629363378,1.4631028215508535,1.9113394057324666,0.6108730482346401,0.02765473339637402,0.19074835977102014,0.17072385859796574,1,Bar-dominant,True
1.9200000000000008,1.2000000000000002,68.34035156259411,2.1420560568357194,2.6828293423626626,12.372859510918815,1.4971272885085014,1.9304153288673072,0.6086416596569827,0.029032652387833754,0.1923626103149622,0.16996307764022137,1,Bar-dominant,True
1.9400000000000008,1.2000000000000002,67.95840602004935,2.379789883539191,2.831372561892247,12.126527913985225,1.5359772152589823,1.9521966610306838,0.6059471162667385,0.030444687003405576,0.19387567672176217,0.16973252000809383,1,Bar-dominant,True
1.9600000000000009,1.2000000000000002,67.62246872221587,2.640077217767087,2.994007888825383,11.92255432281733,1.5796115034945382,1.976660360328634,0.6021733707727547,0.03185597962178215,0.19508222367946754,0.1708884259259956,1,Bar-dominant,True
1.9800000000000009,1.2000000000000002,67.32888905170282,2.9049889526685337,3.1595326798872434,11.753501376303266,1.6269839010524172,2.0032198422347594,0.5967380240042462,0.033226477513876654,0.19577729823996365,0.17425820024191344,1,Bar-dominant,True
2.000000000000001,1.2000000000000002,67.07363102804085,3.1620943030716497,3.3201798079663165,11.612980699567023,1.6766024062857168,2.031038611389153,0.5893739828023667,0.03452713220996213,0.19584997985340724,0.18024890513426392,1,Bar-dominant,True
1.0,1.2200000000000002,40.2657560482418,18.545549689005945,12.932223757297297,10.087497413895303,7.431847629114834,5.257734730670142,0.07016677168558678,0.6604812558911907,0.1319383131026006,0.1374136593206219,2,Balanced,True
1.02,1.2200000000000002,33.37761722130161,16.29811132887328,11.527956916782419,12.917877208483523,6.74187512106677,4.870899499862226,0.06826942095661453,0.6270516811967669,0.13291296349091308,0.17176593435570542,2,Balanced,True
1.04,1.2200000000000002,27.52570131347549,13.532619592345933,9.799994801241231,15.168457821977558,5.5387255892843195,4.19634997593963,0.06603179259060357,0.5622912357960086,0.1332340622563421,0.23844290935704573,2,Balanced,True
1.06,1.2200000000000002,23.556313421827323,11.738906041490276,8.679228819165484,16.445802159539674,4.798248211471154,3.781199032948084,0.06423787065115806,0.4662857199182661,0.13439546579813175,0.3350809436324441,2,Balanced,True
1.08,1.2200000000000002,21.138120761402178,10.881250771948528,8.1433401038286,17.018090596749946,4.563457694924707,3.6495630002071557,0.06335017379124666,0.3511648199767669,0.13742676542749077,0.4480582408044957,4,Expanded,False
1.1,1.2200000000000002,19.833164211444224,10.829470219353516,8.110986062764525,17.316666344418643,4.650810720971269,3.6985377457199697,0.06280641539869047,0.2406121124761315,0.14120160470844909,0.5553798674167288,4,Expanded,False
1.12,1.2200000000000002,19.16294633621449,10.851704226543166,8.124878536783857,17.45077093628964,4.716782882127255,3.735525242888328,0.06199936932248122,0.15568094818025754,0.14430685172832947,0.6380128307689318,4,Expanded,False
1.1400000000000001,1.2200000000000002,18.765855071307946,10.629382696056282,7.985965381818922,17.511139733788887,4.653074121511277,3.6998067282665086,0.061004771807607716,0.10021193132868314,0.1467638958606003,0.6920194010031089,4,Expanded,False
1.1600000000000001,1.2200000000000002,18.456541690214202,10.067248992680222,7.634727397458706,17.555153618384328,4.436530835692857,3.578401062138667,0.06011183789255093,0.06660941012120243,0.14912206759574764,0.724156684390499,4,Expanded,False
1.1800000000000002,1.2200000000000002,18.1516576334328,9.126656180324044,7.047016819830029,17.611114920512513,4.064027241365667,3.3695557643803697,0.05948295276945307,0.04647056081803069,0.15164699314006744,0.7423994932724488,4,Expanded,False
1.2000000000000002,1.2200000000000002,17.842638030752177,7.906732623126749,6.284772021608292,17.68169221440606,3.586164963431523,3.1016407932433254,0.05920829584682473,0.0341452285449733,0.15436675054450985,0.7522797250636921,4,Expanded,False
1.2200000000000002,1.2200000000000002,17.58505337696469,6.6732467370756785,5.514053073871553,17.745524205386467,3.1123654691323392,2.8360036343768,0.05942121710874713,0.02636536328742295,0.157256034777387,0.7569573848264429,4,Expanded,False
1.2400000000000002,1.2200000000000002,17.442864107343684,5.649172613252823,4.874180871001048,17.77907304486473,2.7231364374070077,2.6177811681649694,0.060403909988775734,0.021305367482775825,0.1603094629970878,0.7579812595313606,4,Expanded,False
1.2600000000000002,1.2200000000000002,17.435761572029033,4.8606443201962275,4.381484762226874,17.777899485425905,2.418345127376897,2.446898973021722,0.0627903662590902,0.017934239842264582,0.16354437337196084,0.7557310205266844,4,Expanded,False
1.2800000000000002,1.2200000000000002,17.544592453827764,4.233096979036477,3.989374376609048,17.754392317492833,2.164185960246872,2.304403846140751,0.06817582129827758,0.015649714659365762,0.16694572555179937,0.7492287384905573,4,Expanded,False
1.3000000000000003,1.2200000000000002,17.738388194070325,3.7023244922275067,3.657731820218999,17.727366594539465,1.9363329746684481,2.1766573616962397,0.08139387971641827,0.014063778323093667,0.17016256955455847,0.7343797724059296,4,Expanded,False
1.3200000000000003,1.2200000000000002,17.990229199476087,3.230736135365248,3.363069281898938,17.71710454822571,1.7251654289387441,2.058265620954881,0.12091107066236667,0.012775275612873359,0.1706833043845264,0.6956303493402336,4,Expanded,False
1.3400000000000003,1.2200000000000002,18.283658184527027,2.7871855003631465,3.0859255524548956,17.744859555240346,1.5284075860022357,1.947952724864375,0.25242122931689936,0.010847522795692286,0.15638287196792108,0.5803483759194873,4,Expanded,False
1.3600000000000003,1.2200000000000002,18.617875174642677,2.337143644972028,2.804725913977499,17.83322958419288,1.3461416304720915,1.8457647504834926,0.44273952812344547,0.008688163569395798,0.1325064324323233,0.4160658758748354,1,Bar-dominant,True
1.3800000000000003,1.2200000000000002,19.01709527613228,1.859248219080185,2.5061225299122576,18.005538147636024,1.1832572712538285,1.754443128305458,0.5416757800617328,0.008486215427764999,0.134630721621191,0.3152072828893112,1,Bar-dominant,True
1.4000000000000004,1.2200000000000002,19.548792617624326,1.3996076743326045,2.218925342663429,18.283730992133805,1.0571975109009153,1.6837673319180562,0.6169060592735683,0.009108723493565112,0.14817469498260255,0.22581052225026396,1,Bar-dominant,True
1.4200000000000004,1.2200000000000002,20.362584015297408,1.2095048804367943,2.10014341987852,18.68467098537344,0.9939750528998933,1.6483214643685546,0.674054060932275,0.009782401736859207,0.16119786542458725,0.15496567190627847,1,Bar-dominant,True
1.4400000000000004,1.2200000000000002,21.785962341608915,1.6815803514004048,2.395110321687347,19.210487920049836,1.0078922337655083,1.656124175070139,0.7066779274387862,0.010268517151060213,0.1696457514518906,0.11340780395826294,1,Bar-dominant,True
1.4600000000000004,1.2200000000000002,24.567931406639463,2.7355144633435837,3.0536399400044143,19.809827900663908,1.1352297472533188,1.7275163477233892,0.7219575059315296,0.010626327172371932,0.1744864836422562,0.09292968325384228,1,Bar-dominant,True
1.4800000000000004,1.2200000000000002,30.306826617568852,4.1546296544620835,3.9403456406408526,20.26538499370661,1.447994512175284,1.902868885130204,0.7278013206390332,0.010944449839930676,0.17731097301033527,0.08394325651070082,1,Bar-dominant,True
1.5000000000000004,1.2200000000000002,40.75803926249757,6.333403606591256,5.301708901242998,20.17495443242243,1.772394926628007,2.084744985605589,0.7286588825022523,0.011270613305814765,0.17905409986747317,0.08101640432445979,1,Bar-dominant,True
1.5200000000000005,1.2200000000000002,53.4612336715369,8.546818628295224,6.684716940267892,19.62770704010318,2.0215910250189073,2.2244575525746497,0.7267025343888197,0.011625084180591154,0.1801768938736955,0.08149548755689366,1,Bar-dominant,True
1.5400000000000005,1.2200000000000002,62.82746801171792,9.098370974700583,7.029343375681899,19.36859323907877,2.575729251887468,2.5351368715182625,0.7230004787998278,0.012015379357499922,0.18090686772729003,0.08407727411538224,1,Bar-dominant,True
1.5600000000000005,1.2200000000000002,67.43613529878067,8.545103423913991,6.6836452291678246,19.75584930914012,2.9151405238440926,2.725428855901216,0.7181088116600916,0.012443551943880868,0.1813630902388487,0.08808454615717892,1,Bar-dominant,True
1.5800000000000005,1.2200000000000002,68.81455875501987,6.9851474456556,5.70893798389241,20.711286007739794,2.5081477764762585,2.49724710731158,0.7123431085401508,0.012909417297429235,0.18161401407204855,0.09313346009037138,1,Bar-dominant,True
1.6000000000000005,1.2200000000000002,69.26336826439064,5.5988643834874425,4.842746781364722,21.656573097324753,2.1048471478998776,2.2711353565960657,0.7059057030781368,0.013412018145309665,0.18170470963604352,0.09897756914051002,1,Bar-dominant,True
1.6200000000000006,1.2200000000000002,70.06081087180398,4.639483126562844,4.243296620501948,22.176185711841033,1.8581615849728377,2.1328303291366026,0.6989481994029733,0.013950348335696264,0.18167036195000916,0.10543109031132133,1,Bar-dominant,True
1.6400000000000006,1.2200000000000002,71.23069500969247,3.9328839172651184,3.8017922585793116,22.275162248084264,1.5923456274160122,1.983799786477997,0.6916031634479447,0.014523754197326075,0.18154322698191697,0.1123298553728122,1,Bar-dominant,True
1.6600000000000006,1.2200000000000002,72.40564503492764,3.5002972374769836,3.5314991369298943,22.038107234796136,1.347063247605719,1.8462814579934945,0.6839998014126447,0.015132181735189102,0.18135615805156677,0.11951185880059943,1,Bar-dominant,True
1.6800000000000006,1.2200000000000002,73.29782207818654,3.2510202357240225,3.3757433956939082,21.51031133937329,1.1377944582970825,1.7289542609402166,0.6762704601674682,0.015776333608239875,0.1811441126749225,0.12680909354936942,1,Bar-dominant,True
1.7000000000000006,1.2200000000000002,73.79047122128067,3.05662748359795,3.2542809784416917,20.73525898594892,0.9643801966182078,1.6317290162247289,0.6685514311827975,0.016457756676832254,0.18094434381889876,0.13404646832147155,1,Bar-dominant,True
1.7200000000000006,1.2200000000000002,73.87955070307888,2.8840569378827245,3.146453729741023,19.784918227419574,0.8880354563718073,1.5889261003553194,0.66098013182018,0.017178864802735453,0.18079569422701447,0.14104530915007008,1,Bar-dominant,True
1.7400000000000007,1.2200000000000002,73.63304369556866,2.7191941641486137,3.0434425279670827,18.753335111482677,0.9455345569848547,1.6211631497992465,0.65369013723298,0.017942898052114336,0.1807373021225896,0.14762966259231614,1,Bar-dominant,True
1.7600000000000007,1.2200000000000002,73.15688194920139,2.5448756293530104,2.9345230833038016,17.72432409616031,1.067428676898758,1.6895034669292992,0.646805215308995,0.018753820931073716,0.18080697391257078,0.15363398984736049,1,Bar-dominant,True
1.7800000000000007,1.2200000000000002,72.55351949922262,2.360398478803462,2.8192562310756015,16.752501808870864,1.179559037841702,1.7523697022502538,0.640433203795349,0.019616163074910566,0.18103941923948055,0.15891121389025997,1,Bar-dominant,True
1.8000000000000007,1.2200000000000002,71.89733500033671,2.1824132436259256,2.7080457221269585,15.867379492858225,1.2575427008100986,1.7960914852368954,0.6346601087548855,0.020534800098753726,0.1814644335588244,0.16334065758753635,1,Bar-dominant,True
1.8200000000000007,1.2200000000000002,71.23406522184321,2.03413722102944,2.6153984195493747,15.082486596633055,1.306102463381734,1.8233166670278598,0.6295441089151075,0.02151465340864745,0.1821049232339577,0.16683631444228733,1,Bar-dominant,True
1.8400000000000007,1.2200000000000002,70.59035590895132,1.9389115747435568,2.5558985819485027,14.401072410456639,1.337325088137578,1.8408217286252047,0.6251081858198674,0.022560248123730003,0.18297437824754315,0.16935718780885942,1,Bar-dominant,True
1.8600000000000008,1.2200000000000002,69.98224071957019,1.9168682181446772,2.542125232131859,13.819414536787216,1.3618727570171174,1.8545844554672883,0.6213289218182203,0.023675001690941354,0.18407301243701035,0.170923064053828,1,Bar-dominant,True
1.8800000000000008,1.2200000000000002,69.41964052051333,1.9788472489388964,2.5808515880112854,13.329331460073414,1.38728423892121,1.8688314817659886,0.6181179717905152,0.024860027497363647,0.18538140475591108,0.17164059595621,1,Bar-dominant,True
1.9000000000000008,1.2200000000000002,68.9081478001684,2.1204653566373985,2.669338825830672,12.920290694976881,1.4182013396168662,1.8861652503495372,0.6152930968358521,0.02611217914485347,0.18685047454614706,0.17174424947314743,1,Bar-dominant,True
1.9200000000000008,1.2200000000000002,68.44987193930868,2.323954978303247,2.796485239793901,12.58103172550021,1.4567628025687596,1.9077848543878004,0.6125408929847816,0.027421213081907824,0.1883881180135363,0.17164977591977423,1,Bar-dominant,True
1.9400000000000008,1.2200000000000002,68.04415118156754,2.566269583650896,2.947890667100956,12.30063248406661,1.5030342185951677,1.933727067576877,0.6093896928182027,0.02876672328543961,0.18984796082528257,0.17199562307107522,1,Bar-dominant,True
1.9600000000000009,1.2200000000000002,67.68835558462817,2.826096769073132,3.110238479270193,12.069115280473353,1.5556101157790925,1.9632039077188324,0.6052409565771438,0.03011732982047266,0.1910356801830148,0.1736060334193687,1,Bar-dominant,True
1.9800000000000009,1.2200000000000002,67.37864618505682,3.086875854604584,3.2731810671550035,11.877718868695583,1.6123278351343504,1.9950028733323455,0.5995242585652081,0.031436541240394876,0.1917553806505112,0.17728381954388583,1,Bar-dominant,True
2.000000000000001,1.2200000000000002,67.11055857553174,3.3371477739332125,3.4295584627087847,11.718981362576468,1.670880907367442,2.0278308352403913,0.5919707229953953,0.03269748299295795,0.1918981730995782,0.18343362091206847,1,Bar-dominant,True
1.0,1.2400000000000002,46.72273834241242,18.27486681391049,12.763092984887885,7.698025536776574,7.328017455527782,5.199522021184077,0.06904362260623681,0.6991431964425051,0.12820223903563654,0.10361094191562156,2,Balanced,True
1.02,1.2400000000000002,39.34413692930134,18.05672968779463,12.62679437117568,10.460416898002839,7.263139696996427,5.163148104248203,0.06732993062926808,0.6831084295329936,0.12950673756725076,0.12005490227048765,2,Balanced,True
1.04,1.2400000000000002,32.278811114997985,15.451537493619313,10.99899221368619,13.34772050289996,6.3985938035083185,4.678437762385986,0.06526766294915098,0.6436724274954627,0.1301977867863494,0.16086212276903686,2,Balanced,True
1.06,1.2400000000000002,26.5827347171229,12.873006072514617,9.38784850620347,15.484364524308987,5.247985103388039,4.033345419011605,0.06319900066239162,0.5744742932565271,0.13083549009827428,0.23149121598280695,2,Balanced,True
1.08,1.2400000000000002,22.89945008342469,11.35767340654796,8.441023243756508,16.583301668257544,4.655434195924083,3.7011299113202574,0.06167770494096815,0.47470649593413056,0.13253333848402035,0.3310824606408809,2,Balanced,True
1.1,1.2400000000000002,20.746106729469737,10.797005787567555,8.090701312863533,17.070758315854828,4.542301691581346,3.637701821187931,0.06085207044566742,0.35577667336255764,0.13567909570820397,0.44769216048357097,4,Expanded,False
1.12,1.2400000000000002,19.627207425355085,10.816322672502977,8.102771081475677,17.314644635291597,4.642583955286137,3.693925383972958,0.06023679207080164,0.2420571988104007,0.13924704267247018,0.5584589664463274,4,Expanded,False
1.1400000000000001,1.2400000000000002,19.04048016723439,10.765662216521031,8.071116910343433,17.419393508059546,4.66877154270176,3.708607536238537,0.059462794293616866,0.15478912630070024,0.142323918379845,0.6434241610258379,4,Expanded,False
1.1600000000000001,1.2400000000000002,18.662653518831497,10.423027079636759,7.857028208443079,17.470834858037847,4.550285646700471,3.6421780504365477,0.05860984768388315,0.09777214312147957,0.14497033168295406,0.6986476775116832,4,Expanded,False
1.1800000000000002,1.2400000000000002,18.336905716031623,9.70773078246863,7.410089645377445,17.518634930372155,4.269048209011534,3.48450140701781,0.057856316640938925,0.06342144929170074,0.14749710315347492,0.7312251309138854,4,Expanded,False
1.2000000000000002,1.2400000000000002,18.003084183583084,8.625508763794704,6.7338848951794645,17.58325524863167,3.840259161038912,3.2440994947595305,0.057311249615361104,0.04314575672752811,0.15003655858521225,0.7495064350718985,4,Expanded,False
1.2200000000000002,1.2400000000000002,17.682659550722533,7.372916876907817,5.951227945535967,17.65571573092574,3.351722028969296,2.9701996334780683,0.05706939771502287,0.031023070654579803,0.15261103220513758,0.7592964994252598,4,Expanded,False
1.2400000000000002,1.2400000000000002,17.446596344229068,6.247938200700891,5.248307554344256,17.70843320139267,2.9201209689475194,2.7282211579257716,0.05728849874985132,0.02357877712037114,0.1552279828983771,0.7639047412314004,4,Expanded,False
1.2600000000000002,1.2400000000000002,17.342948731724483,5.386395241209836,4.709989693817517,17.724131996294663,2.5886504488853634,2.542381180769273,0.05828786112339695,0.018872197246287192,0.1579082853287731,0.7649316563015428,4,Expanded,False
1.2800000000000002,1.2400000000000002,17.36841202960569,4.737333267747714,4.304436321168755,17.70711687463494,2.330139100668526,2.397445990037065,0.060787887777682605,0.01582105888955829,0.1606809914716064,0.7627100618611528,4,Expanded,False
1.3000000000000003,1.2400000000000002,17.49251645541643,4.21431391319016,3.977638154161713,17.673465201389924,2.1101357058517207,2.2741004030465826,0.06667941304073514,0.013805786571859628,0.16352279260858799,0.7559920077788173,4,Expanded,False
1.3200000000000003,1.2400000000000002,17.682069707515108,3.7624723148362706,3.6953139823449814,17.64207686448216,1.9106467359918646,2.1622562921592037,0.08210409406979942,0.01243210110054025,0.1659711927535088,0.7394926120761516,4,Expanded,False
1.3400000000000003,1.2400000000000002,17.911808050272974,3.3463845300787747,3.4353298647633306,17.632205757904124,1.724787611201931,2.0580537962666234,0.13250637231320364,0.011256358541466642,0.16457085641061125,0.6916664127347185,4,Expanded,False
1.3600000000000003,1.2400000000000002,18.168971578529053,2.931246806903441,3.1759393741304516,17.663789340662245,1.5482492774312135,1.9590770308244227,0.29669105493518855,0.009284223076581617,0.14510875067612658,0.5489159713121032,4,Expanded,False
1.3800000000000003,1.2400000000000002,18.45810371995879,2.4839954844459387,2.896483344258992,17.757732905228984,1.3764585732589252,1.8627620386703985,0.4726049619047741,0.007760922962962365,0.1270932425025244,0.39254087262973913,1,Bar-dominant,True
1.4000000000000004,1.2400000000000002,18.80969496386696,1.994234522366994,2.590466017587782,17.93496164267363,1.210220508516662,1.7695601510682986,0.5657308870885873,0.007975290462008263,0.1345727248728327,0.2917210975765718,1,Bar-dominant,True
1.4200000000000004,1.2400000000000002,19.29712261627577,1.5173325245871931,2.292483357178826,18.21395530099049,1.0657038833272123,1.6885364560534133,0.6402992058767578,0.008688535163759276,0.14898149036752398,0.2020307685919589,1,Bar-dominant,True
1.4400000000000004,1.2400000000000002,20.07650924004897,1.2862490479134177,2.148095475651022,18.60612855490688,0.9726514246954556,1.6363663059500526,0.690886040117456,0.009319669821617985,0.16053264132818867,0.13926164873273728,1,Bar-dominant,True
1.4600000000000004,1.2400000000000002,21.49659552256282,1.7062736244356707,2.4105394187083466,19.103108332004687,0.9599897614289576,1.6292675050920817,0.7178939220178827,0.00977884625626947,0.16760416655477745,0.10472306517107041,1,Bar-dominant,True
1.4800000000000004,1.2400000000000002,24.394639501504848,2.797893657558564,3.092616329981563,19.628853074610696,1.1009797163357544,1.7083139614534548,0.7304365895647553,0.010150583658307693,0.17174811509803553,0.08766471167890141,1,Bar-dominant,True
1.5000000000000004,1.2400000000000002,30.57051621110516,4.4837068350766,4.14596292514774,19.91948720754258,1.466839720179717,1.9134345095615912,0.7352217650860116,0.010502920881181793,0.17429233017170087,0.07998298386110574,1,Bar-dominant,True
1.5200000000000005,1.2400000000000002,41.68277262674379,7.007594510543592,5.7229635827467575,19.585933797899504,1.7760185501646224,2.0867765814022285,0.7357193310769595,0.01086860175019644,0.17594203723001395,0.07747002994283006,1,Bar-dominant,True
1.5400000000000005,1.2400000000000002,54.49291850145987,9.054756583458627,7.002091796961535,18.90009185068305,2.022378800674173,2.22489922144388,0.7336239956143814,0.011261045864817121,0.1770436876606474,0.07807127086015411,1,Bar-dominant,True
1.5600000000000005,1.2400000000000002,63.342643628410805,9.519272595402915,7.292335322226927,18.69762422194617,2.6432838582466553,2.573011571507431,0.7297946594501318,0.011684997063604626,0.1777730932686341,0.08074725021762953,1,Bar-dominant,True
1.5800000000000005,1.2400000000000002,67.32018535932777,8.617022179632226,6.7285822230617285,19.280500982071093,2.8940539954683264,2.713606628238474,0.7247022311642596,0.012141513850072434,0.17822700257741841,0.08492925240824958,1,Bar-dominant,True
1.6000000000000005,1.2400000000000002,68.43900653822857,6.895192884025285,5.652731677952591,20.383680846788614,2.4936271793978415,2.489106089435101,0.718636576609904,0.012630225256011287,0.17846576746743212,0.09026743066665265,1,Bar-dominant,True
1.6200000000000006,1.2400000000000002,69.00467143714226,5.485448052824919,4.77188085901175,21.35385243200026,2.134021322489439,2.2874919482418843,0.7118052517383843,0.013150410007219235,0.1785338697474301,0.09651046850696636,1,Bar-dominant,True
1.6400000000000006,1.2400000000000002,69.94587332468575,4.497849105423163,4.154799439487605,21.873246980102092,1.8511025071723464,2.1288726352308416,0.7043820992059103,0.013701564816877105,0.17847016075553157,0.10344617522168098,1,Bar-dominant,True
1.6600000000000006,1.2400000000000002,71.14975375074815,3.8087035029370186,3.7242006141650656,21.967835364397345,1.5416254654415473,1.955363370048141,0.6965308215891102,0.014283732619543708,0.1783129234273925,0.1108725223639536,1,Bar-dominant,True
1.6800000000000006,1.2400000000000002,72.2679554929039,3.364179249379236,3.4464485386692227,21.718644564088994,1.2680548185720846,1.801985136727796,0.6884149080129149,0.014897697603292967,0.17810204561344722,0.11858534877034484,1,Bar-dominant,True
1.7000000000000006,1.2400000000000002,73.07582128076405,3.0620589421463147,3.2576747165171818,21.183697114909,1.0904654601967403,1.7024191110748284,0.6801995661919615,0.015545087138509479,0.17787942752087552,0.12637591914865348,1,Bar-dominant,True
1.7200000000000006,1.2400000000000002,73.48472632041208,2.823028538915138,3.1083213571162025,20.421903966986008,1.0133055140790317,1.6591591475003216,0.672048888783149,0.016228395464030418,0.17768826628277587,0.13403444947004473,1,Bar-dominant,True
1.7400000000000007,1.2400000000000002,73.50460506753089,2.601801571766394,2.9700921181277224,19.50374552178018,1.0220826086035095,1.6640800528213244,0.6641204013348957,0.01695093682887517,0.17757165893368695,0.14135700290254216,1,Bar-dominant,True
1.7600000000000007,1.2400000000000002,73.21848749812887,2.399400209299729,2.8436256811260012,18.507602245114462,1.1029063598420923,1.7093941401225545,0.6565585484179328,0.0177167355706925,0.17757086071314168,0.14815385529823305,1,Bar-dominant,True
1.7800000000000007,1.2400000000000002,72.73340696699775,2.234852441394934,2.7408113044345743,17.506465545598722,1.2022211901132653,1.7650753083466109,0.6494881832825669,0.018530360345620413,0.17772344105223895,0.15425801531957373,1,Bar-dominant,True
1.8000000000000007,1.2400000000000002,72.13860093193406,2.1100965912498433,2.6628601104767333,16.55475504188073,1.2714221726187303,1.8038730542384969,0.643008544735573,0.01939670358260119,0.1780614471436089,0.15953330453821687,1,Bar-dominant,True
1.8200000000000007,1.2400000000000002,71.4954118786108,2.023036940576574,2.6084626316599775,15.6861064800491,1.3041273429141167,1.822209309599771,0.6371874417043043,0.020320689190631142,0.17860948605896693,0.16388238304609767,1,Bar-dominant,True
1.8400000000000007,1.2400000000000002,70.84443463445187,1.9824686723472527,2.5831143618866585,14.917614987661349,1.3168330564748516,1.8293328073920971,0.6320543922708959,0.021306855174520484,0.17938235477178596,0.16725639778279772,1,Bar-dominant,True
1.8600000000000008,1.2400000000000002,70.21328795084969,2.0041531009945426,2.5966634427624973,14.254170510359199,1.3269975773509293,1.835031577608715,0.6275903404428104,0.02235869819842267,0.18038148972926854,0.16966947162949844,1,Bar-dominant,True
1.8800000000000008,1.2400000000000002,69.62059026121692,2.098188278872848,2.6554194400253666,13.69199793831206,1.3454395022918892,1.8453711001373163,0.6237106398827347,0.023477589513389928,0.18158916220141283,0.17122260840246256,1,Bar-dominant,True
1.9000000000000008,1.2400000000000002,69.07770043671698,2.2604439840193353,2.7568016672149573,13.221920787166875,1.3766248420503964,1.8628552577850366,0.6202384437579201,0.02466102185754716,0.18295936624302006,0.1721411681415126,1,Bar-dominant,True
1.9200000000000008,1.2400000000000002,68.59004410305002,2.47452647687135,2.8905668245512866,12.832188544675166,1.420840426594695,1.8876448626649303,0.6168706626791016,0.02590008401947416,0.18440573566183635,0.17282351763958786,1,Bar-dominant,True
1.9400000000000008,1.2400000000000002,68.15851825500958,2.7195949039019767,3.0436929221746865,12.510543047567861,1.4759861659106006,1.9185624927842675,0.6131539768287008,0.027176744991695128,0.18579150925835353,0.17387776892125056,1,Bar-dominant,True
1.9600000000000009,1.2400000000000002,67.78097865529406,2.976550484468771,3.204246469571599,12.245463095932312,1.5388075387285853,1.9537834906794798,0.608516153645297,0.028463139885041122,0.1869356555528257,0.17608505091683618,1,Bar-dominant,True
1.9800000000000009,1.2400000000000002,67.45343447946256,3.2306508048061193,3.363015964808337,12.026753829221287,1.605794535297274,1.9913399584756906,0.6024135816155446,0.029726776912442625,0.18765574050007572,0.18020390097193706,1,Bar-dominant,True
2.000000000000001,1.2400000000000002,67.17096528420947,3.471819975850599,3.5137056904354425,11.845735943110984,1.6737836558334378,2.029458270188484,0.5945906845063781,0.03094368701113229,0.18784984987498732,0.18661577860750234,1,Bar-dominant,True
1.0,1.2600000000000002,51.45352628527534,17.949842247177408,12.560007894986226,6.2869765686529915,6.981893782652213,5.005466708366342,0.06764294364506854,0.7217173833070488,0.12363546852607643,0.08700420452180618,2,Balanced,True
1.02,1.2600000000000002,46.05507086068981,18.01380733597277,12.599975199424607,7.906876027611271,7.2485323034991795,5.154958423689777,0.06602974006308486,0.7165490057989873,0.12504555286050037,0.09237570127742749,2,Balanced,True
1.04,1.2600000000000002,38.345080581575765,17.426771384255478,12.233177544009475,10.872402146522731,7.0293894868274815,5.032095322510696,0.06417536556009422,0.6955279855105216,0.12609704008349476,0.11419960884588937,2,Balanced,True
1.06,1.2600000000000002,31.156780973136723,14.575774884858879,10.451789490149654,13.780176863911521,6.024892064544072,4.468920721113547,0.062190030777986696,0.6526870176386171,0.12688957995541597,0.15823337162798026,2,Balanced,True
1.08,1.2600000000000002,25.699754275511953,12.285076494832797,9.020492486504777,15.765007491899258,4.999896081839697,3.8942535381146954,0.06033958077190987,0.5816045076662721,0.1278814132353598,0.2301744983264582,2,Balanced,True
1.1,1.2600000000000002,22.321086235135333,11.060354777709001,8.255249654165711,16.69090666659477,4.546051068798675,3.6398039211764566,0.058970763352554446,0.4805202053791666,0.1297942323214476,0.33071479894683137,2,Balanced,True
1.12,1.2600000000000002,20.428232274419994,10.739783959613684,8.054947399886572,17.103436681815243,4.5268401342956075,3.629033251047072,0.05816785009548848,0.3602128826896937,0.13286809798763677,0.44875116922718106,4,Expanded,False
1.1400000000000001,1.2600000000000002,19.466607265338446,10.770062587608756,8.073866394073027,17.299733349517886,4.617094611758956,3.679634704313309,0.05763715914911352,0.24459316804348324,0.13647713766334582,0.5612925351440574,4,Expanded,False
1.1600000000000001,1.2600000000000002,18.939769130961494,10.625622929126168,7.983616166765161,17.383186301754186,4.596452272272437,3.668061512531693,0.057088804619378035,0.15486820852649838,0.1398986558765887,0.6481443309775349,4,Expanded,False
1.1800000000000002,1.2600000000000002,18.565224259210538,10.144350529572765,7.68290274835222,17.432049794842495,4.416922295143821,3.5674074729440024,0.056471296702499695,0.09581495035053027,0.1429004950413585,0.7048132579056116,4,Expanded,False
1.2000000000000002,1.2600000000000002,18.21320192460012,9.266582981969895,7.134447278941252,17.488063867698877,4.068794036297472,3.3722282827722623,0.055867748386548594,0.06046848789360341,0.1455556853962986,0.7381080783235494,4,Expanded,False
1.2200000000000002,1.2600000000000002,17.852940982059856,8.079982893853359,6.393023982866639,17.560885154506604,3.599940158534441,3.109363899185816,0.05539316944554117,0.040036642615851104,0.14799301198562723,0.7565771759529805,4,Expanded,False
1.2400000000000002,1.2600000000000002,17.536242676005013,6.876726825595366,5.641193531239363,17.629459420383597,3.1322040865303067,2.8471262168718083,0.055182418047237974,0.028175462583370954,0.15031704932570983,0.7663250700436812,4,Expanded,False
1.2600000000000002,1.2600000000000002,17.333968861757533,5.9170067639802,5.04153167505234,17.666194996283426,2.761763639964054,2.6394376293171553,0.05543255422961592,0.02112119382942508,0.15260380062116746,0.7708424513197916,4,Expanded,False
1.2800000000000002,1.2600000000000002,17.268751607058658,5.224207470188568,4.6086499139052695,17.6638383517926,2.488726208717216,2.4863583449926656,0.0565126711743454,0.016797581715251832,0.1549149468942902,0.7717748002161126,4,Expanded,False
1.3000000000000003,1.2600000000000002,17.318227256690847,4.700593061729962,4.281479939387779,17.633734316881718,2.272729782675643,2.3652592774981436,0.05926244629219039,0.014075969541721365,0.15730578214706323,0.769355802019025,4,Expanded,False
1.3200000000000003,1.2600000000000002,17.446143123082486,4.265828282745832,4.009825876085614,17.593497074932184,2.08505657716781,2.2600397116136044,0.06599340269776027,0.012329977595324618,0.15977084000834418,0.7619057796985709,4,Expanded,False
1.3400000000000003,1.2600000000000002,17.620220076610924,3.8743052939911076,3.765190579224755,17.56118522106144,1.9129258816744676,2.1635341022688683,0.08479219209056492,0.011167160699869344,0.1617509440605955,0.7422897031489702,4,Expanded,False
1.3600000000000003,1.2600000000000002,17.818813766208425,3.491766316067588,3.5261687615715482,17.55467416252131,1.749502859162387,2.071910476841195,0.1516519859322066,0.010086255835468816,0.15847739577114284,0.6797843624611817,4,Expanded,False
1.3800000000000003,1.2600000000000002,18.034303726512185,3.085241612720481,3.2721599438494944,17.59231064909765,1.5870020447386337,1.980803890244113,0.3489757356993765,0.008135743545428854,0.13531743711200483,0.5075710836431898,4,Expanded,False
1.4000000000000004,1.2600000000000002,18.27704355433019,2.6317494897838127,2.9888044748091476,17.693083415996618,1.4167943543908146,1.885376419710179,0.5065746328312022,0.00725970563152326,0.1253079099364122,0.36085775160086236,1,Bar-dominant,True
1.4200000000000004,1.2600000000000002,18.58226388170341,2.1376896850443097,2.6801011024123245,17.875553412681874,1.236783713821982,1.7844528946710128,0.5981949772701564,0.007747081344738396,0.1365559213289781,0.25750202005612716,1,Bar-dominant,True
1.4400000000000004,1.2600000000000002,19.025583185890245,1.6772974817844986,2.392434256398726,18.155044574879348,1.0613497185745449,1.6860952800537508,0.6675905403374301,0.008459430185059017,0.1502973613322506,0.17365266814526018,1,Bar-dominant,True
1.4600000000000004,1.2600000000000002,19.767489378532737,1.4952535166830498,2.278687731358225,18.537519751377218,0.9239821569370122,1.609079729735804,0.7098549859811039,0.009027202245201343,0.15995116747179744,0.12116664430189733,1,Bar-dominant,True
1.4800000000000004,1.2600000000000002,21.189261716185847,1.9813440262069124,2.582411649273842,19.00182105537581,0.8836548521415102,1.5864701009803601,0.7314937155997515,0.009461136823686576,0.1657470096171376,0.09329813795942436,1,Bar-dominant,True
1.5000000000000004,1.2600000000000002,24.255522437973234,3.237347593593241,3.367200319137473,19.439342110888102,1.0788968049891992,1.6959331085817628,0.7413753085026862,0.009840452287622821,0.16924896901719672,0.07953527019249426,1,Bar-dominant,True
1.5200000000000005,1.2600000000000002,30.982135271502766,5.306256893680984,4.659916852628768,19.533607578844787,1.5222385689857643,1.944494046303144,0.7448400844474432,0.010213816793875839,0.17148109661985952,0.07346500213882144,1,Bar-dominant,True
1.5400000000000005,1.2600000000000002,42.78001066919777,7.9693056192615135,6.32386950483294,18.939747192598443,1.832508751349846,2.1184479882466727,0.744567078394861,0.010603325574080181,0.17296672935700744,0.07186286667405135,1,Bar-dominant,True
1.5600000000000005,1.2600000000000002,55.6057850378206,9.632154722841678,7.362867458396247,18.133292033658584,2.1252542116587447,2.2825766403098267,0.7418901035588095,0.011017791913914741,0.17396734959763505,0.07312475492964074,1,Bar-dominant,True
1.5800000000000005,1.2600000000000002,63.91518449520511,9.703260721646172,7.407296617413069,18.008655224358797,2.7516784894725115,2.6337833583532797,0.7375134394564966,0.011460141751801265,0.1746210166869904,0.07640540210471171,1,Bar-dominant,True
1.6000000000000005,1.2600000000000002,67.35776009289768,8.345415779487226,6.558874404524394,18.78683683910929,2.86335938539852,2.6963975997157243,0.7318486466918273,0.01193086036321811,0.17500873699273067,0.08121175595222398,1,Bar-dominant,True
1.6200000000000006,1.2600000000000002,68.3316866308511,6.58143398123217,5.456685712499418,20.007667162526744,2.482034904389994,2.4826068444275924,0.7251728668599727,0.01242961244316023,0.1751860025051661,0.08721151819170096,1,Bar-dominant,True
1.6400000000000006,1.2600000000000002,68.98379574154663,5.19942726764463,4.593166500722075,21.009423635641888,2.1346338581580504,2.2878353682680177,0.7177051381424482,0.01295605961031278,0.17519818959039601,0.09414061265684301,1,Bar-dominant,True
1.6600000000000006,1.2600000000000002,69.98337666276758,4.264255443889471,4.008843119232016,21.540637190556552,1.815341360745991,2.1088230373549344,0.7096430723035732,0.013510307459395993,0.17508808238553772,0.10175853785149314,1,Bar-dominant,True
1.6800000000000006,1.2600000000000002,71.14134922919469,3.65095415790736,3.6256340958268214,21.639764402910004,1.472604745385988,1.9166666888589812,0.7011788369666682,0.014093157842923809,0.17489920317401214,0.10982880201639589,1,Bar-dominant,True
1.7000000000000006,1.2600000000000002,72.14811158745094,3.23175408981497,3.363705330346031,21.39937602888466,1.2137874499784471,1.7715599678835388,0.6925035870166313,0.014706236752370299,0.17467671468910587,0.11811346154189259,1,Bar-dominant,True
1.7200000000000006,1.2600000000000002,72.83260778378657,2.894739156171065,3.15312829986119,20.889916705061815,1.1053762135164502,1.7107788712604441,0.683805321779829,0.015352027123190108,0.1744668578521256,0.12637579324485534,1,Bar-dominant,True
1.7400000000000007,1.2600000000000002,73.14547428752614,2.5973738983192898,2.967325575065767,20.161486053026884,1.1117398076526812,1.7143466400885399,0.6752632650222306,0.01603382202495221,0.1743155402239829,0.13438737272883428,1,Bar-dominant,True
1.7600000000000007,1.2600000000000002,73.11829542724658,2.345202058699323,2.809761052375565,19.270191726506777,1.1842328637053594,1.754990097245177,0.6670408677505997,0.016755610423862404,0.1742665120521399,0.14193700977339804,1,Bar-dominant,True
1.7800000000000007,1.2600000000000002,72.82613421899515,2.1568610491565363,2.6920799452530453,18.293006134275437,1.2736974801805292,1.8051487124938055,0.6592788100931112,0.01752190599582277,0.1743594309151414,0.14883985299592464,1,Bar-dominant,True
1.8000000000000007,1.2600000000000002,72.35201106186288,2.035253700643302,2.6160960294717066,17.307427741477234,1.3310834969940735,1.8373223611541198,0.6520886552216605,0.01833752297277747,0.17462796058625368,0.15494586121930834,1,Bar-dominant,True
1.8200000000000007,1.2600000000000002,71.7678390288473,1.9707280656045316,2.575778478941528,16.37095755652292,1.3444023448157718,1.844789614575242,0.6455469681071272,0.019207286045577626,0.17509784291608949,0.16014790293120573,1,Bar-dominant,True
1.8400000000000007,1.2600000000000002,71.13134613893686,1.960721712774519,2.569526209814623,15.519000077490043,1.333402209955276,1.8386223547814915,0.6396887269567801,0.020135628544237418,0.17578460943476376,0.16439103506421862,1,Bar-dominant,True
1.8600000000000008,1.2600000000000002,70.48718382059477,2.013493755463546,2.6024997636032405,14.769438510847966,1.323078129002088,1.83283412671179,0.6344978000648666,0.021125981036642403,0.1766902738243335,0.16768594507415754,1,Bar-dominant,True
1.8800000000000008,1.2600000000000002,69.86748483190829,2.134855329791646,2.678330112308142,14.12673090687079,1.329305953678188,1.8363257759701437,0.6298914812647551,0.02217978758325086,0.17779805736563664,0.17013067378635743,1,Bar-dominant,True
1.9000000000000008,1.2600000000000002,69.29267906728055,2.3177276595594356,2.7925942244172948,13.585814538515715,1.357256890438641,1.8519965555257172,0.6256967062381383,0.023294951581470477,0.17906427617601492,0.17194406600437626,1,Bar-dominant,True
1.9200000000000008,1.2600000000000002,68.77347179482992,2.54443598711134,2.9342483816556415,13.136066413726908,1.405113050733141,1.8788272605134786,0.6216205021574506,0.02446364637496593,0.18040785354662142,0.1735079979209621,1,Bar-dominant,True
1.9400000000000008,1.2600000000000002,68.31338887318503,2.7946896182346084,3.090614350190638,12.764646117956351,1.4679449571226852,1.9140541640883202,0.61723140595579,0.025670031033446478,0.18170215301603768,0.17539640999472592,1,Bar-dominant,True
1.9600000000000009,1.2600000000000002,67.91124699223258,3.050976652896948,3.250750170070906,12.458725952083451,1.5401158623192799,1.9545170063663724,0.6119932543580439,0.02688978428884856,0.18278175008608422,0.17833521126702337,1,Bar-dominant,True
1.9800000000000009,1.2600000000000002,67.56311554994936,3.300352417156581,3.4065676210808578,12.206649845493075,1.616490069468902,1.997336442946645,0.6054050864173154,0.028094786914582344,0.18348199926726,0.18301812740084233,1,Bar-dominant,True
2.000000000000001,1.2600000000000002,67.26369512456296,3.534311738345887,3.5527524164476674,11.998390439409514,1.6929625129592287,2.0402109560366144,0.597240158442032,0.029264596694413926,0.1837126997670904,0.18978254509646358,1,Bar-dominant,True
1.0,1.2800000000000002,53.17851485091122,16.70326813226181,11.78111102961599,6.3855881706688775,6.185612159451226,4.559028941779854,0.06625936766725593,0.7345126414592151,0.11885440077317558,0.08037359010035337,2,Balanced,True
1.02,1.2800000000000002,51.400848321522346,17.725807402189137,12.420024209774787,6.186983694287724,6.940619756275669,4.982326297214438,0.06472562259250522,0.7361997846345917,0.12029131253325064,0.07878328023965245,2,Balanced,True
1.04,1.2800000000000002,45.288120619139356,17.66492217339463,12.381981294164751,8.170943809798045,7.1199432907056766,5.0828645940616095,0.06303562127700259,0.7267907419440461,0.12157119697369116,0.08860243980526007,2,Balanced,True
1.06,1.2800000000000002,37.27447677693131,16.654574694683536,11.750685910531605,11.318544091363936,6.728589459629739,4.863450852490798,0.061229703453588975,0.7026917540099793,0.12266654285528171,0.11341199968115002,2,Balanced,True
1.08,1.2800000000000002,30.044672264291897,13.718719536522235,9.916275623560658,14.20274661243893,5.6460135824780595,4.256501322733766,0.05937647791028509,0.6580631452467708,0.12361790706466261,0.1589424697782815,2,Balanced,True
1.1,1.2800000000000002,24.897176499087948,11.771803460921518,8.69978411272338,16.00177630823702,4.791599425623542,3.7774713705007352,0.057637809579659874,0.5862190037127771,0.12468980310445477,0.23145338360310824,2,Balanced,True
1.12,1.2800000000000002,21.83030894800648,10.831991276307608,8.112561294702575,16.77076660234584,4.463246439576126,3.5933792484777047,0.05627610259210449,0.4850476868281771,0.1264287965839215,0.3322474139957969,2,Balanced,True
1.1400000000000001,1.2800000000000002,20.18079337244864,10.68284342249104,8.01936924585092,17.117053730903493,4.5056830825537375,3.617171484239965,0.05548389831430528,0.3647277444214823,0.12930995862010813,0.45047839864410427,4,Expanded,False
1.1600000000000001,1.2800000000000002,19.345755885427348,10.679713163481475,8.017413366211535,17.274460056931456,4.569391748296287,3.6528899456707014,0.05514924679043394,0.24778357008006466,0.13313713405119423,0.5639300490783071,4,Expanded,False
1.1800000000000002,1.2800000000000002,18.856706369109627,10.421197485977537,7.855885023494011,17.344641794381065,4.494813985395453,3.611077691141174,0.05492341657137736,0.15534225670994448,0.13707531340264928,0.6526590133160288,4,Expanded,False
1.2000000000000002,1.2800000000000002,18.47034125172702,9.782100682817578,7.4565581878945615,17.39715579852982,4.247624235229037,3.4724899895391337,0.05457034016418821,0.0939535153650301,0.14044504447021722,0.7110311000005645,4,Expanded,False
1.2200000000000002,1.2800000000000002,18.086182837305692,8.750939037507562,6.812257489194135,17.464183681429102,3.837593110644007,3.2426047653205616,0.054114285053320166,0.05759676799595876,0.14315018329387247,0.7451387636568486,4,Expanded,False
1.2400000000000002,1.2800000000000002,17.709752908973513,7.532413609336719,6.050886283888419,17.541358504613033,3.357545200789488,2.9734644128552503,0.053715369320298856,0.03713194149252176,0.14541265823452804,0.7637400309526513,4,Expanded,False
1.2600000000000002,1.2800000000000002,17.41393853811444,6.465564064462554,5.384286716015623,17.599172509283626,2.9419583725503045,2.7404643661179744,0.05356466340421204,0.025642857215984707,0.14746240909980016,0.7733300702800031,4,Expanded,False
1.2800000000000002,1.2800000000000002,17.251776477771017,5.700972562307497,4.90654703155441,17.61722915642291,2.6414219337483282,2.571967677751294,0.05390504676294845,0.019035361570979938,0.14945320837541473,0.7776063832906569,4,Expanded,False
1.3000000000000003,1.2800000000000002,17.218952326640096,5.163662048528497,4.570819319976451,17.598827814549292,2.4226801013385524,2.449329389644766,0.05516928262700302,0.015109215982550904,0.15149149689027927,0.7782300045001668,4,Expanded,False
1.3200000000000003,1.2800000000000002,17.281101775454886,4.743076395610013,4.308024799571957,17.55949073330468,2.245225626296534,2.3498389867517933,0.05836518130689708,0.012710117227987908,0.15367531202684087,0.7752493894382742,4,Expanded,False
1.3400000000000003,1.2800000000000002,17.400934033305553,4.373155086582588,4.076886879581837,17.51666626469024,2.087581428930122,2.261455277600419,0.06642251070684647,0.01122160436979291,0.15606147273746712,0.7662944121858934,4,Expanded,False
1.3600000000000003,1.2800000000000002,17.54940955701757,4.016398035962287,3.8539743827619453,17.48699097977104,1.9395448961952433,2.1784581354816615,0.09042467679789533,0.01026233584981525,0.15802692801368576,0.7412860593386037,4,Expanded,False
1.3800000000000003,1.2800000000000002,17.710031027832457,3.6430437692896533,3.6206914479533663,17.486649713478254,1.7924919715084588,2.096012456271746,0.18212241112987143,0.009242412973120133,0.15287449355456925,0.6557606823424392,4,Expanded,False
1.4000000000000004,1.2800000000000002,17.881317215854057,3.2294349465063954,3.362256260104816,17.53210502398847,1.6354989382367335,2.0079938242936266,0.4063760837363081,0.0074135948810355986,0.12858578036095739,0.4576245410216989,4,Expanded,False
1.4200000000000004,1.2800000000000002,18.07890645074215,2.7676642252739723,3.0737280747493547,17.640302120025474,1.4576396479085547,1.9082764604524567,0.5477270086859221,0.007094637177979726,0.12659767979949113,0.31858067433660714,1,Bar-dominant,True
1.4400000000000004,1.2800000000000002,18.340064157517155,2.282545936377137,2.770611629417822,17.827614829360932,1.2551769783237703,1.7947651355731744,0.6363774282467985,0.007717708269576498,0.13955205691024786,0.2163528065733771,1,Bar-dominant,True
1.4600000000000004,1.2800000000000002,18.74009268888369,1.8782626887143836,2.5180033403811626,18.106314888410424,1.0418134726691077,1.675142223075684,0.6967637322581806,0.008371689645390413,0.15155482771745532,0.1433097503789737,1,Bar-dominant,True
1.4800000000000004,1.2800000000000002,19.44862996772259,1.8219048748322482,2.4827892892897143,18.475950911676144,0.8621117407460009,1.5743918886287138,0.7304423432309579,0.00887428187181682,0.1592957232204934,0.10138765167673185,1,Bar-dominant,True
1.5000000000000004,1.2800000000000002,20.90125637242875,2.4375920940740854,2.8674891152992203,18.89956611085909,0.8291344307628197,1.5559030573057715,0.7469433804957797,0.009281699719146387,0.16392547760695483,0.07984944217811911,1,Bar-dominant,True
1.5200000000000005,1.2800000000000002,24.225924845231575,3.9084594330224136,3.78653110885119,19.230483808661013,1.1249320701620513,1.7217429230609267,0.7539867017074947,0.009658527293941668,0.16679023578489535,0.06956453521366833,1,Bar-dominant,True
1.5400000000000005,1.2800000000000002,31.624203048979656,6.335553958382717,5.303052505485836,19.10492551316546,1.6171519874107354,1.9977075492977217,0.7557408263476179,0.010038883083299295,0.1686581067157101,0.06556218385337276,1,Bar-dominant,True
1.5600000000000005,1.2800000000000002,44.075661205540044,8.953970801863003,6.939117820188372,18.2615294565584,1.9445434382938733,2.181260583642816,0.7542680832014985,0.010437494471576941,0.16991409343757657,0.06538032888934797,1,Bar-dominant,True
1.5800000000000005,1.2800000000000002,56.79506085892579,10.07001777590282,7.636457416193386,17.361577199904783,2.3023581685556005,2.3818705241154374,0.750615125157917,0.010859934923249631,0.17075371249320273,0.06777122742563071,1,Bar-dominant,True
1.6000000000000005,1.2800000000000002,64.57856177675373,9.513120252571515,7.288491154047335,17.319518917362757,2.8559898627396167,2.692265853935351,0.7453583003447781,0.011307834525398002,0.17128444355190658,0.0720494215779173,1,Bar-dominant,True
1.6200000000000006,1.2800000000000002,67.59550802260551,7.803336788177931,6.220167205279802,18.267870427386022,2.828244056450693,2.6767100814161076,0.7388586411097405,0.01178132104341425,0.17157404636341816,0.07778599148342702,1,Bar-dominant,True
1.6400000000000006,1.2800000000000002,68.46593070427159,6.1205912135899005,5.168737340356771,19.582879007778203,2.467845241525604,2.4746513658466247,0.7313821756307136,0.012280203796172224,0.17167368053883478,0.08466394003427939,1,Bar-dominant,True
1.6600000000000006,1.2800000000000002,69.14300388367272,4.827874350231242,4.361009102915007,20.625279869756824,2.1281143743091833,2.284180199388087,0.7231569688579061,0.012804587457530344,0.1716290394435954,0.09240940424096812,1,Bar-dominant,True
1.6800000000000006,1.2800000000000002,70.11620393478826,4.015654361813888,3.853509712866979,21.184318831616604,1.7835073299528448,2.09097518906276,0.7143985687754613,0.013355202733615889,0.17148539322162196,0.10076083526930094,1,Bar-dominant,True
1.7000000000000006,1.2800000000000002,71.15624163777643,3.529742170098902,3.549897213262325,21.317384420639762,1.4344742313294818,1.8952886976581413,0.7053186262098038,0.013933571737070103,0.17128928386397746,0.10945851818914869,1,Bar-dominant,True
1.7200000000000006,1.2800000000000002,72.01121878456256,3.163781657753721,3.3212341177397247,21.11992882281423,1.2047979493338252,1.7665199764112003,0.6961242837152359,0.014542058020092842,0.17108828605014498,0.1182453722145262,1,Bar-dominant,True
1.7400000000000007,1.2800000000000002,72.57333836903786,2.8044721170487077,3.0967267486197563,20.646445051734673,1.1625973773207101,1.7428600945688033,0.6870127422980835,0.01518382600614657,0.1709296702222591,0.1268737614735108,1,Bar-dominant,True
1.7600000000000007,1.2800000000000002,72.82084318781025,2.466683122798704,2.885666061870532,19.937114013822416,1.2534149427729016,1.793777244865847,0.6781638190435607,0.015862726473880144,0.17085852332660326,0.13511493115595585,1,Bar-dominant,True
1.7800000000000007,1.2800000000000002,72.77632967558591,2.2029960809618783,2.720906495738068,19.056152250425235,1.371742896823723,1.860118180022483,0.669732290113584,0.01658312123473452,0.17091569953102861,0.14276888912065278,1,Bar-dominant,True
1.8000000000000007,1.2800000000000002,72.48880559349941,2.0300837626263597,2.612865697261714,18.090324792855295,1.4450354927436921,1.901209901690381,0.661840930984393,0.017349653584750498,0.17113579626961511,0.14967361916124142,1,Bar-dominant,True
1.8200000000000007,1.2800000000000002,72.0205020961386,1.9314423020287341,2.5512315565108974,17.119668735736877,1.4556758236229868,1.907175436263938,0.654574239757251,0.01816695560048695,0.1715451379667031,0.15571366667555894,1,Bar-dominant,True
1.8400000000000007,1.2800000000000002,71.43789110066443,1.897440686596588,2.529986328200172,16.20112462007624,1.4266732922155392,1.8909150769015728,0.647971826373946,0.01903925442061038,0.17215948801554287,0.16082943118990067,1,Bar-dominant,True
1.8600000000000008,1.2800000000000002,70.80340358275286,1.9375371690315668,2.5550398120703166,15.369628401635515,1.392568523558202,1.8717941323692546,0.642019470200683,0.019969795587742464,0.17298091912845373,0.16502981508312084,1,Bar-dominant,True
1.8800000000000008,1.2800000000000002,70.16729890311255,2.0591555796517724,2.6310306397876095,14.642333713061046,1.3784411300909867,1.8638735653193224,0.6366352625882407,0.020959950712495335,0.17399305038281893,0.16841173631644504,1,Bar-dominant,True
1.9000000000000008,1.2800000000000002,69.56381954571829,2.250931423000621,2.750857934010116,14.022313275004311,1.3940260609876196,1.8726113052585265,0.6316491402312259,0.02200785952099746,0.1751540160998526,0.17118898414792402,1,Bar-dominant,True
1.9200000000000008,1.2800000000000002,69.01232749240094,2.4885065697642332,2.899302005557823,13.502928679244613,1.4374202673549727,1.8969404019109863,0.6267790214642801,0.023106592507278628,0.1763878399283333,0.173726546100108,1,Bar-dominant,True
1.9400000000000008,1.2800000000000002,68.52101286255345,2.7471901941442933,3.0609352865167194,13.072381592496033,1.5013299648689413,1.932771572429099,0.6216196165654494,0.02424235196695829,0.17757864746195667,0.17655938400563567,1,Bar-dominant,True
1.9600000000000009,1.2800000000000002,68.09080142486094,3.008104815621624,3.2239625613223692,12.717270517366703,1.5775405177682351,1.9754992557453503,0.6156806340107763,0.025394352223948084,0.17857869283546443,0.18034632092981118,1,Bar-dominant,True
1.9800000000000009,1.2800000000000002,67.71840612889599,3.2587179730252243,3.3805531726519,12.424702972287543,1.6589852711267739,2.021161509814971,0.6085184154341524,0.02653906777952021,0.1792447004877181,0.18569781629860932,1,Bar-dominant,True
2.000000000000001,1.2800000000000002,67.3984143123084,3.4915632551470086,3.5260418830228715,12.183268796970607,1.7403678568107679,2.066788909384665,0.5999486769608059,0.02765998462039453,0.17950197527587322,0.19288936314292632,1,Bar-dominant,True
1.0,1.3000000000000003,50.936713474056305,14.771315896646641,10.573969374450497,8.342565681722267,5.684969547366848,4.27834210550891,0.06499801329797551,0.7410808276717888,0.1141042950482912,0.07981686398194442,2,Balanced,True
1.02,1.3000000000000003,53.738282439371574,16.64473933780652,11.744540484800682,5.943915700993642,6.206544583011661,4.570764770098981,0.06355163979611711,0.7477222601898853,0.11555327046205008,0.07317282955194748,2,Balanced,True
1.04,1.3000000000000003,51.26668623428016,17.382387367820847,12.20544508040396,6.143650102102975,6.8444361258263235,4.928400645901061,0.06200217359598783,0.7458066344013758,0.1169825031456333,0.07520868885700306,2,Balanced,True
1.06,1.3000000000000003,44.42794346502323,17.213524118893872,12.099934261839948,8.487789907549395,6.9311227028541875,4.977001744700473,0.06037500278248761,0.7337005158542182,0.11834201401354208,0.08758246734975202,2,Balanced,True
1.08,1.3000000000000003,36.1491854897729,15.755485534253777,11.188908058442552,11.789881034679619,6.3665537946786435,4.660474431867531,0.05867299572994895,0.7078364466489084,0.11954238151441264,0.11394817610673003,2,Balanced,True
1.1,1.3000000000000003,28.982007670274566,12.921252127288042,9.417994087103844,14.60034247749211,5.288744342166778,4.056197212897036,0.05690173929504859,0.6622154055046381,0.12050250082109826,0.16038035437921505,2,Balanced,True
1.12,1.3000000000000003,24.190539774612184,11.323850314480328,8.419889562194067,16.18951177753133,4.613359293119465,3.677540486310136,0.055152811424819245,0.5900572997815249,0.12133558815029481,0.23345430064336103,2,Balanced,True
1.1400000000000001,1.3000000000000003,21.431908233767796,10.650875401572975,7.999394668337045,16.824356630667253,4.3966468764520314,3.556039996446201,0.05371021854946369,0.4893729619464195,0.12262879252999766,0.33428802697411913,2,Balanced,True
1.1600000000000001,1.3000000000000003,19.998798810281404,10.60548971739546,7.971036332706962,17.11304685671957,4.469784230973604,3.597044681541657,0.05294399259093802,0.36963090185638753,0.1252708654361686,0.45215424011650585,4,Expanded,False
1.1800000000000002,1.3000000000000003,19.259922029574724,10.535026252837175,7.927008648343172,17.241061348129502,4.494395368501663,3.6108429922787693,0.05286692400185517,0.251405974991296,0.1293957030384965,0.5663313979683523,4,Expanded,False
1.2000000000000002,1.3000000000000003,18.787644370315185,10.140258359441784,7.6803458378168195,17.30596359726723,4.357781027837328,3.534249737640169,0.05299804463569699,0.15591831540246673,0.13387800869081432,0.6572056312710219,4,Expanded,False
1.2200000000000002,1.3000000000000003,18.376147394045198,9.331391954538526,7.174941867251382,17.367722238219734,4.039103336162929,3.355582099474486,0.05291391553254912,0.09207134599360697,0.13756420331920308,0.7174505351546409,4,Expanded,False
1.2400000000000002,1.3000000000000003,17.961022448499897,8.19087952548076,6.462315521750028,17.445579886185953,3.5853566183486545,3.1011875920605876,0.05261105426058221,0.05484898068068991,0.14026070520306105,0.7522792598556668,4,Expanded,False
1.2600000000000002,1.3000000000000003,17.58558692342775,7.042585430532843,5.744826958193066,17.520248206919668,3.1326508539210307,2.8473766983977997,0.05231482704040853,0.034529014932968734,0.14233689166435293,0.7708192663622698,4,Expanded,False
1.2800000000000002,1.3000000000000003,17.324496513910383,6.179063968162264,5.205272869773777,17.561651664430393,2.791822073915058,2.6562899837219067,0.0522774783773804,0.023508620532946382,0.1441583334524559,0.7800555676372173,4,Expanded,False
1.3000000000000003,1.3000000000000003,17.20117860322857,5.607301633238108,4.848018627863464,17.56138313564187,2.560192066176411,2.5264259000657256,0.052792529190209984,0.0173704226269159,0.14595145315813496,0.7838855950247392,4,Expanded,False
1.3200000000000003,1.3000000000000003,17.19030371150956,5.196510329612255,4.59134391042222,17.53080753417949,2.389373992370695,2.4306562161492833,0.0543782660745407,0.01382594810059554,0.1478720563591576,0.7839237294657062,4,Expanded,False
1.3400000000000003,1.3000000000000003,17.252465239319314,4.8473337759030315,4.373167935251011,17.48684918644122,2.245862816193254,2.350196229247532,0.058289613024294404,0.011722873879958708,0.15009409662491072,0.7798934164708362,4,Expanded,False
1.3600000000000003,1.3000000000000003,17.35252763356288,4.510029403690527,4.162410054874373,17.445730348018564,2.1136794610503,2.2760872204113025,0.06840014908800576,0.010472385735661368,0.15282259253085786,0.768304872645475,4,Expanded,False
1.3800000000000003,1.3000000000000003,17.466405982241,4.157358795776652,3.942050889923374,17.422263298695576,1.9830302463785774,2.202838332197791,0.10057115355455412,0.009709985558948454,0.15540522328743883,0.7343136375990585,4,Expanded,False
1.4000000000000004,1.3000000000000003,17.584421559249776,3.7712532601809947,3.700800580151046,17.430507561058256,1.843572671459424,2.1246510094385416,0.22860411597813482,0.008693137050490957,0.1481005847561797,0.6146021622151945,4,Expanded,False
1.4200000000000004,1.3000000000000003,17.711985236659817,3.343423150178035,3.43347950585225,17.48463432554032,1.6832455645065694,2.03476311869007,0.4670082504217747,0.00708840271721399,0.12560473255764967,0.40029861430336167,1,Bar-dominant,True
1.4400000000000004,1.3000000000000003,17.86838182015205,2.880677045252555,3.144341871534256,17.599473082312777,1.4910060772186728,1.9269834527352803,0.5954171976624095,0.007171946939983592,0.12982387618206784,0.26758697921553903,1,Bar-dominant,True
1.4600000000000004,1.3000000000000003,18.09018340043624,2.4263306275015872,2.860452613491717,17.789332549066994,1.2637201354774996,1.7995548831802792,0.6768257122809649,0.007818994715638027,0.14256710026584815,0.17278819273754892,1,Bar-dominant,True
1.4800000000000004,1.3000000000000003,18.453810845150223,2.1137024975686574,2.6651131888095314,18.063094269218713,1.0204024091122457,1.6631380437551297,0.7261322637683618,0.008386801073433963,0.15233952720894522,0.11314140794925895,1,Bar-dominant,True
1.5000000000000004,1.3000000000000003,19.14745265251935,2.177347639021164,2.704880580559647,18.413382807881565,0.8293198876807859,1.5560070343031585,0.7514012858409698,0.008823981567680233,0.15828145068230515,0.08149328190904488,1,Bar-dominant,True
1.5200000000000005,1.3000000000000003,20.68133877024409,2.8887433728467236,3.1493819547535145,18.78668434163951,0.8567647098916713,1.5713940591637063,0.7628713111522102,0.009199804931507441,0.16183551868632703,0.0660933652299553,1,Bar-dominant,True
1.5400000000000005,1.3000000000000003,24.374093131078933,4.597556508202288,4.2170996128584655,18.994447139912406,1.2373908490224053,1.7847932869078742,0.7669036553412942,0.009563816026022673,0.16407712521396647,0.05945540341871663,1,Bar-dominant,True
1.5600000000000005,1.3000000000000003,32.541192893101915,7.3263041421996755,5.922102911961076,18.640358164050497,1.7179804323202907,2.0542373302725228,0.7666779045561565,0.009939197107089367,0.16556413554839264,0.0578187627883615,1,Bar-dominant,True
1.5800000000000005,1.3000000000000003,45.54787804685408,9.775295559186047,7.45230614270797,17.581090811145287,2.0826371094588874,2.2586832295238164,0.7637423770556505,0.010335182134771333,0.16656988878062587,0.05935255202895225,1,Bar-dominant,True
1.6000000000000005,1.3000000000000003,58.056388985015055,10.178132096839729,7.704010483974752,16.60892836547563,2.492013760896327,2.488201521338339,0.7588951628877536,0.01075484852670612,0.16723464001854105,0.0631153485669992,1,Bar-dominant,True
1.6200000000000006,1.3000000000000003,65.36738489964263,8.94123881011833,6.931162490183372,16.63677075148533,2.927797981122047,2.732525298658639,0.7525972120672045,0.011198821875386749,0.1676391413603496,0.0685648246970591,1,Bar-dominant,True
1.6400000000000006,1.3000000000000003,68.03446701991592,7.127161527071816,5.797672637957493,17.716689509565263,2.808301167320312,2.665529038650284,0.7451616070255584,0.011666998078367125,0.16783896495897452,0.07533242993709996,1,Bar-dominant,True
1.6600000000000006,1.3000000000000003,68.7894331944656,5.604884893801033,4.84650857663632,19.113633082652278,2.4904250774311794,2.4873108210165835,0.7368409364873456,0.012159383504198486,0.16788059600139002,0.08311908400706589,1,Bar-dominant,True
1.6800000000000006,1.3000000000000003,69.41963659483994,4.466192219527381,4.135019268460006,20.217458955364975,2.1721341275468022,2.308860010837322,0.727866398194678,0.012676524457766397,0.16780874518823893,0.09164833215931668,1,Bar-dominant,True
1.7000000000000006,1.3000000000000003,70.2825102120237,3.8461269968143994,3.7475839346780764,20.842734258680984,1.797112160219723,2.0986027794304967,0.7184625393746116,0.013219718852001657,0.16766910892419648,0.10064863284919034,1,Bar-dominant,True
1.7200000000000006,1.3000000000000003,71.15928468172085,3.5043753633744537,3.5340472722073057,21.041967737208036,1.4216286491774257,1.8880867821054328,0.7088491216855427,0.013791089621060931,0.1675086095779664,0.10985117911542994,1,Bar-dominant,True
1.7400000000000007,1.3000000000000003,71.87096111879262,3.1753120564495925,3.3284386563974935,20.888944839281038,1.219478807366928,1.7747508450899534,0.6992362792575373,0.014393555686404541,0.16737421966620386,0.11899594538985432,1,Bar-dominant,True
1.7600000000000007,1.3000000000000003,72.34322091839535,2.781372900131457,3.0822936656332933,20.43243021757678,1.2621394385805553,1.7986686605528055,0.6898166748281834,0.015030721041140145,0.16731105519202158,0.1278415489386548,1,Bar-dominant,True
1.7800000000000007,1.3000000000000003,72.54949520949484,2.4022323539958172,2.845395290008187,19.72629259765115,1.425712088610243,1.8903761751132104,0.6807569802660455,0.01570669697860797,0.1673601901731139,0.13617613258223263,1,Bar-dominant,True
1.8000000000000007,1.3000000000000003,72.49174544831547,2.1304759534364592,2.6755937467166246,18.850122899472172,1.5600929975970783,1.965717249341169,0.6721899591304914,0.01642586629881892,0.1675564513835156,0.14382772318717407,1,Bar-dominant,True
1.8200000000000007,1.3000000000000003,72.19873681228913,1.9671152081491672,2.573521057330296,17.896079911062394,1.6105990786926347,1.9940336406609835,0.6642074140033483,0.01719258486508001,0.1679262373156481,0.15067376381592365,1,Bar-dominant,True
1.8400000000000007,1.3000000000000003,71.72480597001234,1.8716331165050797,2.51386098498425,16.943151088237535,1.5951524705301972,1.9853734517925603,0.6568532314752319,0.018010791195912677,0.16848515529259436,0.15665082203626113,1,Bar-dominant,True
1.8600000000000008,1.3000000000000003,71.13972576913285,1.843324834037712,2.49617312173246,16.046392157041588,1.5540726813785595,1.9623419403444151,0.6501148487836876,0.018883459034443627,0.16923501631777993,0.16176667586408883,1,Bar-dominant,True
1.8800000000000008,1.3000000000000003,70.51117292028043,1.908164586267351,2.5366869420972185,15.239153029423733,1.5223259456839522,1.9445430343205163,0.6439110886518987,0.019811791590492983,0.17015957674088203,0.16611754301672624,1,Bar-dominant,True
1.9000000000000008,1.3000000000000003,69.89100289392982,2.0687229550684707,2.637008622671035,14.536757721464028,1.5189109317463243,1.9426283961438275,0.6380754829701948,0.020794057901105657,0.17121865939896394,0.16991179972973558,1,Bar-dominant,True
1.9200000000000008,1.3000000000000003,69.31154391219032,2.2967612544572877,2.779493786170788,13.94036548652798,1.5472508221586427,1.9585172437730385,0.6323390552453072,0.021824112089429894,0.17234156656421498,0.17349526610104787,1,Bar-dominant,True
1.9400000000000008,1.3000000000000003,68.78888045102842,2.557360866156155,2.942324233426378,13.441928086685792,1.6013008457123346,1.9888205574452251,0.6263278089981291,0.02289009495843971,0.17342394190208849,0.17735815414134262,1,Bar-dominant,True
1.9600000000000009,1.3000000000000003,68.32812356460404,2.824273761688082,3.109099409622611,13.029007801347102,1.671852879972825,2.0283757747021185,0.6196061454575413,0.023974689559789885,0.17433727959501263,0.18208188538765613,1,Bar-dominant,True
1.9800000000000009,1.3000000000000003,67.9278656617511,3.0815103770716727,3.2698285559953426,12.688180341775643,1.7502862593862565,2.072349692611216,0.6117989663972685,0.025058973344411314,0.1749619262604498,0.18818013399787037,1,Bar-dominant,True
2.000000000000001,1.3000000000000003,67.58328790292421,3.3204888825774947,3.419149488142206,12.40688020914531,1.8299798268569512,2.117030138870801,0.6027738057625273,0.026130465053693066,0.1752408916279984,0.19585483755578126,1,Bar-dominant,True
1.0,1.3200000000000003,44.789125355435445,13.736755104263223,9.927544786790138,11.476761951786994,6.579536736078749,4.7798839798330555,0.06387996940150066,0.7430162885647111,0.10946767940026947,0.08363606263351878,2,Balanced,True
1.02,1.3200000000000003,52.14002527603859,15.019859501075246,10.729266867059163,7.638429658049245,5.602282951083026,4.231983608344057,0.06253111160741824,0.7539601363195227,0.11091904171445559,0.0725897103586034,2,Balanced,True
1.04,1.3200000000000003,54.21985995411633,16.51922773561159,11.666117074313094,5.562247659503958,6.210271251971431,4.572854138632338,0.061112601817632936,0.7574919569101672,0.11245018580662201,0.06894525546557784,2,Balanced,True
1.06,1.3200000000000003,51.04857808711004,16.91480378142119,11.913284842687228,6.156121038764583,6.691144869621522,4.84245742673922,0.059645419108828236,0.7532312098268127,0.11400437112760574,0.07311899993675336,2,Balanced,True
1.08,1.3200000000000003,43.487574122207334,16.64899118823706,11.747197168372676,8.852892946691377,6.673243226139112,4.8324208146893435,0.05812385664222101,0.7395622198041365,0.11547843269188192,0.08683549086176062,2,Balanced,True
1.1,1.3200000000000003,35.00058613176337,14.761856740284774,10.568059010075729,12.272186478066356,5.958885258580501,4.4319138002261536,0.056506898402586075,0.7127173066420951,0.11669783791877789,0.11407795703654099,2,Balanced,True
1.12,1.3200000000000003,28.008647518551754,12.201897946181356,8.968520036543357,14.9570026944232,4.97282322934671,3.879075059232427,0.05474587334134973,0.6664891524859375,0.11746334685550651,0.16130162731720618,2,Balanced,True
1.1400000000000001,1.3200000000000003,23.591405663097483,10.92694453987106,8.17189093941548,16.326898702851796,4.454967666898349,3.5887377288486486,0.052906118893149265,0.5942115308626987,0.11781927741909634,0.23506307282505567,2,Balanced,True
1.1600000000000001,1.3200000000000003,21.12769753781611,10.493451579300109,7.901031546372781,16.852333259156463,4.334660765208582,3.5212872905484254,0.05135565024394312,0.4942669559928484,0.1185357032975046,0.33584169046570383,2,Balanced,True
1.1800000000000002,1.3200000000000003,19.877838633137134,10.491959018054436,7.900098949376167,17.09286695235208,4.411884766955894,3.5645831671107295,0.05064473262789127,0.37522488264260523,0.12094094805065642,0.4531894366788471,4,Expanded,False
1.2000000000000002,1.3200000000000003,19.205681820380804,10.32516004452181,7.795877951942467,17.201395604010763,4.386448444948688,3.5503222141310253,0.05085644775299428,0.25545301953117855,0.12537984324513485,0.5683106894706923,4,Expanded,False
1.2200000000000002,1.3200000000000003,18.730012897007878,9.772397619872892,7.450495423377253,17.268945116500113,4.179592979252827,3.434348054460937,0.05135411820510859,0.15658846994858966,0.13037041695471993,0.6616869948915819,4,Expanded,False
1.2400000000000002,1.3200000000000003,18.284323564592214,8.805468996025116,6.846329441475101,17.34382407211161,3.794633412450482,3.218519277026044,0.051541561900700694,0.09028666593474348,0.13431405896547688,0.723857713199079,4,Expanded,False
1.2600000000000002,1.3200000000000003,17.848769112897227,7.645945878686868,6.1218246482079675,17.428358200922787,3.3322430914124404,2.959278706603726,0.051409584520193626,0.05240165398490007,0.13697745811262682,0.7592113033822795,4,Expanded,False
1.2800000000000002,1.3200000000000003,17.493597094072612,6.673491205023284,5.514205824771636,17.492697211657095,2.9451187684570965,2.74223625190442,0.051258343322137426,0.0323719010100301,0.13890178644951373,0.7774679692183187,4,Expanded,False
1.3000000000000003,1.3200000000000003,17.273137662685485,6.038390964978036,5.117376161578588,17.515282109333196,2.6875223875581797,2.5978140404423726,0.051402264670877724,0.021855046691930936,0.1405795810223284,0.786163107614863,4,Expanded,False
1.3200000000000003,1.3200000000000003,17.180368047927182,5.627235853850296,4.860474126307279,17.499942346284747,2.5170147856410723,2.5022184235551075,0.05219455512592194,0.016157883705041582,0.14230290441505125,0.7893446567539852,4,Expanded,False
1.3400000000000003,1.3200000000000003,17.177796947571533,5.299390717705755,4.655626660108167,17.46239927500077,2.386057196828331,2.4287966444211246,0.05427694700776237,0.01294859401552672,0.14429501940379558,0.7884794395729153,4,Expanded,False
1.3600000000000003,1.3200000000000003,17.225857801779842,4.978323687259086,4.455014357481,17.419066793163573,2.2693941213497024,2.3633891286097946,0.05928207966674705,0.011102104818362317,0.14687212521864698,0.7827436902962437,4,Expanded,False
1.3800000000000003,1.3200000000000003,17.293778680664765,4.633407595696411,4.239500446740033,17.384294711063653,2.1543716349726503,2.2989014141765876,0.07257271188704474,0.010072038532123592,0.1505262390194681,0.7668290105613635,4,Expanded,False
1.4000000000000004,1.3200000000000003,17.3650231812913,4.25572360826657,4.003512172645674,17.370396890144196,2.0315384295236054,2.230034595822939,0.117781738692711,0.009502630521322762,0.1544652765893445,0.7182503541966218,4,Expanded,False
1.4200000000000004,1.3200000000000003,17.439338680107717,3.847341908541971,3.7483430479349495,17.38843070697951,1.8909884096904055,2.151234790427728,0.29440703418595593,0.008390661308016353,0.14412887175845096,0.5530734327475768,4,Expanded,False
1.4400000000000004,1.3200000000000003,17.528896317549254,3.4144261653455974,3.4778443176064187,17.44976511724965,1.7219709982387703,2.0564746534558713,0.5300472903845074,0.007087642619702363,0.1258572072465528,0.3370078597492375,1,Bar-dominant,True
1.4600000000000004,1.3200000000000003,17.65347700087553,2.971249306113612,3.200934134465169,17.567355295765612,1.5152543127771891,1.940578301355408,0.6465125370406751,0.007406885461812669,0.13369370915224937,0.21238686834526285,1,Bar-dominant,True
1.4800000000000004,1.3200000000000003,17.847602497680484,2.573011549508794,2.9521032494178168,17.75398310572204,1.2719672789288754,1.8041786697852618,0.7163005373541373,0.007997087570846972,0.14482496623041502,0.13087740884460072,1,Bar-dominant,True
1.5000000000000004,1.3200000000000003,18.190507908870426,2.340081650190164,2.8065616676863767,18.016345734971672,1.0231199754306421,1.6646616557566958,0.7536059985026845,0.008463701690494142,0.1522268099868728,0.08570348981994852,1,Bar-dominant,True
1.5200000000000005,1.3200000000000003,18.89356960673717,2.4346951481229615,2.86567901665087,18.342206569145034,0.8591385414876106,1.5727249552249307,0.7708787275624877,0.008834314410627849,0.1565490116290988,0.06373794639778572,1,Bar-dominant,True
1.5400000000000005,1.3200000000000003,20.569073053671588,3.235690318172642,3.366164803788073,18.657869007190826,0.956322651529094,1.6272115285307476,0.7776141429790339,0.009174084922561354,0.15916195754099088,0.05404981455741391,1,Bar-dominant,True
1.5600000000000005,1.3200000000000003,24.749770581164405,5.221982439544749,4.607259648077441,18.726509290047456,1.3542741039444592,1.8503242470083938,0.778731906217811,0.009517998460223885,0.16085603261890008,0.05089406270306501,1,Bar-dominant,True
1.5800000000000005,1.3200000000000003,33.740461256913946,8.180292601365878,6.455700494285294,18.147539813723345,1.7933354079886177,2.0964853315554253,0.7765315079886227,0.009880309940985096,0.16200860719841603,0.051579574871976196,1,Bar-dominant,True
1.6000000000000005,1.3200000000000003,47.16802477563728,10.301069610715706,7.780825526938235,16.911709461952405,2.2046158369828683,2.327070982173387,0.7721159016091443,0.010265867385081427,0.16279996163612304,0.05481826936965118,1,Bar-dominant,True
1.6200000000000006,1.3200000000000003,59.41774286932476,9.847415279835413,7.49736870551353,15.877428790129155,2.6396788148129047,2.5709903927032016,0.7660681094824184,0.010675773679767757,0.16332429690204384,0.059931819935770014,1,Bar-dominant,True
1.6400000000000006,1.3200000000000003,66.29827107204757,8.10259859380921,6.4071549499651805,15.960211029746077,2.9690189713797523,2.7556359749457,0.7587490254186261,0.01110989911258746,0.16363992584346365,0.06650114962532284,1,Bar-dominant,True
1.6600000000000006,1.3200000000000003,68.63062322778048,6.437538398302899,5.3667754399025736,17.146689595441032,2.837547575014713,2.6819261280108044,0.7504291141787507,0.011568020296492466,0.16379183736039082,0.07421102816436596,1,Bar-dominant,True
1.6800000000000006,1.3200000000000003,69.22685540389544,5.126359968119875,4.54751186223734,18.64131675679512,2.586947660944759,2.541426507418759,0.7413463719669291,0.012050365020781243,0.16382177663629713,0.08278148637599253,1,Bar-dominant,True
1.7000000000000006,1.3200000000000003,69.73681732732561,4.226036580722422,3.984962828150531,19.843505433318917,2.249886412590825,2.3524520710716295,0.7317294171631045,0.012557873831254776,0.163772286412016,0.09194042259362482,1,Bar-dominant,True
1.7200000000000006,1.3200000000000003,70.44077778869588,3.821920809780446,3.7324591835880954,20.558122514489536,1.7992285149017584,2.099789320259801,0.721802941385065,0.013092299545816278,0.16368756250836924,0.10141719656074956,1,Bar-dominant,True
1.7400000000000007,1.3200000000000003,71.16011718330915,3.5722620218892898,3.57646489093128,20.817065185633133,1.4005446371568822,1.8762659652450662,0.7117839944934098,0.01365619336270742,0.16361252992358397,0.11094728222029883,1,Bar-dominant,True
1.7600000000000007,1.3200000000000003,71.75711581479358,3.224023926651334,3.3588752927374252,20.687916980677507,1.26103700233679,1.7980505762467882,0.7018738735490011,0.014252801040484984,0.16359095133124885,0.12028237407926506,1,Bar-dominant,True
1.7800000000000007,1.3200000000000003,72.16034907607988,2.770350326565608,3.0754064313356886,20.23209165104301,1.3937906928255714,1.87247934536704,0.6922485816200077,0.014885884862439577,0.16366309955293853,0.12920243396461423,1,Bar-dominant,True
1.8000000000000007,1.3200000000000003,72.3293826178201,2.358044813387271,2.8177855903869604,19.522928548327396,1.60170179400017,1.989045350348794,0.6830496181206271,0.015559482050100607,0.16386332767930756,0.1375275721499647,1,Bar-dominant,True
1.8200000000000007,1.3200000000000003,72.24838579549899,2.0918666475924033,2.651469495349435,18.651014929177574,1.7334881000023183,2.062931752350354,0.6743757666637578,0.016277599583008652,0.1642176614864839,0.14512897226674965,1,Bar-dominant,True
1.8400000000000007,1.3200000000000003,71.93675574945055,1.9331231130684923,2.5522817776204834,17.70988152802005,1.7718139544283606,2.0844192617364175,0.6662754811868616,0.017043825440339153,0.16474130298797168,0.1519393903848275,1,Bar-dominant,True
1.8600000000000008,1.3200000000000003,71.45153121944381,1.8264746099415694,2.4856445967356446,16.77689107488143,1.7576097824628703,2.0764556485828294,0.6587386173333181,0.017860808924079076,0.16543571458795747,0.15796485915464542,1,Bar-dominant,True
1.8800000000000008,1.3200000000000003,70.86803466108206,1.7896471633778777,2.462633704447069,15.90492170459684,1.731087013409425,2.0615855756903887,0.6516860667128861,0.01872954041474128,0.16628486930277975,0.1632995235695929,1,Bar-dominant,True
1.9000000000000008,1.3200000000000003,70.25490573972888,1.8590567273380596,2.5060028801329937,15.124714755044968,1.718676097975881,2.0546273573841924,0.6449572605176523,0.019648379645305962,0.16725056905036406,0.16814379078667768,1,Bar-dominant,True
1.9200000000000008,1.3200000000000003,69.66049248769772,2.029363009797554,2.6124153492941553,14.44887262219313,1.732000104044516,2.0620975027924895,0.638300153666753,0.020611921988357224,0.1682679495806142,0.17281997476427557,1,Bar-dominant,True
1.9400000000000008,1.3200000000000003,69.11225917466332,2.2627516200459907,2.7582435473615696,13.876433925252979,1.770815589459421,2.083859525314045,0.6313776998498797,0.02161017482704724,0.16924496699354896,0.1777671583295241,1,Bar-dominant,True
1.9600000000000009,1.3200000000000003,68.62221503938923,2.5215637871505994,2.919957145667039,13.398280168746131,1.8284211256737264,2.1161562482085783,0.6238158789757158,0.022629149234084017,0.17007319811529614,0.18348177367490406,1,Bar-dominant,True
1.9800000000000009,1.3200000000000003,68.1927163055386,2.780940989732434,3.082023795072133,13.001783983625316,1.8965082741810215,2.1543295196080203,0.6153144875377184,0.023654308710601365,0.17065723073153577,0.1903739730201444,1,Bar-dominant,True
2.000000000000001,1.3200000000000003,67.8207697550212,3.027228588546703,3.2359116677631077,12.673853317959585,1.9678824948034794,2.194345698203792,0.6057965818761756,0.024677005213138543,0.17095811656348692,0.19856829634719894,1,Bar-dominant,True
1.0,1.3400000000000003,37.860655486908605,12.508647486943463,9.160186342537157,14.155076713744753,6.575096587670155,4.7773945968294935,0.06289932635600838,0.7406524410803088,0.10497590543111786,0.09147232713256495,2,Balanced,True
1.02,1.3400000000000003,46.15396103161184,13.902159590094676,10.030894466516976,10.8651039903647,6.370908833427701,4.662916097875986,0.06165145360160022,0.7560289409712455,0.1064060637727053,0.07591354165444901,2,Balanced,True
1.04,1.3400000000000003,53.25041592040752,15.250558128806404,10.873414283434146,6.955536521202632,5.575417750287772,4.216921550031424,0.060358796742203916,0.7642396232305229,0.10799995063430512,0.06740162939296812,2,Balanced,True
1.06,1.3400000000000003,54.61766508762496,16.320429760878394,11.541902141956568,5.247469486661358,6.1835494142600735,4.55787245727821,0.05903473192845055,0.7656623410482981,0.1096850390549705,0.06561788796828084,2,Balanced,True
1.08,1.3400000000000003,50.73849960953379,16.317695537650145,11.54019371734208,6.2260800054325065,6.47794281332666,4.722925031327025,0.05767771702151633,0.7600218637746048,0.11136578243114079,0.07093463677273809,2,Balanced,True
1.1,1.3400000000000003,42.49584588502727,15.957276330179235,11.31499299517136,9.256559739230644,6.342195926433261,4.646818117340814,0.05625202226437639,0.7455299412121077,0.11288254808729449,0.08533548843622146,2,Balanced,True
1.12,1.3400000000000003,33.87543807236618,13.71695554554545,9.915173429133612,12.745686310225791,5.530453916759691,4.191712437033502,0.054678818579722004,0.7181476137902835,0.11398140918604581,0.11319215844394867,2,Balanced,True
1.1400000000000001,1.3400000000000003,27.15921765020073,11.551611116334207,8.562201336917713,15.257967308576363,4.704231605126815,3.728488330433461,0.05287310187304525,0.6715086161007751,0.1143775054030787,0.16124077662310096,2,Balanced,True
1.1600000000000001,1.3400000000000003,23.109973074722618,10.56775676310107,7.947459652051236,16.41536083221144,4.309333765962623,3.5070876297145475,0.05091031109315431,0.5992434764359919,0.11412650166215169,0.2357197108087022,2,Balanced,True
1.1800000000000002,1.3400000000000003,20.918919357340066,10.337683142846457,7.8037027590783445,16.85466832004935,4.266428465839866,3.4830326398674543,0.04926807910537799,0.5001852063380537,0.1142483593984148,0.3362983551581535,2,Balanced,True
1.2000000000000002,1.3400000000000003,19.81577460007241,10.329797499501463,7.7987755727928665,17.057641293278913,4.325839670886818,3.5163417166043396,0.048650085253792386,0.3817669283084563,0.11645458878240579,0.4531283976553455,4,Expanded,False
1.2200000000000002,1.3400000000000003,19.181691469656357,10.039612525806747,7.617459304723509,17.156940697161275,4.239689608122198,3.4680414161938966,0.04917301027210521,0.2600805142222792,0.12120589055998109,0.5695405849456345,4,Expanded,False
1.2400000000000002,1.3400000000000003,18.684079024394116,9.317848483196421,7.166479500474809,17.234552490804692,3.9582331724212376,3.3102419908591556,0.05004448266262944,0.15756019852691194,0.12665751064976954,0.6657378081606891,4,Expanded,False
1.2600000000000002,1.3400000000000003,18.203099570887307,8.249874405063226,6.499177290520823,17.32302712618408,3.529321670272329,3.0697714242864,0.050511700396239444,0.08886828579717747,0.13081143437343432,0.7298085794331488,4,Expanded,False
1.2800000000000002,1.3400000000000003,17.765519256041284,7.196764852814015,5.841162881811638,17.40664276381591,3.105618799062122,2.8322210928358613,0.05057667671775709,0.05048413033692761,0.13344159153472254,0.7654976014105928,4,Expanded,False
1.3000000000000003,1.3400000000000003,17.444518239424838,6.4689741725915315,5.386417453771568,17.454872501691625,2.809147978597596,2.6660038060244595,0.05061998608461037,0.030794458670444783,0.13526766464773177,0.7833178905972131,4,Expanded,False
1.3200000000000003,1.3400000000000003,17.26031718999266,6.036730529305739,5.116338671609219,17.46028293309501,2.629189450248499,2.565109497863233,0.05102118687218747,0.020734447154158397,0.13689512221982833,0.7913492437538258,4,Expanded,False
1.3400000000000003,1.3400000000000003,17.18317279055675,5.727662154326447,4.923223488503766,17.43556069430865,2.5073352494897896,2.4967915615315928,0.05221233005743366,0.015402165787698237,0.13868500140601578,0.7937005027488523,4,Expanded,False
1.3600000000000003,1.3400000000000003,17.170978441195498,5.422720629645073,4.732686885141338,17.397604047782817,2.4050571666243865,2.4394490365319252,0.055022056741300764,0.01246075831377737,0.1409687920128845,0.7915483929320374,4,Expanded,False
1.3800000000000003,1.3400000000000003,17.187457123790303,5.075428578896611,4.515688403896368,17.361103203250533,2.304231627099524,2.3829208844700815,0.061671910054247346,0.010829047559396518,0.14430712953717087,0.7831919128491852,4,Expanded,False
1.4000000000000004,1.3400000000000003,17.210136299611914,4.685202893788731,4.271863701232732,17.337460202800788,2.195622904063903,2.322029066385772,0.07991620614679777,0.010011393156740375,0.1496293273357871,0.7604430733606747,4,Expanded,False
1.4200000000000004,1.3400000000000003,17.235279072734023,4.27425305443997,4.015089925920685,17.334875956542454,2.0724710369389876,2.2529835893732675,0.14592818899109186,0.009618971007852518,0.15541555948053332,0.6890372805205223,4,Expanded,False
1.4400000000000004,1.3400000000000003,17.27416825979113,3.862584217359401,3.757866899278281,17.360203393181678,1.9272856166572168,2.1715849323115126,0.377309709047773,0.008283659554072838,0.14074942845775965,0.4736572029403945,4,Expanded,False
1.4600000000000004,1.3400000000000003,17.341749028689406,3.4535722899610386,3.5023039894298016,17.422498965092633,1.7510503508128321,2.0727780828440294,0.5943026186206624,0.007320077733615439,0.1281017501220093,0.2702755535237129,1,Bar-dominant,True
1.4800000000000004,1.3400000000000003,17.453186212486237,3.0548324422019975,3.253159382782205,17.53481340515466,1.5374836746006575,1.9530412621420936,0.6965299979989377,0.007721311189200075,0.136979651501246,0.15876903931061626,1,Bar-dominant,True
1.5000000000000004,1.3400000000000003,17.63664285071477,2.7087582201414837,3.036921837398369,17.711419929157273,1.2948532406329343,1.8170097553354618,0.7512661947121451,0.008197630209179069,0.14563771567948916,0.09489845939918669,1,Bar-dominant,True
1.5200000000000005,1.3400000000000003,17.969302340708946,2.4765508902932325,2.8918317387265855,17.95995459198404,1.0626568247781236,1.6868281132087735,0.7768429865764697,0.008558510385853863,0.15082586732148837,0.06377263571618805,1,Bar-dominant,True
1.5400000000000005,1.3400000000000003,18.70336132799754,2.540130786580674,2.9315583633422473,18.260291156065623,0.9321728900479376,1.6136718897081113,0.7871534221847596,0.008865879042493738,0.15383272133755982,0.05014797743518686,1,Bar-dominant,True
1.5600000000000005,1.3400000000000003,20.600869541167068,3.503135037867305,3.533272279659332,18.505993487876275,1.063912683977049,1.6875322145713811,0.7898904184214064,0.009169467073110603,0.15572340673777335,0.0452167077677097,1,Bar-dominant,True
1.5800000000000005,1.3400000000000003,25.39309517806682,5.76671683033088,4.947626020494383,18.415098061085434,1.4269058542862145,1.891045463549211,0.7885320883201205,0.009490359182771836,0.1570122594527629,0.04496529304434484,1,Bar-dominant,True
1.6000000000000005,1.3400000000000003,35.21374317439334,8.847843595123702,6.8728063609091645,17.622563694597414,1.8412222314052815,2.123333227917917,0.7846272001337052,0.009835567842586953,0.15792924132929,0.04760799069441783,1,Bar-dominant,True
1.6200000000000006,1.3400000000000003,48.94941608960303,10.41469646207114,7.851822988929198,16.23988779530206,2.286538120213024,2.3730009648495103,0.7789218346787071,0.01020661012167668,0.15858318222131013,0.052288372978306005,1,Bar-dominant,True
1.6400000000000006,1.3400000000000003,60.927185544596284,9.09164469033958,7.025140591634255,15.155099605616574,2.729477815012011,2.621336481225792,0.7718325579705062,0.010603173379639641,0.15903391653475926,0.05853035211509491,1,Bar-dominant,True
1.6600000000000006,1.3400000000000003,67.34398205787946,7.16344504082591,5.820343664725602,15.307649736550527,2.9907696775078305,2.7678305759292865,0.76364414823457,0.01102464423946899,0.15932306016962897,0.06600814735633194,1,Bar-dominant,True
1.6800000000000006,1.3400000000000003,69.30111417457483,5.791134512709209,4.962882920213799,16.619731046341307,2.875086836337137,2.7029726315288936,0.7545938359167027,0.011470782312959728,0.15948732673445776,0.0744480550358798,1,Bar-dominant,True
1.7000000000000006,1.3400000000000003,69.69306423097325,4.768434286904251,4.323869169998996,18.238202742016586,2.651658169444836,2.5777066551048478,0.7449057872789956,0.011942030011277083,0.1595640336538154,0.08358814905591194,1,Bar-dominant,True
1.7200000000000006,1.3400000000000003,70.0501508136382,4.182450312698247,3.957728821659457,19.54105983224965,2.2566071907051017,2.3562200962070077,0.7348017004409454,0.012439637120421081,0.15959270926141017,0.09316595317722338,1,Bar-dominant,True
1.7400000000000007,1.3400000000000003,70.5928694183846,3.947264459834497,3.810777652544732,20.32939689994931,1.749261456142422,2.071775133487863,0.7244990738538463,0.01296566364528965,0.15961453491549527,0.10292072758536884,1,Bar-dominant,True
1.7600000000000007,1.3400000000000003,71.17413968855752,3.7027370282643273,3.657989585098028,20.62702078757287,1.374759064824939,1.8618092039854617,0.7142031976652915,0.01352288593382105,0.15967054464476022,0.1126033717561272,1,Bar-dominant,True
1.7800000000000007,1.3400000000000003,71.67513291509107,3.281096247948581,3.394535789474788,20.503892770142365,1.3269520473058338,1.8350060510474422,0.7040965901028354,0.014114621071585448,0.15979918445961291,0.12198960436596619,1,Bar-dominant,True
1.8000000000000007,1.3400000000000003,72.01718089019599,2.7609488298810057,3.0695320944552686,20.039742853266002,1.5330109107894203,1.9505335932116834,0.6943282571867198,0.014744481353031929,0.1600336463054733,0.1308936151547751,1,Bar-dominant,True
1.8200000000000007,1.3400000000000003,72.14403078528244,2.3350060470714253,2.803390278747889,19.325612834813096,1.7574477103418886,2.076364782344543,0.6850039943579425,0.015416063599213882,0.16039919997493027,0.13918074206791337,1,Bar-dominant,True
1.8400000000000007,1.3400000000000003,72.02796173831135,2.078740599715339,2.6432679472635137,18.457684077694054,1.8802057472003395,2.1451894571942796,0.6761778392527519,0.01613256335361487,0.16091052882040008,0.14677906857323322,1,Bar-dominant,True
1.8600000000000008,1.3400000000000003,71.68989862364359,1.9122775917470054,2.5392568711828796,17.5296942403148,1.9201480588620878,2.167583238352873,0.6678439529919955,0.01689628477786573,0.16156888691408777,0.153690875316051,1,Bar-dominant,True
1.8800000000000008,1.3400000000000003,71.19480348407015,1.788244059198535,2.4617570029064213,16.617860154552883,1.9247338240626566,2.170154261863377,0.6599281430359861,0.017708006967643065,0.16235886361842763,0.16000498637794316,1,Bar-dominant,True
1.9000000000000008,1.3400000000000003,70.6209010988476,1.7409545385024272,2.432209093163764,15.772421935048163,1.924667139292962,2.1701168748400166,0.6522797567124837,0.018566198684266042,0.1632448981895388,0.16590914641371146,1,Bar-dominant,True
1.9200000000000008,1.3400000000000003,70.03266405263548,1.8040149913688819,2.4716111539628804,15.020681367348029,1.9370081288194025,2.177035888969093,0.6446688800281295,0.019466206385679728,0.16416878389930756,0.17169612968688322,1,Bar-dominant,True
1.9400000000000008,1.3400000000000003,69.47148615523508,1.9637082938361317,2.5713923151662668,14.372086128454189,1.9681479944259583,2.1944945513922054,0.6368010508789751,0.020399843489189943,0.1650514687283186,0.17774763690351641,1,Bar-dominant,True
1.9600000000000009,1.3400000000000003,68.95884239294905,2.181004360576587,2.7071654097751514,13.823658349032687,2.0160918461621122,2.221374420859242,0.6283680687354725,0.02135622876923089,0.16580462136342164,0.18447108113187502,1,Bar-dominant,True
1.9800000000000009,1.3400000000000003,68.50285261130321,2.4213188381139714,2.8573210972848573,13.365469135733544,2.074657566224046,2.254209473811833,0.6191456148106257,0.022324801525891686,0.1663561064811997,0.1921734771822829,1,Bar-dominant,True
2.000000000000001,1.3400000000000003,68.1037881994308,2.662665837707224,3.0081219355185507,12.984925830045231,2.1371892050909413,2.2892680314669844,0.6091104234863723,0.023300306546524773,0.16668369359078017,0.2009055763763227,1,Bar-dominant,True
1.0,1.3600000000000003,30.953055565669978,10.236193468963055,7.740288969308947,16.424021260626937,5.435903426006384,4.138702410565882,0.062046710966825444,0.7332977007064724,0.10065475473568904,0.1040008335910131,2,Balanced,True
1.02,1.3600000000000003,38.95239719840266,12.415701208650258,9.102110722368108,13.797545497341696,6.383498730837124,4.669974662983165,0.06089204391787358,0.753885215719344,0.10201825868277294,0.08320448168000953,2,Balanced,True
1.04,1.3600000000000003,47.53822947037263,14.089595548218028,10.148010070389299,10.20945430685967,6.145977615942825,4.536807711792859,0.0597195139356884,0.7668834397645459,0.1036329427885061,0.06976410351125965,2,Balanced,True
1.06,1.3600000000000003,54.24931615790806,15.413384240402987,10.975152917668172,6.31697299725065,5.584429901280526,4.221974240491832,0.058526574979872084,0.7731245931233947,0.10539459238626031,0.06295423951047292,2,Balanced,True
1.08,1.3600000000000003,54.92884765004942,16.02612726916594,11.35801312523252,5.002313416624526,6.113158257487671,4.518407436484958,0.057312325179432765,0.7732479902845298,0.10720519380299154,0.062234490733045905,2,Balanced,True
1.1,1.3600000000000003,50.31692468559167,15.57946596630315,11.078925757286035,6.359942707116249,6.1992839525153345,4.566694075047952,0.056055675609735685,0.7668803958303863,0.10893400902565871,0.06812991953421933,2,Balanced,True
1.12,1.3600000000000003,41.50183299222918,15.106720119175794,10.783539984359708,9.681931420575088,5.940158893792806,4.4214148056135505,0.05469693014503265,0.751988368071209,0.11037465071893988,0.08294005106481848,2,Balanced,True
1.1400000000000001,1.3600000000000003,32.832864254968456,12.660711072443531,9.255200227925737,13.186289573043155,5.110600904087698,3.9563205407363005,0.053129334264880534,0.7242799114272487,0.11121338406947474,0.11137737023839608,2,Balanced,True
1.1600000000000001,1.3600000000000003,26.46215714214396,10.943350817888343,8.182142073597678,15.490960658360015,4.475192039498963,3.600076586196801,0.05125111982504504,0.6773460051703171,0.11112446588483879,0.1602784091197991,2,Balanced,True
1.1800000000000002,1.3600000000000003,22.758677809330226,10.23583017589974,7.74006197291552,16.45684930922869,4.1720934445400975,3.4301434170185585,0.04917346059119714,0.6052794242912992,0.11023930867503746,0.2353078064424662,2,Balanced,True
1.2000000000000002,1.3600000000000003,20.80950782099793,10.16561601602006,7.696190061586291,16.83057184976515,4.1830184924029075,3.436268579053715,0.04748432772523591,0.5073006448841454,0.10983500305484324,0.33538002433577546,2,Balanced,True
1.2200000000000002,1.3600000000000003,19.81467981173641,10.109566452429895,7.661168614515169,17.007837686453737,4.206338284568098,3.4493428930001273,0.04700500166515297,0.3894260222148171,0.11191272456952671,0.4516562515505032,4,Expanded,False
1.2400000000000002,1.3600000000000003,19.190118207932706,9.673543773513003,7.388728577637222,17.108441865583377,4.049921401245872,3.3616472812816487,0.04786469558332843,0.26550422694150383,0.11698095721867931,0.5696501202564884,4,Expanded,False
1.2600000000000002,1.3600000000000003,18.655906753057664,8.803083298964484,6.844838786455062,17.201675255754544,3.701251906858489,3.1661646457218744,0.049122148634401036,0.15913817679546158,0.12285031553549539,0.668889359034642,4,Expanded,False
1.2800000000000002,1.3600000000000003,18.14843715768029,7.7469614184925435,6.1849421847963555,17.299629454103044,3.2719262698867078,2.925461893173703,0.04988217945114115,0.08812580136531431,0.12717527649492266,0.7348167426886218,4,Expanded,False
1.3000000000000003,1.3600000000000003,17.727208652842734,6.9153590697801555,5.665332115169278,17.374211445314923,2.9309792833924115,2.7343089056627905,0.05017363113458618,0.049298157004224234,0.12977882605461435,0.7707493858065753,4,Expanded,False
1.3200000000000003,1.3600000000000003,17.441412212149572,6.430607312943702,5.362444690053611,17.405339162225474,2.72880786627155,2.6209608723825077,0.05046361318330646,0.02987908683070202,0.13155750188726784,0.7880997980987237,4,Expanded,False
1.3400000000000003,1.3600000000000003,17.277099227918022,6.127836756204394,5.17326457252276,17.39947898162591,2.6098294410117124,2.5542552485211214,0.05120621430596441,0.020155676793249224,0.13322081387097048,0.7954172950298158,4,Expanded,False
1.3600000000000003,1.3600000000000003,17.19205602856403,5.8375863290410726,4.991907407164654,17.37370541902988,2.5195385673805517,2.503633389630295,0.05294564057851827,0.015079917655381506,0.135216318325577,0.7967581234405232,4,Expanded,False
1.3800000000000003,1.3600000000000003,17.145505393839787,5.481814850233413,4.769610725149738,17.3437712672938,2.4310044698651265,2.4539964727281447,0.05679469159230898,0.012331336056899279,0.13804113521056804,0.7928328371402237,4,Expanded,False
1.4000000000000004,1.3600000000000003,17.110483900968678,5.061487223362103,4.506977427152257,17.320882796702197,2.3341839063564107,2.3997137229156875,0.0658918415194417,0.010878542894721765,0.14261563525814086,0.7806139803276957,4,Expanded,False
1.4200000000000004,1.3600000000000003,17.081657379498104,4.626343392344798,4.235086520780017,17.310824289755804,2.2259225440086157,2.339016653680472,0.09184601438791458,0.0102751669134624,0.15038553676911623,0.7474932819295068,4,Expanded,False
1.4400000000000004,1.3600000000000003,17.07323521398413,4.223031433850293,3.983085122324082,17.315531423126494,2.102244040669691,2.2696759164379996,0.19007775523607476,0.00999899469934661,0.15767752594328954,0.6422457241212891,4,Expanded,False
1.4600000000000004,1.3600000000000003,17.102509003382348,3.8531961725528876,3.7520009675344284,17.33859281573882,1.9550513186240766,2.1871518594044193,0.46838598801834636,0.008341165860332352,0.1380210760176925,0.3852517701036288,1,Bar-dominant,True
1.4800000000000004,1.3600000000000003,17.176483874540917,3.4934479201483613,3.5272194781969266,17.390864277127633,1.7767006492399546,2.0871590023685167,0.6562520460202821,0.007680460984952741,0.1307281619369229,0.20533933105784224,1,Bar-dominant,True
1.5000000000000004,1.3600000000000003,17.295123590474958,3.1369863088516743,3.3044915807204003,17.490649779478524,1.5669323316062709,1.969551743207458,0.7397856675402535,0.008032021773454582,0.13851341257121674,0.11366889811507508,1,Bar-dominant,True
1.5200000000000005,1.3600000000000003,17.47130349702582,2.7903634542059224,3.0879112332554293,17.65668600910431,1.3386072534485192,1.8415405785912635,0.7785484731444912,0.008368975149042335,0.14452858696717194,0.06855396473929458,1,Bar-dominant,True
1.5400000000000005,1.3600000000000003,17.791567349835606,2.474609223582521,2.8906185271762483,17.893805880325072,1.1222482930762463,1.720238255097617,0.7943438411425013,0.00863566872438034,0.14799163380600824,0.049028856327110105,1,Bar-dominant,True
1.5600000000000005,1.3600000000000003,18.5978547581687,2.5458760501287276,2.935148176185913,18.16076074145399,1.0030684206215685,1.6534196892404223,0.7994099619207794,0.008889882048315293,0.1501000282610614,0.04160012776984397,1,Bar-dominant,True
1.5800000000000005,1.3600000000000003,20.826844327931195,3.729662262313137,3.6748132782495557,18.310850159599223,1.136490522704341,1.7282232053980127,0.7992054239206644,0.009161281753026952,0.15153372992860142,0.04009956439770719,1,Bar-dominant,True
1.6000000000000005,1.3600000000000003,26.33915786887829,6.220482019541667,5.231152109526276,18.03920330088987,1.4569254749476606,1.9078760571625548,0.7960029903595779,0.009459617217101125,0.15258689623408822,0.04195049618923276,1,Bar-dominant,True
1.6200000000000006,1.3600000000000003,36.965479703733266,9.264889803919862,7.1333893305530225,17.04910601028495,1.8836513799281316,2.1471212618908257,0.7908029847613098,0.009786779775107739,0.15338699324157565,0.04602324222200684,1,Bar-dominant,True
1.6400000000000006,1.3600000000000003,50.94240042126303,10.070443109084342,7.636723177111939,15.546705812832244,2.3351103955762005,2.4002331619759367,0.7841064380718791,0.010142098601091611,0.15399588013340362,0.05175558319362568,1,Bar-dominant,True
1.6600000000000006,1.3600000000000003,62.58480058237596,8.056064700678458,6.3780791789706335,14.457477813253092,2.7564721008250346,2.6364709114547837,0.776218850293668,0.010524392027262963,0.15445110721903108,0.05880565046003801,1,Bar-dominant,True
1.6800000000000006,1.3600000000000003,68.42808570318945,6.232684541880814,5.238776611179125,14.733976303917624,2.9332676579132815,2.7355918899493092,0.7673742009326381,0.010932791380261915,0.1547831313945255,0.06690987629257443,1,Bar-dominant,True
1.7000000000000006,1.3600000000000003,69.97428402675483,5.209990276060027,4.599766584941046,16.19169504709651,2.8014237831914715,2.6616732118661695,0.7577862085991721,0.011367096422993375,0.15502255202424964,0.07582414295358486,1,Bar-dominant,True
1.7200000000000006,1.3600000000000003,70.15468243601674,4.614924005607524,4.227951345720879,17.920355770654787,2.608345026621744,2.5534230069803927,0.7476667421262587,0.011827921415804724,0.15520265811666464,0.08530267834127198,1,Bar-dominant,True
1.7400000000000007,1.3600000000000003,70.35601240622594,4.359641639506079,4.068443272866201,19.298485515059113,2.179977644579325,2.313257503036258,0.7372275801950995,0.01231671415412113,0.15535939934872844,0.09509630630205099,1,Bar-dominant,True
1.7600000000000007,1.3600000000000003,70.74436266329086,4.1935549679614095,3.9646673430614356,20.13943764801416,1.6565469770359829,2.019794472655683,0.726673312302201,0.01283567387528152,0.15552980385368276,0.10496120996883467,1,Bar-dominant,True
1.7800000000000007,1.3600000000000003,71.20289071630961,3.8730709784917354,3.7644193419097522,20.45665704655903,1.3471788209649551,1.8463462545565081,0.7161900560550587,0.013387580915066609,0.1557495041423365,0.11467285888753823,1,Bar-dominant,True
1.8000000000000007,1.3600000000000003,71.61983199758266,3.347025110792422,3.4357301187906737,20.326675671867196,1.3957994974632466,1.8736055879297493,0.7059331509202249,0.013975550280682439,0.15604986973518778,0.12404142906390483,1,Bar-dominant,True
1.8200000000000007,1.3600000000000003,71.90259738704783,2.7700400281432356,3.075212547582109,19.85047125709897,1.6485069794374405,2.0152868230168215,0.6960157737871447,0.014602718602187311,0.15645508340518147,0.13292642420548648,1,Bar-dominant,True
1.8400000000000007,1.3600000000000003,71.97981564091006,2.3413882719830985,2.8073780841405322,19.131134974832996,1.8699917229621494,2.1394629327638564,0.686499254790494,0.015271864826490473,0.15697930381928868,0.14124957656372683,1,Bar-dominant,True
1.8600000000000008,1.3600000000000003,71.82058359962966,2.0827709125743774,2.6457862075216125,18.266781541687596,1.9842347317638969,2.20351363067215,0.6773850096193875,0.015984953302303772,0.15762389413738004,0.1490061429409287,1,Bar-dominant,True
1.8800000000000008,1.3600000000000003,71.45497485462818,1.8975640892615269,2.5300634338834596,17.3520986693641,2.0341807030447727,2.2315159946837575,0.668607959310539,0.016742587378541472,0.1583746944451392,0.15627475886578032,1,Bar-dominant,True
1.9000000000000008,1.3600000000000003,70.95547010538773,1.7603382794298161,2.444320635403284,16.462252942188314,2.0621625230262293,2.2472040890131595,0.6600327440628879,0.017543399452309275,0.1591996674557001,0.16322418902910268,1,Bar-dominant,True
1.9200000000000008,1.3600000000000003,70.39858892219074,1.7095347849765923,2.4125770895474887,15.644158455505561,2.0887749437634087,2.2621244254006885,0.6514575438701777,0.018383520445901545,0.16004816354598156,0.17011077213793913,1,Bar-dominant,True
1.9400000000000008,1.3600000000000003,69.84111077780713,1.7648977739641063,2.447169544231037,14.921286570975472,2.1251296109608773,2.282506782541356,0.6426353736827852,0.01925649542521399,0.1608545082835551,0.17725362260844565,1,Bar-dominant,True
1.9600000000000009,1.3600000000000003,69.3163912128675,1.9057046565914066,2.535149904314468,14.300035500154967,2.1743102272739225,2.3100800479118178,0.633325137501841,0.020154256843160138,0.1615496428786294,0.18497096277636946,1,Bar-dominant,True
1.9800000000000009,1.3600000000000003,68.84020211620452,2.096926740155697,2.654631192828048,13.775635057881718,2.232775256539025,2.3428586482562563,0.6233747162235415,0.021069680492092336,0.16208250426385606,0.19347309902051013,1,Bar-dominant,True
2.000000000000001,1.3600000000000003,68.41743729262593,2.3099975646663626,2.787764229466183,13.337487751742668,2.29446763470111,2.377446671789155,0.6128085067295651,0.02200032607634896,0.1624451335598457,0.20274603363424018,1,Bar-dominant,True
1.0,1.3800000000000003,24.94063276492401,6.840784099731919,5.618735438958348,18.235928153670525,3.7003893233121943,3.1656810355760645,0.061321886412114834,0.7190595520107872,0.09654725291201337,0.12307130866508458,2,Balanced,True
1.02,1.3800000000000003,31.606642821804037,9.886684062200473,7.521905017574785,16.32228782882158,5.182551086122893,3.996659633887991,0.06023367117799648,0.7463802411255048,0.09776563630897599,0.09562045138752266,2,Balanced,True
1.04,1.3800000000000003,40.109934317061445,12.37068518167955,9.073983359639033,13.393304450582544,6.178130796723547,4.554834492517365,0.05916970916227244,0.7650995708767748,0.0993470908578751,0.0763836291030776,2,Balanced,True
1.06,1.3800000000000003,48.932554853374555,14.24504758823836,10.245141163710167,9.514278008705595,5.904450087778535,4.401394552552333,0.058099359544756306,0.7762705493454038,0.10113619600851109,0.06449389510132879,2,Balanced,True
1.08,1.3800000000000003,55.13483418066363,15.449658673619693,10.997818270644386,5.740735657686313,5.596476023885029,4.22872793656479,0.05701243508415744,0.7812290958715761,0.1030130808752533,0.05874538816901318,2,Balanced,True
1.1,1.3800000000000003,55.15994173057364,15.58695558141537,11.083605493263171,4.8248068293158966,5.981626053871911,4.444663497775981,0.055896107032408285,0.7806272125348505,0.10485911112113522,0.05861756931160609,2,Balanced,True
1.12,1.3800000000000003,49.75562405697464,14.697836535541231,10.528057267541165,6.567825461883861,5.851270860622564,4.37157945358663,0.05471492496076426,0.7738956252992889,0.10651867307702788,0.06487077666291892,2,Balanced,True
1.1400000000000001,1.3800000000000003,40.56974311562206,14.052543521108433,10.124858853445225,10.105885933202721,5.479831360348459,4.163330743465993,0.053392342323050346,0.7587671546539416,0.1077543553870374,0.08008614763597066,2,Balanced,True
1.1600000000000001,1.3800000000000003,31.939210036904576,11.615653412900585,8.602216883085251,13.568069221506198,4.726006653626866,3.7406965790435405,0.051805427246274446,0.7307890042158438,0.10822120084779015,0.10918436769009164,2,Balanced,True
1.1800000000000002,1.3800000000000003,25.944716045237556,10.352099127725086,7.812710298460749,15.646101648938142,4.271689934826503,3.485982498805446,0.04985470264435368,0.6836870592627763,0.10760167359445086,0.1588565644984192,2,Balanced,True
1.2000000000000002,1.3800000000000003,22.556033515051624,9.926170635873557,7.546577412172244,16.4515070473208,4.040410105399988,3.3563147437081824,0.0477020284898224,0.6121401572334473,0.10614495459814126,0.23401285967858912,2,Balanced,True
1.2200000000000002,1.3800000000000003,20.809349327328356,9.968107764023943,7.572780986647377,16.77805184584368,4.078486849595861,3.3776625886695624,0.046029418944069235,0.5155436430381726,0.1053451934479271,0.33308174456983114,2,Balanced,True
1.2400000000000002,1.3800000000000003,19.88152643657677,9.829583749004572,7.486227030660258,16.942873179934203,4.049871045853278,3.3616190493743052,0.04574033974417879,0.3982039766584725,0.1073869926842896,0.4486686909130591,4,Expanded,False
1.2600000000000002,1.3800000000000003,19.236701930475277,9.241794691659127,7.1189588122789615,17.055257990707048,3.819276918819615,3.2323357354544946,0.04696606020195641,0.2718481351385022,0.11277892972882088,0.5684068749307205,4,Expanded,False
1.2800000000000002,1.3800000000000003,18.656955382377213,8.297452275831322,6.528905370029975,17.16623048809863,3.4321181403140013,3.015273963143855,0.048623972547445986,0.16157005883009912,0.11901626538258267,0.6707897032398722,4,Expanded,False
1.3000000000000003,1.3800000000000003,18.136315756820743,7.392510544563242,5.9634706562864235,17.266589178151364,3.057872898487374,2.8054522053026236,0.049691062829398586,0.08828795901351998,0.12346816983717782,0.7385528083199037,4,Expanded,False
1.3200000000000003,1.3800000000000003,17.737067528528588,6.822425684810017,5.607264551134879,17.328323858972574,2.8208680826460006,2.6725747187808,0.05023917677957094,0.048948879693237565,0.12604544848994295,0.7747664950372485,4,Expanded,False
1.3400000000000003,1.3800000000000003,17.469031869466637,6.49872945236319,5.4050094443039,17.34792266197696,2.695017989088513,2.602016472733818,0.05083032289610248,0.029630953415962762,0.1278149052640551,0.7917238184238796,4,Expanded,False
1.3600000000000003,1.3800000000000003,17.29400688739096,6.212686322514572,5.2262811243958085,17.341244194194285,2.612241519321504,2.5556075877213233,0.052010173932584884,0.020078332982683637,0.1295868364378775,0.798324656646854,4,Expanded,False
1.3800000000000003,1.3800000000000003,17.167162427852222,5.842987472708586,4.995282203594087,17.325714795472557,2.533413930202208,2.5114126549155795,0.05448344848463609,0.015138809897046917,0.1319185341499741,0.7984592074683429,4,Expanded,False
1.4000000000000004,1.3800000000000003,17.058409110456836,5.382793819522646,4.707739417616956,17.31300540680512,2.4465883400976995,2.4627336180027477,0.05978679885567878,0.012511395263735691,0.13553136962126203,0.7921704362593235,4,Expanded,False
1.4200000000000004,1.3800000000000003,16.963705821162606,4.912453182595,4.413856492104752,17.306736404030403,2.352845069583926,2.4101761620709548,0.07247532661479708,0.011211890400415682,0.14181265267146168,0.7745001303133255,4,Expanded,False
1.4400000000000004,1.3800000000000003,16.90351567160876,4.513539521078994,4.164603281412808,17.303795171295583,2.2507112295900202,2.352914507285444,0.11032171756455351,0.010828498215871682,0.15265276025055777,0.726197023969017,4,Expanded,False
1.4600000000000004,1.3800000000000003,16.901268633432174,4.18375014893157,3.9585409982926114,17.30175875493348,2.129234873834899,2.284808410929264,0.2547310034284801,0.010518312007981579,0.159675286193741,0.5750753983697973,4,Expanded,False
1.4800000000000004,1.3800000000000003,16.961391313171312,3.8717182666526693,3.7635741270135092,17.30802474321201,1.9795952601835891,2.200912496512947,0.5558944403460891,0.008519232240651958,0.1357422524101587,0.2998440750031002,1,Bar-dominant,True
1.5000000000000004,1.3800000000000003,17.065756072862346,3.548358532337099,3.5615292742993945,17.342589258499732,1.804204961399919,2.1025793804538875,0.7090288844457779,0.008042532043368899,0.13192888571731579,0.1509996977935374,1,Bar-dominant,True
1.5200000000000005,1.3800000000000003,17.190672724805562,3.1989713923885876,3.3432217185348554,17.430842486682153,1.6088362719517348,1.9930453175835687,0.7715404072602141,0.008266761864467646,0.13756397553283317,0.08262885534248507,1,Bar-dominant,True
1.5400000000000005,1.3800000000000003,17.34428182137532,2.7802864404032444,3.081614813035176,17.59054236218854,1.3944920222922317,1.872872547911987,0.7970647736605491,0.008479606579029578,0.14151525699888512,0.052940362761536255,1,Bar-dominant,True
1.5600000000000005,1.3800000000000003,17.66666519268633,2.362062522279173,2.8202959753086656,17.811108091039817,1.1742655735214558,1.7494019050290444,0.8061568822506191,0.008675750930290334,0.1439135076616542,0.04125385915743632,1,Bar-dominant,True
1.5800000000000005,1.3800000000000003,18.626965136020832,2.5304299341004493,2.925496979989379,18.02052514158069,1.0522783799585511,1.6810094058684415,0.8078559330064191,0.008889709533664348,0.1455346477917779,0.037719709668138625,1,Bar-dominant,True
1.6000000000000005,1.3800000000000003,21.307495664167792,3.922933924993477,3.795575205218337,18.04252995084233,1.1808785634857935,1.7531094984031947,0.8057636152900612,0.009134557800900668,0.14675344820216843,0.03834837870686968,1,Bar-dominant,True
1.6200000000000006,1.3800000000000003,27.617113723732302,6.587294066442962,5.460347269359033,17.58109663559997,1.4971824010073382,1.9304462278610486,0.8013497695576625,0.009412680285758685,0.14772597210480864,0.0415115780517702,1,Bar-dominant,True
1.6400000000000006,1.3800000000000003,39.00881516410921,9.41358744408284,7.226300072421536,16.425861233132103,1.9519476600308137,2.1854117835691222,0.7952792185751181,0.009722922812332283,0.14852029824012936,0.04647756037242026,1,Bar-dominant,True
1.6600000000000006,1.3800000000000003,53.15135083053973,9.39095997883085,7.2121617540133744,14.855240033205646,2.3421239351990235,2.4041653247608723,0.7879076066771884,0.010063364448940734,0.14917145852490904,0.05285757034896178,1,Bar-dominant,True
1.6800000000000006,1.3800000000000003,64.30926056256455,6.925796330497229,5.671853628457825,13.831072685042784,2.670360115485541,2.588191959271068,0.779474734693772,0.010432347328075848,0.14970388242397847,0.06038903555417361,1,Bar-dominant,True
1.7000000000000006,1.3800000000000003,69.48938571589053,5.365491767664977,4.69692857709399,14.261694070113132,2.7484929886575418,2.6319973974220483,0.7701839954785062,0.010828885733422241,0.15014093900580347,0.0688461797822681,1,Bar-dominant,True
1.7200000000000006,1.3800000000000003,70.6326532275755,4.784841055938111,4.334120610983066,15.84861403734305,2.624896764406698,2.5627027902060004,0.7602337974543398,0.01125283114295583,0.15050875585045254,0.07800461555225183,1,Bar-dominant,True
1.7400000000000007,1.3800000000000003,70.60755583696303,4.7303426679762195,4.300068384931411,17.660732573343118,2.488417280356914,2.4861851433474307,0.749825575287129,0.01170490533589414,0.1508369648026655,0.08763255457431138,1,Bar-dominant,True
1.7600000000000007,1.3800000000000003,70.65166867166886,4.717410464329661,4.291987956529995,19.0937087335388,2.040832862364654,2.2352455484788165,0.7391591542996028,0.012186630467706336,0.15115753252488442,0.0974966827078065,1,Bar-dominant,True
1.7800000000000007,1.3800000000000003,70.89559573527357,4.516558002207483,4.166489318882244,19.96844685283257,1.5278790892453473,1.9476564215152596,0.7284215535575552,0.012700166474785082,0.15150239684999509,0.10737588311766459,1,Bar-dominant,True
1.8000000000000007,1.3800000000000003,71.24647457731473,4.068528926804906,3.8865473256623546,20.288822599339802,1.3022823304944389,1.8211748976530853,0.7177734205598802,0.013248067440456715,0.1519004915179854,0.11707802048167765,1,Bar-dominant,True
1.8200000000000007,1.3800000000000003,71.58774716722176,3.431425111029441,3.4884657683082416,20.14523485048,1.4325485755090748,1.894209072738228,0.7073359783362994,0.013832970593993838,0.15237461952932427,0.12645643154038258,1,Bar-dominant,True
1.8400000000000007,1.3800000000000003,71.80953779013197,2.8091449165955575,3.0996464538149753,19.657481126474345,1.7079247692723425,2.048599591535534,0.6971801119525243,0.014457228234330257,0.15293846959158047,0.135424190221565,1,Bar-dominant,True
1.8600000000000008,1.3800000000000003,71.83067171738412,2.371454740074826,2.826164514461192,18.933777379788385,1.916902498589106,2.1657636048998654,0.687318256726956,0.015122487698196529,0.1535939241075713,0.14396533146727616,1,Bar-dominant,True
1.8800000000000008,1.3800000000000003,71.62574311260163,2.093333091030974,2.652385773157452,18.073561880797104,2.0257854515112004,2.2268091708222277,0.6776995852736402,0.01582923035655666,0.1543288087566152,0.152142375613188,1,Bar-dominant,True
1.9000000000000008,1.3800000000000003,71.23630708330766,1.8875938788733861,2.523833747637383,17.173489273183197,2.088645001697414,2.262051572977578,0.668210131779432,0.016576318805892665,0.15511553262833888,0.1600980167863364,1,Bar-dominant,True
1.9200000000000008,1.3800000000000003,70.73853584240099,1.747696383160941,2.4364215997516174,16.30698150281814,2.1382851740093947,2.289882489846968,0.6586820857440395,0.017360696091669046,0.15591175891725975,0.1680454592470317,1,Bar-dominant,True
1.9400000000000008,1.3800000000000003,70.20322946977214,1.7025313353260754,2.4082011243206356,15.517011973421125,2.18877588165751,2.3181902619956993,0.6489194405942721,0.01817753139700621,0.15666514271684345,0.17623788529187823,1,Bar-dominant,True
1.9600000000000009,1.3800000000000003,69.67813614621708,1.7537590015272955,2.440209705396511,14.823292848150231,2.2481508581336187,2.3514790270717567,0.6387466885359904,0.019021220789407448,0.15732437277756975,0.1849077178970324,1,Bar-dominant,True
1.9800000000000009,1.3800000000000003,69.18911950202137,1.876085668196472,2.516643072718808,14.22949066749113,2.3166228503309094,2.389868062281942,0.6280769407049436,0.01988748195000479,0.15785650369000478,0.19417907365504689,1,Bar-dominant,True
2.000000000000001,1.3800000000000003,68.74726408574507,2.0402460789013626,2.6192154170230912,13.729280945381339,2.388665004610743,2.4302587199584034,0.6169740354772214,0.02077607816569105,0.15826491778397644,0.20398496857311108,1,Bar-dominant,True
1.0,1.4000000000000004,20.600044718368416,4.333830712147791,4.052315831929382,19.460487959182778,2.6843562664033955,2.596038944777849,0.06074675122627964,0.6942453246771358,0.09273393940024716,0.15227398469633738,2,Balanced,True
1.02,1.4000000000000004,25.204028709464996,6.3837649558977665,5.333176181560553,18.324420048136357,3.3806604702857075,2.9864240605317263,0.05966515170025075,0.7308273192539584,0.09367669656970772,0.11583083247608314,2,Balanced,True
1.04,1.4000000000000004,32.33614949472805,9.576140620597279,7.327868168636693,16.183325515128693,4.924523601507152,3.851995722787401,0.0586824060693784,0.7572774394002109,0.09514347545683657,0.08889667907357418,2,Balanced,True
1.06,1.4000000000000004,41.33661863456842,12.354115830071569,9.063630332190241,12.93799769951732,5.957673818877492,4.431234602791971,0.057725303091803064,0.7745198644275691,0.0969076060974888,0.07084722638313902,2,Balanced,True
1.08,1.4000000000000004,50.33951901725852,14.284258485487802,10.269641307416434,8.783220634748691,5.637833623136427,4.251915203108693,0.05675863418147367,0.784489891529352,0.09880183712649403,0.05994963716268027,2,Balanced,True
1.1,1.4000000000000004,55.92641584402637,15.277421258161398,10.890199171711773,5.235668790843169,5.5686887302853645,4.213148904055853,0.055765215438326673,0.7887175814283796,0.10069455769471813,0.05482264543857563,2,Balanced,True
1.12,1.4000000000000004,55.33269038290996,14.911211360779655,10.66138025294455,4.708046830389683,5.762466576748085,4.32179105586264,0.05472411978306276,0.787723588352613,0.10245592736539248,0.05509636449893176,2,Balanced,True
1.1400000000000001,1.4000000000000004,49.06023104338718,13.738663678444315,9.928737321136223,6.849773521267861,5.449810833546655,4.146499641822241,0.053591451609282595,0.7807466401108907,0.10391967457234787,0.061742233707478854,2,Balanced,True
1.1600000000000001,1.4000000000000004,39.77261346741873,12.77111443162703,9.324183555403378,10.50075257372346,4.990508841367914,3.8889905525722357,0.05228199837524838,0.7653695854284536,0.10483824104964093,0.07751017514665708,2,Balanced,True
1.1800000000000002,1.4000000000000004,31.263086816532898,10.597416679413607,7.965992056636377,13.866103935896188,4.398789344216716,3.557241177656442,0.050669336797276136,0.7371317385866211,0.10486911740519475,0.10732980721090807,2,Balanced,True
1.2000000000000002,1.4000000000000004,25.638640007349995,9.787962575867223,7.460220874346071,15.715353265778816,4.0862802627330295,3.3820319899638642,0.048672357714214305,0.6900888718999139,0.10374709606442485,0.157491674321447,2,Balanced,True
1.2200000000000002,1.4000000000000004,22.525715582817703,9.656453002618534,7.378049751791904,16.397048970714323,3.915415797281027,3.286236296426764,0.04650630213272394,0.6195153290930022,0.10185009500221325,0.23212827377206063,2,Balanced,True
1.2400000000000002,1.4000000000000004,20.92943308710979,9.760237044972532,7.442897131741274,16.69499932973659,3.952504852754875,3.3070303906367817,0.044920358524736505,0.5246378233680645,0.1008153713911792,0.32962644671601976,2,Balanced,True
1.2600000000000002,1.4000000000000004,20.01853795872989,9.512607199432978,7.288170583070773,16.863039717206245,3.858668311172171,3.2544206419903428,0.04487141091221722,0.40783981193427504,0.10291118433728452,0.44437759281622324,4,Expanded,False
1.2800000000000002,1.4000000000000004,19.32002948115236,8.801760220055533,6.8440120871016195,16.99730735484874,3.5642120174235266,3.089332805842579,0.04648882776804057,0.2789790646768679,0.10861322880251938,0.5659188787525722,4,Expanded,False
1.3000000000000003,1.4000000000000004,18.68995368673189,7.905902184663455,6.284253138769156,17.124697266023183,3.1896625089476722,2.879340459958914,0.04855650727694643,0.16488229126583623,0.11514167012111469,0.6714195313361027,4,Expanded,False
1.3200000000000003,1.4000000000000004,18.161400033095827,7.23433024298902,5.86463486338387,17.22239176479415,2.9119652946774286,2.7236486538015274,0.04994220497584333,0.08938845101885999,0.1196600683066608,0.741009275698636,4,Expanded,False
1.3400000000000003,1.4000000000000004,17.767489512676235,6.8479974484852,5.623242555435038,17.27545558577685,2.766045812870655,2.6418384428645973,0.050777022959910614,0.04939330539511165,0.12219943319804072,0.777630238446937,4,Expanded,False
1.3600000000000003,1.4000000000000004,17.48030346989152,6.5391157806790785,5.43024403256678,17.295676348986117,2.6831412959119203,2.5953577677961395,0.05172720169560733,0.029962164031642806,0.12398139919537295,0.794329235077377,4,Expanded,False
1.3800000000000003,1.4000000000000004,17.25135768176007,6.143082827916327,5.182790775035347,17.302412330823792,2.6101930404840687,2.554459101695226,0.05345328154936335,0.020407568301775515,0.12591241541374304,0.8002267347351181,4,Expanded,False
1.4000000000000004,1.4000000000000004,17.047798403613296,5.6410362012631525,4.869096996951134,17.308593323945516,2.532569008021278,2.510938946669146,0.056885031225639454,0.015492909940688778,0.1286794661028506,0.7989425927308211,4,Expanded,False
1.4200000000000004,1.4000000000000004,16.870338813825022,5.145042446925554,4.559185234887209,17.315713758751645,2.4563667659410893,2.468215922839453,0.06417988620752879,0.012928030926797394,0.13328175460904682,0.789610328256627,4,Expanded,False
1.4400000000000004,1.4000000000000004,16.74972504500048,4.768500568057454,4.3239105844498855,17.315444820887713,2.380342494017525,2.4255926785311344,0.08205511381003908,0.011768515842230093,0.14165508021194778,0.7645212901357831,4,Expanded,False
1.4600000000000004,1.4000000000000004,16.716580282831917,4.48744338651246,4.148297634464949,17.29981383510526,2.2842207212909496,2.3717017079422593,0.13776714860233932,0.011593104933262264,0.15569143553560294,0.6949483109287955,4,Expanded,False
1.4800000000000004,1.4000000000000004,16.773317910512226,4.213770830557577,3.9772988198573227,17.272995162749872,2.1539701898628962,2.2986763427282657,0.3384496927313646,0.010963114368665474,0.15882953507037692,0.491757657829593,4,Expanded,False
1.5000000000000004,1.4000000000000004,16.889608607040806,3.91959783277244,3.793490714819844,17.254940035033545,2.0004574023854502,2.2126089213699824,0.6282670194059882,0.008708457514588402,0.13271807807901026,0.2303064450004132,1,Bar-dominant,True
1.5200000000000005,1.4000000000000004,17.018955834335127,3.605472615626359,3.5972158651809254,17.274346129429123,1.8390335486587372,2.122106136134478,0.7461730050935912,0.008295677312825371,0.13047861951391285,0.11505269807967061,1,Bar-dominant,True
1.5400000000000005,1.4000000000000004,17.127608637236744,3.215847857621908,3.3537666397805954,17.35625935103311,1.6631139379469415,2.023476259698016,0.7910189687496595,0.008394037102035951,0.1342710095394908,0.06631598460881376,1,Bar-dominant,True
1.5600000000000005,1.4000000000000004,17.255472736507123,2.683808667331934,3.021332609093991,17.506309322620723,1.449446833952592,1.9036831338479128,0.8080645167468032,0.008521842003878203,0.1370570820969179,0.046356559152400625,1,Bar-dominant,True
1.5800000000000005,1.4000000000000004,17.638345643889906,2.2298832933792503,2.7377064318348103,17.689516064123566,1.218327250562533,1.7741052211889712,0.8133866500656237,0.008671614372056777,0.13896542695209066,0.03897630861022886,1,Bar-dominant,True
1.6000000000000005,1.4000000000000004,18.853726006521203,2.5527731086193657,2.9394576650276547,17.811618675593735,1.105604674127381,1.710906958411931,0.8132614631480567,0.008856987825403027,0.14041367283204964,0.03746787619449067,1,Bar-dominant,True
1.6200000000000006,1.4000000000000004,22.083296034337543,4.1505931215529435,3.937823493909043,17.689582753155666,1.2489414392623996,1.7912691612207454,0.8101401242737966,0.009081138436048044,0.14160250560920964,0.03917623168094569,1,Bar-dominant,True
1.6400000000000006,1.4000000000000004,29.21755247218794,6.965461967934336,5.696637907461378,17.06286892884731,1.6015262697490666,1.9889469421319506,0.8050497475988385,0.009342515877189156,0.14261722934508703,0.042990507178885314,1,Bar-dominant,True
1.6600000000000006,1.4000000000000004,41.30995733765321,9.428120545925648,7.235380789993018,15.795528053238906,2.0390353018933154,2.2342377406144296,0.7984774784699252,0.009638380959148813,0.14349605055953663,0.048388090011389294,1,Bar-dominant,True
1.6800000000000006,1.4000000000000004,55.49496484261541,8.606630483501998,6.722089179892562,14.20496005862069,2.2764312989089834,2.367334544077263,0.7907030987230939,0.00996616473555358,0.1442601304902942,0.05507060605105834,1,Bar-dominant,True
1.7000000000000006,1.4000000000000004,66.00837855249273,5.843635628690455,4.995687190876037,13.283769999363642,2.4766033822433564,2.479561644656986,0.7819329973862488,0.010323975824423626,0.14492673297279118,0.06281629381653644,1,Bar-dominant,True
1.7200000000000006,1.4000000000000004,70.50030557793329,4.661535741660224,4.25707575530592,13.865493965496853,2.486653937297849,2.48519651958157,0.7723557324719277,0.010710794278138583,0.1455149874376344,0.07141848581229933,1,Bar-dominant,True
1.7400000000000007,1.4000000000000004,71.26870208500341,4.625571632624095,4.234604302177784,15.557010482734231,2.3957170298421206,2.4342124598193737,0.7621616963766127,0.011126519145921509,0.14604782192737245,0.08066396255009341,1,Bar-dominant,True
1.7600000000000007,1.4000000000000004,71.04480410886546,5.074643036524573,4.51519757348053,17.43087795205942,2.3019179570686,2.3816237181772415,0.7515438898274354,0.011571910878235454,0.1465515056803675,0.09033269361396168,1,Bar-dominant,True
1.7800000000000007,1.4000000000000004,70.9359727525348,5.17486646092379,4.57782017262419,18.902464770531356,1.8403374823396996,2.122837190604837,0.7406884721680667,0.012048438681219298,0.14705362420967696,0.10020946494103704,1,Bar-dominant,True
1.8000000000000007,1.4000000000000004,71.05128250525486,4.8753721253199,4.390687136243271,19.793093268378566,1.3580174142089545,1.8524229455409604,0.7297608097258145,0.01255804372343335,0.14758016261918488,0.11010098393156734,1,Bar-dominant,True
1.8200000000000007,1.4000000000000004,71.30863360304697,4.282871896464746,4.0204752367143985,20.105757787525253,1.2167372793913875,1.7732137989108459,0.7188911326295013,0.013102835244039048,0.14815228716376783,0.11985374496269179,1,Bar-dominant,True
1.8400000000000007,1.4000000000000004,71.57841890452877,3.5426897932959953,3.5579872762610214,19.94866961502928,1.4087086119178127,1.8808431230652944,0.7081624881942562,0.013684738637626816,0.1487832795486535,0.12936949361946345,1,Bar-dominant,True
1.8600000000000008,1.4000000000000004,71.7356951839682,2.8771722578375365,3.1421519753229656,19.452979545567732,1.6904770452536544,2.038817470843601,0.6976025141643191,0.01430511473650258,0.14947594110836787,0.13861642999081042,1,Bar-dominant,True
1.8800000000000008,1.4000000000000004,71.6973934674588,2.4138491212457382,2.852653794326891,18.727394655858305,1.8843444352828396,2.147509825529194,0.6871801132493897,0.014964378514514234,0.1502207626718083,0.14763474556428777,1,Bar-dominant,True
1.9000000000000008,1.4000000000000004,71.44887617007318,2.1055928107516753,2.660046013448434,17.874138357521353,1.9920562489923161,2.2078987886125487,0.6768087572110459,0.015661678935938058,0.15099536286294898,0.15653420099006699,1,Bar-dominant,True
1.9200000000000008,1.4000000000000004,71.04133674708383,1.8855762126105184,2.5225730492892406,16.991982931550794,2.0694883744205783,2.2513113503633466,0.6663597168143701,0.01639477089904359,0.1517661451154959,0.16547936717109038,1,Bar-dominant,True
1.9400000000000008,1.4000000000000004,70.5500878183411,1.7536873089197518,2.4401649097067737,16.151458002379766,2.1398954968534247,2.2907853223537407,0.6556896824395825,0.01716029942470491,0.15249355498963366,0.17465646314607888,1,Bar-dominant,True
1.9600000000000009,1.4000000000000004,70.03783446642785,1.7202782082196735,2.419289902357619,15.391263116962662,2.2139364729195377,2.332296625676254,0.6446849715234848,0.01795474373390057,0.15314200471804584,0.18421828002456875,1,Bar-dominant,True
1.9800000000000009,1.4000000000000004,69.54354555662869,1.7705440300291226,2.4506974942321618,14.72759664867884,2.29724526102841,2.3790039566213563,0.6333152907978261,0.018776077944306368,0.15369344815708624,0.19421518310078123,1,Bar-dominant,True
2.000000000000001,1.4000000000000004,69.08685756593495,1.8775910231225499,2.517583663590351,14.161711040342462,2.3868794463504828,2.429257641170956,0.6216753521465767,0.019625701892430705,0.15415972747795434,0.20453921848303827,1,Bar-dominant,True
1.0,1.4200000000000004,17.957472949552542,4.937770595225118,4.42967557024935,20.133599503917463,3.133327570163996,2.847756101462394,0.060378118836526176,0.6523869480963449,0.08935000518518764,0.19788492788194126,2,Balanced,True
1.02,1.4200000000000004,20.65523796026463,4.096968193101232,3.9043170315359097,19.63193565264036,2.4376576774194962,2.4577266142191276,0.05919528601604364,0.7019847079606352,0.08981701510527944,0.1490029909180418,2,Balanced,True
1.04,1.4200000000000004,25.532915497940674,5.985775947962492,5.084500722136639,18.387485163947083,3.066720257724739,2.810412504753262,0.05823222986252919,0.7398008619026647,0.09103463401981525,0.11093227421499086,2,Balanced,True
1.06,1.4200000000000004,33.15638287924857,9.306267002945091,7.159243044530335,15.998923883826233,4.670288247452697,3.709457881470488,0.057367975817054,0.7657509827315114,0.09270111063140421,0.0841799308200304,2,Balanced,True
1.08,1.4200000000000004,42.64485773768511,12.311295855429437,9.036875128769186,12.425060621076602,5.716383136271751,4.295954231749869,0.056520669038381155,0.7821989971589316,0.09457170748310059,0.06670862631958661,2,Balanced,True
1.1,1.4200000000000004,51.786420798000016,14.086293523430916,10.145946866344483,8.015473374719557,5.326082004416157,4.07713068926833,0.055648254600854756,0.7915998516103566,0.09646832362133413,0.056283570167454534,2,Balanced,True
1.12,1.4200000000000004,56.674282503010105,14.772575534055209,10.574756433653231,4.796878208748296,5.4494599270555995,4.1463029050075475,0.05472916363300445,0.7954756486705039,0.09825615870257014,0.05153902899392146,2,Balanced,True
1.1400000000000001,1.4200000000000004,55.47766440010996,13.859940987251463,10.004515018218296,4.643121278563283,5.419006895424027,4.129229318186926,0.05374040899512925,0.7942195685730031,0.09980905490007001,0.052230967531797595,2,Balanced,True
1.1600000000000001,1.4200000000000004,48.368740289324,12.804493204781991,9.345039613193462,7.164213481273433,5.03432008407079,3.9135534619421954,0.05263674267469252,0.7869723924366108,0.10096822486822345,0.05942264002047328,2,Balanced,True
1.1800000000000002,1.4200000000000004,39.18262403944327,11.328014525643773,8.422491486125535,10.837737380974291,4.524760268276343,3.6278671676999434,0.0513326621418072,0.7712966402551801,0.10149874072122456,0.07587195688178819,2,Balanced,True
1.2000000000000002,1.4200000000000004,30.8575008258641,9.696709296273866,7.403203090501883,14.062428488906102,4.158808451475745,3.42269514437235,0.04970943179822243,0.7428900800575582,0.10109145799741913,0.10630903014680025,2,Balanced,True
1.2200000000000002,1.4200000000000004,25.56306225356031,9.359740754225466,7.192655046876215,15.697461227663487,3.9334712951503277,3.2963591674167723,0.04771313235522862,0.6962592236877045,0.09955939344634804,0.15646825051071875,2,Balanced,True
1.2400000000000002,1.4200000000000004,22.668824495347792,9.503979726582555,7.282779879478539,16.29610044261647,3.8087362442292814,3.226426073489037,0.045602747751767606,0.6271153694752256,0.09738616187786006,0.22989572089514668,2,Balanced,True
1.2600000000000002,1.4200000000000004,21.149482177782442,9.599914902577085,7.342723052505152,16.587705793626395,3.8135211742938027,3.2291087593994443,0.0441664706773658,0.5341393528856028,0.09626767335877431,0.3254265030782571,2,Balanced,True
1.2800000000000002,1.4200000000000004,20.192651882610754,9.217166107998715,7.103570135118035,16.777490078163762,3.6453978528504822,3.1348498967692398,0.04439659953773344,0.4177645718967484,0.09847742568364946,0.43936140288186865,4,Expanded,False
1.3000000000000003,1.4200000000000004,19.408667130570667,8.444630472714273,6.620866718201187,16.941237043863058,3.317749322646059,2.951152730103762,0.046418508910138975,0.28640099205994785,0.10443264500058501,0.5627478540293281,4,Expanded,False
1.3200000000000003,1.4200000000000004,18.726373625244417,7.689622307551397,6.149114989894109,17.081519460956322,3.0078496775677506,2.777406531040991,0.048891860388740285,0.16875975946028457,0.11113207538980224,0.6712163047611729,4,Expanded,False
1.3400000000000003,1.4200000000000004,18.1785661830609,7.191530981821636,5.837892602362595,17.177629576565742,2.82713482015011,2.6760881846371034,0.05060103842678427,0.09119046415379149,0.11563393498894671,0.7425745624304775,4,Expanded,False
1.3600000000000003,1.4200000000000004,17.75216575455661,6.812691746625877,5.601182494842664,17.23389988403351,2.7323625594752863,2.62295382217381,0.051751448084510376,0.05041512505280263,0.11811038511327096,0.779723041749416,4,Expanded,False
1.3800000000000003,1.4200000000000004,17.396490429895604,6.36391090034012,5.320770772645268,17.270939471143933,2.6596017526338613,2.582160249705395,0.053121888931907085,0.030687177035264503,0.11990932294713075,0.7962816110856976,4,Expanded,False
1.4000000000000004,1.4200000000000004,17.075447999582153,5.821627563614169,4.981935892260355,17.30378689238843,2.5915624266473936,2.544013790150869,0.05551626933713889,0.02099345488100721,0.12202267566256307,0.8014676001192909,4,Expanded,False
1.4200000000000004,1.4200000000000004,16.7974510522128,5.33417680109124,4.677362047505728,17.33186877013729,2.5397020330732882,2.51493809933127,0.06017315749215622,0.016022100004746076,0.12528075262984212,0.7985239898732556,4,Expanded,False
1.4400000000000004,1.4200000000000004,16.607314384657577,5.024780313341813,4.484041849708338,17.341559649776535,2.4982250959167707,2.4916839256200056,0.07013801503933291,0.013482480134560106,0.13099644257113924,0.7853830622549678,4,Expanded,False
1.4600000000000004,1.4200000000000004,16.541195346706452,4.812923761089765,4.351667526767709,17.320858369056147,2.430657395801015,2.453801884575527,0.09530368606252806,0.012453729044908825,0.1416029981952494,0.7506395866973137,4,Expanded,False
1.4800000000000004,1.4200000000000004,16.595637620230338,4.566263991462811,4.197547110599444,17.272457063004527,2.31405173632883,2.3884265592266365,0.17601876343495534,0.01239023505691312,0.15766810903856238,0.6539228924695691,4,Expanded,False
1.5000000000000004,1.4200000000000004,16.731663496394777,4.271512609707328,4.013377613923801,17.215149581353398,2.1671341651802627,2.30605676639855,0.42757051541341184,0.01107710902514036,0.15258556538776877,0.40876681017367905,1,Bar-dominant,True
1.5200000000000005,1.4200000000000004,16.891378179802356,3.975915826048986,3.8286798848035426,17.177453321067404,2.024412951206404,2.2260396742611377,0.6775368753164801,0.008785146282640158,0.12774901324032584,0.1859289651605539,1,Bar-dominant,True
1.5400000000000005,1.4200000000000004,17.017226467371085,3.651767538170781,3.6261423201914638,17.188005416458328,1.8912850734627937,2.151401115893635,0.7669864650998478,0.00839828137336928,0.12647340898746337,0.0981418445393196,1,Bar-dominant,True
1.5600000000000005,1.4200000000000004,17.09221321319311,3.1856502677534637,3.334898280644276,17.262794704200427,1.7315333936279953,2.0618358401471095,0.8008380382606456,0.008418629162698456,0.12936307316922332,0.06138025940743268,1,Bar-dominant,True
1.5800000000000005,1.4200000000000004,17.229686843181963,2.5843243561636826,2.9591718300474,17.388391506354132,1.514336934200756,1.940063970205669,0.8136804059968286,0.0084991450568578,0.13172079437939804,0.046099654566915574,1,Bar-dominant,True
1.6000000000000005,1.4200000000000004,17.75040541359835,2.197698332395154,2.717596303666239,17.514337751438926,1.2814698286176316,1.8095063037985544,0.817380756908998,0.008621605907546912,0.13352749776915993,0.040470139414295114,1,Bar-dominant,True
1.6200000000000006,1.4200000000000004,19.29698422550495,2.7404850780445535,3.0567457290331004,17.542276316435007,1.1789621546674598,1.75203505784373,0.8165416047722803,0.008788259330015912,0.135013631466705,0.03965650443099877,1,Bar-dominant,True
1.6400000000000006,1.4200000000000004,23.126660982765834,4.610465696314013,4.2251656604639685,17.29385337015536,1.357875735785171,1.8523435130923838,0.8130304243768504,0.008997663068317025,0.13630168646123028,0.041670226093602346,1,Bar-dominant,True
1.6600000000000006,1.4200000000000004,31.07299644819675,7.523300652478663,6.045192235338828,16.540545215735317,1.7786244890927199,2.0882376091605286,0.8076686739163341,0.009246517262556528,0.13744666170748285,0.04563814711362654,1,Bar-dominant,True
1.6800000000000006,1.4200000000000004,43.78989710851285,9.49014134299007,7.274133242689754,15.190555118806978,2.1439169185424283,2.293039944920722,0.8008670832562552,0.009531394489589054,0.1384740747481679,0.05112744750598784,1,Bar-dominant,True
1.7000000000000006,1.4200000000000004,57.86257997944766,7.87404474467644,6.264347655534982,13.599005065612298,2.1612124580740244,2.302736742907036,0.7928772456375863,0.009849470528454914,0.1393991878766262,0.05787409595733256,1,Bar-dominant,True
1.7200000000000006,1.4200000000000004,67.6095780187952,4.905322259679917,4.409400877761973,12.80061442422092,2.2207924448968956,2.3361404476710996,0.7838971106722628,0.010198802433325735,0.14023618422159126,0.06566790267282023,1,Bar-dominant,True
1.7400000000000007,1.4200000000000004,71.43637415145463,4.206255804010179,3.972603206053936,13.522669582385387,2.1793790830619533,2.312921917661443,0.7741139918106416,0.010578409787549472,0.14100210890880407,0.07430548949300486,1,Bar-dominant,True
1.7600000000000007,1.4200000000000004,71.87195858494067,4.744213115048128,4.308735055943045,15.290377457424757,2.120319880856052,2.2798101924112832,0.7637167107621197,0.010988236614375415,0.14171764234395365,0.08357741027955132,1,Bar-dominant,True
1.7800000000000007,1.4200000000000004,71.46581109356333,5.541734516530285,4.807050328374471,17.203759526634975,2.04441795298913,2.23725554067852,0.7528912112348829,0.011429013555308717,0.14240578183243544,0.09327399337737295,1,Bar-dominant,True
1.8000000000000007,1.4200000000000004,71.21676378713457,5.662918411350946,4.882769657598278,18.698984972345706,1.5943899343221624,1.9849459334978545,0.7418081007170386,0.011902033279081462,0.14308925243503154,0.10320061356884834,1,Bar-dominant,True
1.8200000000000007,1.4200000000000004,71.22014116040378,5.247114443433289,4.622962877283818,19.592648166919556,1.1736925397269562,1.749080631851388,0.7306080216115824,0.012408859466922058,0.14378738430920407,0.11319573461229139,1,Bar-dominant,True
1.8400000000000007,1.4200000000000004,71.39322142429099,4.519489867549367,4.168321236212435,19.89553558891391,1.1141533045360976,1.715699774616453,0.7193889175982955,0.012950995829310958,0.14451307817029022,0.12314700840210334,1,Bar-dominant,True
1.8600000000000008,1.4200000000000004,71.59144998312658,3.687483156077106,3.64845850861471,19.731062553317305,1.3428322956716867,1.8439093616434983,0.7081977395074509,0.013529545424813832,0.14527034045289663,0.13300237461483863,1,Bar-dominant,True
1.8800000000000008,1.4200000000000004,71.68086457075637,2.971708504762932,3.201221055542911,19.233475786226737,1.6131512197440936,1.9954645064725627,0.6970282480451649,0.014144899954387566,0.14605280361182416,0.14277404838862326,1,Bar-dominant,True
1.9000000000000008,1.4200000000000004,71.58320719068776,2.467298035508913,2.886050277760087,18.510737671791446,1.7883710322485022,2.0937020388693477,0.6858265643478405,0.01479652420337836,0.1468437376850014,0.1525331737637797,1,Bar-dominant,True
1.9200000000000008,1.4200000000000004,71.29585143802386,2.1266740559770954,2.6732182072455855,17.66974037009296,1.8976685839632514,2.1549800508932266,0.6745066605049432,0.015482945354280726,0.1476182746868435,0.16239211945393253,1,Bar-dominant,True
1.9400000000000008,1.4200000000000004,70.8758422645882,1.9007208958380561,2.5320359012382827,16.810568203330973,1.9913134460345452,2.207482333825927,0.6629778015865733,0.01620209947396153,0.14834865271618053,0.17247144622328464,1,Bar-dominant,True
1.9600000000000009,1.4200000000000004,70.39404730636457,1.7828513941541937,2.4583875041748415,15.999821685042615,2.0832799995112765,2.2590436678295447,0.6511829082856433,0.016952165566116412,0.1490127205031807,0.18285220564505955,1,Bar-dominant,True
1.9800000000000009,1.4200000000000004,69.90419194852598,1.7617285230487973,2.4451893012804016,15.271835106282527,2.1815031127913143,2.3141127615298815,0.6391394288013261,0.0177328428706202,0.14960422878239754,0.19352349954565612,1,Bar-dominant,True
2.000000000000001,1.4200000000000004,69.43746204223348,1.8108382854939045,2.475874552618354,14.639524803438505,2.2887044089784028,2.374215501377817,0.6269653771187021,0.018546688018134746,0.15014098245638646,0.20434695240677667,1,Bar-dominant,True
1.0,1.4400000000000004,16.506983577890303,6.458358314349165,5.379784347396859,20.416852737884263,3.9871916761075767,3.3264776659428597,0.06029106660703906,0.5838677251608212,0.08655904417018437,0.2692821640619554,2,Balanced,True
1.02,1.4400000000000004,17.907061436646604,4.989845031380772,4.462213238569463,20.32271252979283,3.054005140870367,2.8032837349751363,0.058870519187690346,0.6506430626930213,0.08631316862465287,0.20417324949463553,2,Balanced,True
1.04,1.4400000000000004,20.760228153058954,3.9580292487100706,3.8175038152423464,19.78578048046963,2.217118082836749,2.334080405163566,0.05781271810989718,0.7056093780402435,0.08707241780622989,0.14950548604362943,2,Balanced,True
1.06,1.4400000000000004,25.949584656713,5.655900542028818,4.878384682528461,18.414269162291326,2.7738257062122855,2.6462002642435167,0.05698698985371046,0.7453206145820173,0.08851537366918667,0.1091770218950856,2,Balanced,True
1.08,1.4400000000000004,34.09127276934304,9.046430841480268,6.996889623860689,15.758137576823618,4.427460294771168,3.5733156351831488,0.056254123473422235,0.7717137822457374,0.09031064874038758,0.08172144554045281,2,Balanced,True
1.1,1.4400000000000004,44.07105144045568,12.123237557398705,8.919370668271933,11.841604040384224,5.437137405678374,4.139394245103722,0.05551531949715311,0.788230190080447,0.09218898669229028,0.06406550373010958,2,Balanced,True
1.12,1.4400000000000004,53.33019104945187,13.512760758757715,9.787586406869252,7.206630267279932,4.955467111791967,3.8693442979891826,0.054723354962193375,0.7975844872150147,0.09396942139500117,0.05372273642779073,2,Balanced,True
1.1400000000000001,1.4400000000000004,57.45909626235782,13.809896742431944,9.973245874287464,4.4053088426694575,5.191700793999803,4.001789446042975,0.0538603611651369,0.8013151474059029,0.09553254167593676,0.049291949753023416,2,Balanced,True
1.1600000000000001,1.4400000000000004,55.57319013954312,12.365491989211682,9.070738497351194,4.6370191493371165,4.933439083243145,3.8569942153285943,0.05290938111523193,0.7998216797596257,0.0967752154998216,0.050493723625320744,2,Balanced,True
1.1800000000000002,1.4400000000000004,47.915906576503986,11.809803579862601,8.723527725856972,7.4360797845917705,4.62393563580348,3.683470145703159,0.051830084273484345,0.7922790862853719,0.09756311006982396,0.058327719371319836,2,Balanced,True
1.2000000000000002,1.4400000000000004,38.81408481163167,10.013457435101522,7.601116820213349,11.10461069973768,4.1727246948051295,3.4304973294413332,0.05054284861079966,0.7763525320915574,0.09769169626418774,0.07541292303345523,2,Balanced,True
1.2200000000000002,1.4400000000000004,30.695148348793005,9.17413080157282,7.076680385945242,14.16426909116457,4.051442581984489,3.362500135990002,0.04894289311243932,0.7480058411255948,0.09690338281076273,0.10614788295120317,2,Balanced,True
1.2400000000000002,1.4400000000000004,25.66071786491896,9.264652685676182,7.133241171968214,15.615166350874665,3.845215948342251,3.2468785329649474,0.04700257105742808,0.7021709182683975,0.09508930766018661,0.15573720301398786,2,Balanced,True
1.2600000000000002,1.4400000000000004,22.90692659305114,9.555845398746536,7.315187105800241,16.172457625694317,3.7326335488766547,3.183758860841505,0.045008274567021556,0.6347131011385329,0.09279488331480043,0.2274837409796451,2,Balanced,True
1.2800000000000002,1.4400000000000004,21.379815152206444,9.525599439421692,7.296288523977987,16.481561260255425,3.6677491372039306,3.147381213801247,0.04376721134637592,0.5434827115631721,0.09170537896505605,0.321044698125396,2,Balanced,True
1.3000000000000003,1.4400000000000004,20.32262428417276,8.976854260152548,6.9534160907182105,16.70794621346557,3.4259268481290412,3.011802795940188,0.04429913262908641,0.42715218189431714,0.09404542275634768,0.43450326272024875,4,Expanded,False
1.3200000000000003,1.4400000000000004,19.441883029391686,8.195039267522366,6.464914653240237,16.900976311731963,3.108555663949454,2.833867655261597,0.04672010089853528,0.2932709812169509,0.10014754316897213,0.5598613747155418,4,Expanded,False
1.3400000000000003,1.4400000000000004,18.70655837912769,7.545541705269408,6.059089111660873,17.05075404850262,2.8817056497614204,2.70668348984396,0.049576779610920454,0.17253039781441676,0.1068554919836729,0.6710373305909899,4,Expanded,False
1.3600000000000003,1.4400000000000004,18.109857926261697,7.03409892585744,5.739524335741235,17.153671656227743,2.759414950844042,2.638120829463193,0.051604889280977846,0.09318809353365762,0.11123871917068749,0.743968298014677,4,Expanded,False
1.3800000000000003,1.4400000000000004,17.601184874732958,6.490930809910077,5.400136618782984,17.229435644058828,2.679243028315656,2.5931721919539688,0.053098257795220406,0.0516429136713164,0.11361934845899911,0.781639480074464,4,Expanded,False
1.4000000000000004,1.4400000000000004,17.141403280873043,5.910611326449586,5.037535614019417,17.29553884120823,2.6227526767344718,2.561500700789562,0.05495499286385489,0.03154108750246358,0.11543078229044065,0.7980731373432409,4,Expanded,False
1.4200000000000004,1.4400000000000004,16.74889685733894,5.485838176662824,4.772124620077229,17.34951493931998,2.6051347997127787,2.551623183287724,0.05815515862387593,0.021645202887106085,0.1177311565995237,0.8024684818894943,4,Expanded,False
1.4400000000000004,1.4400000000000004,16.483098659536143,5.303851844949035,4.658414106104544,17.373204496447602,2.607454773034761,2.552923883540283,0.06434701964630558,0.016582042969536824,0.12149010448799845,0.7975808328961591,4,Expanded,False
1.4600000000000004,1.4400000000000004,16.38030813800246,5.186432528815623,4.585046998464559,17.353316282328883,2.572725560213452,2.5334528424469003,0.07778198960660754,0.014050979039772121,0.12829344518989128,0.779873586163729,4,Expanded,False
1.4800000000000004,1.4400000000000004,16.425581936680956,4.96757877007339,4.448300611210753,17.29356717563996,2.4703992008156104,2.476083251059296,0.11261678506523842,0.013112508291448595,0.1406507972055019,0.7336199094378111,4,Expanded,False
1.5000000000000004,1.4400000000000004,16.572968970390058,4.651671621866071,4.250912357642379,17.21124931027395,2.3223759093618046,2.3930935327059215,0.22374144635824608,0.012903527699465957,0.1555608641041836,0.6077941618381044,4,Expanded,False
1.5200000000000005,1.4400000000000004,16.7634985503956,4.332684054606298,4.051599365933469,17.131416013124134,2.1794832054003015,2.3129802941740105,0.5020466850579621,0.010758965679808937,0.14100878623642413,0.3461855630258048,1,Bar-dominant,True
1.5400000000000005,1.4400000000000004,16.930640607803706,4.045354393333924,3.8720671826359707,17.082393389700428,2.0729874966527273,2.253273144116735,0.7041707916448816,0.008706010930222314,0.12095074069737045,0.16617245672752567,1,Bar-dominant,True
1.5600000000000005,1.4400000000000004,17.022077736860915,3.6865842137680755,3.647896822519776,17.087438207519078,1.9748778827201001,2.1982676841782363,0.7755656880788909,0.008366137736344405,0.12083586383753576,0.09523231034722895,1,Bar-dominant,True
1.5800000000000005,1.4400000000000004,17.074700913743918,3.160262670612733,3.319035349114099,17.149421912997536,1.8230899297158012,2.1131672966274486,0.8043342439821287,0.00835667173785115,0.12360012561172103,0.06370895866829906,1,Bar-dominant,True
1.6000000000000005,1.4400000000000004,17.276736771790702,2.572928514727514,2.9520513667980177,17.243638506182332,1.5846602365955071,1.9794909482312244,0.8158977720637633,0.0084176419570155,0.12598316475493881,0.0497014212242823,1,Bar-dominant,True
1.6200000000000006,1.4400000000000004,17.99001384825167,2.349590235855921,2.812502916971554,17.316714734630956,1.310631952305743,1.8258561390690256,0.8193922787711551,0.008527339411206975,0.12792119707954716,0.04415918473809078,1,Bar-dominant,True
1.6400000000000006,1.4400000000000004,19.915394687404124,3.231393625175831,3.3634801012367923,17.262527417247984,1.2210836255274349,1.775650591378803,0.818585239326152,0.00868388884841911,0.12957584942114705,0.04315502240428182,1,Bar-dominant,True
1.6600000000000006,1.4400000000000004,24.37567979334539,5.428107550467477,4.736052794710904,16.90242088363145,1.5449096825874875,1.9572046765971036,0.8151100712019929,0.008884408724696792,0.13104406456855605,0.04496145550475436,1,Bar-dominant,True
1.6800000000000006,1.4400000000000004,33.11399151702081,8.313413264817937,6.538878274281018,16.03838428182787,2.0503090541608118,2.2405584048577136,0.8097291575023976,0.009125177471899866,0.13237266410488632,0.04877300092081617,1,Bar-dominant,True
1.7000000000000006,1.4400000000000004,46.35871287324489,9.660155406809785,7.38036312488733,14.613750688712415,2.265004333394041,2.3609279803506706,0.802845557162903,0.00940268973203788,0.13358471227701257,0.05416704082804658,1,Bar-dominant,True
1.7200000000000006,1.4400000000000004,60.1514096775306,7.207173517212914,5.847666527263591,13.03683713705809,2.023905927771141,2.2257554099965224,0.7947192377876602,0.009714181121357428,0.13469491890719915,0.06087166218378324,1,Bar-dominant,True
1.7400000000000007,1.4400000000000004,69.05701080078299,4.142163735095188,3.9325565606313657,12.38038129740389,1.9368230156542519,2.1769321046977903,0.7855604615165546,0.010057825542998645,0.13571735388619705,0.0686643590542497,1,Bar-dominant,True
1.7600000000000007,1.4400000000000004,72.27468858352987,4.036970341529899,3.8668285758085705,13.22568116906515,1.8551209867770118,2.1311256083090955,0.7755663410025945,0.010432753371421289,0.136668483213599,0.07733242241238521,1,Bar-dominant,True
1.7800000000000007,1.4400000000000004,72.4349173144515,5.073707026939869,4.514612726640893,15.035306246763716,1.8399311461597858,2.1226093769628305,0.7649283914939621,0.01083894649568736,0.13756720823511837,0.0866654537752322,1,Bar-dominant,True
1.8000000000000007,1.4400000000000004,71.87616979711545,6.042234242015333,5.119777556250018,16.963730291601987,1.780643095282647,2.0893693469939674,0.7538254131898736,0.011277037199790918,0.13843304594390762,0.09646450366642785,1,Bar-dominant,True
1.8200000000000007,1.4400000000000004,71.50306284343588,6.141593732540068,5.18186034361781,18.470298521906262,1.4059997847572512,1.8793244106997262,0.7424107398895238,0.01174803844660675,0.13928340454672775,0.10655781711714177,1,Bar-dominant,True
1.8400000000000007,1.4400000000000004,71.40580545065748,5.624399036919188,4.858701598072631,19.363185028370474,1.1086277550287709,1.7126018581138749,0.7307999365891612,0.012253039327404477,0.14013076808328287,0.11681625600015147,1,Bar-dominant,True
1.8600000000000008,1.4400000000000004,71.49758273284061,4.786120968691683,4.334920338828989,19.662521617346528,1.1173990022548956,1.7175194851288846,0.7190628185961025,0.012792904335601266,0.1409804378721102,0.12716383919618598,1,Bar-dominant,True
1.8800000000000008,1.4400000000000004,71.62202053891221,3.873133412114207,3.7644583523081354,19.50002651980784,1.32708585867035,1.8350810728047926,0.707222120970908,0.013368022559806765,0.14182934860177593,0.13758050786750936,1,Bar-dominant,True
1.9000000000000008,1.4400000000000004,71.64231143859476,3.099542338470411,3.281095465874107,19.007418765398914,1.5478324462474349,1.958843333125885,0.695260365778636,0.013978168998463535,0.14266644280352997,0.14809502241937053,1,Bar-dominant,True
1.9200000000000008,1.4400000000000004,71.48843065091697,2.545614410739591,2.9349846960545527,18.293244099286724,1.6897292998926634,2.0383982450832545,0.6831360689749331,0.014622563607089798,0.14347510362795715,0.15876626379002,1,Bar-dominant,True
1.9400000000000008,1.4400000000000004,71.16827067746382,2.174556916395097,2.703136853428181,17.470471798739464,1.7967368847546379,2.0983923800747837,0.6708093433936533,0.01530022455479299,0.14423800292160666,0.16965242912994702,1,Bar-dominant,True
1.9600000000000009,1.4400000000000004,70.74084948760692,1.9471200299012308,2.5610274707288356,16.63935650742674,1.9039744862121921,2.1585154745854283,0.6582738601315477,0.016010668025664067,0.14494409047151344,0.18077138137127483,1,Bar-dominant,True
1.9800000000000009,1.4400000000000004,70.2702489967975,1.841688325187526,2.4951505819586037,15.861894322403018,2.014204573059292,2.2203163153292227,0.6455867912140963,0.01675486514800887,0.14559616274632114,0.19206218089157365,1,Bar-dominant,True
2.000000000000001,1.4400000000000004,69.80131933296585,1.827270621258869,2.4861419684622232,15.168068525848417,2.131647074475179,2.286160818714434,0.632883615679586,0.017536150260166354,0.14621601532014242,0.2033642187401053,1,Bar-dominant,True
1.0,1.4600000000000004,15.782056828462213,7.607470052098157,6.097783798679734,20.443288673926943,4.724418907802264,3.73980640441287,0.060480378130290315,0.48038199564253176,0.0844217493550742,0.3747158768721037,2,Balanced,True
1.02,1.4600000000000004,16.387300409348846,6.5540494438268695,5.439575032845969,20.597337851969467,3.984029169269585,3.324704596656278,0.058772980962596845,0.5642861761528065,0.08334578112112985,0.2935950617634668,2,Balanced,True
1.04,1.4600000000000004,17.891197402338157,5.102050707648661,4.532322707774768,20.49811370335314,3.000667568145824,2.7733798590743373,0.05748885410688912,0.6427868041124793,0.08342152129530218,0.2163028204853293,2,Balanced,True
1.06,1.4600000000000004,20.93773165862176,3.9097112904739952,3.7873133069036444,19.91157695525406,2.036894417394007,2.233037447066842,0.05658013664233934,0.7044568612397502,0.08442116539424069,0.15454183672366978,2,Balanced,True
1.08,1.4600000000000004,26.486815558353015,5.364862495230608,4.696535388818436,18.390640284683197,2.5202408661871547,2.504027135638693,0.05591666834156732,0.7474831776121469,0.08602539434156392,0.11057475970472185,2,Balanced,True
1.1,1.4600000000000004,35.18805672786509,8.702851409759013,6.782210898246776,15.443506826967702,4.199181070477723,3.4453301786784736,0.05532311277237978,0.775555929529602,0.08785503431960846,0.0812659233784098,2,Balanced,True
1.12,1.4600000000000004,45.69651433443961,11.596927878693856,8.590516608130487,11.161597924040407,5.082226135409429,3.940412138498896,0.05468279229565816,0.7928808691150914,0.08962135274585527,0.0628149858433952,2,Balanced,True
1.1400000000000001,1.4600000000000004,55.006588654772955,12.544485606172438,9.182579073458017,6.37089721583421,4.565312884928332,3.6506031182479095,0.053955346701174405,0.8025011039786742,0.09116559951209746,0.052377949808053895,2,Balanced,True
1.1600000000000001,1.4600000000000004,58.31403372101763,12.509299223578276,9.160593567118374,4.050817051710014,4.812897507438094,3.7894122062563595,0.05313745826832953,0.806179868142886,0.0924072831947739,0.048275390394010624,2,Balanced,True
1.1800000000000002,1.4600000000000004,55.42829259747997,10.89735022360969,8.153399523708266,4.744714336627896,4.4193092988165725,3.5687457539710254,0.05222366541669337,0.8044848886150748,0.09328050426433666,0.05001094170389518,2,Balanced,True
1.2000000000000002,1.4600000000000004,47.72079159970794,10.729226810105063,8.04835097648814,7.649390875116971,4.263359509891351,3.4813120201777776,0.051180969234118356,0.7967237596526516,0.09368364607187461,0.05841162504135538,2,Balanced,True
1.2200000000000002,1.4600000000000004,38.550448710787336,9.228055429970526,7.1103741098262905,11.328460739236244,4.020103980081123,3.344930051444486,0.049937599588364856,0.7807288047375956,0.09344934138375185,0.07588425429028768,2,Balanced,True
1.2400000000000002,1.4600000000000004,30.62600991800098,9.179440951870694,7.079998326990358,14.215673582961227,4.0787299145263045,3.3777988637781684,0.04840257020736971,0.7527325692050211,0.09237239491351341,0.10649246567409577,2,Balanced,True
1.2600000000000002,1.4600000000000004,25.781732052426413,9.50219150921736,7.28166254767798,15.5186049496013,3.817671614992764,3.2314357168753,0.0465666457462993,0.7079379136788986,0.0904024548516352,0.155092985723167,2,Balanced,True
1.2800000000000002,1.4600000000000004,23.0977842903269,9.724631061568221,7.420649446240505,16.067258524040568,3.665767825761983,3.1462703853841605,0.044729147662913825,0.6420698553339709,0.08810380537567897,0.22509719162743638,2,Balanced,True
1.3000000000000003,1.4600000000000004,21.502906020922286,9.448470410260084,7.248095995090852,16.409530986501682,3.5004830935836853,3.053602986646641,0.04370847150910835,0.5520155221070022,0.08710924477005184,0.31716676161383756,2,Balanced,True
1.3200000000000003,1.4600000000000004,20.32751066902651,8.722414955319172,6.794434787809385,16.67528284450197,3.204995523302985,2.887936962106367,0.04454971511712054,0.4350346230109572,0.08955823481107549,0.4308574270608468,2,Balanced,True
1.3400000000000003,1.4600000000000004,19.358878807526104,7.9161909756388695,6.290681883713647,16.89079520634548,2.930007430725412,2.7337640334448903,0.04734832198848336,0.29853230426218696,0.09566940585692635,0.5584499678924033,4,Expanded,False
1.3600000000000003,1.4600000000000004,18.555326946437155,7.208838253245916,5.848706704227206,17.052649635784086,2.7624714687273153,2.639834475712939,0.05055066422619487,0.17528137063394073,0.10220579388825775,0.6719621712516066,4,Expanded,False
1.3800000000000003,1.4600000000000004,17.86462102507145,6.519977527457722,5.418285878402967,17.176795147948646,2.66582665194817,2.585650258850569,0.05288626126196763,0.09470522274575643,0.10636847316481843,0.7460400428274575,4,Expanded,False
1.4000000000000004,1.4600000000000004,17.24664601094055,5.9055615518053,5.034380363485815,17.28201321073475,2.625013633501212,2.562768313227024,0.054751620476447944,0.052622169505901026,0.10862778208474153,0.7839984279329095,4,Expanded,False
1.4200000000000004,1.4600000000000004,16.731522603546427,5.6052973389247285,4.846766284710103,17.36422965461818,2.652828282482763,2.578362682615826,0.057168864703082835,0.03222676398212158,0.11045224856582825,0.8001521227489673,4,Expanded,False
1.4400000000000004,1.4600000000000004,16.388039902675963,5.6017597841692615,4.844555914482502,17.403211249329477,2.705176513740314,2.6077118811486613,0.06132689558193406,0.022161237064635672,0.11293162398487702,0.8035802433685533,4,Expanded,False
1.4600000000000004,1.4600000000000004,16.24261035637857,5.59748794655106,4.841886742316662,17.388315216224704,2.7058286487953787,2.6080775026938694,0.06938446275576872,0.01702045645480023,0.11712546108981943,0.7964696196996116,4,Expanded,False
1.4800000000000004,1.4600000000000004,16.264889544909945,5.42224761074259,4.732391328755242,17.326378491109377,2.6230437741945236,2.56166390548516,0.08708771924086335,0.014484699416051943,0.12469341762783018,0.7737341637152545,4,Expanded,False
1.5000000000000004,1.4600000000000004,16.403413702346132,5.097689166703699,4.529597486282066,17.233278819898587,2.477640627183023,2.4801431792557707,0.13358148584136492,0.013524879644101618,0.13738814076589526,0.7155054937486383,4,Expanded,False
1.5200000000000005,1.4600000000000004,16.604607654444244,4.732610215640116,4.30148521666757,17.128722076215958,2.3240312757674855,2.394021619025512,0.27514617003372455,0.01284361267551585,0.14730438944285734,0.5647058278479022,4,Expanded,False
1.5400000000000005,1.4600000000000004,16.80704971183581,4.41966337653005,4.105946652940167,17.03676709540775,2.218415480846894,2.3348077953897706,0.5520286607212517,0.010150023157982526,0.12711297566529808,0.31070834045546775,1,Bar-dominant,True
1.5600000000000005,1.4600000000000004,16.941602295729346,4.1210485365380585,3.9193631517750203,16.98440095497574,2.1610699607363646,2.3026568513318493,0.7147923605670533,0.008499277548411427,0.11329316066779543,0.1634152012167398,1,Bar-dominant,True
1.5800000000000005,1.4600000000000004,16.990726187772616,3.707472286995902,3.660948316663692,16.988404149915922,2.078505672117644,2.2563669263395205,0.7767991181493746,0.00823110141709854,0.1144982464149412,0.10047153401858565,1,Bar-dominant,True
1.6000000000000005,1.4600000000000004,17.06106838747568,3.152273064719758,3.3140432039130063,17.041616387354168,1.88482953553047,2.1477817984905334,0.8043388052565356,0.008224973250085406,0.11756501776577369,0.0698712037276053,1,Bar-dominant,True
1.6200000000000006,1.4600000000000004,17.376740496630184,2.613681174716647,2.977514850068873,17.11212725762764,1.5553897758147675,1.963080373433101,0.8163882211720377,0.008285489287792576,0.12021089527304143,0.05511539426712829,1,Bar-dominant,True
1.6400000000000006,1.4600000000000004,18.32991064063283,2.6685320721820935,3.011787334622648,17.134098707763396,1.2336654496900237,1.7827046301950575,0.820518259675019,0.008393528271169818,0.12240269873997703,0.048685513313834194,1,Bar-dominant,True
1.6600000000000006,1.4600000000000004,20.68274614571393,4.029529019009809,3.8621790144902697,16.99219432127011,1.3244967919772888,1.8336295045174986,0.8201605554710678,0.008547201586679041,0.12429240551523425,0.046999837427018895,1,Bar-dominant,True
1.6800000000000006,1.4600000000000004,25.79281677354357,6.554356416069674,5.439766838302873,16.524414551641634,1.8742468957099006,2.141848608588333,0.8169232944732019,0.008744045768230499,0.12597812332876887,0.04835453642979873,1,Bar-dominant,True
1.7000000000000006,1.4600000000000004,35.28463980535746,9.263086637483285,7.132262658124656,15.563157778877615,2.362352006624687,2.4155062558667835,0.8116059406282334,0.008980796655990211,0.12751083573231142,0.05190242698346495,1,Bar-dominant,True
1.7200000000000006,1.4600000000000004,48.92477325745445,9.869682179527222,7.511281731753961,14.07526062698193,2.364186373455008,2.4165346993307137,0.8046537554867891,0.009254336858501359,0.12891749653070492,0.05717441112400461,1,Bar-dominant,True
1.7400000000000007,1.4600000000000004,62.27538066886059,6.566977123712967,5.447652634666277,12.537777164615397,1.9027078671337059,2.1578053406629074,0.7963628133816455,0.009562226029343148,0.130215743478937,0.06385921711007438,1,Bar-dominant,True
1.7600000000000007,1.4600000000000004,70.30766670343294,3.581880042233225,3.5824745182830124,12.041764646938772,1.6884179371737609,2.037663025499688,0.78697043861339,0.00990289393482556,0.1314213103774881,0.07170535707429633,1,Bar-dominant,True
1.7800000000000007,1.4600000000000004,72.99142396252623,4.148207775319828,3.9363330580965505,12.988734806693525,1.6059899694316575,1.9914495292304673,0.7766895745796262,0.010275626753996995,0.13255068204066658,0.08048411662571024,1,Bar-dominant,True
1.8000000000000007,1.4600000000000004,72.94715263415085,5.5229024942954545,4.7952835165084275,14.804559519664759,1.6794238624013917,2.032620469528413,0.7657149714645344,0.010680419545323526,0.13362082136087935,0.08998378762926278,1,Bar-dominant,True
1.8200000000000007,1.4600000000000004,72.27658921338671,6.51815267994702,5.417145658989732,16.720320454926597,1.6465910090543507,2.014212628267439,0.7542167363345488,0.011117744943226548,0.13464734279842125,0.1000181759238034,1,Bar-dominant,True
1.8400000000000007,1.4600000000000004,71.79508052734363,6.584014880751341,5.458298335865543,18.227101776996097,1.4032911539298811,1.8778058084089722,0.7423308701619473,0.011588284418593544,0.1356422271029935,0.11043861831646559,1,Bar-dominant,True
1.8600000000000008,1.4600000000000004,71.60209412290259,5.999007378276034,5.09276811632706,19.122352427667032,1.2597713381365387,1.797340977679717,0.7301527040299187,0.012092669004239377,0.1366119220234063,0.12114270494243562,1,Bar-dominant,True
1.8800000000000008,1.4600000000000004,71.61174981263751,5.0829090589947885,4.520362432042965,19.427912982162887,1.2972688361317926,1.8183640664586438,0.7177365636705038,0.012631279002778153,0.13755645326801377,0.13207570405870436,1,Bar-dominant,True
1.9000000000000008,1.4600000000000004,71.66099186313504,4.102907060451928,3.908027813837546,19.276127771115544,1.4326586090188413,1.8942707633674205,0.7051032895553047,0.013204158678726928,0.1384700104604332,0.14322254130553522,1,Bar-dominant,True
1.9200000000000008,1.4600000000000004,71.61404952385998,3.270970685752901,3.3882090347636487,18.793955618133985,1.5660181351057394,1.969039196098462,0.6922559796624002,0.01381110890012984,0.13934333084155173,0.1545895805959183,1,Bar-dominant,True
1.9400000000000008,1.4600000000000004,71.40958147389958,2.66652231160813,3.010531575985857,18.09297959488236,1.6585830071445147,2.0209359792632346,0.6792026875346721,0.014452012446320876,0.1401679288124584,0.16617737120654866,1,Bar-dominant,True
1.9600000000000009,1.4600000000000004,71.0633784108072,2.267002936776536,2.7608998974618135,17.29296003467889,1.7564218110048104,2.075789608693107,0.6659820660644754,0.015127397458133055,0.14094163118307598,0.17794890529431556,1,Bar-dominant,True
1.9800000000000009,1.4600000000000004,70.6332276269251,2.035911927775022,2.6165073095099043,16.49319611495348,1.8696549369559954,2.1392741126429033,0.6526844486178667,0.015839138476349386,0.1416739807987267,0.18980243210705725,1,Bar-dominant,True
2.000000000000001,1.4600000000000004,70.17519058505147,1.9341883075296966,2.5529473430424785,15.750706612384999,1.98745388183176,2.2053184571615856,0.6394589110308795,0.016591063279706306,0.1423893155440828,0.20156071014533145,1,Bar-dominant,True
1.0,1.4800000000000004,15.509657805028251,8.328514759341115,6.548314140633261,20.296983127861548,5.283647793314168,4.053339816944694,0.06081203634360029,0.3496305357051693,0.08286069154293214,0.5066967364082983,4,Expanded,False
1.02,1.4800000000000004,15.619137242577768,7.672583845166694,6.13846884797332,20.60367977000147,4.746583275203191,3.7522329258745803,0.05897706396299063,0.4377861637165472,0.08109146908435956,0.42214530323610255,2,Balanced,True
1.04,1.4800000000000004,16.297307237860487,6.6922317184141775,5.525915459169575,20.76366086293907,3.9940550043324987,3.3303256122407627,0.057483312981138866,0.5380758716874994,0.08046573846998746,0.32397507686137433,2,Balanced,True
1.06,1.4800000000000004,17.935846371863118,5.252717897742047,4.626464083464914,20.64959717258444,2.971443517180754,2.756995304083593,0.056326869513776974,0.6298109685839288,0.08075737618062863,0.23310478572166562,2,Balanced,True
1.08,1.4800000000000004,21.221419710744776,3.895778177039104,3.7786074800703804,19.995738260526355,1.9097437216149586,2.1617500143425676,0.055564852773431976,0.6997588277903826,0.08188422870321656,0.1627920907329689,2,Balanced,True
1.1,1.4800000000000004,27.20035871781723,5.018843558922482,4.480332387629541,18.296063373979273,2.329804003343276,2.3972581166803097,0.05505662461263684,0.7475297687046712,0.08352356606290282,0.11389004061978907,2,Balanced,True
1.12,1.4800000000000004,36.53091871701922,8.147354479281258,6.435119768489756,15.027271221604485,3.9898063774789856,3.3279436063922323,0.05458012080932909,0.7781312335332161,0.08524180916205949,0.08204683649539526,2,Balanced,True
1.1400000000000001,1.4800000000000004,47.621206643917354,10.64936881166517,7.998453305811907,10.349543530784539,4.605272891374486,3.6730068200423687,0.05401370605572847,0.7965942485392512,0.08675848194922842,0.06263356345579195,2,Balanced,True
1.1600000000000001,1.4800000000000004,56.686464126287376,11.545999340007967,8.558694930890693,5.584141378006457,4.256332672299391,3.47737240184512,0.053336655578292855,0.8065749264330547,0.08796396561179212,0.05212445237686033,2,Balanced,True
1.1800000000000002,1.4800000000000004,59.07572673099944,11.320273324361482,8.417654551569594,3.776684563136371,4.422668181126827,3.570628921776392,0.05256408606130879,0.8102608183612717,0.0888276351967837,0.048347460380635726,2,Balanced,True
1.2000000000000002,1.4800000000000004,55.002605487552124,10.415818731434682,7.85252421646064,4.969972333341575,4.138885120023921,3.411525066679787,0.05170049688169852,0.808468440983118,0.08932057164882391,0.05051049048635961,2,Balanced,True
1.2200000000000002,1.4800000000000004,47.5804072123391,9.725507097510542,7.421196819751042,7.85309006190724,4.028740361992185,3.3497720658014964,0.050717962402569254,0.8006613069035012,0.08937058075492321,0.05925014993900629,2,Balanced,True
1.2400000000000002,1.4800000000000004,38.23731836728641,8.995058534047024,6.964790666608316,11.551261726754657,4.052969563998681,3.363356243201535,0.04955046622697306,0.7848274341767437,0.08884289360020133,0.07677920599608187,2,Balanced,True
1.2600000000000002,1.4800000000000004,30.489905096976635,9.474293113894838,7.264230794198129,14.265693819566959,4.167781221898697,3.4277257559939183,0.048116136499670226,0.7573809265928186,0.08757296661375738,0.1069299702937538,2,Balanced,True
1.2800000000000002,1.4800000000000004,25.791919390496624,9.81044594568405,7.474269157607971,15.453239344639986,3.799891365889406,3.2214671649612856,0.046415016486359185,0.713593428710358,0.08554438128685643,0.1544471735164264,2,Balanced,True
1.3000000000000003,1.4800000000000004,23.133046974843786,9.79133775787818,7.462329789216783,16.011745354286692,3.5606351035414243,3.087327397958897,0.04475189208303952,0.6488281549315418,0.08331221803566594,0.22310773494975272,2,Balanced,True
1.3200000000000003,1.4800000000000004,21.445717070223168,9.206629707488668,7.096986676315735,16.391636265046447,3.286632947952844,2.933707237934215,0.043959285475996056,0.5590103509361217,0.08244017327629952,0.3145901903115827,2,Balanced,True
1.3400000000000003,1.4800000000000004,20.159389824773292,8.28952191691663,6.523950244116476,16.690675456197738,2.9687675986608286,2.755495042049665,0.04510850440982304,0.44041954408932965,0.08495880347252147,0.42951314802832585,2,Balanced,True
1.3600000000000003,1.4800000000000004,19.098953675908167,7.3441085575329605,5.9332276442388565,16.926268650674793,2.7375675677407285,2.625872026233006,0.04825799151391279,0.30110980693720607,0.09094581437559132,0.5596863871732898,4,Expanded,False
1.3800000000000003,1.4800000000000004,18.189748053808945,6.457602182633903,5.379311893640779,17.111152189857773,2.61309794120836,2.5560877433136207,0.05176581373404139,0.17607406495722286,0.0971563418245587,0.675003779484177,4,Expanded,False
1.4000000000000004,1.4800000000000004,17.393191311258054,5.816818667640152,4.978931149938791,17.26201415665907,2.5939309029534803,2.545341683752195,0.05439989357259079,0.09506592606083479,0.10102650051621373,0.7495076798503607,4,Expanded,False
1.4200000000000004,1.4800000000000004,16.751171849761004,5.693620167073127,4.901953034669274,17.37339422951979,2.677266647516347,2.5920641279170002,0.05667233326842246,0.05292188276360332,0.10316005136837075,0.7872457325996035,4,Expanded,False
1.4400000000000004,1.4800000000000004,16.329952792423082,5.888907285093408,5.023974278535294,17.42750491344219,2.7810469562585327,2.6502488805228293,0.05973007642022397,0.032475416340967095,0.10500255370049486,0.8027919535383141,4,Expanded,False
1.4600000000000004,1.4800000000000004,16.133665586913075,6.004039395070257,5.09591227122376,17.420797479224365,2.817163116184734,2.670497517820672,0.06499509082072084,0.022361979413714886,0.10761945718240383,0.8050234725831604,4,Expanded,False
1.4800000000000004,1.4800000000000004,16.115411464616308,5.895853927158731,5.028314748680462,17.364255543247843,2.7599123808085273,2.6383997151186036,0.07520962025559616,0.017193727750662406,0.11205145751068434,0.7955451944830572,4,Expanded,False
1.5000000000000004,1.4800000000000004,16.220858157141556,5.601685058647295,4.8445092237369405,17.272410145950687,2.627697694316148,2.564273140263953,0.09779026391429475,0.01462913364133459,0.11971588022651236,0.7678647222178583,4,Expanded,False
1.5200000000000005,1.4800000000000004,16.403597993297797,5.2163144240144295,4.603718102110289,17.159742196553175,2.467130192275267,2.474250471262324,0.15697521085970134,0.013501434104697035,0.13091441672451815,0.6986089383110835,4,Expanded,False
1.5400000000000005,1.4800000000000004,16.61545545470313,4.843518976004044,4.370784333949025,17.044179463959914,2.343651063013504,2.4050215137157904,0.32349322519795354,0.012205908333877018,0.13417669355414677,0.5301241729140227,4,Expanded,False
1.5600000000000005,1.4800000000000004,16.789336210842013,4.5204401412396145,4.1689149956926945,16.95208729679022,2.291428482431367,2.3757427616246005,0.5808580055670117,0.00944451510727207,0.11380810609460214,0.2958893732311141,1,Bar-dominant,True
1.5800000000000005,1.4800000000000004,16.873642246389345,4.163043262412636,3.9456027150343655,16.909562843596184,2.252817303613164,2.3540952842313922,0.7165149125352579,0.00820855459172793,0.10566180394003499,0.1696147289329792,1,Bar-dominant,True
1.6000000000000005,1.4800000000000004,16.915127899691505,3.6866878147959588,3.6479615555467992,16.921584520491127,2.116911503504911,2.2778992750574325,0.7746269849961641,0.008023342814914557,0.10812872668127613,0.10922094550764522,1,Bar-dominant,True
1.6200000000000006,1.4800000000000004,17.059242561109038,3.0936675526556745,3.277424723636587,16.967503975756077,1.8128351202707813,2.1074179058440707,0.803077522988584,0.008040329781944815,0.11167017917570227,0.07721196805376893,1,Bar-dominant,True
1.6400000000000006,1.4800000000000004,17.5409118977851,2.644654234520075,2.9968677460604987,17.003416333653085,1.39152787874215,1.8712106916192086,0.8165007060170553,0.008112723743331567,0.11467159752926344,0.06071497271034977,1,Bar-dominant,True
1.6600000000000006,1.4800000000000004,18.784197154571576,3.1747693276970903,3.328099543207983,16.957245635470763,1.1885121435094657,1.7573892887657148,0.8216137246184609,0.008226860681177759,0.1171567860006597,0.053002628699701654,1,Bar-dominant,True
1.6800000000000006,1.4800000000000004,21.596846607963368,5.120675772599122,4.54396020652727,16.72460304593842,1.6154760610820968,1.9967679359934323,0.8218050359073589,0.008383035710637888,0.11929489614732927,0.05051703223467401,1,Bar-dominant,True
1.7000000000000006,1.4800000000000004,27.3486248003845,7.883718647641036,6.27039220002284,16.16781663835681,2.271351218853801,2.3644863814073784,0.8187873368403464,0.00858031554218524,0.12119848324403595,0.05143386437343232,1,Bar-dominant,True
1.7200000000000006,1.4800000000000004,37.52818339389338,10.2635068269052,7.757355173900651,15.129793019648513,2.623990142729737,2.562194489945379,0.8134598117395707,0.008816474072232218,0.1229291770137571,0.05479453717443999,1,Bar-dominant,True
1.7400000000000007,1.4800000000000004,51.40122564991223,10.007834208282695,7.597603259575402,13.59758360160366,2.4117356357373576,2.4431933409942412,0.8063417964452204,0.009089103716314334,0.12452107330714851,0.06004802653131669,1,Bar-dominant,True
1.7600000000000007,1.4800000000000004,64.16267018171229,5.959843501991986,5.068297352729135,12.133845966305119,1.824144038679432,2.1137582860936757,0.7977807352637473,0.009396260226450837,0.12599618279574662,0.0668268217140553,1,Bar-dominant,True
1.7800000000000007,1.4800000000000004,71.33088552756115,3.2591807013904748,3.380842299201937,11.810914116953933,1.5175315676117653,1.9418550513552506,0.7880459470988926,0.009736696672891114,0.12737215698804394,0.07484519924017236,1,Bar-dominant,True
1.8000000000000007,1.4800000000000004,73.56713862838538,4.444051137162011,4.1211848566557325,12.836204618185917,1.4952900875843285,1.9293852964598515,0.7773649746496204,0.010109848608102457,0.1286650174320167,0.08386015931026049,1,Bar-dominant,True
1.8200000000000007,1.4800000000000004,73.39711271093074,5.999400713933489,5.093013884233649,14.623764550434498,1.6948639645207313,2.0412770107635554,0.7659324417810904,0.01051568135422805,0.1298890959825436,0.09366278088213785,1,Bar-dominant,True
1.8400000000000007,1.4800000000000004,72.6635104390694,6.931328185124702,5.6753100970122965,16.49294123662188,1.6785939684957467,2.03215518693122,0.7539083059452192,0.01095447728859647,0.13105580125080332,0.10408141551538108,1,Bar-dominant,True
1.8600000000000008,1.4800000000000004,72.08997874957427,6.965631524100558,5.696743851235434,17.984543231123695,1.5280763185934445,1.9477669987621837,0.7414151925160998,0.011426625146958528,0.1321723625750596,0.1149858197618821,1,Bar-dominant,True
1.8800000000000008,1.4800000000000004,71.8029074141024,6.3538129197272015,5.3144612517336265,18.887034652951208,1.4892961217931782,1.9260247609120889,0.7285399854155046,0.011932465440193288,0.133241330540815,0.1262862186034871,1,Bar-dominant,True
1.9000000000000008,1.4800000000000004,71.72854774067585,5.39757513139936,4.716975224256188,19.20908464772217,1.540043945259596,1.9544766858433698,0.7153418884887708,0.012472242105138762,0.13426131762940227,0.13792455177668822,1,Bar-dominant,True
1.9200000000000008,1.4800000000000004,71.7027408816666,4.371222311803817,4.075679223977057,19.075776464804644,1.6102592531354674,1.9938431164063097,0.7018670535293614,0.013046205169828701,0.13522919549783768,0.1498575458029722,1,Bar-dominant,True
1.9400000000000008,1.4800000000000004,71.59246673252728,3.4896552009155277,3.5248496735568846,18.609062443764067,1.664777875368752,2.0244091513844356,0.6881678816279672,0.01365489087475774,0.13614362428798626,0.16203360320928883,1,Bar-dominant,True
1.9600000000000009,1.4800000000000004,71.34396052193348,2.8393203012052695,3.1185009384401736,17.92578116253039,1.716988276377267,2.053681074959825,0.6743228353375454,0.014299560287565958,0.13700928879337626,0.17436831558151233,1,Bar-dominant,True
1.9800000000000009,1.4800000000000004,70.97813724535368,2.41180687619256,2.851377738413965,17.152182994277716,1.8093720607963857,2.1054763307878863,0.6604505354669663,0.01498270271313188,0.137840629319383,0.18672613250051878,1,Bar-dominant,True
2.000000000000001,1.4800000000000004,70.54917369725825,2.169537950075424,2.7000008528590884,16.385544569678267,1.9235934368200285,2.16951490021191,0.6467116473762995,0.015708434477825012,0.13866351731550886,0.1989164008303666,1,Bar-dominant,True
1.0,1.5000000000000004,15.557832978295995,8.707709678023338,6.785246489854954,20.036232635592203,5.66453252395723,4.266884024823852,0.061301758220731105,0.22355875816480303,0.08206998494333324,0.6330694986711326,4,Expanded,False
1.02,1.5000000000000004,15.329367589049784,8.336495099931184,6.553300496595428,20.43191464619878,5.310208199974639,4.068230991478478,0.05957519735710536,0.2938171156723058,0.07977671826031314,0.5668309687102757,4,Expanded,False
1.04,1.5000000000000004,15.489888890485043,7.776487659781459,6.203391065220652,20.747249110467713,4.774165078284294,3.7676967494856997,0.058137755101917904,0.3943439260359805,0.07872943632611056,0.46878888253599105,4,Expanded,False
1.06,1.5000000000000004,16.268156826767928,6.845824665501605,5.621884935511119,20.905448699464433,4.008683985040353,3.3385273957359,0.05675840103479057,0.5104705086274215,0.07832002462093329,0.35445106571685464,2,Balanced,True
1.08,1.5000000000000004,18.076123881696187,5.390318252928204,4.712440909107235,20.764712435115957,2.9601658695807105,2.7506724559100117,0.055602576889124275,0.6155867190731602,0.07853817867587037,0.25027252536184513,2,Balanced,True
1.1,1.5000000000000004,21.66456887365974,3.828803157299784,3.7367594805740985,20.019451485588547,1.8541767395531992,2.130596213168706,0.05489121754161715,0.6944103702234135,0.07953558681569714,0.1711628254192722,2,Balanced,True
1.12,1.5000000000000004,28.174232431737334,4.555734768579508,4.190968136593439,18.102495994118364,2.2523522657799084,2.3538345593250183,0.05445770545348209,0.747302892251474,0.08097520305786914,0.11726419923717483,2,Balanced,True
1.1400000000000001,1.5000000000000004,38.18179861505771,7.535225667486644,6.052643342094592,14.487538005871906,3.8371664848375424,3.2423655762363772,0.05403729585628429,0.7804318260866581,0.08238743122956609,0.0831434468274915,2,Balanced,True
1.1600000000000001,1.5000000000000004,49.819895752849355,9.64152821758206,7.368724298822732,9.396610086381513,4.007091639352907,3.337634642177832,0.05351186384499136,0.7999102243943776,0.08352305346485481,0.06305485829577621,2,Balanced,True
1.1800000000000002,1.5000000000000004,58.100168277687736,10.897102289131464,8.153244606815964,4.952317741588346,4.056129250898899,3.3651277314812416,0.05287822447290079,0.8102029230790668,0.08432409303284379,0.05259475941518858,2,Balanced,True
1.2000000000000002,1.5000000000000004,59.403573259173506,10.29616025560655,7.777758014738394,3.6780902372517366,4.0619157631469385,3.3683719575553726,0.0521614931222741,0.8139577644442177,0.0847977987721123,0.04908294366139591,2,Balanced,True
1.2200000000000002,1.5000000000000004,54.80173827226764,9.926122146398326,7.546547114494945,5.149706891444078,3.9611308677732224,3.311866592763175,0.05136840124926834,0.8122079202625551,0.08493830837132704,0.05148537011684954,2,Balanced,True
1.2400000000000002,1.5000000000000004,47.36057071737014,8.944378040310541,6.933123975286529,8.08093461079839,3.9508951609880802,3.306127911945422,0.05047109881407267,0.8045293971045602,0.0846918133037035,0.06030769077766372,2,Balanced,True
1.2600000000000002,1.5000000000000004,37.791834280721716,9.113064485340042,7.0385243214767925,11.799654428238489,4.207479751351314,3.4499828598993796,0.049405115715233774,0.7889995031974246,0.08394528390195931,0.07765009718538227,2,Balanced,True
1.2800000000000002,1.5000000000000004,30.202262899575135,9.780118561728777,7.455319699236425,14.344111883803247,4.245854740423214,3.471497916777335,0.04809174088340084,0.7620867500153006,0.08255930751799635,0.10726220158330221,2,Balanced,True
1.3000000000000003,1.5000000000000004,25.62823960443655,9.947815642248267,7.560101860830734,15.442831531120977,3.739642276708466,3.1876883258808566,0.04653359796145265,0.7189479948034965,0.0805320059732579,0.15398640126179303,2,Balanced,True
1.3200000000000003,1.5000000000000004,22.965421326244627,9.566628990057511,7.321925016822982,16.019566642412926,3.3735662901535126,2.9824466863946117,0.04504111763825007,0.6544588875922045,0.07839797533911132,0.22210201943043417,2,Balanced,True
1.3400000000000003,1.5000000000000004,21.17593211385549,8.626236184752434,6.734339409593812,16.435545397116663,3.000227650796593,2.7731332180453956,0.04447283556357865,0.5636881588350633,0.077654437085807,0.31418456851555104,2,Balanced,True
1.3600000000000003,1.5000000000000004,19.773534311560166,7.44147234246055,5.994063454940585,16.764399903596747,2.6814175424190085,2.594391340043572,0.04593084464581302,0.44240702749894295,0.08021231771678658,0.4314498101384574,2,Balanced,True
1.3800000000000003,1.5000000000000004,18.59340149156278,6.314304776447361,5.28977537979945,17.026183608348873,2.5100060151431944,2.4982889345948927,0.04941688137730309,0.3001195169287434,0.08598849894402942,0.5644751027499241,4,Expanded,False
1.4000000000000004,1.5000000000000004,17.59163090739129,5.6570013666981795,4.879072510772309,17.231676169571905,2.517478044077978,2.5024781508373883,0.05320548251404028,0.17417594941374748,0.09178535905173671,0.6808332090204755,4,Expanded,False
1.4200000000000004,1.5000000000000004,16.817059488680123,5.738850057155884,4.9302140254799856,17.373801181635926,2.664055482080818,2.5846572469603197,0.0561394970601871,0.093761834925192,0.09533732312552015,0.7547613448891007,4,Expanded,False
1.4400000000000004,1.5000000000000004,16.315761871473583,6.120854532295209,5.168901869775203,17.44310833533377,2.818100154776101,2.671022871418879,0.05885583786754913,0.05222720465745786,0.0973533069684994,0.7915636505064936,4,Expanded,False
1.4600000000000004,1.5000000000000004,16.058945959436727,6.352057162812666,5.313364202195439,17.447044458951137,2.8893251956297834,2.7109554119136927,0.06262370587562183,0.03209314575271795,0.09919981244457102,0.8060833359270893,4,Expanded,False
1.4800000000000004,1.5000000000000004,15.983671733534669,6.3338705970806455,5.3020006908959285,17.40107495038752,2.862354851941548,2.6958344049113667,0.06911057900258907,0.022115336124901595,0.10185363186696084,0.8069204530055485,4,Expanded,False
1.5000000000000004,1.5000000000000004,16.035143264526823,6.114272293011033,5.164789089408422,17.318590610808478,2.7541588095207703,2.6351739574962227,0.08168241292021189,0.016993460179737876,0.1062154399958503,0.7951086869041999,4,Expanded,False
1.5200000000000005,1.5000000000000004,16.17345603955122,5.767795515660523,4.948300015415284,17.21041505940986,2.600974160834932,2.549290508171184,0.10951421899034307,0.014385653967974402,0.11323209235837087,0.7628680346833117,4,Expanded,False
1.5400000000000005,1.5000000000000004,16.363369935927984,5.373293125562746,4.701803099306105,17.089669029665966,2.4618895588110226,2.4713122938247096,0.18158001866250606,0.01300961902026103,0.12171212159135553,0.6836982407258774,4,Expanded,False
1.5600000000000005,1.5000000000000004,16.551942718750105,4.989862048727499,4.462223871517688,16.978933104481293,2.3882703367244154,2.430037448181457,0.36500356123371835,0.011223535313983275,0.11941022500280019,0.5043626784494982,4,Expanded,False
1.5800000000000005,1.5000000000000004,16.67782879631735,4.601194670353108,4.21937284560177,16.90548715221403,2.35580185552373,2.4118338932966665,0.5961907857755603,0.008751073775293624,0.1023596496334225,0.29269849081572363,1,Bar-dominant,True
1.6000000000000005,1.5000000000000004,16.74635655842044,4.152713048430604,3.9391480877539387,16.88004471181455,2.2670121468982183,2.3620536672313044,0.7145690057453085,0.007869457533523378,0.09859118996652717,0.178970346754641,1,Bar-dominant,True
1.6200000000000006,1.5000000000000004,16.84503935888258,3.5886907774060024,3.586730069728746,16.890786976137775,2.028887339690307,2.2285482540693264,0.7718661801270339,0.007768492487906059,0.10214666327417062,0.11821866411088947,1,Bar-dominant,True
1.6400000000000006,1.5000000000000004,17.11677783384934,2.9399287660497846,3.1813641223932674,16.909499573265744,1.6229043882810499,2.0009326507219263,0.8021666012309977,0.00781864528672986,0.10618175476937036,0.08383299871290203,1,Bar-dominant,True
1.6600000000000006,1.5000000000000004,17.806588011460274,2.7398923323053856,3.0563753637313704,16.890811837208965,1.2223712537547662,1.7763725041459124,0.8171601650990582,0.007909534651435644,0.10953369110090927,0.0653966091485969,1,Bar-dominant,True
1.6800000000000006,1.5000000000000004,19.36921894488255,3.9856707760066854,3.8347750698815752,16.77146143641345,1.3583240123719167,1.852594840753815,0.8231736200923145,0.008034230897088232,0.11229058435950631,0.056501564651090894,1,Bar-dominant,True
1.7000000000000006,1.5000000000000004,22.644059967324985,6.474993808463985,5.390178702666137,16.466218227038652,2.027375547598345,2.227700663134896,0.8237399713332891,0.008196401644566472,0.11465126218362394,0.053412364838520424,1,Bar-dominant,True
1.7200000000000006,1.5000000000000004,29.008880247145804,9.29333499048212,7.151162735586155,15.847881339450073,2.6284267485720934,2.5646818867981707,0.820752411149531,0.00839722676413423,0.11674816735691823,0.05410219472941649,1,Bar-dominant,True
1.7400000000000007,1.5000000000000004,39.78285049114053,11.210092462669019,8.348810247192343,14.753118442403395,2.7891285373597547,2.654779844081694,0.8152391503340409,0.008635792026827283,0.11865530740828516,0.057469750230846633,1,Bar-dominant,True
1.7600000000000007,1.5000000000000004,53.71467037688571,9.993541930511784,7.588673016101257,13.199039446175314,2.396327453209251,2.434554695577118,0.8078022273146535,0.008910521576984125,0.12041395890181533,0.06287329220654715,1,Bar-dominant,True
1.7800000000000007,1.5000000000000004,65.76309208428388,5.43661589122897,4.741369061003725,11.8449271937159,1.7736364264731996,2.0854410363519027,0.798838652019668,0.009219997338895572,0.12204963905096802,0.06989171159046843,1,Bar-dominant,True
1.8000000000000007,1.5000000000000004,72.11996899593066,3.1385541538845314,3.3054712172834146,11.694197908576621,1.392595626871834,1.871809327926269,0.7886427325888876,0.009563265439472963,0.12358058310912541,0.07821341886251398,1,Bar-dominant,True
1.8200000000000007,1.5000000000000004,74.00132534959755,4.786984060063629,4.335459624184022,12.773685028178516,1.4717009618570946,1.9161599798148936,0.777448721209253,0.00993985562516102,0.12502102779380267,0.08759039537178333,1,Bar-dominant,True
1.8400000000000007,1.5000000000000004,73.7812414023966,6.436894406891827,5.366373054769264,14.502061091862931,1.8111819600558403,2.1064910564321746,0.7654464236080818,0.010349669423100564,0.12638192201547713,0.09782198495334049,1,Bar-dominant,True
1.8600000000000008,1.5000000000000004,73.03590438693223,7.26989333490225,5.886855748995604,16.286935200532337,1.8094734294669526,2.1055331634480545,0.7527874031066408,0.010792837188222345,0.12767080600386876,0.10874895370126803,1,Bar-dominant,True
1.8800000000000008,1.5000000000000004,72.39101836423498,7.27478444212891,5.889911859371596,17.74041007120018,1.6695980118423335,2.0271115758774902,0.7395908120643631,0.011269612351581117,0.12889193388410033,0.12024764169995554,1,Bar-dominant,True
1.9000000000000008,1.5000000000000004,72.01225235827766,6.67253077473176,5.513605719142516,18.652348476062187,1.672303390567889,2.028628354867256,0.725952749534464,0.01178035221781854,0.13004722992158776,0.13221966832612975,1,Bar-dominant,True
1.9200000000000008,1.5000000000000004,71.85174089259546,5.714189527370425,4.914805387422741,19.002139883395238,1.7435791308224766,2.0685893201387415,0.7119597742368295,0.012325618587983188,0.13113828184252438,0.1445763253326629,1,Bar-dominant,True
1.9400000000000008,1.5000000000000004,71.75084129458341,4.668046044867715,4.261143587856148,18.897430116288724,1.788512754756705,2.0937814960339907,0.6977048206610501,0.012906408133370899,0.13216919695633977,0.1572195742492392,1,Bar-dominant,True
1.9600000000000009,1.5000000000000004,71.58060231228549,3.7528627981208764,3.6893096683152056,18.45469447909665,1.8051910483008609,2.1031322331392817,0.6833018616161097,0.01352448409078602,0.13314973561963506,0.17002391867346922,1,Bar-dominant,True
1.9800000000000009,1.5000000000000004,71.29343676065295,3.0649796559242475,3.2594996660160165,17.79696310334726,1.8474646706926927,2.126833070903519,0.6688945546485133,0.014182730402876332,0.1340977703786823,0.18282494456992798,1,Bar-dominant,True
2.000000000000001,1.5000000000000004,70.91271620075413,2.60868231652106,2.9743914136583256,17.055345941920695,1.9475103827474565,2.1829240102708463,0.6546546981690432,0.01488540804292274,0.13504001628427778,0.19541987750375625,1,Bar-dominant,True
1.0,1.5200000000000005,15.871390918218463,8.819633778552072,6.855180022099939,19.691711329751303,5.873566189368297,4.384079398933284,0.0620517740022266,0.13135684563232683,0.08244078834416105,0.7241505920212855,4,Expanded,False
1.02,1.5200000000000005,15.386316426584807,8.644337804179937,6.745649843896517,20.14316584444338,5.687081819111717,4.279526357226804,0.06058961551996379,0.17380402494484015,0.07958905323552706,0.686017306299669,4,Expanded,False
1.04,1.5200000000000005,15.193325665077756,8.380562066370008,6.580834857861944,20.54623698178777,5.338085459793899,4.083860463828011,0.05947771179498578,0.24729063570749255,0.07831175759156263,0.614919894905959,4,Expanded,False
1.06,1.5200000000000005,15.429874749143465,7.88476979559575,6.271048988766623,20.863216611006596,4.79493416692915,3.7793410035768256,0.058321661475551664,0.357396918135764,0.07771483928677289,0.5065665811019114,4,Expanded,False
1.08,1.5200000000000005,16.335380747643693,6.9684582758753955,5.698510090458804,21.011701669474313,4.017023569216761,3.3432030095206424,0.05683473913308632,0.4871445494173421,0.0771022763143915,0.37891843513518014,2,Balanced,True
1.1,1.5200000000000005,18.358613266126547,5.469896301976675,4.76216365901395,20.828296243939658,2.9658261416876943,2.7538459050567536,0.055468391596474945,0.6043954377889934,0.07683821353184266,0.26329795708268905,2,Balanced,True
1.12,1.5200000000000005,22.335175088577422,3.7424663280654458,3.6828136422545015,19.96037941818681,1.9150545989991072,2.1647275742521668,0.05462946820155441,0.6912154297354604,0.07734139639782091,0.17681370566516436,2,Balanced,True
1.1400000000000001,1.5200000000000005,29.45128244824794,4.397307286460407,4.091977897878733,17.79432973151486,2.3796440448723257,2.4252010908473656,0.05413861921761571,0.7483377592643303,0.07828994348210504,0.11923367803594895,2,Balanced,True
1.1600000000000001,1.5200000000000005,40.03636794241366,7.38611939587099,5.959477275048238,13.845766556974741,3.75957100845465,3.198861431265234,0.053699404543269186,0.7832672692758611,0.0792077366486137,0.08382558953225598,2,Balanced,True
1.1800000000000002,1.5200000000000005,52.08411458498106,9.101580077368725,7.031348519202014,8.366193032602514,3.52498994046854,3.0673428265105454,0.05318840777501101,0.8033660313796939,0.07987234673271147,0.06357321411258367,2,Balanced,True
1.2000000000000002,1.5200000000000005,59.16114547924851,10.428646873106485,7.860539623821614,4.499089113097503,3.887699516817696,3.2706970776533946,0.052600819558270534,0.8138586958715384,0.08025020223234561,0.05329028233784545,2,Balanced,True
1.2200000000000002,1.5200000000000005,59.0247806902121,9.715127615519124,7.414711408341846,3.832243936497084,3.835411372975074,3.2413815673164676,0.05195561331997643,0.8177265093750955,0.08035905170515455,0.0499588255997735,2,Balanced,True
1.2400000000000002,1.5200000000000005,54.861588376543764,8.855650064354911,6.8776840768355925,5.266374945801427,3.8032329260934246,3.22334062107396,0.051252458243970386,0.8161177920097332,0.08019745430801768,0.05243229543827866,2,Balanced,True
1.2600000000000002,1.5200000000000005,46.97929335894297,8.588735776285132,6.7109080305399775,8.359652157821769,4.029168023246815,3.3500118354129125,0.05045852824680184,0.8086451966121885,0.07971758842684037,0.06117868671416927,2,Balanced,True
1.2800000000000002,1.5200000000000005,37.15951446787339,9.385701856265825,7.208876321454952,12.096376384931972,4.416818651444637,3.5673493647819696,0.049506538128585825,0.7933864433910309,0.07881669287493745,0.07829032560544584,2,Balanced,True
1.3000000000000003,1.5200000000000005,29.727773101806584,9.912925644429937,7.538301544581337,14.468044844766515,4.262376193865786,3.4807607209922744,0.048315593279237956,0.7667347377870865,0.07736700209457525,0.10758266683910035,2,Balanced,True
1.3200000000000003,1.5200000000000005,25.267612711488283,9.738721544826548,7.4294536024556415,15.497476935046626,3.589022962194163,3.103243139131167,0.046887508152409246,0.7235924947823522,0.07536980664542327,0.15415019041981523,2,Balanced,True
1.3400000000000003,1.5200000000000005,22.570428872990817,8.873076398919471,6.888572572918433,16.09681167072952,3.06345848702181,2.808583782872329,0.04554594825159125,0.6583207614153205,0.07334236653426339,0.22279092379882487,2,Balanced,True
1.3600000000000003,1.5200000000000005,20.656310014206543,7.4931397095437635,6.0263467743048516,16.548787259837887,2.6072002711015547,2.5527811962405362,0.04519720205668248,0.5653336824965784,0.07273430706908382,0.3167348083776553,2,Balanced,True
1.3800000000000003,1.5200000000000005,19.119577869573032,6.099932433411143,5.155829115381559,16.908054762738935,2.3458063195820613,2.4062298650086653,0.04698406378324611,0.44035708891025527,0.07533923345578915,0.4373196138507095,2,Balanced,True
1.4000000000000004,1.5200000000000005,17.870823761540162,5.4314515626129785,4.738142233715553,17.18102599579076,2.375290476579845,2.422760249254961,0.05082423177750216,0.2950519109638049,0.08089328165236778,0.5732305756063252,4,Expanded,False
1.4200000000000004,1.5200000000000005,16.948635635658597,5.716599395866277,4.916311145479895,17.358783964810208,2.5910104848465694,2.5437043422650127,0.054893525085106316,0.16920891343669464,0.08626275148730288,0.6896348099908962,4,Expanded,False
1.4400000000000004,1.5200000000000005,16.357454075589548,6.2558608588400215,5.2532578685824,17.44547446647821,2.796587477026576,2.65896172178543,0.058132546508955996,0.09053958703168408,0.08949911226842787,0.7618287541909321,4,Expanded,False
1.4600000000000004,1.5200000000000005,16.02836341093466,6.596756604913461,5.4662597469766325,17.46228310245362,2.905220911658186,2.7198673945028253,0.06131512202661894,0.050383298248460946,0.09139236036309145,0.7969092193618287,4,Expanded,False
1.4800000000000004,1.5200000000000005,15.883150682596783,6.685383455971747,5.521636459561114,17.429633576309776,2.9126578316212544,2.7240369267912232,0.06583483522760737,0.03098645260545339,0.0931961691071662,0.809982543059773,4,Expanded,False
1.5000000000000004,1.5200000000000005,15.866504447086182,6.573097954428073,5.451477113131228,17.360740182911716,2.836595755011923,2.681392487168347,0.07361515455613338,0.021362063817448106,0.09575523554212458,0.809267546084294,4,Expanded,False
1.5200000000000005,1.5200000000000005,15.943376551464292,6.318631464820692,5.292478824360907,17.264954990058367,2.70708933123685,2.6087843082223996,0.0886827783608219,0.01638531475784484,0.09976510612052605,0.7951668007608071,4,Expanded,False
1.5400000000000005,1.5200000000000005,16.0871835436245,5.97708801585188,5.079072241786745,17.153303495661568,2.57254996411175,2.5333543939467953,0.12205210831612248,0.013762876963581437,0.1056697620098933,0.7585152527104028,4,Expanded,False
1.5600000000000005,1.5200000000000005,16.26031091559205,5.588163413365466,4.836060494536929,17.04362211819041,2.480067317606894,2.48150371078314,0.20672703106065196,0.012165484295393896,0.11119545149557673,0.6699120331483774,4,Expanded,False
1.5800000000000005,1.5200000000000005,16.409311012799442,5.144155345917034,4.558630947591704,16.957101830853496,2.4280887432640026,2.4523617615482607,0.3990578656077246,0.010140111254354042,0.10557457764376221,0.48522744549415914,4,Expanded,False
1.6000000000000005,1.5200000000000005,16.52080065394581,4.637767188535511,4.24222445099781,16.902877582239697,2.3586002370668737,2.4134028146051296,0.6045201680643316,0.00810727358164548,0.0929498482438266,0.29442271011019633,1,Bar-dominant,True
1.6200000000000006,1.5200000000000005,16.640674843164696,4.0679932542165975,3.886212621375697,16.876004264227138,2.1886933705321105,2.3181440018768313,0.7123331685214611,0.007508419958301239,0.09234457146388916,0.1878138400563485,1,Bar-dominant,True
1.6400000000000006,1.5200000000000005,16.84429615557844,3.3779970489698354,3.455082313956752,16.863127812083288,1.8557836520545892,2.1314971336562802,0.7703336930885227,0.007487131603833015,0.0967799610736334,0.12539921423401085,1,Bar-dominant,True
1.6600000000000006,1.5200000000000005,17.27248781275667,2.7344686021452818,3.0529864545844765,16.837414575935714,1.4078409502905538,1.880356665877611,0.8025511194369651,0.007573166649917087,0.10123628876387206,0.08863942514924579,1,Bar-dominant,True
1.6800000000000006,1.5200000000000005,18.191045855538796,3.121990660530451,3.2951218502472255,16.75966156848598,1.2219969254269205,1.7761626358056364,0.8187653866525887,0.007684472314524426,0.10487001371621507,0.06868012731667178,1,Bar-dominant,True
1.7000000000000006,1.5200000000000005,20.077570293477613,5.151304216269042,4.563097776030937,16.582219936508892,1.7234158521668625,2.05728471530071,0.8252755101660335,0.00782160906250318,0.10783927306448399,0.059063607706979354,1,Bar-dominant,True
1.7200000000000006,1.5200000000000005,23.79718204076905,7.98886622229158,6.336091555814562,16.23203519586197,2.439323298833124,2.4586604500407923,0.8258741214964148,0.007992074648749382,0.11037697861583669,0.055756825238999115,1,Bar-dominant,True
1.7400000000000007,1.5200000000000005,30.7348730248327,10.663516471154095,8.007293187449427,15.574385966351338,2.8945276208625064,2.7138721677875677,0.8226538395924287,0.008199200411952753,0.11263410667771136,0.056512853317907216,1,Bar-dominant,True
1.7600000000000007,1.5200000000000005,41.984283904588025,11.99910781814366,8.841810687162004,14.438205023872538,2.859294704334769,2.6941187236458575,0.8167610581080886,0.008443300536098626,0.11469402033889901,0.0601016210169137,1,Bar-dominant,True
1.7800000000000007,1.5200000000000005,55.81203936622397,9.817098125603872,7.478425638979942,12.882242174496394,2.3359108414994845,2.400681934470306,0.8088624074590403,0.008723523995374387,0.11660205835501353,0.0658120101905718,1,Bar-dominant,True
1.8000000000000007,1.5200000000000005,67.05787359086291,5.042118910184666,4.494875524633258,11.666728080693774,1.7399698545319264,2.0665657681701934,0.799385944913918,0.009038867502667062,0.11838441275227736,0.07319077483113758,1,Bar-dominant,True
1.8200000000000007,1.5200000000000005,72.69489736235724,3.1284551994649905,3.299161087908211,11.673677000893395,1.282122920885378,1.8098724620080273,0.788635515358962,0.009388571133320613,0.12005762407756979,0.08191828943014759,1,Bar-dominant,True
1.8400000000000007,1.5200000000000005,74.31133223755906,5.088448527179109,4.523823657775923,12.785400198624599,1.4763571910021311,1.9187705091548382,0.7768427410680362,0.009772203349137679,0.12163279344180782,0.09175226214101828,1,Bar-dominant,True
1.8600000000000008,1.5200000000000005,74.10186270717865,6.802852635485158,5.595034723335269,14.431356054431996,1.9634986595965136,2.1918878873717222,0.7641916111469359,0.010189628011520032,0.12311742231400534,0.10250133852753873,1,Bar-dominant,True
1.8800000000000008,1.5200000000000005,73.39096264750788,7.545410949754714,6.059007411696701,16.09893661295883,2.001326672997973,2.2130962806402543,0.7508331853280408,0.010640962746440719,0.1245165786605396,0.11400927326497887,1,Bar-dominant,True
1.9000000000000008,1.5200000000000005,72.70265479489504,7.519713476397572,6.042950860219882,17.485259344070894,1.8286836340284627,2.116303424333437,0.736898298407988,0.01112659049197962,0.1258342639313583,0.12614084716867402,1,Bar-dominant,True
1.9200000000000008,1.5200000000000005,72.24046443374388,6.948805551150736,5.686230479081619,18.399206689063142,1.8081874254898367,2.1048121613218758,0.7225107628920506,0.01164725557855408,0.12707529676900614,0.13876668476038914,1,Bar-dominant,True
1.9400000000000008,1.5200000000000005,71.99292661343168,6.020402650129742,5.1061365233725775,18.78605506677667,1.8895990164298964,2.15045582277852,0.7078003897505628,0.012204248039391137,0.12824760361547188,0.15174775859457418,1,Bar-dominant,True
1.9600000000000009,1.5200000000000005,71.81560053967696,4.982615270001789,4.457695866992365,18.723604387105212,1.9421387087823712,2.1799123645692124,0.6929132848276276,0.012799647994993868,0.1293644578403971,0.16492260933698147,1,Bar-dominant,True
1.9800000000000009,1.5200000000000005,71.58662839345293,4.053890161975334,3.8774005866901446,18.3192084687779,1.9664725687416582,2.19355521877572,0.6780162347740447,0.013436568641846683,0.1304459813432199,0.17810121524088865,1,Bar-dominant,True
2.000000000000001,1.5200000000000005,71.26389719022633,3.3395550775725504,3.431062618166723,17.700679734560833,2.031992038687748,2.230288913210459,0.6632928468188757,0.0141193150958413,0.13151923289473982,0.19106860519054322,1,Bar-dominant,True
1.0,1.5400000000000005,16.41594893820084,8.726430432220388,6.79694377811642,19.272902055651123,5.941523324681172,4.422179778031242,0.06285577874402562,0.07598499038356098,0.08409128113518229,0.7770679497372311,4,Expanded,False
1.02,1.5400000000000005,15.731010736928237,8.67503174631028,6.76482833880117,19.76988578714458,5.887600316891821,4.39194767614205,0.06168338193631529,0.09709817520179695,0.08035668281314777,0.76086176004874,4,Expanded,False
1.04,1.5400000000000005,15.273823711185605,8.612522284261876,6.725770553577723,20.22499456275505,5.707590288149283,4.291024494125197,0.06092053448268802,0.13809276686916336,0.07861544635567862,0.72237125229247,4,Expanded,False
1.06,1.5400000000000005,15.139619865132252,8.421303945242178,6.606291604767824,20.628685371429988,5.351623077214844,4.091450371104804,0.06037302985831899,0.2128969645994789,0.07813211245896812,0.648597893083234,4,Expanded,False
1.08,1.5400000000000005,15.472418349846995,7.954341824190816,6.314519677225299,20.94217235373796,4.7955563724645005,3.7796898450437966,0.0593936468693632,0.3300144402004719,0.07768898235114043,0.5329029305790245,4,Expanded,False
1.1,1.5400000000000005,16.534898307798514,7.034364868450845,5.739690504643583,21.071938725211005,4.013489915360824,3.3412218555050663,0.05765513826779399,0.47118058926065953,0.07654387647778346,0.39462039599376303,2,Balanced,True
1.12,1.5400000000000005,18.827451086457256,5.53623362737176,4.803613207972999,20.82648999093633,3.0026280833375845,2.7744790280091296,0.05589362628052601,0.5987384036259199,0.07543653757703143,0.2699314325165227,2,Balanced,True
1.1400000000000001,1.5400000000000005,23.25460074831178,4.039403845645514,3.8683491021092844,19.810233805741785,2.1447797522511913,2.2935236953208973,0.054745360556097425,0.6916916953410935,0.07510515110387572,0.17845779299893333,2,Balanced,True
1.1600000000000001,1.5400000000000005,30.918169918352895,5.095840601795141,4.528442447527866,17.400709728833395,2.6908777481277952,2.5996952337729056,0.054073797551492796,0.7514227330549943,0.07532284869552827,0.11918062069798463,2,Balanced,True
1.1800000000000002,1.5400000000000005,41.98211526124568,7.434197886173485,5.989518156645465,13.108649088725254,3.566945354069475,3.090865259527295,0.053561161287111664,0.7871357704053028,0.07562907857866162,0.08367398972892388,2,Balanced,True
1.2000000000000002,1.5400000000000005,54.05389803608538,9.178521575926979,7.079423873348102,7.458915903270489,3.497495969999048,3.051928246526076,0.053055300886255284,0.8073960912048638,0.07579696810009495,0.06375163980878602,2,Balanced,True
1.2200000000000002,1.5400000000000005,59.81464181937586,9.826013689759462,7.483996350653404,4.228283323175774,3.68283400698377,3.155838592921322,0.052524135844307755,0.8179493577015894,0.07577723515251245,0.053749271301590455,2,Balanced,True
1.2400000000000002,1.5400000000000005,58.87919833384365,9.468948265528,7.2608911727596634,3.9498619613607557,3.801486456993701,3.222361457745842,0.0519654587502189,0.8219166539141546,0.07557127052334901,0.05054661681227753,2,Balanced,True
1.2600000000000002,1.5400000000000005,54.85619520235773,8.192525624849482,6.4633440539672815,5.418279300062608,3.851321900768395,3.2503018541676307,0.05136515880069721,0.8204485201837736,0.07516738451411548,0.053018936501413746,2,Balanced,True
1.2800000000000002,1.5400000000000005,46.32761704295074,8.637532706348734,6.741397814830744,8.73215124145899,4.206868171732479,3.4496399758855243,0.050681879311609085,0.8131148946787241,0.074514322635125,0.06168890337454175,2,Balanced,True
1.3000000000000003,1.5400000000000005,36.30293854747141,9.56950482659405,7.323721925676475,12.460229233000785,4.604841922196996,3.6727651958337213,0.04984181203684237,0.7979032588480517,0.07351054119564554,0.07874438791946038,2,Balanced,True
1.3200000000000003,1.5400000000000005,29.0584102468629,9.707016616785328,7.4096434132558056,14.6460611400389,4.173312155087956,3.4308266908745018,0.04875769915781095,0.7710171009302419,0.07203059146582742,0.10819460844611976,2,Balanced,True
1.3400000000000003,1.5400000000000005,24.688901246979704,8.989291334645895,6.961187147586257,15.623676948115474,3.293626045598121,2.9376279398609135,0.04743112216306814,0.7270249410226273,0.07007604643692886,0.15546789037737577,2,Balanced,True
1.3600000000000003,1.5400000000000005,21.90729485377281,7.493015906263311,6.026269418304986,16.251613968780998,2.585251842299415,2.540475741425291,0.04621576749265149,0.6598600293976544,0.06816332395452818,0.22576087915516593,2,Balanced,True
1.3800000000000003,1.5400000000000005,19.855608839067283,5.828500344702595,4.986230211853631,16.735503150061515,2.133265605771203,2.2870682533153266,0.04609905776798628,0.563547370705647,0.06772609639532766,0.32262747513103907,2,Balanced,True
1.4000000000000004,1.5400000000000005,18.2854095525176,5.136382553905863,4.553774274201621,17.093361539135415,2.1443743310445207,2.2932963946614833,0.04827533626033956,0.4340909886098207,0.07044537331221998,0.44718830181761976,4,Expanded,False
1.4200000000000004,1.5400000000000005,17.179398104631936,5.597430891071653,4.8418510923432425,17.317330332252183,2.4309568250663953,2.453969760523674,0.052527805013403976,0.2858487132625342,0.07583580595026282,0.585787675773799,4,Expanded,False
1.4400000000000004,1.5400000000000005,16.47498235143025,6.263612864302762,5.258101553914075,17.427692289460815,2.6957533001345917,2.602428727156868,0.056888828000439234,0.16115724450496594,0.08080149359622257,0.7011524338983722,4,Expanded,False
1.4600000000000004,1.5400000000000005,16.05704653747936,6.708799882270217,5.5362677444753565,17.460554281581903,2.8493395900222467,2.688537357869852,0.060420899902974556,0.08540167955241819,0.08371806435632596,0.7704593561882813,4,Expanded,False
1.4800000000000004,1.5400000000000005,15.831089351536468,6.912177708216428,5.663344305122569,17.442698324891932,2.896961307717434,2.715236621885751,0.06406574340292703,0.047403736007400284,0.08546153000162811,0.8030689905880446,4,Expanded,False
1.5000000000000004,1.5400000000000005,15.738358734676172,6.922328016593505,5.66968652198946,17.3893244150068,2.8600858799341933,2.694562298704346,0.06935523139292708,0.029177322614707107,0.08716852252957732,0.8142989234627885,4,Expanded,False
1.5200000000000005,1.5400000000000005,15.744931606061858,6.786340390768541,5.58471737798363,17.310706831543065,2.7681723706025823,2.6430307040655308,0.0784877103113848,0.02013472850980486,0.08953923078697282,0.8118383303918375,4,Expanded,False
1.5400000000000005,1.5400000000000005,15.829134279923755,6.54790334224595,5.435734764386721,17.217280601274553,2.6613740408118707,2.58315388857999,0.09620666816543143,0.015422590419114791,0.09306122535150027,0.7953095160639535,4,Expanded,False
1.5600000000000005,1.5400000000000005,15.964998470112812,6.232165176103671,5.23845209587678,17.121883192432303,2.5742537885439956,2.534309648409569,0.13545042336506868,0.012856092170435752,0.09775611662735291,0.7539373678371427,4,Expanded,False
1.5800000000000005,1.5400000000000005,16.1100042162442,5.8036186813006445,4.970683402885686,17.037748087466177,2.5077797706351577,2.497040783693145,0.23215690959084637,0.011132832329004293,0.10074265207035552,0.6559676060097939,4,Expanded,False
1.6000000000000005,1.5400000000000005,16.247298559436448,5.229121827064512,4.611720551358898,16.968569860702445,2.4333746484784293,2.455325320733302,0.4268388100059372,0.009104189485712113,0.09383739483775522,0.4702196056705955,4,Expanded,False
1.6200000000000006,1.5400000000000005,16.406358561317226,4.579534632645079,4.205839004915749,16.910566765792453,2.3047139448767564,2.383191297430746,0.6102671609520984,0.0075221345532954405,0.08538376745346511,0.296826937041141,1,Bar-dominant,True
1.6400000000000006,1.5400000000000005,16.615408864294004,3.866353918475744,3.760222321509314,16.862502316298066,2.0528079321582395,2.241959408572529,0.7118185670336817,0.007144767813889709,0.08701598072591063,0.1940206844265179,1,Bar-dominant,True
1.6600000000000006,1.5400000000000005,16.9385506239314,3.0578619743257227,3.25505232524465,16.814092212690106,1.6500288487157526,2.016140063757095,0.7709344658192193,0.007194173299185582,0.0921106959223897,0.12976066495920538,1,Bar-dominant,True
1.6800000000000006,1.5400000000000005,17.534848414872563,2.670414888748348,3.012963774839058,16.740859094080957,1.2777248903386051,1.8074066925145817,0.8044665228143996,0.007313284259971776,0.0968607738967455,0.09135941902888314,1,Bar-dominant,True
1.7000000000000006,1.5400000000000005,18.686879021704243,3.9503150635711575,3.8126837611824302,16.61542699348017,1.4626616972456303,1.9110920880198976,0.8211906533328884,0.007443926590752736,0.10067620422247896,0.07068921585387984,1,Bar-dominant,True
1.7200000000000006,1.5400000000000005,20.88483605726316,6.5780363967608935,5.454562799900124,16.404339152336785,2.148782468350408,2.2957678305408344,0.8276536447060953,0.007594314486392723,0.10378865156051234,0.06096338924699968,1,Bar-dominant,True
1.7400000000000007,1.5400000000000005,25.02263934808449,9.520201793425542,7.292915912998444,16.03235888346119,2.783485099970358,2.651615833371683,0.8279250617985667,0.00777534939396308,0.10645980209812965,0.05783978670934058,1,Bar-dominant,True
1.7600000000000007,1.5400000000000005,32.479481350993666,11.895162493115556,8.7768625329644,15.348954353649722,3.067043446381064,2.810593701477778,0.8242479562222611,0.007991977585840908,0.10885084758422599,0.05890921860767206,1,Bar-dominant,True
1.7800000000000007,1.5400000000000005,44.07295864905086,12.539353753920333,9.17937253837528,14.180992965740558,2.8592368154088588,2.694086268039649,0.8178377971904685,0.00824534940769915,0.11104762150722447,0.06286923189460797,1,Bar-dominant,True
1.8000000000000007,1.5400000000000005,57.65655211063015,9.541834308138652,7.306432556492407,12.640201712285064,2.2694544658951745,2.3634229609667416,0.8093884725041692,0.008535078623382816,0.11309452218236297,0.06898192669008499,1,Bar-dominant,True
1.8200000000000007,1.5400000000000005,68.0592399169567,4.786046001097759,4.334873496829614,11.581366684520189,1.72641400597459,2.058965639550128,0.7993334676432463,0.008860409691532256,0.1150149999489265,0.07679112271629493,1,Bar-dominant,True
1.8400000000000007,1.5400000000000005,73.08989365500585,3.1586279910213646,3.318013952315973,11.724155085414473,1.1887705904778334,1.7575341878616846,0.7879718731460865,0.009220695032616709,0.11682199054208728,0.08598544127920947,1,Bar-dominant,True
1.8600000000000008,1.5400000000000005,74.51989498053213,5.3149394995652335,4.66534200499281,12.85058531123509,1.495558020163477,1.9295355136929833,0.7755295274867074,0.009615558202914695,0.11852310646181152,0.0963318078485663,1,Bar-dominant,True
1.8800000000000008,1.5400000000000005,74.36119708966454,7.082582804469539,5.769818516103317,14.39988715888768,2.1272731537512093,2.283708566468067,0.762191320067269,0.010044951628832566,0.12012354801822378,0.10764018028567474,1,Bar-dominant,True
1.9000000000000008,1.5400000000000005,73.71913729295218,7.7732140544763455,6.201345618519888,15.929654243317689,2.2310568694841906,2.3418952292138737,0.7481213719805544,0.010509211794560358,0.1216282392353583,0.11974117698952694,1,Bar-dominant,True
1.9200000000000008,1.5400000000000005,73.02136248490065,7.722719414191212,6.1697950540043145,17.222009931856306,2.0437414641086633,2.2368762650854177,0.7334778749544651,0.011009156569670782,0.123043807827507,0.13246916064835712,1,Bar-dominant,True
1.9400000000000008,1.5400000000000005,72.49427681740556,7.188877099015064,5.83623437685128,18.115785763396964,1.9628587233998633,2.1915291051543933,0.71842431028363,0.011546232529240348,0.12438048600016624,0.1456489711869634,1,Bar-dominant,True
1.9600000000000009,1.5400000000000005,72.16396884889436,6.310479286930381,5.287385099303785,18.536994518027573,2.007032562456309,2.216295305296793,0.7031363307038695,0.01212269125413356,0.1256536706807295,0.1590873073612675,1,Bar-dominant,True
1.9800000000000009,1.5400000000000005,71.90891780743887,5.3047039119629815,4.658946503110311,18.528995272357086,2.069286932156692,2.2511984111320933,0.687802867126015,0.012741750860432692,0.12688471995859973,0.17257066205495258,1,Bar-dominant,True
2.000000000000001,1.5400000000000005,71.62033422493735,4.382164606308709,4.082516297511506,18.181602627237528,2.1353227329826283,2.288221588079177,0.67262067302907,0.013407688409214436,0.12810060576414664,0.18587103279756892,1,Bar-dominant,True
1.0,1.5600000000000005,17.14515406764354,8.472400896286462,6.638218511096266,18.78922478760905,5.916868214824362,4.408356814071366,0.06349951776256829,0.04578860485344842,0.08734120521849102,0.8033706721654923,4,Expanded,False
1.02,1.5600000000000005,16.31600267486595,8.48930332288078,6.648779653778387,19.324357236274317,5.944659903353735,4.423938310611302,0.06254224821291017,0.055300477824649925,0.08210790788306212,0.8000493660793778,4,Expanded,False
1.04,1.5600000000000005,15.661086643007838,8.557261985296911,6.691242262697765,19.81960299139874,5.896112314288575,4.396719953934573,0.06197464510659981,0.07489468036233543,0.07933491492712963,0.7837957596039351,4,Expanded,False
1.06,1.5600000000000005,15.255949559558843,8.573558384453818,6.7014247412750585,20.271040363883067,5.70724458632406,4.290830675322576,0.0618494077971332,0.11433209112719286,0.07843356791560036,0.7453849331600736,4,Expanded,False
1.08,1.5600000000000005,15.195024661997326,8.423300364816251,6.60753902754807,20.67192648335188,5.335394133230597,4.082351563226682,0.06184449027135858,0.1896701307235546,0.07850165292499864,0.6699837260800882,4,Expanded,False
1.1,1.5600000000000005,15.640091883033318,7.973087194530778,6.326232346390572,20.978401766994274,4.767747651912639,3.764098799447524,0.06104916913219408,0.3124449960198278,0.07802358992097093,0.5484822449270071,4,Expanded,False
1.12,1.5600000000000005,16.88657600279918,7.079243976110797,5.767732316083986,21.080705581412936,4.00071595140238,3.334060092915168,0.059010630041724625,0.46345547506308715,0.07613994865435192,0.4013939462408363,2,Balanced,True
1.1400000000000001,1.5600000000000005,19.48286408267942,5.761179458377699,4.944166104549462,20.75848095527042,3.0889310551940876,2.8228650573771197,0.05672167510405042,0.5992811219066635,0.07393189365044517,0.27006530933884093,2,Balanced,True
1.1600000000000001,1.5600000000000005,24.33811687993482,4.927787343967325,4.423437735677096,19.59166800275185,2.4885342286148857,2.486250710751693,0.055133046368664125,0.6960824883763121,0.0725478920522547,0.17623657320276903,2,Balanced,True
1.1800000000000002,1.5600000000000005,32.42867567459864,6.018948685214792,5.1052280425200856,16.95816209101295,2.9813939552782633,2.762574048125119,0.054211276978834974,0.7566752112089914,0.07192546562368436,0.11718804618848921,2,Balanced,True
1.2000000000000002,1.5600000000000005,44.2116591382438,7.321036285574746,5.918811397270307,12.160768176134363,3.150006868337523,2.857107401816264,0.05360996134705761,0.7922231047238495,0.07160688587229075,0.08256004805680212,2,Balanced,True
1.2200000000000002,1.5600000000000005,55.56527835470545,9.295004229473822,7.152205726133314,6.7966452416880445,3.5391345345250245,3.075273037124304,0.0531186789108508,0.8122394375999167,0.07131720404478338,0.06332467944444915,2,Balanced,True
1.2400000000000002,1.5600000000000005,59.58891772568122,9.168780792503021,7.073337539944905,4.274289307630323,3.48342490349502,3.044039259363098,0.0526580248016647,0.8226931139022476,0.07095950988927943,0.053689351406808285,2,Balanced,True
1.2600000000000002,1.5600000000000005,59.18539944325312,8.745317123953638,6.808744749123457,3.9638252635658637,3.792294000036189,3.217207678185971,0.05219647601107594,0.8266699039936612,0.07050346447076712,0.05063015552449567,2,Balanced,True
1.2800000000000002,1.5600000000000005,54.5442260816651,8.22165638768923,6.481545827604512,5.686105603828517,4.062608533101788,3.3687603611834227,0.05170348180287857,0.8252306895276798,0.06991999162224433,0.05314583704719737,2,Balanced,True
1.3000000000000003,1.5600000000000005,45.325791089529154,8.780669203972296,6.830833788179682,9.236195446556028,4.400000763655695,3.557920363729534,0.05112731538569875,0.8178335492894568,0.06914921113243479,0.06188992419240961,2,Balanced,True
1.3200000000000003,1.5600000000000005,35.22420272124281,9.436484018933449,7.240606538571814,12.89382696128595,4.705614938142432,3.729263900387537,0.05038486972135084,0.8022965003190515,0.06808524299450076,0.07923338696509691,2,Balanced,True
1.3400000000000003,1.5600000000000005,28.184167448230703,8.95573272161428,6.940218720451648,14.883938365686125,3.9310427730001414,3.294997608926352,0.04938053099383509,0.7745561280030241,0.06660116876920755,0.10946217223393327,2,Balanced,True
1.3600000000000003,1.5600000000000005,23.844050957010467,7.459093888443045,6.0050739249676095,15.831516711005227,2.795956075128131,2.6586077243489115,0.04812267288390051,0.7288607126929308,0.06470577345493411,0.1583108409682345,2,Balanced,True
1.3800000000000003,1.5600000000000005,20.962558307190072,5.544743213335206,4.808930252305316,16.48173659776906,1.974815955313263,2.198232964385146,0.04702363327147501,0.6589115913546955,0.06294251889027139,0.23112225648355816,2,Balanced,True
1.4000000000000004,1.5600000000000005,18.92779518011899,4.772849415450699,4.326627874631065,16.947323428555798,1.8235126779739494,2.1134043117521193,0.047193634519788225,0.5585189376599888,0.0627619755504422,0.3315254522697807,2,Balanced,True
1.4200000000000004,1.5600000000000005,17.56286063952581,5.354205262759128,4.689876430585439,17.234494436185756,2.156103389740297,2.2998723278687003,0.04987559813698785,0.42395580003540817,0.06571894060653645,0.46044966122106756,4,Expanded,False
1.4400000000000004,1.5600000000000005,16.699711880092593,6.122090654290512,5.169674235843001,17.380418288106757,2.492448042314504,2.4884450025650207,0.05462570074632326,0.27280161992545665,0.07103130855068163,0.6015413707775384,4,Expanded,False
1.4600000000000004,1.5600000000000005,16.166417522909846,6.667669454801413,5.510568220761952,17.435279927347384,2.705712637141565,2.608012460399639,0.05926956560463542,0.1502814195589016,0.07560303275028307,0.7148459820861799,4,Expanded,False
1.4800000000000004,1.5600000000000005,15.846189993363478,6.98669502099323,5.709904955342388,17.434556350862106,2.8048790432225297,2.6636104141402095,0.06304928213236126,0.0785724133360906,0.07817349631578588,0.7802048082157622,4,Expanded,False
1.5000000000000004,1.5600000000000005,15.67100625878263,7.121665932453392,5.7942388257433475,17.39870972505293,2.8178884187027498,2.67090416093136,0.06713051853124777,0.04345933244480043,0.07973601481207813,0.8096741342118736,4,Expanded,False
1.5200000000000005,1.5600000000000005,15.602034162222097,7.111411263018841,5.787831400960169,17.34096857476529,2.776533510945142,2.6477184033818144,0.07320339735049107,0.02679588924831962,0.08131775311085565,0.8186829602903337,4,Expanded,False
1.5400000000000005,1.5600000000000005,15.618754079601953,6.991873997598299,5.713140935133119,17.27082134574868,2.714185459113375,2.612762774368426,0.08376723329293574,0.018543512880860112,0.08347815069839565,0.8142111031278085,4,Expanded,False
1.5600000000000005,1.5600000000000005,15.70470303102083,6.786258394747476,5.584666144412342,17.19563549591892,2.6553212299579148,2.5797603613648974,0.1043538187324989,0.014214225550018772,0.08652113286745491,0.7949108228500275,4,Expanded,False
1.5800000000000005,1.5600000000000005,15.825259510897851,6.455253305102252,5.377844244565885,17.12290448815873,2.597888914526206,2.547560755240431,0.14987620668731547,0.011787978411349407,0.09014381006317995,0.7481920048381552,4,Expanded,False
1.6000000000000005,1.5600000000000005,15.958847673322419,5.904870193975642,5.033948382394658,17.0529592449969,2.519407046045285,2.50355965178496,0.2577507359468497,0.010050124984079973,0.09123539911103337,0.6409637399580369,4,Expanded,False
1.6200000000000006,1.5600000000000005,16.137860794419538,5.175790388342544,4.578397470164453,16.977858852968755,2.402521762991116,2.438027554605867,0.4502071932594324,0.008179444224197488,0.08440970367736376,0.4572036588390063,4,Expanded,False
1.6400000000000006,1.5600000000000005,16.376146061453596,4.394060851389001,4.08994942795425,16.900042112543765,2.20812631639059,2.3290391433625546,0.6161569276176361,0.006996372507158044,0.07939196734090583,0.2974547325343001,1,Bar-dominant,True
1.6600000000000006,1.5600000000000005,16.678000835716983,3.542888080192563,3.5581111718564236,16.82407870775409,1.8797027763717684,2.1449074650362006,0.7139333436913284,0.006791012741418857,0.08258355519797707,0.19669208836927568,1,Bar-dominant,True
1.6800000000000006,1.5600000000000005,17.124444803342744,2.7247127461864524,3.046890703409786,16.738539315076693,1.4674997845103148,1.9138045766797682,0.7736951070734662,0.006898508914833114,0.0881082557335645,0.13129812827813617,1,Bar-dominant,True
1.7000000000000006,1.5600000000000005,17.89376600061627,3.0204070859390764,3.2316493885013933,16.625504230236512,1.3438007392619225,1.8444523225519163,0.8075169771151814,0.007044941359964989,0.09300420175215794,0.09243387977269558,1,Bar-dominant,True
1.7200000000000006,1.5600000000000005,19.271709187388037,5.149916112771949,4.562230447366112,16.472374714595208,1.8413097248252823,2.123382281375737,0.8239560950389925,0.007193359304371076,0.09690601639281671,0.07194452926381979,1,Bar-dominant,True
1.7400000000000007,1.5600000000000005,21.758623175810506,8.110388837490675,6.412022527681868,16.250132360946857,2.5384548263592794,2.5142388490112197,0.829905548033905,0.007358481349978751,0.10010913284421269,0.06262683777190357,1,Bar-dominant,True
1.7600000000000007,1.5600000000000005,26.28062629475018,10.934776111244812,8.176784339912851,15.871016813671593,3.0413343457795197,2.7961798143314662,0.829608319278009,0.007553281018836388,0.1028877225527503,0.0599506771504043,1,Bar-dominant,True
1.7800000000000007,1.5600000000000005,34.185267830494425,12.909969435267366,9.410944323000217,15.169664752717134,3.1614584582205225,2.8635277712713307,0.825357293309498,0.007783436856895426,0.10540060499094903,0.061458664842657496,1,Bar-dominant,True
1.8000000000000007,1.5600000000000005,46.00116152967924,12.792865972737308,9.337774570157373,13.973931853548432,2.815122318960743,2.669353338515023,0.8183724228199908,0.008050456733958614,0.10772831978100354,0.06584880066504709,1,Bar-dominant,True
1.8200000000000007,1.5600000000000005,59.222658915054595,9.26042612160985,7.130600288074378,12.466724693714593,2.228716076315128,2.3405828562493483,0.8093378181655839,0.008354176853654879,0.10990985364169038,0.07239815133907086,1,Bar-dominant,True
1.8400000000000007,1.5600000000000005,68.79986284580255,4.652711024997279,4.251561807868456,11.569800882603973,1.7325913479177215,2.0624289855073616,0.7986745263192954,0.008693993893414076,0.11196372609747604,0.0806677536898145,1,Bar-dominant,True
1.8600000000000008,1.5600000000000005,73.3396970633798,3.197250938435272,3.3421467273448275,11.824894101156957,1.1270438657820427,1.7229269078379281,0.7866734116402031,0.00906939386050535,0.11389890283760938,0.09035829166168213,1,Bar-dominant,True
1.8800000000000008,1.5600000000000005,74.64667110747082,5.459156892978421,4.75545335442429,12.952394236933802,1.5385147751442212,1.953619351866109,0.773561611660573,0.0094801812570356,0.11572062407372413,0.10123758300866725,1,Bar-dominant,True
1.9000000000000008,1.5600000000000005,74.5605501166523,7.269363045636103,5.886524408369967,14.39747801577686,2.2916693441843536,2.3758778015149185,0.7595380592928875,0.00992660805946478,0.11743390574337802,0.11310142690426966,1,Bar-dominant,True
1.9200000000000008,1.5600000000000005,74.00751941507346,7.958023928601376,6.316820366409386,15.783660790137253,2.4656172634081615,2.4734022429913765,0.7447938165573151,0.010409487461400212,0.11904595860066307,0.12575073738062162,1,Bar-dominant,True
1.9400000000000008,1.5600000000000005,73.33388698052579,7.907255494944584,6.285098727589933,16.96815881783219,2.305737736476957,2.3837652893729513,0.729523583335964,0.01093031802225191,0.12056795247039709,0.13897814617138696,1,Bar-dominant,True
1.9600000000000009,1.5600000000000005,72.76964934428437,7.410107477993843,5.974465747653413,17.814020240460795,2.1926567722116803,2.3203660953452196,0.7139305472061582,0.011491410837448385,0.12201613595601155,0.15256190600038189,1,Bar-dominant,True
1.9800000000000009,1.5600000000000005,72.36983685437055,6.588468082109813,5.461080829531561,18.246918860692528,2.1607986573956124,2.30250474427075,0.6982252393119089,0.012095993670295598,0.12341215421019308,0.16626661280760233,1,Bar-dominant,True
2.000000000000001,1.5600000000000005,72.03990902908643,5.628892509081146,4.861509254143538,18.291358164237003,2.1892148598744505,2.318436376497204,0.6826190764366772,0.012748259622963111,0.1247824269797327,0.17985023696062696,1,Bar-dominant,True
1.0,1.5800000000000005,18.004783007945584,8.069012002320608,6.386169041052165,18.255346622597315,5.836318791903403,4.363196529793919,0.06395184467024315,0.02956889625535034,0.09307221683601875,0.8134070422383878,4,Expanded,False
1.02,1.5800000000000005,17.080867585784823,8.124917183571402,6.421100273710678,18.81879244673525,5.90678900666295,4.4027058746933445,0.06315629360748551,0.033689427813073845,0.08548191150483164,0.817672367074609,4,Expanded,False
1.04,1.5800000000000005,16.286202586401647,8.27533805354389,6.515087741207362,19.34746775689569,5.94051132835739,4.421612399147416,0.06266785854247121,0.042599533643278856,0.08098389330509455,0.8137487145091554,4,Expanded,False
1.06,1.5800000000000005,15.687855421408551,8.435442396711457,6.615125732958715,19.83258012966343,5.879141209890711,4.387205051514207,0.06263340506286301,0.06108046000179294,0.07886466291453886,0.7974214720208052,4,Expanded,False
1.08,1.5800000000000005,15.346632096545235,8.506660375503264,6.65962486042752,20.277394395904206,5.67017261751652,4.270046160805123,0.0631122366699147,0.09941872881457633,0.07850563619659613,0.7589633983189128,4,Expanded,False
1.1,1.5800000000000005,15.365854091452396,8.392010613790706,6.587988253389998,20.674964929936472,5.2800580464627505,4.051327214216887,0.06366203961139279,0.17556157326708274,0.07888168305086755,0.6818947040706569,4,Expanded,False
1.12,1.5800000000000005,15.932924165733255,7.977830885617141,6.329196346744215,20.97292289337846,4.7091046253188225,3.7312204043475936,0.06306899086943056,0.3038235298773683,0.07817833331870806,0.554929145934493,4,Expanded,False
1.1400000000000001,1.5800000000000005,17.375874001298918,7.188199455867253,5.835810965104354,21.042567203135178,3.9830456172957622,3.3241531651856504,0.06066973884668339,0.4635947664769434,0.07536280056297828,0.40037269411339504,2,Balanced,True
1.1600000000000001,1.5800000000000005,20.268520136229213,6.2397451467110905,5.2431882886751655,20.64003016974595,3.21366353369919,2.8927967090718614,0.0577483788947087,0.6054642700103354,0.07189700951176788,0.26489034158318797,2,Balanced,True
1.1800000000000002,1.5800000000000005,25.47949407204793,5.932075066467904,5.050946802026093,19.333970187047516,2.8114804840469128,2.667311532453154,0.05566220250974314,0.7037878368129746,0.06941240917116942,0.17113755150611284,2,Balanced,True
1.2000000000000002,1.5800000000000005,34.025364801044006,6.566770445497799,5.4475234959235355,16.432286580633463,3.06946942387321,2.81195383329776,0.05449115489151144,0.7637420457093308,0.0679951496564735,0.11377164974268429,2,Balanced,True
1.2200000000000002,1.5800000000000005,46.58456810492094,8.24456020406004,6.495856818473632,11.104794647314755,3.408209726193039,3.0018696364687267,0.05382584349250228,0.7984057228048667,0.06713647878012607,0.08063195492250497,2,Balanced,True
1.2400000000000002,1.5800000000000005,56.5321687271076,9.008459723255802,6.973164131243957,6.375457749238985,3.4214689841748283,3.0093034806609213,0.05337266003992251,0.8178621323316211,0.06647837322172052,0.06228683440673593,2,Balanced,True
1.2600000000000002,1.5800000000000005,59.68019769838615,9.090987233913236,7.024729793155872,4.272512089241377,3.560613240604509,3.087315140435374,0.05299694781908321,0.8280426253923467,0.06586450871552203,0.05309591807304801,2,Balanced,True
1.2800000000000002,1.5800000000000005,59.25532214593214,8.626666273811006,6.734608142126875,4.086768909734042,3.9717780725535574,3.317835981210712,0.052637675117017224,0.8318746576352587,0.06523103549772706,0.050256631749997074,2,Balanced,True
1.3000000000000003,1.5800000000000005,53.81034109661283,8.487124398343374,6.6474181964275925,6.116535765623383,4.283450005544429,3.4925758189992555,0.05224878648630105,0.8302672625167127,0.06453125742681726,0.05295269357016906,2,Balanced,True
1.3200000000000003,1.5800000000000005,43.96338952496379,8.749486410454603,6.811349844277908,9.882500459709167,4.566452943398346,3.651242295571989,0.05176796136942431,0.8225169808179524,0.06369550265654822,0.06201955515607503,2,Balanced,True
1.3400000000000003,1.5800000000000005,33.93055211056686,8.779034682277029,6.829812490039773,13.388906149668376,4.6654224965725355,3.706729883118632,0.05110187419724387,0.8062255465320308,0.06261240421207788,0.08006017505864743,2,Balanced,True
1.3600000000000003,1.5800000000000005,27.060566481606646,7.4171622428321395,5.978873776147449,15.19277995335602,3.4894430109377987,3.0474133300028683,0.050149210240802745,0.7770602184206973,0.06115707916855374,0.11163349216994625,2,Balanced,True
1.3800000000000003,1.5800000000000005,22.73792997852409,5.369342999817714,4.699334942359951,16.113123737853822,2.144628456344508,2.293438870800645,0.04894172323995182,0.7290790851007407,0.05936218899823221,0.1626170026610753,2,Balanced,True
1.4000000000000004,1.5800000000000005,19.95583740577008,4.401060780399642,4.0943231933797986,16.71996975554959,1.525547909320293,1.946349438245862,0.04798915986430601,0.655946695824014,0.05782876872405482,0.23823537558762511,2,Balanced,True
1.4200000000000004,1.5800000000000005,18.18757642307232,4.979459068292049,4.45572377757644,17.092861463923633,1.7591226859223368,2.077303862608905,0.04856294291987889,0.5510610753369454,0.0580406798250247,0.34233530191815104,2,Balanced,True
1.4400000000000004,1.5800000000000005,17.08366361428232,5.813597361043151,4.976918381038186,17.29180521965985,2.162619643490582,2.303525685783823,0.05192148076326881,0.41059660334685494,0.06138330004626298,0.47609861584361324,4,Expanded,False
1.4600000000000004,1.5800000000000005,16.38927912128026,6.454441758537758,5.377337165951287,17.379436146741224,2.4564841158744257,2.468281715444257,0.05725048753214695,0.2563323015421852,0.06667816114815585,0.619739049777512,4,Expanded,False
1.4800000000000004,1.5800000000000005,15.950668036771527,6.888691420183853,5.648669368503182,17.40171872794772,2.6284726118834865,2.564707600206229,0.062117276179159485,0.13702415802980675,0.07082287164350007,0.7300356941475337,4,Expanded,False
1.5000000000000004,1.5800000000000005,15.680663932923869,7.149882067405753,5.8118691124662085,17.38764474162391,2.7097818949765515,2.610293902450522,0.06606076628081003,0.0704473645121133,0.07300600241271887,0.7904858667943578,4,Expanded,False
1.5200000000000005,1.5800000000000005,15.5287679829535,7.269342110772359,5.886511327639706,17.354338532564604,2.7329785087129483,2.6232991560280396,0.07053910240528495,0.038834318644207694,0.07436800725196607,0.8162585716985413,4,Expanded,False
1.5400000000000005,1.5800000000000005,15.470130501923151,7.273562302413116,5.889148229851067,17.30972350191086,2.7254121905029742,2.6190570762103937,0.07741430163234514,0.02403822251081484,0.075826812341209,0.822720663515631,4,Expanded,False
1.5600000000000005,1.5800000000000005,15.495146273041115,7.182318601854194,5.832136431274664,17.256227580414055,2.7067789128575246,2.608610271193369,0.08951413989229408,0.01673288469612382,0.0778078010620216,0.8159451743495605,4,Expanded,False
1.5800000000000005,1.5800000000000005,15.57841282479366,6.979985515000447,5.705712654922035,17.197954680789852,2.677360753545023,2.592116888754423,0.11323467009016158,0.012878829698420524,0.0804593964644985,0.7934271037469194,4,Expanded,False
1.6000000000000005,1.5800000000000005,15.68696226600984,6.554897795731352,5.440105108540006,17.13624665804968,2.6134724226975896,2.5562976975243026,0.1654496300865646,0.010665243940683964,0.08323573464930428,0.7406493913234472,4,Expanded,False
1.6200000000000006,1.5800000000000005,15.852526979233318,5.845867636868371,4.997081816476278,17.05965294596874,2.5013305658474345,2.4934250169872456,0.2833837002076911,0.009008029959377602,0.08306158227443461,0.6245466875584966,4,Expanded,False
1.6400000000000006,1.5800000000000005,16.10626317894821,4.99000208662746,4.462311371394357,16.96475304100711,2.334465911767392,2.3998718301257194,0.4709247609414077,0.007380287233421777,0.07705968422370327,0.4446352676014672,1,Bar-dominant,True
1.6600000000000006,1.5800000000000005,16.422632936340154,4.100111440458581,3.906281026684235,16.86396771938894,2.071716535074189,2.252560575558065,0.623509641404871,0.006526711495602444,0.07469686265373582,0.2952667844457908,1,Bar-dominant,True
1.6800000000000006,1.5800000000000005,16.814230329225023,3.14349993149098,3.308561487351105,16.760146795234284,1.6946751782097909,2.041171167131651,0.7185379923314287,0.006452497526283302,0.07893294236660116,0.19607656777568683,1,Bar-dominant,True
1.7000000000000006,1.5800000000000005,17.388543055162074,2.592792586517726,2.9644630341555844,16.642187689135753,1.3939200817164956,1.872551887650828,0.7778905581833729,0.006604270950041818,0.08466715619500159,0.13083801467158368,1,Bar-dominant,True
1.7200000000000006,1.5800000000000005,18.328616980272685,3.840464425256661,3.7440457902681423,16.50440035690575,1.60097950296399,1.9886403956347551,0.8109506267122272,0.0067729697774273016,0.08958418045664458,0.09269222305370091,1,Bar-dominant,True
1.7400000000000007,1.5800000000000005,19.915719180975863,6.539698385523412,5.430608061533505,16.34422156610027,2.23231961510416,2.3426031914698404,0.8265253118210366,0.00693948043693248,0.09351295463326237,0.07302225310876852,1,Bar-dominant,True
1.7600000000000007,1.5800000000000005,22.66081055672418,9.59647434414707,7.34057328848856,16.126586628820913,2.8531397752572185,2.690667943531362,0.8317194762019328,0.007122426835200355,0.09678456711409988,0.06437352984876697,1,Bar-dominant,True
1.7800000000000007,1.5800000000000005,27.52339806483307,12.127988576554273,8.92233924742283,15.749247286985963,3.216365475489586,2.8943115611332493,0.8307737505456795,0.007335204662144907,0.09966473534573171,0.062226309446443855,1,Bar-dominant,True
1.8000000000000007,1.5800000000000005,35.792044643301594,13.651708876046621,9.874405354664228,15.034052316181231,3.1932108633483605,2.8813298558805887,0.8259301193274479,0.007583462952239205,0.1022989164058416,0.06418750131447129,1,Bar-dominant,True
1.8200000000000007,1.5800000000000005,47.73387584206077,12.794299085896268,9.33867002220782,13.81091495840658,2.747035847148914,2.6311804465069977,0.8183657299813254,0.007868767759752045,0.10475728051497861,0.0690082217439439,1,Bar-dominant,True
1.8400000000000007,1.5800000000000005,60.497321496641824,9.040802327270418,6.993372759502375,12.35929774545058,2.2220180422116234,2.3368275826142892,0.8087369552814785,0.008191098548723012,0.10707147654900388,0.07600046962079463,1,Bar-dominant,True
1.8600000000000008,1.5800000000000005,69.31723928773147,4.620747018339071,4.231589738584443,11.617215156038668,1.752918975500619,2.0738257330822085,0.7974515144729741,0.008550052706107187,0.10925510972484016,0.0847433230960785,1,Bar-dominant,True
1.8800000000000008,1.5800000000000005,73.4710549688029,3.22801318876999,3.36136790326269,11.962138811897324,1.1085891110481572,1.7125801922460528,0.784801275420123,0.008945388838052636,0.11131450013618273,0.09493883560564158,1,Bar-dominant,True
1.9000000000000008,1.5800000000000005,74.7049281864385,5.52102407278925,4.794109822457251,13.078803438506654,1.619065828139778,1.9987805500499447,0.7710283110575951,0.009377291882579221,0.11325456116991138,0.10633983588991432,1,Bar-dominant,True
1.9200000000000008,1.5800000000000005,74.70123606907207,7.3625817613844,5.944770255625588,14.415890259631961,2.4505837204557586,2.4649736404166083,0.7563581756429621,0.009846533511687443,0.11508221470287905,0.11871307614247138,1,Bar-dominant,True
1.9400000000000008,1.5800000000000005,74.24579786610323,8.093730918040533,6.401614160391022,15.664488454024786,2.678684863654125,2.592859255201919,0.7410156496738208,0.010354593782706704,0.11680838817896859,0.1318213683645039,1,Bar-dominant,True
1.9600000000000009,1.5800000000000005,73.62304923316437,8.084091834931922,6.395591372392692,16.74219939070987,2.5723694343636763,2.5332531793825206,0.7252298893169974,0.010903759612553651,0.1184489876650268,0.1454173634054222,1,Bar-dominant,True
1.9800000000000009,1.5800000000000005,73.05191060826705,7.632072728930935,6.113156288478358,17.52408767673099,2.4764271509137656,2.479462840014391,0.7092324888094682,0.011497193057765396,0.12002497778200613,0.1592453403507602,1,Bar-dominant,True
2.000000000000001,1.5800000000000005,72.60372286516187,6.867204323161468,5.635243586340383,17.938908811327135,2.3992631472453634,2.436200601561479,0.6932507822715495,0.012138954872591024,0.12156164498298627,0.1730486178728733,1,Bar-dominant,True
1.0,1.6000000000000005,18.944536235740024,7.530330951686546,6.049584976973772,17.685117354133983,5.721335302302382,4.298730679024381,0.06423189443634837,0.020548661987224746,0.10276887884105587,0.812450564735371,4,Expanded,False
1.02,1.6000000000000005,17.967808169032473,7.596617021042831,6.091002499623695,18.267246275705723,5.809045273281931,4.347905546823122,0.06361295582489819,0.02227632897011987,0.09159794403027803,0.8225127711747039,4,Expanded,False
1.04,1.6000000000000005,17.073719926796144,7.796205530829291,6.215711381972914,18.82388329284271,5.890946564631316,4.393823760336057,0.06318977086175083,0.02634385967048581,0.08449075063808024,0.8259756188296832,4,Expanded,False
1.06,1.6000000000000005,16.34197303169985,8.062763885664705,6.382265030516795,19.336713027947248,5.910082246498239,4.40455223984113,0.06311724492144404,0.03486065393931412,0.08041464928594523,0.8216074518532966,4,Expanded,False
1.08,1.6000000000000005,15.810233586282521,8.302183363105167,6.5318614951438345,19.808779625440046,5.822534962698494,4.355468583115316,0.06358540518230564,0.052671636643974284,0.07862044080720688,0.8051225173665132,4,Expanded,False
1.1,1.6000000000000005,15.53450947437184,8.435260033842296,6.615011787172861,20.247631140291574,5.588952844180325,4.224510042484181,0.06465181688969435,0.09061290777550353,0.07848779534865863,0.7662474799861435,4,Expanded,False
1.12,1.6000000000000005,15.635239491922523,8.376012362070398,6.577992066266221,20.643484986921056,5.18339934705102,3.997135214013416,0.06574000381494766,0.16844608871296549,0.07888253455692386,0.686931372915163,4,Expanded,False
1.1400000000000001,1.6000000000000005,16.326947020805974,8.035341137984881,6.365130475938706,20.933513980439425,4.621585182161699,3.682152356564583,0.06527702728598479,0.3027569801635293,0.07767807541787076,0.5542879171326152,4,Expanded,False
1.1600000000000001,1.6000000000000005,17.96263827291132,7.426960415916597,5.984995968330427,20.969378225711008,3.9615509489346934,3.3121021125718055,0.0623817051811896,0.47035583724544644,0.07371931230747623,0.39354314526588774,2,Balanced,True
1.1800000000000002,1.6000000000000005,21.11949715127745,6.8702221413374245,5.637129209577209,20.489698048132578,3.343597333342334,2.9656444976263643,0.05875465802629364,0.6158983535668963,0.06897407865887761,0.2563729097479325,2,Balanced,True
1.2000000000000002,1.6000000000000005,26.645482647783474,6.725158637947885,5.546489185275574,19.04342003145384,3.0424785502323983,2.7968213161137223,0.05620185166511636,0.7136566628183892,0.06552894138937936,0.16461254412711498,2,Balanced,True
1.2200000000000002,1.6000000000000005,36.074090124667194,7.070996102667446,5.762578797577442,15.624143255125961,2.95964600634368,2.7503809929706344,0.05484998597482989,0.7718815273930304,0.06349709247076522,0.1097713941613745,2,Balanced,True
1.2400000000000002,1.6000000000000005,48.41550249519431,9.074226690449551,7.0142573033058415,10.337429663388495,3.666747237423694,3.1468194955759357,0.05417663006763709,0.8052109590063811,0.0622529789690512,0.07835943195693063,2,Balanced,True
1.2600000000000002,1.6000000000000005,56.38407516925673,8.476537636930248,6.64080327062379,6.345638703532022,3.2506881084575543,2.913554651968362,0.05379393739522752,0.8238986565641996,0.061346288283848395,0.06096111775672455,2,Balanced,True
1.2800000000000002,1.6000000000000005,60.10125178037954,8.860398807559571,6.880651233904155,4.222479633942678,3.6758967135723326,3.151949177811744,0.053516825167230234,0.83364866267808,0.06057022376285618,0.05226428839183358,2,Balanced,True
1.3000000000000003,1.6000000000000005,58.8684394867548,8.822352077195706,6.856878496556719,4.388830233152886,4.201452698257096,3.44660377385233,0.05326090626858924,0.8371602204354545,0.0598358842828739,0.04974298901308236,2,Balanced,True
1.3200000000000003,1.6000000000000005,52.61701722682817,8.62956001171672,6.736416236292312,6.728600202515908,4.439242619789211,3.579921432319476,0.05296834164248606,0.8351612836796163,0.05908360444285665,0.05278677023504098,2,Balanced,True
1.3400000000000003,1.6000000000000005,42.24854142658375,8.40362795127573,6.595247114008684,10.660357358676265,4.691207844837452,3.721186518754362,0.05256806746715354,0.8267720329754634,0.05823652411561391,0.06242337544176909,2,Balanced,True
1.3600000000000003,1.6000000000000005,32.38927200863481,7.449134089615337,5.998850744176515,13.94227029809475,4.444692033224675,3.5829766628967623,0.05195927955493799,0.8093930544506994,0.05718184529965511,0.0814658206947075,2,Balanced,True
1.3800000000000003,1.6000000000000005,25.72130342900066,5.470554357287954,4.762574831693586,15.559631478209187,2.9275558917250275,2.732389570485879,0.051044756376546686,0.7785211078755112,0.0558074307878968,0.11462670496004526,2,Balanced,True
1.4000000000000004,1.6000000000000005,21.64858025314614,4.234977079953486,3.990549120006425,16.385360473567857,1.6484931629710715,2.015279076772016,0.04990503375812452,0.7282123519707725,0.054190230206556875,0.16769238406454604,2,Balanced,True
1.4200000000000004,1.6000000000000005,19.206269334067777,4.539279120149288,4.180686154297664,16.875003151989365,1.3532549221115753,1.8497528395465601,0.049187092366141515,0.6520509731631186,0.05300803219407728,0.24575390227666263,2,Balanced,True
1.4400000000000004,1.6000000000000005,17.71689940320197,5.335171161521551,4.677983353702407,17.148573921582546,1.702304407608904,2.045448518302992,0.050349288907929564,0.5422629767981992,0.05377228815437888,0.35361544613949236,2,Balanced,True
1.4600000000000004,1.6000000000000005,16.78041164541627,6.05030840463836,5.124822535030113,17.28552412481074,2.0850416723003216,2.260031355153328,0.05459642105083889,0.3945350070736685,0.05763610941028557,0.493232462465207,4,Expanded,False
1.4800000000000004,1.6000000000000005,16.177238749379825,6.602538632351733,5.469872531000679,17.342267233361163,2.359881764533201,2.414121306961624,0.060543537808454735,0.2367996722000716,0.06291443361468321,0.6397423563767904,4,Expanded,False
1.5000000000000004,1.6000000000000005,15.785461120634448,6.999875469529598,5.718140494590566,17.357226906912217,2.5354964705430825,2.51258023762943,0.06549594260519331,0.12193888457445126,0.06655080507365818,0.7460143677466973,4,Expanded,False
1.5200000000000005,1.6000000000000005,15.535109455307182,7.2596842665899715,5.880476817160234,17.351739452452627,2.639041632428445,2.5706331544192347,0.06947867462741818,0.06151912601882382,0.06830056060550217,0.8007016387482558,4,Expanded,False
1.5400000000000005,1.6000000000000005,15.390057291323732,7.39728268482606,5.966452432538103,17.333095178223438,2.694660639707984,2.601816123693119,0.0743021089597583,0.03385741573932982,0.06945513308266077,0.8223853422182511,4,Expanded,False
1.5600000000000005,1.6000000000000005,15.340177426753081,7.424219661228539,5.98328346266411,17.301146154763636,2.72225534152005,2.6172871790178376,0.0819980390712034,0.02111246173474765,0.07081052502023433,0.8260789741738146,4,Expanded,False
1.5800000000000005,1.6000000000000005,15.372302549189996,7.345844033966286,5.934312021924601,17.25778997577219,2.7290972257823336,2.621123102691447,0.09574749067690065,0.014841221017591942,0.07266422356834801,0.8167470647371594,4,Expanded,False
1.6000000000000005,1.6000000000000005,15.445667776217254,7.088701447991814,5.773641627944638,17.207295830171226,2.6962626080250334,2.6027142722083783,0.12288158661603238,0.011516016629061331,0.07503399795742448,0.7905683987974819,4,Expanded,False
1.6200000000000006,1.6000000000000005,15.572533460275713,6.51690939323909,5.416368816194767,17.13999944770309,2.601779132458074,2.5497418180132425,0.1821355003077851,0.00956350464931414,0.07719208413574503,0.7311089109071557,4,Expanded,False
1.6400000000000006,1.6000000000000005,15.808792389626792,5.666491155218496,4.885002015037685,17.043398938333308,2.4483540460766204,2.4637235665469683,0.3088264435776188,0.00805386171703258,0.07626706682230747,0.6068526278830412,4,Expanded,False
1.6600000000000006,1.6000000000000005,16.138479066404393,4.724826868433789,4.296621948075227,16.926855496138465,2.2277416787025417,2.340036557199797,0.49010596631821024,0.006697221590663888,0.07139891270363433,0.4317978993874915,1,Bar-dominant,True
1.6800000000000006,1.6000000000000005,16.523869926564988,3.7384491457832563,3.6803035863743263,16.805007465933237,1.9064949417450707,2.159928575812549,0.6323324579510777,0.006105572680277793,0.07100733172172004,0.29055463764692446,1,Bar-dominant,True
1.7000000000000006,1.6000000000000005,17.00736655634281,2.769402414139498,3.0748141472440267,16.676379030248526,1.551030496352036,1.9606363298553469,0.7245764531702377,0.0061290058707428145,0.0758872758897824,0.19340726506923708,1,Bar-dominant,True
1.7200000000000006,1.6000000000000005,17.711701380278264,2.8730073301778933,3.139549603703201,16.536346253860607,1.489457313509433,1.9261151335487294,0.7824089480813141,0.006314263270216429,0.08166078555816603,0.12961600309030338,1,Bar-dominant,True
1.7400000000000007,1.6000000000000005,18.812594354049885,4.945279868997236,4.434367589546339,16.39156933251708,1.9355087242788274,2.1761952431538436,0.8140444376577486,0.006503920685896419,0.08653377801866821,0.09291786363768677,1,Bar-dominant,True
1.7600000000000007,1.6000000000000005,20.58439883933679,7.954416995639516,6.314566646599246,16.24044929270001,2.5686888789180493,2.5311896645341703,0.8285462403307564,0.006691487018234443,0.09047609865511233,0.07428617399589679,1,Bar-dominant,True
1.7800000000000007,1.6000000000000005,23.547139128573207,10.902676644387512,8.156727631036862,16.037800277977325,3.0845864213110734,2.8204292248891467,0.8329681743267131,0.006896601280062968,0.09381997572251473,0.06631524867070925,1,Bar-dominant,True
1.8000000000000007,1.6000000000000005,28.6983600396454,13.035324091069608,9.489269668678155,15.667947775899368,3.3163510329334995,2.950368774631066,0.8314033632209458,0.007131962738654688,0.09680769163087911,0.06465698240952042,1,Bar-dominant,True
1.8200000000000007,1.6000000000000005,37.24897069568136,14.093639320100989,10.150536740248896,14.939608160188495,3.172845262711395,2.8699118185949732,0.8259906100319739,0.0074028907004698484,0.09956655106839453,0.06703994819916173,1,Bar-dominant,True
1.8400000000000007,1.6000000000000005,49.243962155206546,12.630209752570936,9.23614208918039,13.690437311352847,2.6699276122132543,2.587949474967405,0.8178526871385718,0.0077110000916527045,0.1021555517373393,0.07228076103243612,1,Bar-dominant,True
1.8600000000000008,1.6000000000000005,61.480894449387634,8.908680474807918,6.910819066546125,12.316671753286524,2.2406920060540227,2.347297198474071,0.8076239328780043,0.008056517883539095,0.10459990248517882,0.07971964675327786,1,Bar-dominant,True
1.8800000000000008,1.6000000000000005,69.64082904866407,4.673331474694527,4.264446082810101,11.71404234188633,1.7831527210981206,2.09077637650637,0.7957118564426343,0.008439405109618048,0.10691004784811999,0.0889386905996277,1,Bar-dominant,True
1.9000000000000008,1.6000000000000005,73.49901930886901,3.2346430313432757,3.365510427591121,12.128232557404328,1.1393634417325336,1.729833916379103,0.7824238434811869,0.008859883616492478,0.10909170662424975,0.09962456627807093,1,Bar-dominant,True
1.9200000000000008,1.6000000000000005,74.7005013210644,5.499968622209819,4.780953745927949,13.221673515689961,1.7437811975843818,2.0687026094967496,0.7680280041174534,0.009318702702451389,0.11115123173462353,0.11150206144547162,1,Bar-dominant,True
1.9400000000000008,1.6000000000000005,74.78430107416588,7.365884614484201,5.946833977224996,14.449596388606276,2.601106309752152,2.549364597872292,0.75278070042821,0.009817292081345576,0.11309841177561664,0.12430359571482777,1,Bar-dominant,True
1.9600000000000009,1.6000000000000005,74.42883993596908,8.170600333745105,6.4496444750098885,15.573362376880638,2.8613226958285924,2.6952557233790917,0.7369362123817351,0.010357857075042052,0.11494769893410244,0.13775823160912043,1,Bar-dominant,True
1.9800000000000009,1.6000000000000005,73.87464417218715,8.246404792746887,6.497009372765344,16.553797639837743,2.8164399679919727,2.670092082539132,0.7207464641846933,0.010943433246614492,0.1167183496323819,0.15159175293631022,1,Bar-dominant,True
2.000000000000001,1.6000000000000005,73.32302822289292,7.863475090791186,6.257743419027287,17.27053235284091,2.759412003222941,2.638119176870262,0.7044553857239725,0.01157790271766434,0.11843377015129362,0.1655329414070695,1,Bar-dominant,True
1.0,1.6200000000000006,19.90638142764397,6.943055923384213,5.682637939343463,17.095711536150795,5.6001270285240965,4.23077488366161,0.06431845995494655,0.015235424883221313,0.1187377402211617,0.8017083749406705,4,Expanded,False
1.02,1.6200000000000006,18.92911619077487,6.958025641252178,5.691991467692336,17.681505471480328,5.676740473369622,4.273728449599551,0.06395755505341782,0.01589828001494497,0.10214393824453305,0.8180002266871041,4,Expanded,False
1.04,1.6200000000000006,17.965921257462746,7.141168681345587,5.806424727725808,18.261296585509985,5.781808624787704,4.332635235203743,0.0636576107430659,0.017776821532909375,0.09108447372165938,0.8274810940023654,4,Expanded,False
1.06,1.6200000000000006,17.133594124353266,7.473098053165271,6.013824146774525,18.800197826469205,5.852428171697405,4.37222830363722,0.06356958647924849,0.021806888039476082,0.08412785283666945,0.830495672644606,4,Expanded,False
1.08,1.6200000000000006,16.47401421998426,7.846756956719952,6.247297427836619,19.293926739704624,5.840987983334838,4.365814326480015,0.06388960122179285,0.030097617980358475,0.08011089475041215,0.8259018860474365,4,Expanded,False
1.1,1.6200000000000006,16.005098490136056,8.184434892538718,6.458288721949714,19.754518937459906,5.721859743542313,4.2990247086353115,0.06483300579597552,0.047623354572392335,0.07828318035921673,0.8092604592724154,4,Expanded,False
1.12,1.6200000000000006,15.789665473665673,8.410239408813192,6.599378150815754,20.190420285661805,5.464821030859931,4.154915155591884,0.06643831805154896,0.08587090324065098,0.07802785224244191,0.7696629264653582,4,Expanded,False
1.1400000000000001,1.6200000000000006,15.969602465320119,8.43725381675424,6.61625756248759,20.58757287124125,5.050672423182242,3.9227214516818494,0.06795877572958836,0.16643893118492586,0.07808253917234403,0.6875197539131417,4,Expanded,False
1.1600000000000001,1.6200000000000006,16.78374061642708,8.20464094831421,6.470914071150146,20.871598390887062,4.513678132152745,3.621653933643206,0.06742177206538567,0.3074870853202441,0.0760284493192455,0.5490626932951247,4,Expanded,False
1.1800000000000002,1.6200000000000006,18.60018738465243,7.808033387457107,6.223101781261029,20.874593446258277,3.9406639112051334,3.3003917299598,0.06384144840045584,0.4817259357336174,0.0707780781487132,0.3836545377172136,2,Balanced,True
1.2000000000000002,1.6200000000000006,21.989532663408216,7.523762880916748,6.04548104951939,20.320407370364606,3.4591776223354316,3.0304449458296947,0.05951116340826726,0.6285089705467238,0.06493004686251518,0.24704981918249375,2,Balanced,True
1.2200000000000002,1.6200000000000006,27.92341468976171,7.298075874869279,5.904465044564827,18.667360686584054,3.123683256377782,2.8423489869673126,0.05662123770910334,0.7240493771510527,0.06083870068503963,0.15849068445480435,2,Balanced,True
1.2400000000000002,1.6200000000000006,38.421206570749156,9.140969244193261,7.055960051081332,14.626751501607846,3.8035501205329423,3.223518457122195,0.0552145132385525,0.7799329962878049,0.05846409099239089,0.10638839948125178,2,Balanced,True
1.2600000000000002,1.6200000000000006,49.254497675698886,8.211892568126444,6.4754451005314095,9.9465267639454,3.2792644681281042,2.9295760768220562,0.05461225847367163,0.8117805353086148,0.05702677656333287,0.0765804296543807,2,Balanced,True
1.2800000000000002,1.6200000000000006,56.90919890599554,8.551171121218257,6.6874365082853355,6.1659792692070265,3.3975493828294203,2.995892881833642,0.05433964124352247,0.8296509176756393,0.05600558215780193,0.06000385892303638,2,Balanced,True
1.3000000000000003,1.6200000000000006,60.084007634618445,8.966462720609345,6.946923145389308,4.355544658052171,3.882010027709176,3.2675072479039455,0.05417628958531044,0.838899777127525,0.05516665247386369,0.05175728081330095,2,Balanced,True
1.3200000000000003,1.6200000000000006,57.99850071443187,8.957137574079066,6.9410965143734344,4.8752270491459155,4.373750586360458,3.543203120253444,0.054025045447235576,0.8419769764515714,0.05441008339045828,0.04958789471073471,2,Balanced,True
1.3400000000000003,1.6200000000000006,50.911584942284954,8.559113120471821,6.692398907431407,7.537038505485313,4.516991347106546,3.62351149790326,0.05382249000716807,0.839440827758981,0.05367092765223747,0.05306575458161344,2,Balanced,True
1.3600000000000003,1.6200000000000006,40.16510862081914,7.7998235741845345,6.217972043889805,11.552816807454821,4.750245678666176,3.754286263757453,0.053493640716015284,0.8302724985046668,0.05287107010022918,0.06336279067908872,2,Balanced,True
1.3800000000000003,1.6200000000000006,30.674479732467205,6.115431439534474,5.165513358894536,14.523953644013506,4.136327402645885,3.410091074483384,0.052937913141805355,0.8117624228088414,0.05190466189726939,0.08339500215208386,2,Balanced,True
1.4000000000000004,1.6200000000000006,24.495824465772834,4.620432506720952,4.2313932222998965,15.890810139339465,2.532199325584476,2.5107316830621214,0.05207822036187967,0.7793995897399992,0.050685687690051606,0.1178365022080695,2,Balanced,True
1.4200000000000004,1.6200000000000006,20.885517787110814,4.280490329530523,4.018987162321116,16.560790798621245,1.433208669655764,1.8945791565728896,0.051070949648138284,0.727321441772421,0.04934916664585449,0.17225844193358628,2,Balanced,True
1.4400000000000004,1.6200000000000006,18.75479118645709,4.749340576749904,4.311938847678357,16.938010456678416,1.2413283250892044,1.7870008451008954,0.050733696399599265,0.6485512017249111,0.04865265985623534,0.2520624420192543,2,Balanced,True
1.4600000000000004,1.6200000000000006,17.434272318229073,5.447100901467775,4.747920409624447,17.145561753223248,1.5989132004702553,1.9874819167203648,0.052732438794524036,0.5329369044709587,0.05012443366520738,0.3642062230693099,2,Balanced,True
1.4800000000000004,1.6200000000000006,16.582069026356848,6.112183495425842,5.163483946078369,17.25347589082356,1.9903339823592847,2.206933194472594,0.05810517920067541,0.3757949725311507,0.054610165840181496,0.5114896824279924,4,Expanded,False
1.5000000000000004,1.6200000000000006,16.0172197615778,6.664947541755385,5.508867487918238,17.307406937070546,2.2877094950259247,2.3736576997785477,0.0646186963909631,0.21442332415111623,0.05979257686780669,0.661165402590114,4,Expanded,False
1.5200000000000005,1.6200000000000006,15.63790066706915,7.085862980512143,5.771868068397783,17.333376924043726,2.4906039222212226,2.487411090903902,0.06941504849464124,0.10564414154655243,0.06279516001310248,0.7621456499457039,4,Expanded,False
1.5400000000000005,1.6200000000000006,15.38812327167366,7.3748722633562895,5.952449729589622,17.340707331415068,2.620711557316611,2.56035634084492,0.07327100875312567,0.05230149531516899,0.06406950129019943,0.8103579946415059,4,Expanded,False
1.5600000000000005,1.6200000000000006,15.246216132863495,7.536313112564776,6.0533228103688685,17.32986797255573,2.7014765411626867,2.6056374800249142,0.07837370264254483,0.028841825330085002,0.06502134839422247,0.8277631236331477,4,Expanded,False
1.5800000000000005,1.6200000000000006,15.20680944715092,7.579379302256487,6.080231856331679,17.30180489279605,2.7483307384623923,2.6319064313459264,0.08690016380149992,0.018202006029778735,0.06630102209836632,0.8285968080703551,4,Expanded,False
1.6000000000000005,1.6200000000000006,15.235221313980253,7.483985983420245,6.020627251896393,17.26248153505754,2.753622848325837,2.6348734691867213,0.10240318062723112,0.01298088858140452,0.06808336399751776,0.8165325667938466,4,Expanded,False
1.6200000000000006,1.6200000000000006,15.31269236395128,7.115437633555926,5.790347197937365,17.208464792381612,2.692130057018179,2.600397344643997,0.13320331681559533,0.010198410520335769,0.07027421102535379,0.7863240616387152,4,Expanded,False
1.6400000000000006,1.6200000000000006,15.499938873126862,6.389335319978544,5.336656711975532,17.12256370886049,2.5577041272988827,2.5250310294024763,0.1996879560875301,0.00852899364933974,0.07200389040990035,0.7197791598532298,4,Expanded,False
1.6600000000000006,1.6200000000000006,15.816520703158877,5.441013366692161,4.744116735460333,17.003350153530285,2.3608417048998422,2.4146595005113087,0.3336110715492474,0.0072038217673945255,0.07069673526950246,0.5884883714138556,4,Expanded,False
1.6800000000000006,1.6200000000000006,16.20922712033809,4.436890962259666,4.116710964794664,16.868686852305064,2.088193710298736,2.261798555052468,0.5078864942029605,0.006110510347305544,0.06700183400576525,0.41900116144396865,1,Bar-dominant,True
1.7000000000000006,1.6200000000000006,16.660115122766477,3.3628600772352395,3.4456242803796044,16.728942590961527,1.7440286359546155,2.068841336587965,0.6415089619327882,0.005722523354107716,0.06802407498814689,0.28474443972495717,1,Bar-dominant,True
1.7200000000000006,1.6200000000000006,17.239337097369162,2.5735593513131563,2.952445532402163,16.58225781007415,1.5131872528060004,1.939419397758929,0.7305227833369858,0.005819197818707132,0.0732621543108963,0.19039586453341079,1,Bar-dominant,True
1.7400000000000007,1.6200000000000006,18.069910274132006,3.5254011278619988,3.54718479997674,16.434296509362625,1.7104543698752335,2.0500178199745767,0.7862339152609076,0.006033554337962993,0.07899307421908841,0.12873945618204105,1,Bar-dominant,True
1.7600000000000007,1.6200000000000006,19.315502618955726,6.136328680033716,5.178570581024365,16.29813907967367,2.252055895016543,2.35366839813553,0.8163465035411096,0.006247072170350651,0.0838227013755962,0.09358372291294355,1,Bar-dominant,True
1.7800000000000007,1.6200000000000006,21.23773899374538,9.254588604131504,7.126952832210323,16.167304612299052,2.826799808103226,2.675900359091928,0.8298795253148356,0.0064603313751179356,0.08779817595819353,0.075861967351853,1,Bar-dominant,True
1.8000000000000007,1.6200000000000006,24.37047284598568,11.924203510734495,8.795008231098109,15.98700591972318,3.234023918843415,2.904211822275264,0.8336347783599201,0.006692223433496635,0.09122992605275242,0.06844307215383086,1,Bar-dominant,True
1.8200000000000007,1.6200000000000006,29.75522373947276,13.628093351800123,9.859649667385323,15.62773601350409,3.347481494639102,2.9678221647278855,0.8315112225612783,0.00695453289187227,0.09433323419471805,0.06720101035213139,1,Bar-dominant,True
1.8400000000000007,1.6200000000000006,38.52149182244973,14.241712288698718,10.243057168602764,14.884282945976745,3.106259841135037,2.8325804950661544,0.8255512968446083,0.007252403010401706,0.09721889019856625,0.06997740994642379,1,Bar-dominant,True
1.8600000000000008,1.6200000000000006,50.50714000681676,12.401677249878711,9.093348132645973,13.61610773854141,2.5939409735989516,2.545347329890874,0.8168420473037593,0.0075877011481583915,0.09993720722946399,0.07563304431861825,1,Bar-dominant,True
1.8800000000000008,1.6200000000000006,62.18150184646605,8.869041704824136,6.886051575132596,12.33705279674704,2.2738314706044283,2.3658769422590415,0.806014927636378,0.007961100384218843,0.1025093900561356,0.08351458192326754,1,Bar-dominant,True
1.9000000000000008,1.6200000000000006,69.78582789251261,4.805749465172005,4.34718481167302,11.855354021936666,1.8239411043154372,2.1136445103118597,0.7934927036888904,0.008373105862452403,0.1049447996815329,0.09318939076712435,1,Bar-dominant,True
1.9200000000000008,1.6200000000000006,73.42605890072994,3.2042274442155945,3.346505857234107,12.320069319992426,1.2206761096511043,1.7754221163363346,0.7796073015728231,0.008824546510227736,0.10724995979939118,0.10431819211755797,1,Bar-dominant,True
1.9400000000000008,1.6200000000000006,74.63169479301335,5.393687641391788,4.714546203995921,13.376429873111652,1.9063149210090327,2.1598276466274537,0.7646539157013958,0.009316820486406708,0.10943312028771214,0.11659614352448533,1,Bar-dominant,True
1.9600000000000009,1.6200000000000006,74.80933643051138,7.284146165190043,5.895761344500103,14.496723979922285,2.743567199002328,2.6292357381443816,0.7489130836742957,0.009852024249791803,0.11150634140294612,0.1297285506729664,1,Bar-dominant,True
1.9800000000000009,1.6200000000000006,74.55545355728627,8.180737394389547,6.455978414296409,15.510661469675412,3.018194169457123,2.783206202565493,0.732656482196664,0.010433020320561766,0.1134861061275233,0.14342439135525095,1,Bar-dominant,True
2.000000000000001,1.6200000000000006,74.08050803629361,8.376117097771509,6.578057508271083,16.405262980976282,3.033634666738743,2.791862965349596,0.7161447262265535,0.011063466312869395,0.11539302077401993,0.15739878668655724,1,Bar-dominant,True
1.0,1.6400000000000006,20.815309405416194,6.455606510619198,5.378064937958031,16.514078706175514,5.504630222730904,4.177234302726093,0.06413304660540216,0.011897212271275062,0.1444751128067485,0.7794946283165742,4,Expanded,False
1.02,1.6400000000000006,19.905000884798646,6.360864548568575,5.3188673207628,17.07960887667804,5.5458494860571825,4.200344010803684,0.0641783901450791,0.012088447503258137,0.11977901323855394,0.8039541491131088,4,Expanded,False
1.04,1.6400000000000006,18.921071752688988,6.4115851447951675,5.350559069322234,17.66883677607654,5.6411666816588415,4.2537838927271565,0.06411487446038397,0.012947581061464371,0.10260517272559246,0.8203323717525592,4,Expanded,False
1.06,1.6400000000000006,18.008593930855277,6.705728107216946,5.534348407364561,18.233093582479516,5.741366757131826,4.309961376424612,0.06409750340171336,0.014912865335217147,0.09127632196358493,0.8297133092994846,4,Expanded,False
1.08,1.6400000000000006,17.25263641593359,7.148700379666579,5.81113075855297,18.748684849334186,5.779660178216367,4.331430701956972,0.06431451132106351,0.018917284342584835,0.0840457988909984,0.8327224054453533,4,Expanded,False
1.1,1.6400000000000006,16.658489290044944,7.645843342250729,6.12176058036977,19.22506043294279,5.730223196312778,4.303713704421487,0.06498291867518656,0.027098353729884016,0.07967619895612911,0.8282425286388003,4,Expanded,False
1.12,1.6400000000000006,16.239306406143033,8.116743445008057,6.415993076898898,19.678671486069838,5.580813510680331,4.219946699863473,0.06632346331031888,0.044619685077803665,0.07742784038020664,0.8116290112316707,4,Expanded,False
1.1400000000000001,1.6400000000000006,16.07316966622969,8.465807612473098,6.634098829776656,20.116549915219284,5.306086579908702,4.065920192380091,0.06833005444369188,0.08372644529670933,0.07666353208851164,0.7712799681710871,4,Expanded,False
1.1600000000000001,1.6400000000000006,16.325516091295963,8.598903608790762,6.717261197007566,20.519577364283627,4.894343258762332,3.8350750198385506,0.07004313527420802,0.16786328540341885,0.07596902099065798,0.6861245583317152,4,Expanded,False
1.1800000000000002,1.6400000000000006,17.25604398669017,8.486031626565078,6.646735399871417,20.80049551300781,4.400479719360925,3.5581888917340825,0.06910890232717447,0.31587647518870304,0.07273672893586527,0.5422778935482572,4,Expanded,False
1.2000000000000002,1.6400000000000006,19.239181144190688,8.274779530073959,6.51473875900505,20.771909143006702,3.9285263350923887,3.2935867601932434,0.06468006263135179,0.49495020216752156,0.06623751442105924,0.3741322207800674,2,Balanced,True
1.2200000000000002,1.6400000000000006,22.857254616611595,8.102147402282592,6.406873031977666,20.133159294944296,3.546174856340065,3.079220215428535,0.05978152145543214,0.6405912220524356,0.05969516441448028,0.23993209207765195,2,Balanced,True
1.2400000000000002,1.6400000000000006,29.824704447999608,8.642242769345156,6.744340803345999,17.91448740854698,3.3676388206524184,2.979123432198514,0.0567866761340755,0.7328578183336897,0.05539725272160263,0.15495825281063214,2,Balanced,True
1.2600000000000002,1.6400000000000006,39.8934301094345,9.644041464875967,7.3702946510510525,14.065138913014385,3.9267987516256246,3.292618185153933,0.055499650803807934,0.7863616627292103,0.05299292044173262,0.10514576602524918,2,Balanced,True
1.2800000000000002,1.6400000000000006,49.40762190846918,7.8671598457499465,6.260045764353325,9.80362322293238,3.1261417131508504,2.8437273283970774,0.05506824761376822,0.816979639822034,0.05156460736340302,0.07638750520079475,2,Balanced,True
1.3000000000000003,1.6400000000000006,57.33866993365149,8.676510923148811,6.765752572819087,6.070712034004916,3.5556866183556672,3.0845530143615028,0.05495570330603885,0.8342548478558794,0.05056517867231462,0.06022427016576707,2,Balanced,True
1.3200000000000003,1.6400000000000006,59.534301158730976,9.120879543722252,7.043407404162174,4.688785090915206,4.09194069894474,3.3852055311164317,0.05492860943087125,0.8431329829514117,0.04976330677767902,0.052175100840038076,2,Balanced,True
1.3400000000000003,1.6400000000000006,56.59272208772594,9.041967925684135,6.994101060322889,5.55510824165072,4.46570653676894,3.5947585096138974,0.054890671632122086,0.8458429978881435,0.0490637220331664,0.050202608446568014,2,Balanced,True
1.3600000000000003,1.6400000000000006,48.63276834276995,8.54934464755822,6.6862952728052605,8.554386495910538,4.545646379689924,3.6395770309700164,0.054781559763744825,0.8428329597892416,0.04840529217095135,0.053980188276062255,2,Balanced,True
1.3800000000000003,1.6400000000000006,37.86553026729935,7.6915005937393435,6.150288599394383,12.495136089012998,4.804903799033374,3.7849305087978635,0.05453038906507842,0.8330356907082711,0.04771643139958047,0.06471748882706999,2,Balanced,True
1.4000000000000004,1.6400000000000006,29.15853558129806,5.969644328836445,5.074421203060892,15.028826102636884,3.9604577483773906,3.311489206282104,0.054048093345108586,0.8137656258296884,0.046907425208793097,0.08527885561640991,2,Balanced,True
1.4200000000000004,1.6400000000000006,23.67246641781337,4.687458515097596,4.273273081024849,16.108995543590478,2.390300998602744,2.4311759450740626,0.05329453136480653,0.7806231683059378,0.045927489934167655,0.12015481039508799,2,Balanced,True
1.4400000000000004,1.6400000000000006,20.45885075793207,4.317290285038636,4.041980877374291,16.643436289563013,1.367401543577411,1.857684186833672,0.052523844264275685,0.7276618023922818,0.0449724052362753,0.17484194810716716,2,Balanced,True
1.4600000000000004,1.6400000000000006,18.510782546497136,4.6987371663269295,4.280320320320946,16.950118212293006,1.1659045915218518,1.7447142944882308,0.052759263390033666,0.6464633769063639,0.04487978172396717,0.25589757797963525,2,Balanced,True
1.4800000000000004,1.6400000000000006,17.264344844583334,5.402181574663734,4.719853468057497,17.129110654028153,1.5365633285578475,1.9525252672731086,0.05590870353875687,0.5231301336285049,0.04719924397605542,0.3737619188566828,2,Balanced,True
1.5000000000000004,1.6400000000000006,16.436465024860826,6.12372897396886,5.17069790707656,17.234401960792844,1.9559419412153152,2.187651189727912,0.06264304597875908,0.3537063123186868,0.052357967168508296,0.5312926745340457,4,Expanded,False
1.5200000000000005,1.6400000000000006,15.873197590750248,6.736232713954787,5.553408599841816,17.297147501047515,2.277788328897705,2.3680953671575704,0.06950361971767732,0.1893517854218638,0.057262052193046344,0.6838825426674126,4,Expanded,False
1.5400000000000005,1.6400000000000006,15.486071841799339,7.204648152141792,5.846088603484912,17.331675384606058,2.4992595192457063,2.4922638782739654,0.07377783866065622,0.08881599677238401,0.05947553654424246,0.7779306280227173,4,Expanded,False
1.5600000000000005,1.6400000000000006,15.230010435554766,7.527033074601014,6.047524364537205,17.341929629267305,2.6447536505751934,2.5738356151439783,0.07731405138633748,0.04327839265787059,0.060253555275676544,0.8191540006801153,4,Expanded,False
1.5800000000000005,1.6400000000000006,15.093584399543033,7.709401429184364,6.161473577847573,17.329946261797737,2.7372616652290516,2.625700521039206,0.08262726954082984,0.024052093150936635,0.06102709742880561,0.8322935398794279,4,Expanded,False
1.6000000000000005,1.6400000000000006,15.057326190145151,7.761521698746172,6.194039884253424,17.30177092005705,2.7824837917645944,2.651054446814438,0.09198713484865047,0.015450862178015131,0.062269179440021104,0.8302928235333132,4,Expanded,False
1.6200000000000006,1.6400000000000006,15.080622430052111,7.606699951777384,6.097302616920308,17.260460585641976,2.7619950415499654,2.639567365335404,0.10932541849089922,0.011234346759547879,0.06403546300413908,0.8154047717454138,4,Expanded,False
1.6400000000000006,1.6400000000000006,15.1998253722654,7.096986132743555,5.778818147259855,17.19146563440286,2.659611246635476,2.582165572546904,0.14397169523493586,0.008973915013085818,0.06612929198196749,0.7809250977700108,4,Expanded,False
1.6600000000000006,1.6400000000000006,15.467819272516206,6.245701307885316,5.246909876676019,17.08247527296213,2.483583135390281,2.4834748649492138,0.2176053807388508,0.007585181289890091,0.06755864842982963,0.7072507895414295,4,Expanded,False
1.6800000000000006,1.6400000000000006,15.85255769439193,5.244272713325091,4.621187279148882,16.944572971061483,2.244173743727127,2.349249245520406,0.3568781326556075,0.006455083529212966,0.06609151488745642,0.570575268927723,4,Expanded,False
1.7000000000000006,1.6400000000000006,16.296620719554117,4.175912597558172,3.9536438613122473,16.796474464508684,1.9346959452944539,2.1757395560904484,0.523441771018403,0.005598691233419752,0.06346443534741278,0.40749510240076453,1,Bar-dominant,True
1.7200000000000006,1.6400000000000006,16.81390264334749,3.0477148650479178,3.2487121072708582,16.643862736070524,1.6322236830778114,2.006157542310536,0.6493675050359328,0.005369008708101115,0.06548308858633198,0.2797803976696342,1,Bar-dominant,True
1.7400000000000007,1.6400000000000006,17.488764719582036,2.6586225547124904,3.0055955711309696,16.4896503442434,1.5973290996006015,1.9865937856450135,0.7350112585858662,0.005525218835555169,0.07092375068419247,0.18853977189438612,1,Bar-dominant,True
1.7600000000000007,1.6400000000000006,18.436467047680715,4.340354768358346,4.056392257768085,16.347912483097573,1.9629520715453865,2.1915814410822714,0.7887294359554461,0.00577053180628573,0.07661865633318263,0.12888137590508558,1,Bar-dominant,True
1.7800000000000007,1.6400000000000006,19.803162705738973,7.264974447541718,5.883782280759432,16.23200928288258,2.5050562597726285,2.495513838864438,0.817652974602739,0.006013188543843739,0.08144794958312994,0.09488588727028734,1,Bar-dominant,True
1.8000000000000007,1.6400000000000006,21.83166649762211,10.315173137663045,7.789637833241171,16.129747057797506,3.00057451364987,2.773327687782003,0.8304700641823839,0.00625703230106189,0.08548857640406225,0.07778432711249202,1,Bar-dominant,True
1.8200000000000007,1.6400000000000006,25.08693726184914,12.596989823602762,9.215385281998586,15.976821909414275,3.3029774575862505,2.942870838052672,0.8336906111837755,0.0065199380804025625,0.08902450739003148,0.07076494334579046,1,Bar-dominant,True
1.8400000000000007,1.6400000000000006,30.652955955652736,13.896424072042455,10.027310742951169,15.628857396348062,3.313082118510207,2.948536047601111,0.8310635296203066,0.006813215276018135,0.09224956713535873,0.0698736879683165,1,Bar-dominant,True
1.8600000000000008,1.6400000000000006,39.58958631295471,14.126550715812582,10.171100766605608,14.86751925229232,2.995904638493102,2.770709507763174,0.8245779942001357,0.007142210664206447,0.09526320186552659,0.07301659327013134,1,Bar-dominant,True
1.8800000000000008,1.6400000000000006,51.50126048894854,12.19239263833239,8.962580835336341,13.594253937154999,2.522763128827671,2.505441250026327,0.815314602908458,0.00750930305305319,0.09811058173272354,0.07906551230576528,1,Bar-dominant,True
1.9000000000000008,1.6400000000000006,62.607154488119,8.93519527393627,6.927386307659095,12.418306423208218,2.3159982549856086,2.3895178809605957,0.8039189612269153,0.007915784081138398,0.10081110478189212,0.0873541499100542,1,Bar-dominant,True
1.9200000000000008,1.6400000000000006,69.7519944550743,5.037385226575955,4.491917777251564,12.039709953671636,1.881482780069396,2.1459054296408464,0.790835613230105,0.008362803284307536,0.10337407530425928,0.09742750818132823,1,Bar-dominant,True
1.9400000000000008,1.6400000000000006,73.24222608808697,3.1457604168721454,3.309973906361365,12.537654116314101,1.351394605849115,1.84870984745286,0.7764185652192558,0.008851824568620941,0.10580675181676506,0.10892285839535826,1,Bar-dominant,True
1.9600000000000009,1.6400000000000006,74.48925591958938,5.2006682748501865,4.593941919215644,13.542349155868962,2.0929620389607395,2.264471933334963,0.7609810564851283,0.00938485232815345,0.10811827775296971,0.12151581343374854,1,Bar-dominant,True
1.9800000000000009,1.6400000000000006,74.77289643223936,7.121381049670388,5.794060822442923,14.559020533127235,2.882492446696075,2.707124609990438,0.7448155854977853,0.00996455034656713,0.11032138135982564,0.13489848279582203,1,Bar-dominant,True
2.000000000000001,1.6400000000000006,74.62558722176922,8.119209294275777,6.417533813419993,15.47706539172691,3.161290416392947,2.8634335580984906,0.7281995439319239,0.010594309058218516,0.11243283082181987,0.14877331618803777,1,Bar-dominant,True
1.0,1.6600000000000006,21.60822493493658,6.1683032054173585,5.198549222723264,15.968111568928531,5.442725854671199,4.142527426398312,0.06356695790135862,0.009661365407991772,0.1847258554409163,0.7420458212497333,4,Expanded,False
1.02,1.6600000000000006,20.816150017186832,5.964728551871122,5.0713496782928615,16.490901822808382,5.448056351398375,4.145515985953548,0.06422298166408938,0.009659971410002037,0.1486882335799336,0.777428813345975,4,Expanded,False
1.04,1.6600000000000006,19.884500414553575,5.821245989816078,4.981697473515987,17.063630975466147,5.506083482684732,4.178049077435384,0.06457323907180697,0.010036162444061109,0.1220637266952788,0.8033268717888531,4,Expanded,False
1.06,1.6600000000000006,18.929936181975535,5.920517907585567,5.043725542801848,17.64282505367141,5.606272019640311,4.234220092027199,0.06475136921458899,0.011008745942614548,0.10383644815318151,0.8204034366896149,4,Expanded,False
1.08,1.6600000000000006,18.094631749165643,6.28854040367504,5.27367702756313,18.18142539044519,5.676704269379668,4.273708151720074,0.06495941339283223,0.013015693726767369,0.09171701329360724,0.8303078795867932,4,Expanded,False
1.1,1.6600000000000006,17.413426302449626,6.836500428947825,5.616058873075833,18.673024209049082,5.669660159247935,4.269758849484317,0.06540414748045638,0.016993069239573808,0.08372423744881806,0.8338785458311517,4,Expanded,False
1.12,1.6600000000000006,16.867539593021718,7.481568864457954,6.01911696353052,19.13693744657974,5.582099257042504,4.220667557557034,0.06630554246947938,0.025122321736146216,0.07857600343334446,0.82999613236103,4,Expanded,False
1.1400000000000001,1.6600000000000006,16.478129706123994,8.102870753497946,6.407325003495011,19.590231174065515,5.407962300513612,4.123037131728024,0.06787127119387051,0.04279310010039233,0.0755238688176944,0.8138117598880428,4,Expanded,False
1.1600000000000001,1.6600000000000006,16.344659745292958,8.57475783333747,6.702174192883646,20.03706384030546,5.124358561420055,3.9640338140732263,0.07002102860078996,0.08307458855673243,0.07387039936248646,0.7730339834799912,4,Expanded,False
1.1800000000000002,1.6600000000000006,16.658968826144832,8.802342121458526,6.8443756765371155,20.451945296480112,4.728370558491358,3.7420219096519305,0.07155176603920524,0.17115703085976108,0.07205160217295507,0.6852396009280786,4,Expanded,False
1.2000000000000002,1.6600000000000006,17.699250783666805,8.79315563360136,6.838635683615641,20.73246696347075,4.294810375526479,3.4989450457333784,0.06984191997356716,0.32549149679588313,0.06747102643162185,0.5371955567989278,4,Expanded,False
1.2200000000000002,1.6600000000000006,19.84219606422877,8.70892116050428,6.7860034604157615,20.67036924283094,3.9255617964565426,3.2919246823944035,0.0645266238558564,0.5068291675581362,0.06004821663113273,0.36859599195487464,2,Balanced,True
1.2400000000000002,1.6600000000000006,23.91319543808478,8.685444854748365,6.77133476102199,19.815126518121257,3.5415417942729785,3.0766226747828376,0.05936345232415416,0.6491974156880886,0.05340815769954876,0.23803097428820846,2,Balanced,True
1.2600000000000002,1.6600000000000006,31.68193057186651,11.000561869424454,8.217889253145866,17.163603892795226,4.417902827073297,3.567957211217381,0.05658705648742324,0.7379012174190849,0.04938551502907343,0.15612621106441849,2,Balanced,True
1.2800000000000002,1.6600000000000006,39.81872549442333,7.130474671919331,5.799742790149306,14.032884422230321,2.9785168727736524,2.7609610028780365,0.05563228794133837,0.7896818061494619,0.047252911306188104,0.10743299460301155,2,Balanced,True
1.3000000000000003,1.6600000000000006,50.32668463754427,8.036448714145957,6.365822522716909,9.471946203246059,3.2591776400354386,2.918314334229721,0.05549126566588415,0.8198390948543718,0.046020560824776534,0.07864907865496748,2,Balanced,True
1.3200000000000003,1.6600000000000006,57.1972107961365,9.05139372024925,6.999990579247232,6.191695093730575,3.785132983395054,3.213192831952417,0.0556031962972051,0.8371178483293893,0.04516898825004393,0.06210996712336163,2,Balanced,True
1.3400000000000003,1.6600000000000006,58.453297242363135,9.503044521287514,7.282195535183188,5.208090699204474,4.309805517678023,3.5073521187798105,0.05574740025388517,0.8460474102914944,0.04449720194484086,0.053707987509779516,2,Balanced,True
1.3600000000000003,1.6600000000000006,54.638686140983154,9.506335068160881,7.2842515674835155,6.428823799032266,4.539602492193257,3.636188506662919,0.05584392075611316,0.8487159848113003,0.04392864788265307,0.05151144654993354,2,Balanced,True
1.3800000000000003,1.6600000000000006,46.0045119409061,9.158384599890052,7.066841687238567,9.70638324833904,4.655606076156455,3.701226276506675,0.055846131152157946,0.8455648573466,0.043414710279815284,0.055174301221426754,2,Balanced,True
1.4000000000000004,1.6600000000000006,35.78388053688708,8.274941457665575,6.514839936217074,13.35175019034304,4.939912534614755,3.8606235759570993,0.05569700398025693,0.8355960146314011,0.04289746641918556,0.06580951496915645,2,Balanced,True
1.4200000000000004,1.6600000000000006,28.092845069625604,6.353294732468854,5.314137472805143,15.395184577174481,3.9487388741715557,3.3049189830408223,0.055330111299707836,0.8162589551098982,0.04230937673954815,0.08610155685084582,2,Balanced,True
1.4400000000000004,1.6600000000000006,23.230503153367803,4.711215450569106,4.28811712627507,16.233058541835405,2.4233104437613235,2.449682793082956,0.05475493630927844,0.7832567790367124,0.041637025720805895,0.12035125893320325,2,Balanced,True
1.4600000000000004,1.6600000000000006,20.266687666415333,4.110279676484255,3.9126344452832393,16.681993424704515,1.4325580744876059,1.8942143983700606,0.05434344542423098,0.7301628264115949,0.041135551542182486,0.1743581766219916,2,Balanced,True
1.4800000000000004,1.6600000000000006,18.390437794146045,4.514468112338723,4.165183493060683,16.957908527566595,1.2066541741254535,1.7675606746090637,0.055383379406201014,0.6460153348248435,0.04173893659447697,0.25686234917447853,2,Balanced,True
1.5000000000000004,1.6600000000000006,17.15014933600899,5.341721062746707,4.682075928280778,17.130519999177707,1.5689714719114596,1.9706949935564306,0.06007746416218696,0.5117932216274503,0.045037453100176504,0.3830918611101862,2,Balanced,True
1.5200000000000005,1.6600000000000006,16.30849523438455,6.172498242904477,5.201170407865591,17.23869085838394,1.996256271307987,2.2102535441758935,0.06833877184614594,0.32692015364605626,0.05083868959608128,0.5539023849117165,4,Expanded,False
1.5400000000000005,1.6600000000000006,15.726497161626057,6.859119887982585,5.630192188959532,17.30414605086056,2.3254841681173772,2.394836187636513,0.07504986021990877,0.1618862217875876,0.055154997010778514,0.7079089209817251,4,Expanded,False
1.5600000000000005,1.6600000000000006,15.32217109641005,7.376940674558861,5.953742134896858,17.3366882093185,2.551809609327977,2.5217262495841797,0.0783323507066787,0.07220524420360175,0.056434108616209136,0.7930282964735105,4,Expanded,False
1.5800000000000005,1.6600000000000006,15.060211516926804,7.731961522387309,6.17556980018043,17.341692852522694,2.6999228698553517,2.6047664093782403,0.08137813091214702,0.034874729325435616,0.056746846193370934,0.8270002935690465,4,Expanded,False
1.6000000000000005,1.6600000000000006,14.928517168354807,7.93875809867636,6.304782498497804,17.325668326453698,2.787346092944148,2.653780511080928,0.08686015133877555,0.019691064031746624,0.05740086744653943,0.8360479171829384,4,Expanded,False
1.6200000000000006,1.6600000000000006,14.886076929336715,7.98309316738249,6.332484378095648,17.295376087633464,2.8092559026770405,2.666064313994987,0.09705907705333561,0.012961168902783806,0.058658427587982336,0.8313213264558983,4,Expanded,False
1.6400000000000006,1.6600000000000006,14.928961847926379,7.730676637779259,6.174766965770827,17.2438576756394,2.7480352969740736,2.631740791157381,0.11627583634165056,0.009656004870033956,0.060458073563534394,0.8136100852247811,4,Expanded,False
1.6600000000000006,1.6600000000000006,15.118223306018262,7.086646026923436,5.772357339262545,17.153805723389215,2.6011960115901713,2.5494148894865365,0.15480901390879603,0.007869774982749468,0.06250099109675183,0.7748202200117027,4,Expanded,False
1.6800000000000006,1.6600000000000006,15.461095758807673,6.163450611180246,5.195517176417331,17.024362448442723,2.38597457964171,2.4287503248387026,0.23508752300559435,0.006739621984084709,0.06368455564270147,0.6944882993676195,4,Expanded,False
1.7000000000000006,1.6600000000000006,15.895330795999689,5.1343685705231605,4.552515877027378,16.874006020931933,2.1109857133946237,2.27457696241701,0.3773901367358563,0.005797007410596014,0.06216869693434933,0.5546441589191984,4,Expanded,False
1.7200000000000006,1.6600000000000006,16.383657298190553,3.992800755495164,3.839230094743139,16.717783656546143,1.7993982172595406,2.0998844644140613,0.5355200970424565,0.005146009896467572,0.06046517928785814,0.39886871377321775,1,Bar-dominant,True
1.7400000000000007,1.6600000000000006,16.966675355794834,2.8636084102214285,3.1336768768397425,16.56013078466313,1.6059581281837254,1.9914316773358638,0.6545000552247363,0.0050432340408046025,0.06321204681443313,0.277244663920026,1,Bar-dominant,True
1.7600000000000007,1.6600000000000006,17.731885984805153,2.9532681031112866,3.189698939953653,16.41034584524325,1.7508865902914224,2.072686269998796,0.7372582677460404,0.005254174401904793,0.0688138961072216,0.18867366174483322,1,Bar-dominant,True
1.7800000000000007,1.6600000000000006,18.782321631768525,5.136180707768576,4.553648154685952,16.2863609511824,2.1799882598432108,2.3132634545169437,0.7896290479359291,0.005535523575164882,0.07453162326546771,0.1303038052234383,1,Bar-dominant,True
1.8000000000000007,1.6600000000000006,20.236294067905845,8.203634613705585,6.470285283128003,16.199448803690096,2.677185171973152,2.592018448400513,0.8178705637559942,0.005812868019194959,0.07941604710147558,0.09690052112333529,1,Bar-dominant,True
1.8200000000000007,1.6600000000000006,22.323756598945977,11.03252959422477,8.237863645636496,16.132092014419413,3.0869600137794233,2.821759986882745,0.8302459850711839,0.006091723605726597,0.08355269787204746,0.08010959345104209,1,Bar-dominant,True
1.8400000000000007,1.6600000000000006,25.660373958676768,12.89145916122009,9.399378549044176,16.00910425141599,3.291317721567584,2.9363337708198043,0.8330602243238434,0.0063895807330574695,0.08720691259355252,0.07334328234954664,1,Bar-dominant,True
1.8600000000000008,1.6600000000000006,31.362940168669958,13.833699498445363,9.98811854958546,15.671600575834148,3.212939028108303,2.8923905127608442,0.82999555442793,0.0067179157487499514,0.09055997423924021,0.0727265555840798,1,Bar-dominant,True
1.8800000000000008,1.6600000000000006,40.44061893451903,13.78752083276871,9.959264735349985,14.891060957878057,2.841973409235159,2.684407485720298,0.8230348583614093,0.007082644706598592,0.09370528964901904,0.07617720728297306,1,Bar-dominant,True
1.9000000000000008,1.6600000000000006,52.210112576593566,12.051579816768916,8.874596764427606,13.630530098843295,2.454940119209012,2.4674160689156412,0.8132731631994597,0.007486836211283244,0.09668543264096684,0.08255456794829016,1,Bar-dominant,True
1.9200000000000008,1.6600000000000006,62.762586801129714,9.145792389128735,7.058973696581038,12.558418677104815,2.3684349869195387,2.4189166976726693,0.8013747809716911,0.007932460185637922,0.09951871095814915,0.0911740478845218,1,Bar-dominant,True
1.9400000000000008,1.6600000000000006,69.52605750144798,5.42604511281123,4.7347641218544325,12.2676756814138,1.9676231041917818,2.1942002700512564,0.7878004300268036,0.008421282888143384,0.1022138139495771,0.10156447313547597,1,Bar-dominant,True
1.9600000000000009,1.6600000000000006,72.92547791303863,3.125942527578805,3.297591095211879,12.783042197853984,1.531274606089723,1.9495601285860271,0.7729153548909815,0.008955309412387681,0.10477736354002042,0.11335197215661043,1,Bar-dominant,True
1.9800000000000009,1.6600000000000006,74.25541132249506,4.928224144863872,4.423710661967672,13.722666217878833,2.293933368676349,2.377147133882078,0.7570393022960729,0.009537017099004855,0.10721771526634541,0.12620596533857692,1,Bar-dominant,True
2.000000000000001,1.6600000000000006,74.66638161144553,6.881438844808053,5.644137742057165,14.640727863180246,3.0269363914739253,2.7881075565066973,0.7404682770085734,0.010169498593994882,0.10954678920043516,0.13981543519699652,1,Bar-dominant,True
1.0,1.6800000000000006,22.270570066365927,6.099004248895282,5.155249157879442,15.47257333462419,5.3974055611287195,4.117118462985575,0.06260315165089204,0.00808279848349486,0.2441325020518201,0.685181547813793,4,Expanded,False
1.02,1.6800000000000006,21.603532676787534,5.794230844697423,4.96481760123349,15.941829652213562,5.383627924167109,4.109393988007419,0.06404305320889939,0.008020592131938422,0.19481818889189814,0.7331181657672641,4,Expanded,False
1.04,1.6800000000000006,20.78403921698679,5.526087560487078,4.797273641317669,16.473515572350774,5.403062145625465,4.120289844662176,0.06505284826110448,0.008177909889335434,0.15441368843547423,0.7723555534140858,4,Expanded,False
1.06,1.6800000000000006,19.85282601118571,5.369483992632045,4.699423038895736,17.044262248161512,5.475981644696639,4.161172388422355,0.06560244811506517,0.008657898010882101,0.12518289950919237,0.8005567543648604,4,Expanded,False
1.08,1.6800000000000006,18.961659591551516,5.497432154910575,4.779368885144418,17.60026652303454,5.561193714569929,4.208946800203351,0.0659046276524338,0.009683249401748773,0.10522157586348876,0.8191905470823286,4,Expanded,False
1.1,1.6800000000000006,18.214925252066692,5.904274098954648,5.033575924361269,18.107466386996663,5.583205696672814,4.221287886374158,0.0662004800259331,0.011689994808467323,0.09171305136411893,0.8303964738014806,4,Expanded,False
1.12,1.6800000000000006,17.59485901879419,6.561408091708254,5.444172936572345,18.577827919211337,5.526772669770334,4.1896485344690095,0.06670610051341651,0.015617145203636017,0.08249023818510616,0.8351865160978413,4,Expanded,False
1.1400000000000001,1.6800000000000006,17.073785325925993,7.351538072643098,5.937869827933564,19.03609694848036,5.405027308289493,4.121391619216738,0.06763682104348746,0.023693118641925602,0.07621193019220714,0.8324581301223798,4,Expanded,False
1.1600000000000001,1.6800000000000006,16.691183505701524,8.096228039456598,6.403174436687593,19.497214048429,5.212723983251658,4.013576162429063,0.06917213703183925,0.04154635850792391,0.07207554430599779,0.8172059601542391,4,Expanded,False
1.1800000000000002,1.6800000000000006,16.57459307754088,8.65436190924037,6.751913205149004,19.96073201197256,4.928955603715581,3.854480538598525,0.07112511095284249,0.08309069424285549,0.0692791081773203,0.7765050866269817,4,Expanded,False
1.2000000000000002,1.6800000000000006,16.945093815500893,8.947838948597962,6.93528645450389,20.392359883265417,4.561473617127731,3.648450620824526,0.07203853157786139,0.17504891084340432,0.06614261524404716,0.6867699423346871,4,Expanded,False
1.2200000000000002,1.6800000000000006,18.095090319581423,9.02380916474729,6.982754922292681,20.671870457065197,4.2014093187058235,3.446579452972102,0.06923609368261319,0.3342813246548559,0.06032972394283279,0.5361528577196981,4,Expanded,False
1.2400000000000002,1.6800000000000006,20.4534888920696,9.050493727747298,6.999428236960288,20.542350397689827,3.9083934696570526,3.2822992066216736,0.06319423821711091,0.5149176143652071,0.05256596000755624,0.36932218741012574,2,Balanced,True
1.2600000000000002,1.6800000000000006,25.822437143818593,11.303232804070747,8.407007123807443,18.999127917138676,4.421474181696994,3.569959502285562,0.058207193774230684,0.6524302359320372,0.046466897796592396,0.2428956724971397,2,Balanced,True
1.2800000000000002,1.6800000000000006,31.981970336934637,9.046013855534758,6.996629078545352,17.083647980160514,3.7062718237498857,3.168979077727019,0.05601196490594596,0.738062710642929,0.0431278718156551,0.16279745263546994,2,Balanced,True
1.3000000000000003,1.6800000000000006,40.55105571869761,7.032411468008196,5.738469961505887,13.770044075688167,2.91160657995055,2.723447539275155,0.05561095846813492,0.7894036215687655,0.04149761540315084,0.11348780455994871,2,Balanced,True
1.3200000000000003,1.6800000000000006,50.874682399392114,8.503133356732086,6.657421073398654,9.290056840409147,3.486127178173207,3.0455542980590598,0.055886995059275815,0.8203136709608284,0.04060273612985332,0.08319659785004241,2,Balanced,True
1.3400000000000003,1.6800000000000006,56.61676741944708,9.79553588766455,7.464952906520356,6.470538197685864,4.129116065725925,3.40604801602913,0.056295606038032464,0.8384932603169365,0.039995805771510316,0.0652153278735207,2,Balanced,True
1.3600000000000003,1.6800000000000006,57.02847129164502,10.343042709536016,7.807051576965938,5.848273246239522,4.584043919161148,3.6611047307994316,0.05665344664553508,0.8481002458171667,0.03952547694468141,0.05572083059261679,2,Balanced,True
1.3800000000000003,1.6800000000000006,52.4550638526923,10.303602278010002,7.782408013364794,7.402532328177988,4.660765530983497,3.704118940889069,0.05691258732937073,0.851209795907969,0.039143899352158,0.052733717410502264,2,Balanced,True
1.4000000000000004,1.6800000000000006,43.491857754427805,9.895409965861313,7.527357223687224,10.839344971860564,4.8878334868749285,3.831425295999996,0.057051338569283704,0.8483870319247131,0.038821426025465365,0.055740203480537875,2,Balanced,True
1.4200000000000004,1.6800000000000006,34.13999308275203,8.779429339563883,6.830059083740016,14.061013402090945,5.121609746628655,3.962492682518162,0.05703575343212376,0.8388116324623018,0.038518242928017046,0.06563437117755734,2,Balanced,True
1.4400000000000004,1.6800000000000006,27.42217052210786,6.66670400176491,5.509964976771245,15.656698216670321,4.04379076915894,3.358210123350449,0.05683025095877183,0.820115315426565,0.038190768222510066,0.08486366539215304,2,Balanced,True
1.4600000000000004,1.6800000000000006,23.042748032225894,4.651769922214708,4.250973778646154,16.31827350118624,2.578583561846414,2.53673714926685,0.0565032403437619,0.7879770013503952,0.037861314054588376,0.11765844425125452,2,Balanced,True
1.4800000000000004,1.6800000000000006,20.210408005201057,3.8414178789151876,3.744641536687883,16.720393333659274,1.6126145892671735,1.995163642928035,0.05657434511510088,0.7349699438751052,0.03784868722240449,0.17060702378738943,2,Balanced,True
1.5000000000000004,1.6800000000000006,18.33172645868937,4.3503301628094375,4.062625183172053,16.98424852812017,1.3647997045828129,1.8562254577158295,0.058700605463547696,0.6463220177344331,0.03922397921618464,0.2557533975858346,2,Balanced,True
1.5200000000000005,1.6800000000000006,17.058146133480864,5.340399012539614,4.681249871691085,17.152559684553225,1.6938113846947718,2.0406868786131156,0.06541822790725009,0.49652924807730586,0.043625748732079694,0.3944267752833644,2,Balanced,True
1.5400000000000005,1.6800000000000006,16.182695780466865,6.28176299050491,5.2694422967032715,17.256227210298203,2.1058796967238362,2.271714258302985,0.07513074853784645,0.29371635414789665,0.04988432806450894,0.581268569249748,4,Expanded,False
1.5600000000000005,1.6800000000000006,15.571358174066166,7.038584608484233,5.742327124677127,17.314101125036924,2.4246776262229317,2.4504493081787366,0.0808247947409565,0.13281178368928734,0.05318397899947746,0.7331794425702787,4,Expanded,False
1.5800000000000005,1.6800000000000006,15.14720254049654,7.606041258607315,6.096891045687384,17.33725609364982,2.6409976007369127,2.5717297741297793,0.08266113943705602,0.056626748849743676,0.053474404608877826,0.8072377071043225,4,Expanded,False
1.6000000000000005,1.6800000000000006,14.883187288628287,7.998426800814865,6.342065291795288,17.33474534947718,2.776035013166358,2.6474389190529988,0.0851572409346454,0.027430313751425475,0.05344012757503906,0.83397231773889,4,Expanded,False
1.6200000000000006,1.6800000000000006,14.749629841362326,8.233245402934616,6.488786991639087,17.314777526361258,2.839415999549624,2.6829736660326513,0.0908282952961557,0.015894043018732075,0.05407412430058556,0.8392035373845267,4,Expanded,False
1.6400000000000006,1.6800000000000006,14.709753972974118,8.23973617481875,6.49284262043315,17.27829270394929,2.821530301497548,2.672945993837843,0.10187286385414997,0.010793820343164232,0.05540791976395306,0.8319253960387327,4,Expanded,False
1.6600000000000006,1.6800000000000006,14.801808856344966,7.875768029602536,6.265424415601645,17.21026446608873,2.7129280474067037,2.6120578025875254,0.12293647201238153,0.008274647176190171,0.05727045563868228,0.811518425172746,4,Expanded,False
1.6800000000000006,1.6800000000000006,15.06500377189841,7.139058838355444,5.805106434596036,17.099386245969857,2.523709922609692,2.50597207290249,0.16517834734643067,0.006896951865814645,0.05926272805186665,0.768661972735888,4,Expanded,False
1.7000000000000006,1.6800000000000006,15.462591828611929,6.198724658479501,5.217557458291924,16.955790997394157,2.275577793482425,2.3668560236074945,0.2511089298685966,0.005991946443415977,0.0602021635450952,0.6826969601428922,4,Expanded,False
1.7200000000000006,1.6800000000000006,15.928974938331288,5.148149212242642,4.561126434963455,16.79966745394011,1.9826671316192985,2.2026347507795796,0.3939345901331741,0.005221412135655043,0.05870973424076778,0.5421342634904031,4,Expanded,False
1.7400000000000007,1.6800000000000006,16.4551704701764,3.932743624889615,3.8017045996986982,16.641979586629567,1.7143958372151014,2.0522276158872472,0.5432855085364691,0.004747252828864081,0.0578204994631832,0.3941467391714837,1,Bar-dominant,True
1.7600000000000007,1.6800000000000006,17.09834347569207,2.820605554488843,3.1068074038326383,16.488902495950324,1.6552523099126313,2.0190686135096456,0.6563528110727516,0.004751276188378807,0.0611540656076907,0.2777418471311789,1,Bar-dominant,True
1.7800000000000007,1.6800000000000006,17.943736457649123,3.287278553404037,3.398398679199834,16.354283813164724,1.905738076560751,2.1595042369949127,0.7371340432657341,0.005016686305307099,0.06694015467665189,0.19090911575230696,1,Bar-dominant,True
1.8000000000000007,1.6800000000000006,19.074195532496976,5.777604196768526,4.954428773326287,16.25695608459052,2.328849884927217,2.3967231872253105,0.788935045889052,0.005339324917029568,0.0727495981530624,0.1329760310408561,1,Bar-dominant,True
1.8200000000000007,1.6800000000000006,20.57341666025898,8.829831053820172,6.861551585287883,16.206097389487894,2.7600514285510567,2.63847767266756,0.8169732800710993,0.0056561507151285315,0.07773796109739008,0.0996326081163821,1,Bar-dominant,True
1.8400000000000007,1.6800000000000006,22.678808000378062,11.333191265463658,8.425726068305847,16.177769092502565,3.0819050403619297,2.8189259003273026,0.8291559405882596,0.0059741125089134576,0.08199672180528254,0.08287322509754437,1,Bar-dominant,True
1.8600000000000008,1.6800000000000006,26.0634319019791,12.790741258634526,9.336446985110754,16.085245360512754,3.1969002219895675,2.883398306267898,0.8317044648852849,0.006311090296719487,0.08578339101840493,0.0762010537995906,1,Bar-dominant,True
1.8800000000000008,1.6800000000000006,31.86717815836375,13.428369559764459,9.734856256632552,15.756815912605745,3.0435003492998756,2.7973941909362647,0.8283051516938288,0.006679223339627707,0.0892740137974624,0.0757416111690811,1,Bar-dominant,True
1.9000000000000008,1.6800000000000006,41.062187449650345,13.256866225664924,9.627695833732453,14.958764516479812,2.644125950820534,2.5734836933258776,0.8209623178327994,0.007085200727009933,0.09255910006709744,0.07939338137309329,1,Bar-dominant,True
1.9200000000000008,1.6800000000000006,52.62769262100363,11.990647146682502,8.836524206076625,13.7277267674473,2.390075855645401,2.4310497179753705,0.8107895010556794,0.007532810396660033,0.095679181639228,0.08599850690843264,1,Bar-dominant,True
1.9400000000000008,1.6800000000000006,62.65327045158178,9.558988541234118,7.317151035422794,12.754868066294723,2.4395662632335315,2.4587966687869214,0.7984621878506869,0.008024623565063421,0.09865054038665022,0.09486264819759947,1,Bar-dominant,True
1.9600000000000009,1.6800000000000006,69.08807103039643,6.0727623357258045,5.138852424091651,12.539747472077647,2.0996503236649096,2.268221740938988,0.7844458243122989,0.008562880489171198,0.10147959384265892,0.10551170135587097,1,Bar-dominant,True
1.9800000000000009,1.6800000000000006,72.44313663912867,3.3194465577774546,3.4184982123698835,13.059319495599135,1.7646871394936228,2.0804235907958404,0.7691071601706005,0.009149957062222436,0.10417061423394197,0.11757226853323509,1,Bar-dominant,True
2.000000000000001,1.6800000000000006,73.90169779917254,4.614746181773717,4.227840236060343,13.92361474750702,2.5101758197601196,2.49838413608106,0.7527682721036268,0.009788647537743935,0.10672998127011436,0.13071309908851483,1,Bar-dominant,True
1.0,1.7000000000000006,22.819812061757947,6.255548522073741,5.253062711210461,15.034920946424759,5.355066556623399,4.093380968536227,0.06158420708590854,0.0069553962341911725,0.32364293153773954,0.6078174651421607,4,Expanded,False
1.02,1.7000000000000006,22.263335870006213,5.811950815087979,4.975889569780335,15.441800928928918,5.334754476818946,4.081992937871682,0.06374010929824733,0.006873447351074418,0.26442819850057575,0.6649582448501025,4,Expanded,False
1.04,1.7000000000000006,21.568164344204014,5.476535321122659,4.766311917140014,15.921627336357417,5.330255411482764,4.079470522909576,0.06565133675320621,0.006945947545232695,0.2071698217980126,0.7202328939035485,4,Expanded,False
1.06,1.7000000000000006,20.725548236909596,5.174951417758774,4.5778732562007445,16.458791282739952,5.366193468194874,4.099619306086962,0.06681992725407797,0.007185043555858439,0.16116715500202236,0.7648278741880412,4,Expanded,False
1.08,1.7000000000000006,19.821340902924568,5.030128960714911,4.487383844879767,17.016764091806373,5.445410906555954,4.144032809081613,0.06732710598951483,0.007703334878469724,0.12830020904605732,0.7966693500859581,4,Expanded,False
1.1,1.7000000000000006,19.0169228916185,5.152589395338297,4.563900794428724,17.53956647185022,5.496714403038008,4.17279627381593,0.06750004759600892,0.008726150176739274,0.10581175778736253,0.8179620444398893,4,Expanded,False
1.12,1.7000000000000006,18.354427117866297,5.585815115191937,4.834593207462354,18.014187686853635,5.4628558988177405,4.153813398205551,0.06763401145099143,0.010685344888230341,0.09039509799228433,0.8312855456684939,4,Expanded,False
1.1400000000000001,1.7000000000000006,17.77369337076591,6.336699459695729,5.303768249035544,18.46845095228629,5.359979554189332,4.096135455889286,0.06796188922763856,0.014519993110658056,0.07966041756551279,0.8378577000961906,4,Expanded,False
1.1600000000000001,1.7000000000000006,17.25347625119741,7.218927909011528,5.855011023524765,18.9286490058818,5.208455162031991,4.011182834546391,0.06869169264690664,0.022503551076732523,0.07213586858320042,0.8366688876931604,4,Expanded,False
1.1800000000000002,1.7000000000000006,16.861279049934264,8.027958285843994,6.36051744866562,19.405235825806447,5.002170521497929,3.895528709777172,0.06995384941033604,0.040514405451171784,0.06689209139281117,0.822639653745681,4,Expanded,False
1.2000000000000002,1.7000000000000006,16.757353620545608,8.634022166586693,6.739204324380642,19.89097061898889,4.7250032289024855,3.740134005853556,0.07141451897212955,0.08335590301014537,0.06297615755651588,0.7822534204612092,4,Expanded,False
1.2200000000000002,1.7000000000000006,17.188952330809208,8.980329475902678,6.955587509667051,20.339887195733304,4.398492599853451,3.5570748070070097,0.07136886307045309,0.1791259685850969,0.05864332331282895,0.6908618450316211,4,Expanded,False
1.2400000000000002,1.7000000000000006,18.468708646140453,9.147819794289932,7.060240480084721,20.606334428365148,4.1182788255539835,3.399972083648732,0.0673437825109609,0.34193886629253545,0.052018811926022694,0.538698539270481,4,Expanded,False
1.2600000000000002,1.7000000000000006,21.70169159398257,10.310815396018407,7.786914985665172,20.042130645927518,4.032070128665736,3.351638909834665,0.06090443106757577,0.5193975926961492,0.04457254869371026,0.37512542754256484,2,Balanced,True
1.2800000000000002,1.7000000000000006,26.702943462147708,11.792280888354192,8.712579023067908,18.697946281174357,4.632693360981767,3.688380191540027,0.05654378808803223,0.6511408664590391,0.03948863087703899,0.2528267145758897,2,Balanced,True
1.3000000000000003,1.7000000000000006,31.776413592059804,7.264267312498072,5.883340441592152,17.181863830934653,3.125075843010795,2.8431297449907387,0.05523421387138409,0.7345888175198438,0.037056742848707906,0.1731202257600642,2,Balanced,True
1.3200000000000003,1.7000000000000006,41.619356371763004,7.099036184538763,5.780099081059161,13.407774351291275,2.974470728284556,2.7586925193963543,0.05556274338268858,0.7869316501541738,0.03603692980154119,0.12146867666159647,2,Balanced,True
1.3400000000000003,1.7000000000000006,51.158284474954584,9.060974402579152,7.00597687668882,9.206885933494785,3.7965507787865644,3.21959425442081,0.05635571257272465,0.8198102820398505,0.03554540629642794,0.08828859909099689,2,Balanced,True
1.3600000000000003,1.7000000000000006,55.96438146250101,10.503006951201176,7.907002029099909,6.780480767998519,4.484807689989062,3.6054676305258404,0.05711511644026038,0.839687452902778,0.03522854816981091,0.06796888248715068,2,Balanced,True
1.3800000000000003,1.7000000000000006,55.62188975688842,10.938032452206782,8.178818999334627,6.499320057034607,4.817610172146215,3.7920543763701278,0.057714447517564604,0.8504513700401569,0.0349921464328678,0.05684203600941069,2,Balanced,True
1.4000000000000004,1.7000000000000006,50.30905261044995,10.755638643083051,8.064853881264588,8.39861375653732,4.79067917792734,3.776955430770082,0.05815225166687763,0.8543318036547692,0.03482154558023564,0.052694399098117475,2,Balanced,True
1.4200000000000004,1.7000000000000006,41.27009297666466,10.375484058112306,7.827321903785748,11.879960864932162,5.184848234120645,3.9979475370515885,0.05844195701961813,0.8521518425569985,0.03470894082172347,0.05469725960165986,2,Balanced,True
1.4400000000000004,1.7000000000000006,32.88132416897274,9.132731926204524,7.050813127939165,14.645742416723298,5.329748628356614,4.0791863933750125,0.05857945830900396,0.8433408353836733,0.03463359383443402,0.06344611247288871,2,Balanced,True
1.4600000000000004,1.7000000000000006,27.002106820637813,6.94337517042584,5.682837414462533,15.868893872989839,4.191865234917732,3.441228532736945,0.05856463667806815,0.8256894919963453,0.034574382183081565,0.08117148914250497,2,Balanced,True
1.4800000000000004,1.7000000000000006,22.98546469280902,4.6885155344659655,4.273933538403842,16.405888182129807,2.791355169080594,2.6560282120755025,0.058534020688954656,0.7946442003673763,0.03458741647111113,0.11223436247255793,2,Balanced,True
1.5000000000000004,1.7000000000000006,20.217348940818862,3.6804569251235253,3.6440683089469736,16.777123921580117,1.8529313865851096,2.1298980021570655,0.059205090810165124,0.7411629437993508,0.03506915917304163,0.16456280621744243,2,Balanced,True
1.5200000000000005,1.7000000000000006,18.299708149079315,4.279266495669969,4.018222474248169,17.030125449282128,1.603928871049981,1.9902939680176746,0.062768123302662,0.645087701654487,0.03729025119621391,0.2548539238466371,2,Balanced,True
1.5400000000000005,1.7000000000000006,16.97412654267114,5.408874256588158,4.724035256295741,17.18698170523899,1.8968024665718148,2.154494459486156,0.07201117086816096,0.47337297097569825,0.042877874667483225,0.41173798348865753,2,Balanced,True
1.5600000000000005,1.7000000000000006,16.054253269895003,6.443390135455332,5.370431780645145,17.276363178018435,2.2756542902551136,2.366898911760825,0.08253739953562442,0.2527975306327931,0.049138421387147704,0.6155266484444347,4,Expanded,False
1.5800000000000005,1.7000000000000006,15.408281216133105,7.2674017684444365,5.885298943603425,17.31962902439293,2.5661596221479472,2.5297716288660497,0.08606075115263159,0.10366837781738837,0.05098520041591065,0.7592856706140694,4,Expanded,False
1.6000000000000005,1.7000000000000006,14.96825136738785,7.887609500374427,6.272823321414977,17.33157588188196,2.756034912701281,2.6362258005745876,0.08626086859358234,0.042867679526329326,0.05043240050936158,0.8204390513707267,4,Expanded,False
1.6200000000000006,1.7000000000000006,14.704528082083474,8.325988796386786,6.546735843279235,17.32223610095523,2.861046796725983,2.695101039689825,0.08834558530472407,0.02116685178611123,0.05026577538703878,0.840221787522126,4,Expanded,False
1.6400000000000006,1.7000000000000006,14.567397150437321,8.576437177467145,6.703223497423851,17.297770069995565,2.8842244035341493,2.708095636973964,0.09428823706572531,0.012724875733637172,0.05099983364142922,0.8419870535592083,4,Expanded,False
1.6600000000000006,1.7000000000000006,14.553142901042815,8.517319652856242,6.66628509636376,17.250248086152563,2.8173828302051076,2.670620701168981,0.10615513630623268,0.008970704700707205,0.05245696451491343,0.8324171944781467,4,Expanded,False
1.6800000000000006,1.7000000000000006,14.707865163276612,8.058151943416455,6.379383350785563,17.163450143749483,2.6613381386521997,2.5831337599226,0.12892034435343758,0.0070978359169349085,0.05438230283782396,0.8095995168918035,4,Expanded,False
1.7000000000000006,1.7000000000000006,15.030572596766675,7.288859649988581,5.898706471059866,17.036124291836632,2.43677695599834,2.457232835017411,0.17446355641676384,0.006057008254067252,0.056295996442260306,0.7631834388869086,4,Expanded,False
1.7200000000000006,1.7000000000000006,15.458698423422376,6.369462066598351,5.324239307685383,16.885867065113327,2.167488913263631,2.306255657013912,0.26474547154855776,0.005342404605395297,0.05699762019024301,0.672914503655804,4,Expanded,False
1.7400000000000007,1.7000000000000006,15.941822157370089,5.299612884790163,4.6557654767605925,16.7308377496878,1.8834964995640429,2.14703442773339,0.4059522693595582,0.004728105935455388,0.055624375195690516,0.5336952495092959,4,Expanded,False
1.7600000000000007,1.7000000000000006,16.496263728699454,4.011189816764371,3.850720131322838,16.579490044793936,1.6900063440815705,2.0385535707687126,0.5468842252175897,0.004407079979563223,0.055492938899735014,0.39321575590311203,1,Bar-dominant,True
1.7800000000000007,1.7000000000000006,17.188598761371043,2.8580241453392383,3.130187660787451,16.440328199698744,1.7356210286187088,2.06412758540746,0.6553335593171681,0.00450458170855854,0.05934899207689217,0.28081286689738116,1,Bar-dominant,True
1.8000000000000007,1.7000000000000006,18.097189131234153,3.512235193736839,3.538958329767665,16.329528556148652,2.0166585041383986,2.2216921194146035,0.7350709471705239,0.004825110963934948,0.06535682348080764,0.19474711838473352,1,Bar-dominant,True
1.8200000000000007,1.7000000000000006,19.274550598395162,6.141652510185468,5.181897069652154,16.266186121298002,2.3941789142940557,2.433350110557476,0.7869145134759704,0.005193080161759926,0.07131080299079832,0.13658160337147138,1,Bar-dominant,True
1.8400000000000007,1.7000000000000006,20.776632722391835,9.032920511465154,6.988447964778427,16.25678255382663,2.7466091031530553,2.630941191159562,0.8151010063937252,0.005553487685906033,0.07643857171458537,0.10290693420578344,1,Bar-dominant,True
1.8600000000000008,1.7000000000000006,22.870333838632156,11.166562818444262,8.321611620948094,16.26924775369257,2.9808228796557517,2.762253872802673,0.8273038428347033,0.005914844891856343,0.0808414377131417,0.08593987456029871,1,Bar-dominant,True
1.8800000000000008,1.7000000000000006,26.276686218265365,12.271640873724985,9.012097507786736,16.206483303439967,3.0159805715311,2.7819651420092524,0.8297414652753505,0.006295879273852986,0.08477611523399174,0.07918654021680477,1,Bar-dominant,True
1.9000000000000008,1.7000000000000006,32.15401900072824,12.662406762224247,9.256259745718571,15.885958039869536,2.800522132560199,2.6611676986377613,0.8261340610335561,0.006709593477912674,0.08841662925585907,0.07873971623267208,1,Bar-dominant,True
1.9200000000000008,1.7000000000000006,41.43869325995441,12.553529553749462,9.188230002940692,15.075195287618232,2.406444009977801,2.440226574567796,0.8185099751171881,0.007163449304368694,0.09185092319169111,0.08247565238675206,1,Bar-dominant,True
1.9400000000000008,1.7000000000000006,52.758894168150924,11.992778889216831,8.83785618269791,13.885015007648315,2.3379946703855787,2.401850239611038,0.8079922988178666,0.007661832252272462,0.09511623075724314,0.08922963817261781,1,Bar-dominant,True
1.9600000000000009,1.7000000000000006,62.29314358588557,10.215306025392312,7.727237868593647,13.002852824628533,2.545612152526419,2.51825162616906,0.7952564759976051,0.008207722965061713,0.0982249108768271,0.09831089016050616,1,Bar-dominant,True
1.9800000000000009,1.7000000000000006,68.4243265905403,7.088273631876456,5.773374315614612,12.853349691903261,2.2970582827270425,2.3788991266556376,0.7807654787109192,0.008803619899310432,0.10117935765797983,0.10925154373179059,1,Bar-dominant,True
2.000000000000001,1.7000000000000006,71.75813950961637,3.9955203971990794,3.840929408384232,13.368572167533827,2.0606628611408504,2.246363298916746,0.7648883750869386,0.009452081449191088,0.10398056033442966,0.12167898312944059,1,Bar-dominant,True
1.0,1.7200000000000006,23.21936882209277,6.604515923677438,5.4711080018780915,14.691108554881064,5.318177073482077,4.072698765174635,0.06136507798993504,0.006210843092450065,0.4178968532019637,0.5145272257156512,4,Expanded,False
1.02,1.7200000000000006,22.808164718311286,6.039313006937437,5.1179522810273435,14.997500244084701,5.299354902502584,4.06214605652287,0.06383561775054195,0.006092130148713434,0.3596715195308855,0.5704007325698591,4,Expanded,False
1.04,1.7200000000000006,22.23271182152861,5.589866074417116,4.837124368188764,15.415068135625415,5.276284999945156,4.049211843961611,0.06668309256198604,0.006132133303156057,0.28932964861920724,0.6378551255156507,4,Expanded,False
1.06,1.7200000000000006,21.507796374588658,5.237587418620032,4.617010106666683,15.904106853160192,5.280441386903696,4.051542135226379,0.06878234604766403,0.006266318076585807,0.22147878122045458,0.7034725546552956,4,Expanded,False
1.08,1.7200000000000006,20.65386095483926,4.937150610868025,4.429288185442831,16.4410299490888,5.330351784835331,4.0795245549291845,0.06963844887169919,0.006514256698967841,0.16784266951722063,0.7560046249121123,4,Expanded,False
1.1,1.7200000000000006,19.801539806487643,4.804548214642749,4.346434234342265,16.97606253952396,5.4017947490079985,4.119579274810009,0.06961405885152466,0.007005348099563192,0.1300484517405336,0.7933321413083786,4,Expanded,False
1.12,1.7200000000000006,19.090076477398366,4.904875034425796,4.40912143802038,17.460999720876416,5.4080806752676125,4.123103498901719,0.06925246035042372,0.00797018417498601,0.10440991166395783,0.8183674438106324,4,Expanded,False
1.1400000000000001,1.7200000000000006,18.492539899245582,5.3623818973886825,4.69498543694618,17.9065338429642,5.322578267583079,4.07516630832459,0.06893150777415924,0.00983515301738178,0.08693787126522382,0.8342954679432352,4,Expanded,False
1.1600000000000001,1.7200000000000006,17.926752010279653,6.146878672882975,5.185162532727551,18.351282598699665,5.17997773601008,3.995216877150254,0.06888845182282319,0.013536808094358513,0.07482443275796306,0.8427503073248552,4,Expanded,False
1.1800000000000002,1.7200000000000006,17.39299140389148,7.037750103412558,5.741805700899201,18.81967661453954,5.00060788292453,3.8946526116049127,0.06929068954276435,0.021397335701184825,0.06632102189178976,0.8429909528642611,4,Expanded,False
1.2000000000000002,1.7200000000000006,16.990578133805823,7.860075484458672,6.2556192431085,19.31624673426655,4.7811641072320485,3.7716207768155643,0.07017462741261696,0.03958947509041253,0.06028201741918981,0.8299538800777807,4,Expanded,False
1.2200000000000002,1.7200000000000006,16.908217506675236,8.498120102065398,6.654288641641516,19.82524852428552,4.5171137332035025,3.6235801140488477,0.07101387925012803,0.08398793102558297,0.05557619443252119,0.7894219952917678,4,Expanded,False
1.2400000000000002,1.7200000000000006,17.414981731886257,8.903984745674903,6.907885034258296,20.284858030371442,4.244815537138561,3.4709152842263484,0.06987184267521004,0.18419974693071275,0.05045287130365581,0.6954755390904214,4,Expanded,False
1.2600000000000002,1.7200000000000006,19.08918798104057,9.47497223250022,7.264655127855162,20.390811547439615,4.002266654112008,3.3349294992083123,0.06469711769392503,0.3504110778520602,0.04358197735011347,0.5413098271039013,4,Expanded,False
1.2800000000000002,1.7200000000000006,23.17425714078234,12.968627160047244,9.44759542734622,19.399122576059987,5.069049968154042,3.9330248793806732,0.05823292662245408,0.5232776415819851,0.03695987285450838,0.38152955894105245,2,Balanced,True
1.3000000000000003,1.7200000000000006,25.87770268712749,8.368859085660475,6.573522484789958,19.01667016168685,3.5281129200441597,3.0690937347146434,0.054829508730678635,0.6488525522012486,0.033085999555229145,0.2632319395128436,2,Balanced,True
1.3200000000000003,1.7200000000000006,32.768834236056286,7.011106117329065,5.725157739905077,16.895951080833647,3.133277406436448,2.8477279770126547,0.05457970158539032,0.7309341250766916,0.031575969454779036,0.182910203883139,2,Balanced,True
1.3400000000000003,1.7200000000000006,42.59638438579894,7.137151565988004,5.803914713662133,13.057871719275578,3.084108547517963,2.8201613034619903,0.055721884840598195,0.7852915039719152,0.031146674423182412,0.1278399367643042,2,Balanced,True
1.3600000000000003,1.7200000000000006,51.43931706788394,9.297772390010785,7.153935355795348,9.123184925720363,4.031365672324353,3.3512439541976873,0.05706525502962408,0.8207375752250651,0.031040965931362206,0.09115620381394864,2,Balanced,True
1.3800000000000003,1.7200000000000006,55.39853856018393,10.735992173687205,8.05257817840431,7.067912497894545,4.721547873948256,3.738196750360545,0.058176735752254925,0.8424595544363906,0.031000008104319958,0.06836370170703449,2,Balanced,True
1.4000000000000004,1.7200000000000006,54.23007338065869,11.155789596047137,8.314880188733472,7.1671649068039445,4.989792498606164,3.888588932776741,0.05900362026443666,0.8542928039038641,0.030985561114283217,0.055718014717416005,2,Balanced,True
1.4200000000000004,1.7200000000000006,48.16475288629964,11.11842853285743,8.291535876785096,9.420341320501738,4.989262968847296,3.888292050271856,0.059603904102473335,0.8588211752437496,0.031015573545177182,0.050559347108599946,2,Balanced,True
1.4400000000000004,1.7200000000000006,39.333066061281535,10.808245560069393,8.097724259565544,12.81326691244647,5.508441284270787,4.179370986221752,0.06003274499941556,0.8572213877054771,0.031102606371302646,0.0516432609238047,2,Balanced,True
1.4600000000000004,1.7200000000000006,31.90777182102743,9.451989272342805,7.250294685576325,15.135814234732113,5.5353002798640265,4.194429565568591,0.06031755936450418,0.8491689967823507,0.03124213570612002,0.05927130814702509,2,Balanced,True
1.4800000000000004,1.7200000000000006,26.710592011173798,7.208995311021884,5.84880483863247,16.065206708911155,4.338341758637288,3.5233510509533494,0.060493414410113494,0.8325010197437851,0.031431298280077055,0.07557426756602437,2,Balanced,True
1.5000000000000004,1.7200000000000006,22.972142941825386,4.855556776487629,4.378305912449996,16.511340693826632,3.002930366804772,2.7746485041743894,0.06077496680424372,0.8021249234380812,0.03175842795198658,0.10534168180568854,2,Balanced,True
1.5200000000000005,1.7200000000000006,20.24281672518392,3.6949924076492437,3.653150514040485,16.853932115795697,2.1110532365201413,2.274614819467167,0.06215447213816076,0.746575880496451,0.03272041442799485,0.15854923293739343,2,Balanced,True
1.5400000000000005,1.7200000000000006,18.2767427873557,4.3188990290710985,4.042986068857953,17.0899596533967,1.889545122500487,2.150425606979515,0.06757346415998398,0.6381782362210398,0.03585971830749493,0.2583885813114813,2,Balanced,True
1.5600000000000005,1.7200000000000006,16.892621108383675,5.535189660584569,4.802960906237896,17.226823312825463,2.1518329066111277,2.2974780682313027,0.0796189943956986,0.43690309701499114,0.04256300803457787,0.4409149005547324,4,Expanded,False
1.5800000000000005,1.7200000000000006,15.92235133516677,6.64463101449506,5.496173112823383,17.295469444486496,2.4838356079936315,2.4836164144988704,0.0894055795801903,0.20477547799097434,0.04802973976041645,0.6577892026684189,4,Expanded,False
1.6000000000000005,1.7200000000000006,15.242357584202258,7.535810035966196,6.053008473033458,17.32277996184597,2.730119705235885,2.621696358974556,0.08982965661088489,0.0766715712074584,0.048258417133229405,0.7852403550484273,4,Expanded,False
1.6200000000000006,1.7200000000000006,14.795758487769808,8.212303877296259,6.475702098827165,17.324315767302302,2.8787388943183405,2.7050201691852553,0.08872764033444713,0.03151393858337212,0.04725945785189023,0.8324989632302905,4,Expanded,False
1.6400000000000006,1.7200000000000006,14.530401259561563,8.698759972204453,6.779654445447079,17.309350327735913,2.9402120603329336,2.739485290746435,0.09072058294237706,0.016159595557384793,0.047217722791752584,0.8459020987084855,4,Expanded,False
1.6600000000000006,1.7200000000000006,14.40079122784834,8.935908205383544,6.927831768593077,17.278183641522396,2.9137293648950022,2.724637685251066,0.09702406618688651,0.010179675825683413,0.04815080619858376,0.8446454517888463,4,Expanded,False
1.6800000000000006,1.7200000000000006,14.431108987525187,8.79958105576655,6.842650479946853,17.21568398968015,2.796373857429226,2.658841955294328,0.1096308797560206,0.007482834925392228,0.049751559674431706,0.8331347256441555,4,Expanded,False
1.7000000000000006,1.7200000000000006,14.64464698224352,8.28445601051445,6.520784913977092,17.111291402116546,2.5994811101113307,2.5484534246431663,0.13386216707759047,0.006120509833437146,0.05172577485778775,0.8082915482311847,4,Expanded,False
1.7200000000000006,1.7200000000000006,15.003713571017908,7.537488257452945,6.054057076112716,16.974018793894043,2.3513411751266697,2.4093329989699654,0.18220282722812037,0.005349848803928406,0.05354813139641263,0.7588991925715386,4,Expanded,False
1.7400000000000007,1.7200000000000006,15.439636906591105,6.659698533488386,5.505587750246367,16.824514412027774,2.07833054817372,2.256268742556141,0.2756009539434675,0.004795784650079076,0.05407089131702418,0.6655323700894292,4,Expanded,False
1.7600000000000007,1.7200000000000006,15.924319866231011,5.578160249585279,4.829810218023928,16.677493264012682,1.827976243722899,2.115906823760324,0.4138552780770524,0.00432316603753735,0.052945133228306525,0.5288764226571038,4,Expanded,False
1.7800000000000007,1.7200000000000006,16.493089541381188,4.210559762463815,3.975292448280378,16.540185251287227,1.7084489010869408,2.04889344766619,0.5474043301500063,0.004135374348024396,0.053547391356117004,0.3949129041458523,1,Bar-dominant,True
1.8000000000000007,1.7200000000000006,17.21755142206041,2.910034010465357,3.1626849831931914,16.42274417101917,1.8036211778699216,2.102252080403619,0.6525677776485184,0.004316750098050538,0.05789574340304527,0.28521972885038577,1,Bar-dominant,True
1.8200000000000007,1.7200000000000006,18.162389820454216,3.5208615457277546,3.5443483330132874,16.342845489982615,2.061327574306007,2.2467359724184655,0.7319480824879792,0.004692752605410109,0.06415094461356477,0.19920822029304594,1,Bar-dominant,True
1.8400000000000007,1.7200000000000006,19.3460647194449,6.108874712988934,5.161416519651443,16.319570121709972,2.3676937094806645,2.4185010981729573,0.7841550515012714,0.005109114886294017,0.07027878588096136,0.1404570477314732,1,Bar-dominant,True
1.8600000000000008,1.7200000000000006,20.816384435967574,8.724371369172134,6.795657213816154,16.35488442839897,2.6318103522592975,2.566578914720348,0.8126742543032126,0.005517113816985462,0.07556764502980885,0.10624098684999302,1,Bar-dominant,True
1.8800000000000008,1.7200000000000006,22.87980243336301,10.490939431255589,7.899461880988422,16.407969268065962,2.781010415052311,2.6502283935820055,0.8250409618805904,0.005926830974844486,0.08013150135065966,0.08890070579390548,1,Bar-dominant,True
1.9000000000000008,1.7200000000000006,26.288008976469353,11.301348334198412,8.405829650555845,16.373514998601856,2.7468242323507637,2.6310618040127967,0.8274853165076227,0.00635789704036461,0.08422757981410585,0.08192920663790682,1,Bar-dominant,True
1.9200000000000008,1.7200000000000006,32.21594041537391,11.521303084818268,8.543263970530232,16.06008220661115,2.486505659711469,2.485113387291976,0.8237510549361263,0.0068241003454323325,0.0880271187864724,0.08139772593196894,1,Bar-dominant,True
1.9400000000000008,1.7200000000000006,41.55441624371991,11.699604153018807,8.654671821416793,15.243044510251755,2.1496643485915428,2.2962622594385733,0.8158752593561789,0.007333493212186991,0.09161358921855488,0.08517765821307928,1,Bar-dominant,True
1.9600000000000009,1.7200000000000006,52.6157942825126,12.041398696691747,8.868235295487109,14.097635440084073,2.3272163362981666,2.395807333109989,0.8049774183106779,0.007890804664674938,0.09501860847494163,0.09211316854970555,1,Bar-dominant,True
1.9800000000000009,1.7200000000000006,61.709050562438804,11.094801366568896,8.276772915209428,13.293479353140702,2.7074092173617443,2.608963653372405,0.7917269852902111,0.008499142711707888,0.0982486399681578,0.1015252320299232,1,Bar-dominant,True
2.000000000000001,1.7200000000000006,67.54521983947356,8.507516545277044,6.660159820960587,13.199696301973844,2.572399301791182,2.533269924648568,0.7765896812282943,0.009161016476423155,0.1013012085548635,0.11294809374041898,1,Bar-dominant,True
1.0,1.7400000000000007,23.305105700871582,6.866259051505545,5.634652952281074,14.543010901177448,5.246873729127307,4.032722323578598,0.06279407154147336,0.005812276085874346,0.5183504937593673,0.41304315861328506,3,Y-dominant,True
1.02,1.7400000000000007,23.155563774461722,6.38362763313342,5.3330903781819865,14.65963273001321,5.2822395723226405,4.052550293469583,0.06524081405583783,0.005637890180384254,0.4743868348548106,0.45473446090896735,3,Y-dominant,True
1.04,1.7400000000000007,22.76605975768185,5.877773613868704,5.01701762709097,14.96652304196742,5.250249742441077,4.034615095934322,0.06876044259029596,0.005644494589834021,0.40576452641476435,0.5198305364051057,4,Expanded,False
1.06,1.7400000000000007,22.180268707949036,5.449535221350071,4.749441445640631,15.389541401341267,5.222004624988031,4.018779383059246,0.07211054740394632,0.005747542858456059,0.31946770710413835,0.6026742026334593,4,Expanded,False
1.08,1.7400000000000007,21.433001598507957,5.099119967485683,4.530491493490079,15.883469651181178,5.231043978998781,4.023847324976229,0.07363639167421297,0.005859997765352613,0.23632021116927696,0.6841833993911575,4,Expanded,False
1.1,1.7400000000000007,20.586399681712543,4.818859153246749,4.355376137664168,16.412482192884653,5.285706452457186,4.054494010590753,0.07322974819221807,0.006032043790557078,0.17221701882228546,0.7485211891949394,4,Expanded,False
1.12,1.7400000000000007,19.801109104038808,4.6844549339570385,4.271396353514408,16.917817583646368,5.334782484365222,4.082008640389539,0.0719558365637026,0.0064312903259452275,0.12854809732552758,0.7930647757848246,4,Expanded,False
1.1400000000000001,1.7400000000000007,19.167799115578692,4.773771448625939,4.327203988591213,17.3672976666412,5.296657759696385,4.060633895026886,0.0706758665478048,0.0072962948599154896,0.09990118762239114,0.8221266509698886,4,Expanded,False
1.1600000000000001,1.7400000000000007,18.605625520740226,5.230417695837012,4.61253024900363,17.791580924932035,5.171681557840528,3.9905655990781446,0.06976392008377576,0.009041791925304568,0.0809437669940437,0.840250520996876,4,Expanded,False
1.1800000000000002,1.7400000000000007,18.03812983444411,5.961971187218285,5.069626794222769,18.233000391204634,4.996019694733863,3.8920802296374806,0.06934875811398944,0.012598047949356542,0.06810451664770226,0.8499486772889517,4,Expanded,False
1.2000000000000002,1.7400000000000007,17.493703475506788,6.794183882262778,5.589618226529511,18.712291708514034,4.788076492545871,3.77549622712281,0.06947306367932514,0.020350693284322662,0.059220740771956486,0.8509555022643958,4,Expanded,False
1.2200000000000002,1.7400000000000007,17.09417518708866,7.601855882281868,6.0942758971284015,19.22871006984804,4.555619149084903,3.645168295122866,0.07002874807927909,0.03886655630849518,0.052904411576102824,0.8382002840361229,4,Expanded,False
1.2400000000000002,1.7400000000000007,17.047946630137155,8.265243962830962,6.508780650821809,19.75621342034671,4.313463752083619,3.5094031192677018,0.07027108105319435,0.08548072121046965,0.04788145231444901,0.796366745421887,4,Expanded,False
1.2600000000000002,1.7400000000000007,17.723816094551317,8.83029336373581,6.861840450378063,20.173652233376263,4.083720939740814,3.380597097574881,0.06804838030676273,0.1917731573754687,0.04245746514080402,0.6977209971769646,4,Expanded,False
1.2800000000000002,1.7400000000000007,20.750830781259083,12.625884597590222,9.233439602728595,19.581084014088603,4.946532237091414,3.864334932722143,0.061898795446656635,0.36236237415706046,0.035839030068052655,0.5398998003282303,4,Expanded,False
1.3000000000000003,1.7400000000000007,22.446387646207278,9.580496539276442,7.330589877169231,19.66536722383377,3.9718667339096156,3.3178856894755113,0.05575033543523519,0.5299947951328443,0.030314784123250598,0.38394008530866985,2,Balanced,True
1.3200000000000003,1.7400000000000007,26.42868060665225,7.997630597463308,6.34156780007995,18.887826123780066,3.464184933332867,3.033252310301215,0.0535132158462707,0.6494954418356788,0.02762584889379522,0.2693654934242553,2,Balanced,True
1.3400000000000003,1.7400000000000007,33.830976154706015,6.7663159514491085,5.572205508187777,16.541672371899548,3.147386926134255,2.855638523078223,0.05438413068611134,0.730964095508974,0.02692029033140309,0.18773148347351154,2,Balanced,True
1.3600000000000003,1.7400000000000007,43.56381996305126,7.035789806322447,5.740580848529486,12.676040162064684,3.1365368425123927,2.8495553899777137,0.056327800790673385,0.7876429773251984,0.026978670802000445,0.12905055108212782,2,Balanced,True
1.3800000000000003,1.7400000000000007,51.70519453409115,9.30792745292111,7.1602805434371,9.031057802082696,4.153907897496942,3.419947633555086,0.058166125424996294,0.8252086038250838,0.0271799805358484,0.0894452902140715,2,Balanced,True
1.4000000000000004,1.7400000000000007,54.77687073845836,10.849403212976013,8.12344079454841,7.378331446264743,4.897290704519712,3.8367275144619604,0.05955680360099832,0.8479388867978838,0.02735563822289418,0.06514867137822374,2,Balanced,True
1.4200000000000004,1.7400000000000007,52.71392617295644,11.468047248319513,8.50998812787056,7.893122464213998,5.181789038332439,3.99623238942612,0.06054422261936264,0.8600356131983758,0.027519950196856314,0.051900213985405244,2,Balanced,True
1.4400000000000004,1.7400000000000007,46.03947240249823,11.713350800269096,8.663261138589744,10.439622620805384,5.2855678382337254,4.05441629609561,0.061255136172005877,0.8646112159519019,0.027718347870126565,0.04641530000596565,2,Balanced,True
1.4600000000000004,1.7400000000000007,37.67638482687556,11.247443664435528,8.37214839742797,13.629515008036032,5.820484224545534,4.354318830396949,0.06178442207185743,0.86317105208936,0.027977457154112196,0.0470670686846704,2,Balanced,True
1.4800000000000004,1.7400000000000007,31.141976137268404,9.698222663319086,7.404148687585579,15.546750784342896,5.697379266353238,4.2852996530232925,0.06218391452962129,0.8555042376433212,0.028302418862316568,0.05400942896474092,2,Balanced,True
1.5000000000000004,1.7400000000000007,26.47230752064657,7.412605129437346,5.976026355127013,16.256279853714283,4.445991359671113,3.5837051343067676,0.06251640874929981,0.8392560125221873,0.028702030592629307,0.06952554813588357,2,Balanced,True
1.5200000000000005,1.7400000000000007,22.951643593201275,5.087404932401523,4.523171588483571,16.634883591644353,3.1762867118449436,2.8718412777464057,0.06308410165915138,0.8083232958329011,0.02929489309792653,0.09929770941002102,2,Balanced,True
1.5400000000000005,1.7400000000000007,20.258662209607248,3.878740979969426,3.7679621287563387,16.9465263889444,2.358981672141502,2.4136166673650745,0.06526025332699888,0.7476293384269729,0.03070721350251777,0.15640319474351044,2,Balanced,True
1.5600000000000005,1.7400000000000007,18.252460556345916,4.465421838359453,4.13453791121886,17.158129859905113,2.1900010474945644,2.3188771550295915,0.07295330850144856,0.619172182294787,0.03480522114125982,0.27306928806250463,2,Balanced,True
1.5800000000000005,1.7400000000000007,16.81095070953648,5.706918544911971,4.910262259679843,17.269797327722777,2.4239333947301684,2.450032052479532,0.08730211944161453,0.3819180625490413,0.04220195706510184,0.48857786094424227,4,Expanded,False
1.6000000000000005,1.7400000000000007,15.78852452631322,6.87623823663029,5.640888246211544,17.317481363868403,2.697851810399026,2.6036052634579905,0.09407442584030204,0.15382267660500018,0.04596361603518571,0.7061392815195121,4,Expanded,False
1.6200000000000006,1.7400000000000007,15.084495300950238,7.831011431747322,6.237459151958717,17.330378031155554,2.888237920199367,2.710345827564794,0.09152947358964579,0.05403587779300361,0.0449745972768457,0.8094600513405049,4,Expanded,False
1.6400000000000006,1.7400000000000007,14.63673075406128,8.568505479838267,6.698267535041609,17.322968857287556,2.986715072602414,2.7655573490889025,0.08993796863054519,0.02277941988898862,0.04405285247580334,0.8432297590046628,4,Expanded,False
1.6600000000000006,1.7400000000000007,14.369300597760926,9.086869048585854,7.022156627546117,17.303073172672615,2.997922053498597,2.7718405777553596,0.09218602268096128,0.01234114751284628,0.04433883231909658,0.8511339974870958,4,Expanded,False
1.6800000000000006,1.7400000000000007,14.264214894627893,9.28051566165853,7.143152834756856,17.26110851239564,2.9209907339331243,2.728708794367848,0.09889031145814654,0.008205221350005704,0.045523976673099535,0.8473804905187482,4,Expanded,False
1.7000000000000006,1.7400000000000007,14.345532759379344,9.075047941965916,7.014770445865215,17.181584729494702,2.7592561415441463,2.6380317925356875,0.11212084440524381,0.006304110692142859,0.04727446210892849,0.8343005827936848,4,Expanded,False
1.7200000000000006,1.7400000000000007,14.602514412482751,8.549856583346221,6.686615145627721,17.06351678985671,2.5340443854304104,2.5117661215984852,0.13759105572200983,0.005333435247701075,0.04929879033836995,0.8077767186919191,4,Expanded,False
1.7400000000000007,1.7400000000000007,14.97366689849936,7.860920370779694,6.2561471534021305,16.923474312537586,2.2778922865779503,2.368153651354061,0.1883240451517013,0.004776610567938417,0.05105972851643104,0.7558396157639292,4,Expanded,False
1.7600000000000007,1.7400000000000007,15.398055484114625,7.0364200960800325,5.740974672459073,16.7815172454101,2.0197911605692327,2.223448452977649,0.2839620555657554,0.004358721716671065,0.05151317809208732,0.6601660446254862,4,Expanded,False
1.7800000000000007,1.7400000000000007,15.868845528866384,5.956471339483353,5.0661903245339674,16.6488578487916,1.8134449365333942,2.1077598012267806,0.4187960586858638,0.004013819623227784,0.050766978570247645,0.5264231431206607,4,Expanded,False
1.8000000000000007,1.7400000000000007,16.434398912773027,4.510680690163103,4.162816998180735,16.532032173781925,1.7415125439805623,2.0674306818036605,0.5464115016049272,0.003942718766597201,0.05209001517528121,0.3975557644531944,1,Bar-dominant,True
1.8200000000000007,1.7400000000000007,17.166605845020204,2.975519480842969,3.2036022676082223,16.44251644147817,1.8349763616966992,2.1198314616560254,0.6494906376688816,0.004201371090445845,0.05691395167323328,0.28939403956743925,1,Bar-dominant,True
1.8400000000000007,1.7400000000000007,18.11063322518102,3.2473429106100316,3.373445692757546,16.39941460999428,2.0327287110056105,2.2307019308347646,0.728899090030384,0.004633661374414748,0.06342738547616043,0.20303986311904085,1,Bar-dominant,True
1.8600000000000008,1.7400000000000007,19.259740974068134,5.584608377669438,4.833839201693781,16.42054725099707,2.2482977056969475,2.351561357614483,0.7815095505942726,0.005101639962432175,0.06973936279021087,0.14364944665308438,1,Bar-dominant,True
1.8800000000000008,1.7400000000000007,20.675013820229942,7.847192126653764,6.2475693350528,16.501528720560422,2.417763742303671,2.4465730176736953,0.8103582367289662,0.0055618888333189365,0.07519801208063508,0.10888186235707978,1,Bar-dominant,True
1.9000000000000008,1.7400000000000007,22.698367732612137,9.276017548538793,7.140342278876446,16.59351996298196,2.487901625278725,2.485896039725385,0.8228970147501822,0.006025919076634036,0.07993028877001306,0.09114677740317076,1,Bar-dominant,True
1.9200000000000008,1.7400000000000007,26.095717329934836,9.858579119677854,7.504344207214334,16.58487993963763,2.399700713349637,2.4364459243576277,0.8253383747924443,0.006514074108767965,0.0841913935982138,0.08395615750057395,1,Bar-dominant,True
1.9400000000000008,1.7400000000000007,32.05424068395496,10.028482439428311,7.610504893198566,16.27737996591687,2.12602387765443,2.2830081559421354,0.8214165075375887,0.007040657894018409,0.0881465220066137,0.08339631256177923,1,Bar-dominant,True
1.9600000000000009,1.7400000000000007,41.40365809193545,10.770239174239851,8.07397673069223,15.459918177668566,1.9305124538518683,2.1733940686124704,0.8131543991133958,0.007613969349030314,0.0918714109613922,0.08736022057618169,1,Bar-dominant,True
1.9800000000000009,1.7400000000000007,52.215298024420726,12.16313085454147,8.944297195882275,14.356378718618808,2.4020681693254238,2.437773245907601,0.8016581421683384,0.008238695177565456,0.09538941053074705,0.09471375212334911,1,Bar-dominant,True
2.000000000000001,1.7400000000000007,60.93617628565871,12.127968575657974,8.922326750263418,13.613632134068435,2.9408986335212575,2.7398702201380756,0.78759792086042,0.008917720197998719,0.09869996317237392,0.10478439576920735,1,Bar-dominant,True
1.0,1.7600000000000007,22.992187473150015,6.979342086810203,5.70531062170598,14.692746148283367,5.057611254991928,3.9266117292991862,0.06580121762654582,0.005668009087852026,0.615899186809758,0.3126315864758442,3,Y-dominant,True
1.02,1.7600000000000007,23.114191146040973,6.485790563396434,5.396924838714073,14.540821388342277,5.2153761114597295,4.015063086350718,0.06827320803844483,0.005447764926221701,0.5942841557180195,0.3319948713173139,3,Y-dominant,True
1.04,1.7600000000000007,23.032023092601452,6.135783576115819,5.1782299837603345,14.645151494506592,5.244861065312094,4.03159391735601,0.07218034172449841,0.005409837249592889,0.5464056720148291,0.37600414901107954,3,Y-dominant,True
1.06,1.7600000000000007,22.684426113490748,5.761335848936603,4.944263822057508,14.94236043051998,5.206058165130851,4.0098389507848164,0.07698393093935516,0.005514290685154896,0.46258326430073804,0.4549185140747519,3,Y-dominant,True
1.08,1.7600000000000007,22.107825884743995,5.399949898335722,4.71845904980702,15.361464071512653,5.171777469725068,3.99061937237427,0.08010971688253592,0.0056050729628857755,0.3519992205777198,0.5622859895768585,4,Expanded,False
1.1,1.7600000000000007,21.357993283052082,5.0729762548365525,4.514156118330353,15.851917562359855,5.1782916677658175,3.994271577749453,0.07947600073780813,0.005585225350403493,0.2469857680246288,0.6679530058871596,4,Expanded,False
1.12,1.7600000000000007,20.540010129013943,4.80965481813598,4.349624993243781,16.36489070761609,5.223398220238798,4.01956070656735,0.07652411221762037,0.005600302693540427,0.17059470404885746,0.7472808810399817,4,Expanded,False
1.1400000000000001,1.7600000000000007,19.818748060378006,4.666952022945598,4.260460010172649,16.840236529098227,5.241691200711161,4.029816722916769,0.07351107383456269,0.005876285911132144,0.12200679322691299,0.7986058470273921,4,Expanded,False
1.1600000000000001,1.7600000000000007,19.23008807678526,4.754025243054226,4.314865967579277,17.26409725144769,5.169718811380069,3.9894651791756233,0.07132692738769263,0.006639624188835243,0.09188688859388958,0.8301465598295825,4,Expanded,False
1.1800000000000002,1.7600000000000007,18.67595641795515,5.155801091471491,4.565907558423527,17.676984389503122,5.017991762396726,3.9043989376534505,0.0700122641622432,0.00827615950479761,0.07274170694820195,0.8489698693847573,4,Expanded,False
1.2000000000000002,1.7600000000000007,18.10624000843575,5.774591697654605,4.952546473598827,18.118624561700567,4.813606422025894,3.789809661423045,0.06942283521739123,0.011708097720074116,0.06012074868050016,0.8587483183820345,4,Expanded,False
1.2200000000000002,1.7600000000000007,17.566849900168215,6.515787158628199,5.41566761037782,18.60725653165691,4.577274442219573,3.657309402515191,0.06942453407165346,0.019415175591250187,0.05152565678032179,0.8596346335567746,4,Expanded,False
1.2400000000000002,1.7600000000000007,17.187187934759788,7.284842969618554,5.896196728789452,19.13805846417781,4.335711906931539,3.5218766164219475,0.069763875386568,0.038521306854168956,0.045431750522211475,0.8462830672370516,4,Expanded,False
1.2600000000000002,1.7600000000000007,17.21807116395781,7.990908797747654,6.337367818173119,19.660574296635236,4.117686251943414,3.399639855412474,0.06948160100385754,0.08842974411613705,0.040512895772556436,0.8015757591074489,4,Expanded,False
1.2800000000000002,1.7600000000000007,19.02205638898252,10.95062982475021,8.18669021522831,19.497526314197014,4.375459196812648,3.5441610580131724,0.0662209119555537,0.20329440799806775,0.03518512379054179,0.6952995562558367,4,Expanded,False
1.3000000000000003,1.7600000000000007,20.60560054916334,10.93979496243426,8.17992026854513,19.581507212342537,4.437698161104998,3.5790555267585846,0.05930062321671206,0.37955437976437756,0.02916217110760426,0.5319828259113062,4,Expanded,False
1.3200000000000003,1.7600000000000007,22.298562792070168,8.58820478031659,6.710576248345504,19.736542605459913,3.6910995803171627,3.1604727122969307,0.0538069209429827,0.541531271398005,0.024833124607911376,0.3798286830511009,2,Balanced,True
1.3400000000000003,1.7600000000000007,27.32710147653234,7.725296975618083,6.1714055916303305,18.587020983293453,3.443469717239172,3.021638260023313,0.05289693588013612,0.655771056957763,0.023199939040425346,0.26813206812167545,2,Balanced,True
1.3600000000000003,1.7600000000000007,34.917111422259296,6.535534107463221,5.428006095802946,16.111492800449373,3.1181427166075864,2.8392426661272734,0.05488579058502713,0.737463379214552,0.023135573618736322,0.18451525658168455,2,Balanced,True
1.3800000000000003,1.7600000000000007,44.493097660897526,6.912156965795003,5.6633313446360365,12.262229068751177,3.1045445034950396,2.8316187856876764,0.05752824046678836,0.7958616788350314,0.023544347617418804,0.12306573308076137,2,Balanced,True
1.4000000000000004,1.7600000000000007,51.84872978121922,9.373879484773317,7.2014893494437615,8.966309129107648,4.234849719472971,3.465327917582184,0.05970995343975646,0.8338710647386011,0.02394485000037982,0.08247413182126266,2,Balanced,True
1.4200000000000004,1.7600000000000007,53.99976060619677,11.12123057624646,8.29328667746853,7.744520872823168,5.071012878579998,3.9341253912109604,0.06123881458373608,0.855892157344957,0.02426066936220008,0.05860835870910681,2,Balanced,True
1.4400000000000004,1.7600000000000007,51.06348441889046,12.036852795177928,8.865394879985914,8.668338652340996,5.414725396137365,4.126828882306597,0.06228369529923273,0.8670095437784984,0.0245529979638409,0.04615376295842799,2,Balanced,True
1.4600000000000004,1.7600000000000007,44.047415619018096,12.420043260162899,9.10482376627942,11.395405835498963,5.6093119977293,4.23592446518988,0.0630349051829258,0.8708326132511259,0.024883649378078285,0.04124883218786995,2,Balanced,True
1.4800000000000004,1.7600000000000007,36.30041668519746,11.615598933544971,8.602182842751182,14.320751598292926,6.097043262182196,4.5093725142876995,0.0636106055177575,0.8689654250715534,0.025282958051807008,0.042141011358882055,2,Balanced,True
1.5000000000000004,1.7600000000000007,30.523187516548468,9.814463747143511,7.476779600368662,15.889472333078874,5.7929859425454024,4.338901833139428,0.06406966270927619,0.8610320870974184,0.025757104412283315,0.04914114578102208,2,Balanced,True
1.5200000000000005,1.7600000000000007,26.244157350029518,7.517826495244006,6.041771817844511,16.44293576325558,4.496287687112039,3.6119039265882793,0.06448680152292183,0.8441005361132314,0.026318343857526537,0.06509431850632022,2,Balanced,True
1.5400000000000005,1.7600000000000007,22.895770735281523,5.322203325006645,4.669880660816972,16.77123719247329,3.2936574889917707,2.937645568697277,0.0652585708708455,0.8103243483509449,0.027112420768654562,0.09730466000955498,2,Balanced,True
1.5600000000000005,1.7600000000000007,20.247940893681296,4.187024095484366,3.960586658215155,17.049139703002094,2.582418555827782,2.538887250560199,0.068273228911165,0.739236615545556,0.028926551658944904,0.16356360388433414,2,Balanced,True
1.5800000000000005,1.7600000000000007,18.2200660723214,4.702165949449615,4.282462726772628,17.231224058452216,2.48093309720977,2.4819891128080043,0.07845482824571712,0.5797904160569308,0.03392088609717816,0.3078338696001739,2,Balanced,True
1.6000000000000005,1.7600000000000007,16.72655666988302,5.916702372481273,5.041341482121553,17.318618462026137,2.6797781761031754,2.593472224224076,0.0932439273956375,0.30838228577242277,0.041111288933280817,0.5572624978986589,4,Expanded,False
1.6200000000000006,1.7600000000000007,15.659695487902649,7.128448326145135,5.798476668582371,17.348832095057904,2.885503495274044,2.708812763732864,0.0954120744973048,0.1071455588293638,0.04279021213520112,0.7546521545381303,4,Expanded,False
1.6400000000000006,1.7600000000000007,14.94576649082802,8.141729482777363,6.431605102099544,17.348819082563832,3.015263794742365,2.78156327887518,0.09129888096122407,0.03696548602306086,0.041437556240006126,0.830298076775709,4,Expanded,False
1.6600000000000006,1.7600000000000007,14.491934319656826,8.94013417779331,6.930472282802157,17.335416457170876,3.0612917616432953,2.8073690015555104,0.09006666683925489,0.01647440477013987,0.04099623097349593,0.8524626974171093,4,Expanded,False
1.6800000000000006,1.7600000000000007,14.23056816394023,9.458370287428096,7.254281735033187,17.308220178990243,3.0239034879538584,2.7864071497230674,0.09279210263871451,0.009547442630727793,0.04170435580577635,0.8559560989247813,4,Expanded,False
1.7000000000000006,1.7600000000000007,14.16209907124122,9.591114612074726,7.337224367264845,17.25127678419598,2.9033817476276664,2.7188362614736956,0.09988951499489127,0.006724202034957759,0.043158320994006814,0.8502279619761441,4,Expanded,False
1.7200000000000006,1.7600000000000007,14.28856097175389,9.33910203659301,7.179759357581181,17.155677350539385,2.709368106707772,2.610061910771735,0.11365179073655524,0.005402199537637167,0.0450681888661188,0.8358778208596888,4,Expanded,False
1.7400000000000007,1.7600000000000007,14.56872980869548,8.841220567172002,6.868668094560526,17.029766695015464,2.4718863498941084,2.476917025811647,0.14023360400205773,0.004725945316687734,0.04716834453081829,0.8078721061504363,4,Expanded,False
1.7600000000000007,1.7600000000000007,14.931268245735343,8.227076966710683,6.484932767825541,16.89381195245343,2.224297629401723,2.3381056402565044,0.19316658336040418,0.004337376895498687,0.04893080242290863,0.7535652373211885,4,Expanded,False
1.7800000000000007,1.7600000000000007,15.328931192217606,7.4644357379738215,6.008411672643433,16.765128817542163,1.994482093790265,2.209258846037117,0.29058117390479327,0.004035445677372662,0.04944147697171429,0.6559419034461198,4,Expanded,False
1.8000000000000007,1.7600000000000007,15.771294875346081,6.40601383463961,5.34707794777138,16.651854939799986,1.8271450010313002,2.1154407849620944,0.4221531830847365,0.003805153449895112,0.0491850031446236,0.5248566603207447,4,Expanded,False
1.8200000000000007,1.7600000000000007,16.31384709193691,4.9142228685262985,4.414962244910049,16.56027483764761,1.7708848193999485,2.0838983392953416,0.5453982678415745,0.0038382311394887787,0.05121910091208975,0.399544400106847,1,Bar-dominant,True
1.8400000000000007,1.7600000000000007,17.022950185411126,3.1493605911690685,3.3122234031551034,16.503460360047576,1.8262379174903405,2.114932225755987,0.6473945502610289,0.00417116033201725,0.056510938621751355,0.29192335078520254,1,Bar-dominant,True
1.8600000000000008,1.7600000000000007,17.924601172670062,2.729617614957514,3.049955412411136,16.501466156372057,1.9389228247072865,2.1781093691687783,0.7269967000250092,0.00466255750033468,0.06328747438257946,0.20505326809207675,1,Bar-dominant,True
1.8800000000000008,1.7600000000000007,19.005552674827626,4.547189714370386,4.185628930638281,16.568916521643313,2.049596972766847,2.2401591742113105,0.7798537132957248,0.005186947918032788,0.06978361589627412,0.14517572288996827,1,Bar-dominant,True
1.9000000000000008,1.7600000000000007,20.35382972056133,6.405169391666617,5.346550314494884,16.69416706581022,2.123815824995647,2.281770204357205,0.8088377195429175,0.00570550331829142,0.07540848766341816,0.1100482894753729,1,Bar-dominant,True
1.9200000000000008,1.7600000000000007,22.335486079558365,7.541688709903538,6.056681644686504,16.821508998282734,2.128657080289799,2.284484469182642,0.8213565187454611,0.006231027228155879,0.08030154288998395,0.09211091113639905,1,Bar-dominant,True
1.9400000000000008,1.7600000000000007,25.71844338182988,7.988750964001484,6.336019538980754,16.83420914379382,2.015503986137874,2.2210448353098085,0.8235701776238064,0.006784329245037482,0.08471260452910384,0.08493288860205227,1,Bar-dominant,True
1.9600000000000009,1.7600000000000007,31.691168349945478,8.317563584912191,6.541471518656156,16.530105411545073,1.7895096335212899,2.0943403992112737,0.8191674593896584,0.007379822729384772,0.08879664430836663,0.08465607357259014,1,Bar-dominant,True
1.9800000000000009,1.7600000000000007,41.00577207769225,9.959827013573692,7.567606925601636,15.715918877671873,1.846134940655587,2.126087553625923,0.8101372056462691,0.008025536697113462,0.09261790989756254,0.08921934775905495,1,Bar-dominant,True
2.000000000000001,1.7600000000000007,51.58332822202099,12.448640006439552,9.122691870364175,14.647516540261952,2.5969758003351058,2.5470488149315806,0.7975756327225175,0.008725609713978087,0.09618961105539915,0.09750914650810522,1,Bar-dominant,True
1.0,1.7800000000000007,22.558958616238108,7.54340166606352,6.057751951030557,15.143988669382903,4.767710027311197,3.7640777050978023,0.06930642443871365,0.00564101334628219,0.6992867014112262,0.22576586080377797,3,Y-dominant,True
1.02,1.7800000000000007,22.691144709322764,6.552864981554426,5.4388349453211955,14.714205985697978,5.028430146454925,3.910251250114187,0.07180487403700793,0.005380987957582875,0.6988094534275189,0.22400468457789033,3,Y-dominant,True
1.04,1.7800000000000007,22.86118676086355,6.065571861903865,5.134359600557596,14.556738911971285,5.17570208759601,3.992819721579825,0.07571714026579923,0.005282909367419502,0.6794595601823663,0.23954039018441495,3,Y-dominant,True
1.06,1.7800000000000007,22.839225077342533,5.84434059334814,4.9961276739211264,14.648114145869954,5.199622268735942,4.006230645470706,0.08145192994873095,0.005364576787191783,0.6249631406009808,0.2882203526630964,3,Y-dominant,True
1.08,1.7800000000000007,22.55242659773895,5.661807871236057,4.8820757588529045,14.925304443322299,5.16261761372534,3.9854838706426916,0.0873679925273577,0.005525700751797914,0.5185034681417742,0.3886028385790702,3,Y-dominant,True
1.1,1.7800000000000007,22.016154336906034,5.430495217277586,4.737544680489448,15.326937161943192,5.12486919248029,3.9643201009639926,0.08859155000000861,0.005498090273363258,0.37395553667935777,0.5319548230472704,4,Expanded,False
1.12,1.7800000000000007,21.29598015432326,5.15444513781549,4.56506031794291,15.801649776081584,5.120019746597493,3.961601244059579,0.08390621361559136,0.00525324336046353,0.2445337366462887,0.6663068063776564,4,Expanded,False
1.1400000000000001,1.7800000000000007,20.522040035655785,4.899078617753397,4.405499663171623,16.292940761176503,5.14203431137067,3.9739437782125115,0.07797326809044826,0.005106523598406201,0.1596194196781465,0.7573007886329991,4,Expanded,False
1.1600000000000001,1.7800000000000007,19.84068308383157,4.748180074543977,4.311213731121197,16.74602052030687,5.130149354486687,3.967280440201604,0.07368718514858552,0.005298216538659468,0.11016472049312893,0.810849877819626,4,Expanded,False
1.1800000000000002,1.7800000000000007,19.259613281835705,4.809152420126649,4.349311079911269,17.157941441718176,5.036025480320532,3.9145095976493334,0.0711628980556913,0.005999939892458273,0.08114885825139667,0.8416883038004538,4,Expanded,False
1.2000000000000002,1.7800000000000007,18.70217025281601,5.115873114173577,4.540959361612924,17.567244358409745,4.864328481263858,3.818247141559578,0.06985112277081817,0.007561198362183226,0.06327081067740628,0.8593168681895923,4,Expanded,False
1.2200000000000002,1.7800000000000007,18.141437595797665,5.611492374448076,4.850637128563074,18.009610736862967,4.634768907554389,3.689543853175973,0.06933354973506518,0.010908764066614167,0.05169523829266259,0.868062447905658,4,Expanded,False
1.2400000000000002,1.7800000000000007,17.62324983366087,6.245441185297832,5.2467473442877886,18.50261422546884,4.3764580579604315,3.544721072619756,0.06935520054922453,0.018668354156160145,0.04389255714292899,0.8680838881516864,4,Expanded,False
1.2600000000000002,1.7800000000000007,17.288038742260063,6.95472024471309,5.689926156875838,19.03230030009881,4.1327094783079765,3.4080626739602096,0.0695657999488581,0.03875612383949895,0.038368418083777854,0.8533096581278651,4,Expanded,False
1.2800000000000002,1.7800000000000007,17.958007272522423,8.769296357237799,6.823727692709028,19.234009848787363,3.9243849307697944,3.2912648689898796,0.06879653643746188,0.09348590023341528,0.03383239330005859,0.8038851700290642,4,Expanded,False
1.3000000000000003,1.7800000000000007,19.62935908261077,11.832487356667114,8.73770122941074,19.105569227416364,4.7761021875798235,3.7687827958320335,0.06449542949278286,0.22003235964236115,0.02885037229864659,0.6866218385662094,4,Expanded,False
1.3200000000000003,1.7800000000000007,19.736204867866455,8.437129610673072,6.616179954805764,19.83343595438557,3.739835808809703,3.1877968302548387,0.05705413134579455,0.40269823737024457,0.023626835357592125,0.5166207959263689,4,Expanded,False
1.3400000000000003,1.7800000000000007,22.973597425375566,8.329027213102966,6.548634337101307,19.47833214034481,3.632502334660269,3.127619984421556,0.05260185390790407,0.558699607743523,0.02048299523648233,0.3682155431120906,2,Balanced,True
1.3600000000000003,1.7800000000000007,28.28902162291393,7.502321781086411,6.032084007780663,18.180262223469818,3.4169729860999416,3.006782785368393,0.05316620118357887,0.6693304360705432,0.01973963660549025,0.25776372614038773,2,Balanced,True
1.3800000000000003,1.7800000000000007,36.02022770761026,6.349115940646602,5.311526438441088,15.604847857023955,3.033716341920162,2.791908756793874,0.056200908170524845,0.7516996697615663,0.02014379765396341,0.1719556244139454,2,Balanced,True
1.4000000000000004,1.7800000000000007,45.31258775583538,6.876598368363984,5.641113267311482,11.853300288048775,3.0445375838389754,2.797975719703939,0.05932577889861409,0.8098029880997638,0.02075531436458887,0.11011591863703325,2,Balanced,True
1.4200000000000004,1.7800000000000007,51.819163938978605,9.595222874464174,7.3397913327256,8.953802515226151,4.323025970773832,3.5147642068920897,0.0616152239635627,0.8455180977609642,0.021247769531004747,0.07161890874446833,2,Balanced,True
1.4400000000000004,1.7800000000000007,53.06048564189384,11.573059384659764,8.575602857747084,8.162572441860814,5.252709739132209,4.035994300723935,0.06311410681380537,0.8648478317845446,0.02163910118079597,0.05039896022085403,2,Balanced,True
1.4600000000000004,1.7800000000000007,49.35768802814294,12.774848519871302,9.326516725644664,9.448644079493473,5.664779353832366,4.267022410760401,0.06411581631431572,0.8738730084430327,0.022021212143442798,0.039989963099208777,2,Balanced,True
1.4800000000000004,1.7800000000000007,42.27368946269651,13.021239039801538,9.48046890653332,12.245618481279706,5.896336118237182,4.396845430313856,0.06484213075151644,0.8762870629066323,0.02245569067412854,0.03641511566772277,2,Balanced,True
1.5000000000000004,1.7800000000000007,35.18328259677833,11.862859924427468,8.756678919977809,14.888176479486754,6.32753138149298,4.638596394648246,0.06540551565925705,0.8733955838590163,0.022965812017647424,0.03823308846407921,2,Balanced,True
1.5200000000000005,1.7800000000000007,29.999604800730868,9.798772013294682,7.466974934796969,16.175397521629126,5.82061799121732,4.354393827097181,0.06584752555605347,0.8642850611841066,0.023550560624925946,0.04631685263491396,2,Balanced,True
1.5400000000000005,1.7800000000000007,26.002197048779077,7.524364169144919,6.045856752424257,16.623397823019335,4.485567719850414,3.605893743629489,0.06623044611626475,0.8448947401361931,0.024216317541540962,0.06465849620600117,2,Balanced,True
1.5600000000000005,1.7800000000000007,22.793082108698176,5.535045162665806,4.802870619607819,16.913922243386622,3.357547674061579,2.973465799502934,0.06704998600278908,0.8045507147881354,0.025131897915546396,0.10326740129352906,2,Balanced,True
1.5800000000000005,1.7800000000000007,20.20417809099368,4.566950035049251,4.197975771192177,17.156589165023625,2.7834223495741384,2.651580652167038,0.07087359737551337,0.7151242550588567,0.027279972576229706,0.18672217498940027,2,Balanced,True
1.6000000000000005,1.7800000000000007,18.173690410467007,5.0044090482016585,4.471313272745735,17.309571876161307,2.745808198684598,2.630492161580417,0.08324194144073423,0.5132662343019941,0.03292344665694861,0.3705683776003231,2,Balanced,True
1.6200000000000006,1.7800000000000007,16.638512616788432,6.159526948292616,5.193065554257544,17.378189679350037,2.894099763291987,2.7136322881110386,0.09565201015294698,0.22677456853750688,0.038845372182783514,0.6387280491267626,4,Expanded,False
1.6400000000000006,1.7800000000000007,15.548465890262056,7.389867324734739,5.961819093323362,17.393265944263554,3.0270076924153204,2.7881475316010667,0.09382168292722343,0.07079227612278773,0.03902310654460145,0.7963629344053874,4,Expanded,False
1.6600000000000006,1.7800000000000007,14.82604328904613,8.464162890985524,6.633071158500837,17.384281362543355,3.0973885690709873,2.827606788814923,0.0898448026904578,0.025224831774061394,0.03807476605168165,0.8468555994837992,4,Expanded,False
1.6800000000000006,1.7800000000000007,14.363708713323016,9.303442571961584,7.157478255406941,17.36569977425116,3.095028458055849,2.8262835852399633,0.08946595383304892,0.012150777791165947,0.03827364297608095,0.8601096253997041,4,Expanded,False
1.7000000000000006,1.7800000000000007,14.120368732012604,9.790360196907397,7.461718979825875,17.326518404640282,3.0174356078510782,2.782780912643745,0.09273731369767915,0.007577727368576096,0.03940955056187086,0.8602754083718739,4,Expanded,False
1.7200000000000006,1.7800000000000007,14.090090487904973,9.861541407172632,7.5061951332173695,17.253153505309022,2.8644472504280216,2.6970075146251826,0.10020024417093436,0.005653686134951581,0.04113032631703881,0.8530157433770753,4,Expanded,False
1.7400000000000007,1.7800000000000007,14.247794536323028,9.589738131813425,7.336364301146078,17.14542092414261,2.6531477825265357,2.578541811308251,0.1144573816073993,0.004742936729048678,0.04321424812581853,0.8375854335377335,4,Expanded,False
1.7600000000000007,1.7800000000000007,14.531660235950474,9.141107034064742,7.0560461463224335,17.018197808597595,2.419765530845645,2.447695326640547,0.14215202741982258,0.00428525463997634,0.04542796795770299,0.8081347499824981,4,Expanded,False
1.7800000000000007,1.7800000000000007,14.870665167110957,8.605685452922165,6.721498696464819,16.892070742440662,2.19481665721533,2.3215770415846126,0.19730411275320367,0.004029061239542958,0.04726275733047626,0.7514040686767771,4,Expanded,False
1.8000000000000007,1.7800000000000007,15.231334983630607,7.912103336557464,6.288127804313815,16.780745787621807,1.9991514714267722,2.2118767471196654,0.2963165785264719,0.0038265630682620005,0.04794535670608097,0.6519115016991851,4,Expanded,False
1.8200000000000007,1.7800000000000007,15.633692000111157,6.903352327103764,5.657829942517008,16.689996800088693,1.8597439899707064,2.133717509416167,0.4250747223271116,0.0037000169789008198,0.048259133462554865,0.5229661272314328,4,Expanded,False
1.8400000000000007,1.7800000000000007,16.134038310186106,5.435401893942928,4.740610519117325,16.626625768918743,1.7964149638548228,2.0982118941218957,0.5453713160616922,0.003829666631806484,0.05099708276109739,0.39980193454540397,1,Bar-dominant,True
1.8600000000000008,1.7800000000000007,16.78873502200717,3.5776992799353993,3.5798622527067656,16.60553230175663,1.7942067436139757,2.0969738485815603,0.6470659797357474,0.004238328663230322,0.056759178609114856,0.29193651299190737,1,Bar-dominant,True
1.8800000000000008,1.7800000000000007,17.612455698651026,2.298551155449025,2.7806121699516684,16.64645550473328,1.8096435826558304,2.1056285603621703,0.7269255530081916,0.0047952044216900075,0.06380799715317054,0.2044712454169478,1,Bar-dominant,True
1.9000000000000008,1.7800000000000007,18.60506436514582,3.147309174861154,3.3109416167673666,16.759102372137228,1.812450478495629,2.107202255237512,0.7797711474337484,0.005383664717306438,0.07048570359817688,0.14435948425076822,1,Bar-dominant,True
1.9200000000000008,1.7800000000000007,19.88547346387609,4.532100635268493,4.176200821813332,16.924500765536173,1.803188347374599,2.1020094126413444,0.8085138779344407,0.005968606105718685,0.07626037425281136,0.10925714170702919,1,Bar-dominant,True
1.9400000000000008,1.7800000000000007,21.832560386388373,5.4345159945065005,4.740056982600073,17.08106362676338,1.7731882451118535,2.0851897620788877,0.8205704782449869,0.006564086059572408,0.08128465178777247,0.0915807839076683,1,Bar-dominant,True
1.9600000000000009,1.7800000000000007,25.207254103094026,5.892854682483422,5.026440730723467,17.10807354187403,1.688603725201444,2.0377671881347665,0.8220410736532562,0.007191169577019858,0.08580114444847756,0.08496661232124639,1,Bar-dominant,True
1.9800000000000009,1.7800000000000007,31.182070247211982,6.736144284903753,5.553353346720616,16.803254745804548,1.605105400207877,1.9909535927462518,0.8165497130296034,0.007863836089219613,0.08995090943885667,0.08563554144232023,1,Bar-dominant,True
2.000000000000001,1.7800000000000007,40.415264822124406,9.578888095368416,7.32958487321231,15.994144058607015,1.9730016978304425,2.1972157952893845,0.8060517584619776,0.008589175703094873,0.09378417009980398,0.09157489573512353,1,Bar-dominant,True
1.0,1.8000000000000007,22.42555016121802,8.703953857623045,6.782899740711297,15.910137931709425,4.416081732836968,3.566936209074519,0.07222462616582571,0.005630297414195939,0.7598569136888723,0.16228816273110608,3,Y-dominant,True
1.02,1.8000000000000007,22.202263436149124,7.1728657956569934,5.826230034673088,15.17948865978451,4.740242115168274,3.7486777347951032,0.07444696746565876,0.005318673965413789,0.7719584900745748,0.14827586849435262,3,Y-dominant,True
1.04,1.8000000000000007,22.369822391440398,6.152909903180438,5.188931026166337,14.737606375208546,5.002766652612448,3.8958629325390746,0.07771529427497241,0.0051343915044764115,0.7724589488163014,0.14469136540424976,3,Y-dominant,True
1.06,1.8000000000000007,22.557555166441638,5.650663806035484,4.875112612940962,14.583709814558205,5.128468400461915,3.966338008103853,0.08283642700908968,0.005116982546155424,0.749984400483101,0.16206218996165395,3,Y-dominant,True
1.08,1.8000000000000007,22.575554249387686,5.5153253076914766,4.790549063238825,14.66549800518438,5.142909644012212,3.974434536178191,0.09015908401886343,0.005278289051576354,0.6826256073600436,0.22193701956951664,3,Y-dominant,True
1.1,1.8000000000000007,22.359974128014404,5.5396160619948525,4.805726654493124,14.915188841136217,5.114344377736945,3.958419330871036,0.09604956038839937,0.005419822822418203,0.5456379202400057,0.35289269654917677,3,Y-dominant,True
1.12,1.8000000000000007,21.90100803887133,5.502336575646432,4.782433314199945,15.284136546929986,5.079960790640291,3.9391420659142535,0.09333686768078563,0.005185607980397379,0.36610427875479423,0.5353732455840228,4,Expanded,False
1.1400000000000001,1.8000000000000007,21.247694803365782,5.321762964945244,4.669605510653533,15.72967500266042,5.059484862742763,3.927662173307149,0.08448636074782934,0.004750421742335385,0.22328279096287845,0.6874804265469568,4,Expanded,False
1.1600000000000001,1.8000000000000007,20.520519117633334,5.079778189155395,4.518406170738798,16.198397560234522,5.051551877951567,3.923214520731281,0.07703866626384795,0.004546056810698395,0.14013979516758604,0.7782754817578676,4,Expanded,False
1.1800000000000002,1.8000000000000007,19.848596292265075,4.906919387820183,4.410398811288077,16.640615853388493,5.012572844936966,3.9013608047397126,0.07274710545705947,0.004732459169793076,0.09497289526419257,0.8275475401089549,4,Expanded,False
1.2000000000000002,1.8000000000000007,19.256408897030052,4.911505166316266,4.413264143122857,17.05084653120045,4.899684484282164,3.8380695945247316,0.07059448725530275,0.00541934144191969,0.0692622917586851,0.8547238795440925,4,Expanded,False
1.2200000000000002,1.8000000000000007,18.699845046286327,5.125764557654143,4.547139831934595,17.46044855993755,4.709055253108919,3.7311927236646816,0.06962548874849216,0.006939297239645405,0.05361704659138266,0.8698181674204798,4,Expanded,False
1.2400000000000002,1.8000000000000007,18.157278334901545,5.509974728905077,4.787205861262483,17.902908597180414,4.461544496998231,3.5924250490824208,0.06932934622490299,0.01025026986410855,0.043556169009834,0.8768642149011545,4,Expanded,False
1.2600000000000002,1.8000000000000007,17.672665778546552,6.023594222130857,5.108130713206561,18.390861007652845,4.195014078109959,3.4429939414580675,0.06943827435735186,0.018198523343774073,0.03680883412695956,0.8755543681719145,4,Expanded,False
1.2800000000000002,1.8000000000000007,17.63244634903027,7.054691822974677,5.752391395005171,18.775403395612457,3.8781462418542088,3.265341004357189,0.06955311344282966,0.03982548228492569,0.03202982648365727,0.8585915777885874,4,Expanded,False
1.3000000000000003,1.8000000000000007,19.181172806240657,11.787468527647704,8.709572115877663,18.479600911392318,4.85431142350167,3.8126310469960214,0.06827156156369446,0.10149786408331965,0.028012436995659976,0.8022181373573259,4,Expanded,False
1.3200000000000003,1.8000000000000007,18.35786963142973,7.790251131838029,6.211990895036786,19.4239092880533,3.6893271398439853,3.159478988037576,0.06288488150207348,0.2432948044632504,0.023502240718363456,0.6703180733163127,4,Expanded,False
1.3400000000000003,1.8000000000000007,20.174407509788487,8.164860281287433,6.446057918211665,19.602102873687414,3.660212490144355,3.143155769206278,0.055284441742285605,0.43202474784890454,0.019187127082040525,0.4935036833267693,4,Expanded,False
1.3600000000000003,1.8000000000000007,23.75937577874932,8.114549294868748,6.41462210613574,19.085014429783218,3.5806207360707076,3.098532404944145,0.0523133993606108,0.5822397347570498,0.01714921206921824,0.34829765381312117,2,Balanced,True
1.3800000000000003,1.8000000000000007,29.304425380442677,7.353873410303194,5.939329016890936,17.67810970726297,3.405416014294159,3.000303333210831,0.05443968734947991,0.6912410565084466,0.01711095771417275,0.23720829842790078,2,Balanced,True
1.4000000000000004,1.8000000000000007,37.081246128741334,6.199108460261735,5.217797269147555,15.065522115100412,2.920196516478943,2.7282635138840368,0.05829781667160049,0.7730288836140293,0.01780200359183676,0.15087129612253342,2,Balanced,True
1.4200000000000004,1.8000000000000007,45.976435028920925,6.958998634113835,5.69259942279176,11.481765358633805,2.99975342492979,2.7728673418394605,0.06155925350784043,0.8271530771419286,0.018475971894778905,0.09281169745545204,2,Balanced,True
1.4400000000000004,1.8000000000000007,51.61685334850538,9.948914191410351,7.560788267269441,8.990655763616315,4.4274062517058566,3.5732853357706365,0.06370048480407034,0.8576952839084246,0.018983167793552254,0.05962106349395273,2,Balanced,True
1.4600000000000004,1.8000000000000007,51.99054229943806,12.137974799136806,8.928578938567828,8.6077281691922,5.4354821758311145,4.1384662353460335,0.0650379849347361,0.8729787336769209,0.019415560201273437,0.04256772118706956,2,Balanced,True
1.4800000000000004,1.8000000000000007,47.69587144138444,13.57153330417429,9.824309254590105,10.184889318609782,5.910365606625333,4.40471110657696,0.065930480784964,0.8793544170034235,0.019867715682922952,0.03484738652868949,2,Balanced,True
1.5000000000000004,1.8000000000000007,40.730876795139714,13.450212448958824,9.748504348407081,12.979118003793534,6.143245316991461,4.535275839894837,0.06658186939575017,0.8799639245765303,0.0203861609117104,0.03306804511600915,2,Balanced,True
1.5200000000000005,1.8000000000000007,34.27824809429696,11.986529357646267,8.833951288081456,15.342546318804207,6.509551760329129,4.740646685692482,0.06706891919971286,0.8754193726181962,0.02098010826455298,0.0365315999175379,2,Balanced,True
1.5400000000000005,1.8000000000000007,29.531277619912068,9.689126383549723,7.398465059380795,16.41414558117017,5.7936014059930185,4.339246894633958,0.06738802485938757,0.8638471722725705,0.021634219644391446,0.04713058322365057,2,Balanced,True
1.5600000000000005,1.8000000000000007,25.736172369820792,7.461784797016926,6.006755285287959,16.794536939692527,4.425965156579336,3.57247738130958,0.06755570117194669,0.8393022493658541,0.02233827134258133,0.07080377811961795,2,Balanced,True
1.5800000000000005,1.8000000000000007,22.645326665642816,5.734802344393681,4.927684893240935,17.056273627556937,3.3934457517604026,2.993592168322281,0.06818869434251039,0.7869659460112274,0.02328518774447365,0.12156017190178856,2,Balanced,True
1.6000000000000005,1.8000000000000007,20.127393904443164,4.976392970215314,4.453807987610716,17.266222719631106,2.9742401169024855,2.7585632264083446,0.07275606462387406,0.6693875259960301,0.025700527048192128,0.23215588233190362,2,Balanced,True
1.6200000000000006,1.8000000000000007,18.10618746480768,5.349381309945373,4.68686228029917,17.396994973453427,2.970675523337363,2.7565647259486648,0.0863111977885756,0.42144473400100857,0.03155687121508799,0.46068719699532784,4,Expanded,False
1.6400000000000006,1.8000000000000007,16.55386586730471,6.4262118961919175,5.359698301941586,17.45100957822333,3.053906929181482,2.8032286722865587,0.09435857392114545,0.1538644750038911,0.03568014601764891,0.7160968050573145,4,Expanded,False
1.6600000000000006,1.8000000000000007,15.458994013684741,7.661523895052244,6.131558259688019,17.454392777981607,3.116767049848798,2.8384713942839124,0.09075713432827599,0.046117512131727274,0.035401639900780366,0.8277237136392164,4,Expanded,False
1.6800000000000006,1.8000000000000007,14.721489924476653,8.789572878633495,6.836397070940734,17.44056980812271,3.1334360241753436,2.8478169065408894,0.08794954044609296,0.01766545367733022,0.03520424859996754,0.8591807572766093,4,Expanded,False
1.7000000000000006,1.8000000000000007,14.258641301239484,9.634242511331825,7.364171971213475,17.413283426212562,3.092660478913371,2.824955970374959,0.08853188940975322,0.009299937556501414,0.03602107938523924,0.8661470936485062,4,Expanded,False
1.7200000000000006,1.8000000000000007,14.039522465735777,10.071042637639591,7.637097780520429,17.359074983006515,2.985727368633268,2.7650035897891945,0.092308164308587,0.0062392052801455156,0.03754380789084868,0.8639088225204188,4,Expanded,False
1.7400000000000007,1.8000000000000007,14.039538340986294,10.09123343704738,7.649713597085105,17.27144263390108,2.812814428107116,2.668059412335895,0.10010375184861608,0.004915572607919901,0.03951869675237506,0.855461978791089,4,Expanded,False
1.7600000000000007,1.8000000000000007,14.211973413985607,9.820646426980533,7.48064272401853,17.157269618142514,2.5992699160310178,2.5483350180257283,0.11487465213167326,0.004292780289953983,0.04178940825659386,0.8390431593217789,4,Expanded,False
1.7800000000000007,1.8000000000000007,14.484490552734565,9.427847460370266,7.235210157953961,17.03460407994542,2.384199643750534,2.4277552015154926,0.1438005310214485,0.0039971220528812286,0.044152240034687214,0.8080501068909831,4,Expanded,False
1.8000000000000007,1.8000000000000007,14.79161194135732,8.966980864038643,6.9472468969320875,16.922115782833153,2.191852958512279,2.3199154346967044,0.2013349365545595,0.0038462683716141127,0.04612035721087577,0.7486984378629506,4,Expanded,False
1.8200000000000007,1.8000000000000007,15.11075417320659,8.347800646363156,6.560364540820151,16.829971682565876,2.031765811908376,2.230162078463578,0.30184826360754274,0.003730758452039613,0.047065506001500716,0.6473554719389168,4,Expanded,False
1.8400000000000007,1.8000000000000007,15.466649853247072,7.420720791354747,5.981097263909918,16.762649664705236,1.912516952424007,2.1633048348138018,0.4282140696697422,0.0037006953229018346,0.048002794453805224,0.5200824405535507,4,Expanded,False
1.8600000000000008,1.8000000000000007,15.91103090109083,6.061686341469538,5.1319318109457175,16.728335805506468,1.8340803621803043,2.1193291167427346,0.5466485930308915,0.003924774538344965,0.0514397719792086,0.39798686045155496,1,Bar-dominant,True
1.8800000000000008,1.8000000000000007,16.48955074097223,4.31064857364025,4.037830937048241,16.743428896081287,1.7740333673312954,2.0856635824775345,0.6486068789807485,0.00441593171701618,0.05768646468974297,0.28929072461249233,1,Bar-dominant,True
1.9000000000000008,1.8000000000000007,17.216834447431033,2.6124596709542516,2.9767516179110864,16.825732560686554,1.7010503973028204,2.0447454535279017,0.7287742577504729,0.005049519677883059,0.06502782518224118,0.20114839738940282,1,Bar-dominant,True
1.9200000000000008,1.8000000000000007,18.118198040888476,2.009796516020592,2.600189617597333,16.97899288306089,1.6156798031709756,1.9968821646287145,0.7812897365613242,0.005713395496484479,0.07188294790790559,0.14111392003428583,1,Bar-dominant,True
1.9400000000000008,1.8000000000000007,19.340424691584218,2.6309973522558483,2.9883345167409914,17.177397438444107,1.5577578997272192,1.964408069463841,0.8091978434649459,0.006374829851610079,0.07777088100305561,0.10665644568038837,1,Bar-dominant,True
1.9600000000000009,1.8000000000000007,21.26687874943882,3.336967771794511,3.42944599197807,17.354504651271622,1.5451669778205053,1.9573489299690703,0.8200216098271766,0.007049240481046258,0.08286153668285377,0.09006761300892334,1,Bar-dominant,True
1.9800000000000009,1.8000000000000007,24.644927061880306,4.057056087726373,3.8793787519784932,17.387163060195842,1.5568768096215593,1.9639140835580116,0.8198482134007086,0.007757796009097154,0.0873920659999854,0.08500192459020883,1,Bar-dominant,True
2.000000000000001,1.8000000000000007,30.611158879976955,5.876166448710248,5.016013422135103,17.077194676737676,1.6799757046625374,2.0329298616070393,0.8122612880231568,0.008513403741743685,0.09148891699940573,0.08773639123569382,1,Bar-dominant,True
1.0,1.8200000000000007,23.028693593134616,10.36361151570148,7.819903583481228,17.094813279594515,4.114595719234055,3.3979071386447774,0.07424001901671266,0.00561081152034297,0.7977356586642796,0.12241351079866478,3,Y-dominant,True
1.02,1.8200000000000007,22.002494848595482,8.31572326894376,6.540321634086959,15.991947560443933,4.370535013750008,3.5414002994766247,0.07596208893896399,0.005243502593897627,0.8142974469269473,0.10449696154019106,3,Y-dominant,True
1.04,1.8200000000000007,21.846884823371436,6.79676103304463,5.591228507572213,15.205808776351073,4.723165266230962,3.739103546370081,0.0782729562033758,0.004971145889292177,0.8229833797204645,0.09377251818686744,3,Y-dominant,True
1.06,1.8200000000000007,22.03966868895055,5.790642306367479,4.962575374940636,14.75597310638031,4.978448778684164,3.882229040950527,0.08184950902239033,0.004825401431760298,0.8177996989543531,0.09552539059149624,3,Y-dominant,True
1.08,1.8200000000000007,22.219227694341303,5.285650897862912,4.647041608903998,14.612549845404569,5.075465391246979,3.9366217062744107,0.08776773739691246,0.004855206027564181,0.7855059940846594,0.12187106249086403,3,Y-dominant,True
1.1,1.8200000000000007,22.250241894356094,5.1841326256203075,4.583609950022712,14.690471102162434,5.076421743674708,3.937157888234995,0.09584076758124044,0.005041132741936746,0.6971419300610083,0.20197616961581452,3,Y-dominant,True
1.12,1.8200000000000007,22.100845260999897,5.366362181634239,4.697472437827275,14.911428834832481,5.057826751340498,3.9267325479966924,0.0995826030652208,0.005063312247951697,0.5245345604269362,0.3708195242598913,3,Y-dominant,True
1.1400000000000001,1.8200000000000007,21.74534370130923,5.551984718520326,4.813454961764437,15.237221867191227,5.0354049600841035,3.91416170105044,0.09212428252519846,0.004623975428268793,0.32457078290034475,0.578680959146188,4,Expanded,False
1.1600000000000001,1.8200000000000007,21.187116572959603,5.527037127671087,4.7978669593516585,15.643368681243933,5.004505168046636,3.896837636619894,0.08148554867285773,0.00414940834734747,0.18877073730324995,0.7255943056765448,4,Expanded,False
1.1800000000000002,1.8200000000000007,20.507503310336308,5.32513495872349,4.671712433420897,16.089281505503415,4.966232602770048,3.8753800039610735,0.07476163173321362,0.0040061558747118975,0.11699572943742802,0.8042364829546464,4,Expanded,False
1.2000000000000002,1.8200000000000007,19.83889565141319,5.125019913594433,4.546674556009975,16.52509038561732,4.897049444080235,3.8365922510468224,0.07154363589220716,0.004242123591639465,0.07917726397804863,0.8450369765381047,4,Expanded,False
1.2200000000000002,1.8200000000000007,19.242645313666507,5.079613086930189,4.518303009920569,16.9361376558714,4.760180727592954,3.7598563798125846,0.07016069498170133,0.004940811190401664,0.057700165129174134,0.8671983286987229,4,Expanded,False
1.2400000000000002,1.8200000000000007,18.692380054844357,5.223021594014085,4.607908942932128,17.348397798198434,4.552138714237254,3.643216978509671,0.06964874892331048,0.006445945762137151,0.044602546989921076,0.8793027583246313,4,Expanded,False
1.2600000000000002,1.8200000000000007,18.1664179927161,5.4961247238742645,4.778551963050749,17.789560642698984,4.300383751759771,3.5020697764384963,0.0695930165639745,0.009778757412618725,0.036186075832545565,0.8844421501908613,4,Expanded,False
1.2800000000000002,1.8200000000000007,17.809477652168702,6.021815112589797,5.107019072247471,18.212294505950887,3.9994137442735442,3.3333300064416247,0.06978802928506436,0.018110940762236245,0.030560931993630077,0.8815400979590693,4,Expanded,False
1.3000000000000003,1.8200000000000007,19.040718080295818,10.846254518451508,8.121473395846799,17.879591211018983,4.650408755098031,3.6983123823039827,0.0697989423376871,0.04209819766484757,0.02657091148241317,0.8615319485150521,4,Expanded,False
1.3200000000000003,1.8200000000000007,17.94698907215608,7.250628394412813,5.874818436830028,18.717908630471676,3.692857932798075,3.1614585380796414,0.0679258532912946,0.1137178779338662,0.023103251901619257,0.7952530168732199,4,Expanded,False
1.3400000000000003,1.8200000000000007,18.52051355739349,7.386116932756275,5.959475736020348,19.226839097705515,3.570759831488651,3.0930038581462935,0.06142418120626428,0.2745808458573697,0.01911524725818278,0.6448797256781832,4,Expanded,False
1.3600000000000003,1.8200000000000007,20.79920215191638,7.990956635486163,6.337397708625781,19.20416387715237,3.6116559867423446,3.1159324146788925,0.05420759134039461,0.46788303851086355,0.015756992792506305,0.46215237735623554,2,Balanced,True
1.3800000000000003,1.8200000000000007,24.61700150401589,7.959315462811246,6.317627355689487,18.58696885539805,3.573072342796291,3.094300374797323,0.05314383104330832,0.6133928724397528,0.01469096053552339,0.3187723359814155,2,Balanced,True
1.4000000000000004,1.8200000000000007,30.318222157109876,7.242299446466467,5.869614260544305,17.134741394455826,3.417491814276035,3.0070736679976395,0.05672128317818473,0.7212954496525587,0.01514732642656447,0.20683594074269213,2,Balanced,True
1.4200000000000004,1.8200000000000007,38.049319164167805,6.059720393042873,5.130703427451557,14.530295975990862,2.7723214152729545,2.6453568788536197,0.060949901715951625,0.79833114815772,0.01593993760132345,0.12477901252500498,2,Balanced,True
1.4400000000000004,1.8200000000000007,46.47570145527688,7.145948015773043,5.809410999107156,11.149076437345709,2.984067215892686,2.764072819996067,0.06395928129372275,0.8443444809812406,0.016576652214983847,0.07511958551005285,2,Balanced,True
1.4600000000000004,1.8200000000000007,51.258533802429966,10.383394976800364,7.832264882863045,9.058206707869603,4.546734363187607,3.6401870122990294,0.06577891384240361,0.868085971978301,0.017069682827709834,0.04906543135158564,2,Balanced,True
1.4800000000000004,1.8200000000000007,50.82574218895836,12.78023823835852,9.32988438327905,9.052641137051067,5.619782106161704,4.241794564019601,0.06689761960085333,0.8790432756092279,0.017536481674577983,0.036522623115340824,2,Balanced,True
1.5000000000000004,1.8200000000000007,46.163829462645495,14.313539200883717,10.28793677590466,10.838608024940237,6.138280026065582,4.532492034107017,0.0676496712642829,0.8827179809249364,0.018050161917683133,0.03158218589309758,2,Balanced,True
1.5200000000000005,1.8200000000000007,39.39743726326962,13.76181925367197,9.94320561848402,13.596831216956463,6.379458997168822,4.667709773748085,0.06818203359615911,0.8812315117686387,0.018636092968879463,0.031950361666322764,2,Balanced,True
1.5400000000000005,1.8200000000000007,33.526504466184676,12.023886046374916,8.857292866735467,15.699863328224534,6.651588924292585,4.820280263065797,0.06851192519968596,0.8742017242715929,0.019286147193755095,0.03800020333496606,2,Balanced,True
1.5600000000000005,1.8200000000000007,29.091509281407685,9.547465960991506,7.309951381968933,16.611483192393898,5.7370381779643775,4.307534545062813,0.06855774248511944,0.8582879690218634,0.019963115571815182,0.05319117292120191,2,Balanced,True
1.5800000000000005,1.8200000000000007,25.446650551385808,7.3906109233705415,5.9622837160357935,16.95128538479846,4.351350935441308,3.530644686356071,0.06825749384787096,0.8247655532376018,0.02063045551667503,0.08634649739785215,2,Balanced,True
1.6000000000000005,1.8200000000000007,22.46233351570658,5.95320737939477,5.064150904453546,17.192537429027958,3.4473567466289343,3.0238175351300844,0.0684588401708751,0.753867804960618,0.021531399277961744,0.1561419555905451,2,Balanced,True
1.6200000000000006,1.8200000000000007,20.015471490163115,5.3909293769764925,4.712822757727279,17.37974245413106,3.161611792862256,2.863613738814724,0.07380889690467422,0.5998249385538231,0.024194767446985538,0.3021713970945171,2,Balanced,True
1.6400000000000006,1.8200000000000007,18.01523358182737,5.720244566157554,4.918588757119384,17.496559635955986,3.144684173882383,2.85412321662909,0.08707173212678429,0.3191110702613778,0.029763454222968184,0.5640537433888697,4,Expanded,False
1.6600000000000006,1.8200000000000007,16.481662898428148,6.712831597488322,5.538786880969427,17.538516048980448,3.1585999289554962,2.8619251279556774,0.09091262118625903,0.10024754475729353,0.03237989253102762,0.7764599415254199,4,Expanded,False
1.6800000000000006,1.8200000000000007,15.384967547961987,7.951574215847577,6.3127903925904505,17.53634806617383,3.158753577634902,2.862011271565268,0.08757120486470252,0.030836724978177812,0.032413496345611664,0.849178573811508,4,Expanded,False
1.7000000000000006,1.8200000000000007,14.636878635470989,9.09871162977562,7.029556227181816,17.51672212783375,3.1332792885195717,2.847729032208407,0.08618663829957872,0.012995598536186018,0.03297654252215273,0.8678412206420826,4,Expanded,False
1.7200000000000006,1.8200000000000007,14.183066480920013,9.913958109580287,7.538946659749051,17.476724954711905,3.0660969940410814,2.8100630700321547,0.08759776237975597,0.007482380590743195,0.034309855569950365,0.8706100014595505,4,Expanded,False
1.7400000000000007,1.8200000000000007,13.985523663883972,10.293667655519465,7.776200563503668,17.408053757441976,2.9405960505741082,2.7397005760684445,0.09177728013531891,0.005370855040383963,0.036161312877229866,0.8666905519470672,4,Expanded,False
1.7600000000000007,1.8200000000000007,14.002955551738154,10.275371814344622,7.764768773632625,17.310792620500965,2.7602507749458707,2.6385894368433047,0.09987896641073012,0.004443296904618454,0.03837165209668617,0.8573060845879653,4,Expanded,False
1.7800000000000007,1.8200000000000007,14.17540960601526,10.015357358049274,7.602303949009578,17.195912108816778,2.5578667472303556,2.525122202772417,0.11523968572303517,0.004022148366249238,0.04083727243617495,0.8399008934745407,4,Expanded,False
1.8000000000000007,1.8200000000000007,14.4275662183036,9.672355166973569,7.387985900650232,17.081765712179678,2.372220950591134,2.4210393099704763,0.14561465540090218,0.003848496104435132,0.04337635387839054,0.8071604946162722,4,Expanded,False
1.8200000000000007,1.8200000000000007,14.70087504889361,9.276269563951582,7.140499745658964,16.98403152822376,2.2189045332822928,2.3350819841574646,0.20574036560409445,0.003783889054721803,0.045521271057117,0.7449544742840667,4,Expanded,False
1.8400000000000007,1.8200000000000007,14.979826150586224,8.73374762791656,6.801515781275201,16.91013496721496,2.09488079565101,2.2655476902361253,0.30751798535112806,0.003747247432975382,0.04679187772132164,0.6419428894945749,4,Expanded,False
1.8600000000000008,1.8200000000000007,15.28936868747005,7.914841742517211,6.289838842424295,16.864615412385227,1.9942890674933191,2.2091506252438826,0.43162108796139653,0.0038106516637493393,0.0483804642035705,0.5161877961712836,4,Expanded,False
1.8800000000000008,1.8200000000000007,15.67395077263958,6.730039504425925,5.549538896924924,16.85767126960203,1.9059597052711648,2.1596284938201435,0.5488082241444514,0.004132738386386919,0.052511798154997916,0.39454723931416374,1,Bar-dominant,True
1.9000000000000008,1.8200000000000007,16.171532545882474,5.224949992739417,4.609113864247574,16.906291031663727,1.806623404646878,2.1039352881758924,0.6513797012091519,0.004719300345335035,0.05926975578609842,0.2846312426594147,1,Bar-dominant,True
1.9200000000000008,1.8200000000000007,16.805433887424392,3.653542168863555,3.6272511626319193,17.024900173202276,1.679752266594158,2.0328045903596426,0.7318754733739854,0.005446474181079074,0.06693242565638428,0.19574562678855123,1,Bar-dominant,True
1.9400000000000008,1.8200000000000007,17.628620154819817,2.4128729254140806,2.8520438379158217,17.211066039619286,1.5552415232692727,1.9629972551827573,0.7835665991655729,0.006200363396784242,0.07394466004382515,0.13628837739381766,1,Bar-dominant,True
1.9600000000000009,1.8200000000000007,18.8090364860846,1.8979655394415604,2.5303142719869376,17.433139396422888,1.5041865971753727,1.9343731522090208,0.80966647432212,0.0069486659821376045,0.07986560137835136,0.10351925831739102,1,Bar-dominant,True
1.9800000000000009,1.8200000000000007,20.729904353884628,2.2102776396457005,2.7254562318235336,17.621152082488287,1.5553467387542694,1.9630562445713902,0.8180025570918922,0.007708658603097746,0.08489520773553479,0.08939357656947533,1,Bar-dominant,True
2.000000000000001,1.8200000000000007,24.121426267532094,3.388853110809167,3.461865506737466,17.651287109731598,1.6828956821710044,2.034566956071335,0.8147836315138954,0.008501683839409815,0.08927436593079316,0.08744031871590158,1,Bar-dominant,True
1.0,1.8400000000000007,25.108532304733878,12.702470150718844,9.281292551502979,18.67468451952912,4.1814593922603684,3.4353944647137133,0.0755717184519446,0.005598512853934648,0.8187964137652575,0.10003335492886328,3,Y-dominant,True
1.02,1.8400000000000007,22.547676565325624,9.903636736960099,7.53249755681647,17.267338706575593,4.078911872727635,3.3779008792092005,0.07681160214942073,0.005185256876263304,0.8358468260088922,0.08215631496542378,3,Y-dominant,True
1.04,1.8400000000000007,21.580500190363363,7.892075225479728,6.2756136402933365,16.060302311097736,4.339630364845905,3.524073512028706,0.07830927138415682,0.00484613488534759,0.8467884108065553,0.07005618292394025,3,Y-dominant,True
1.06,1.8400000000000007,21.499002089751407,6.408848366420182,5.34884904817549,15.218448729337206,4.712972623510532,3.733389009554035,0.08051049780707711,0.004600510007699658,0.8485714337101653,0.0663175584750579,3,Y-dominant,True
1.08,1.8400000000000007,21.708131078752494,5.464012265037173,4.758487136396431,14.764097149879973,4.951796623547533,3.867286427348466,0.08430410914422241,0.0044868623249023735,0.8345104256481365,0.07669860288273875,3,Y-dominant,True
1.1,1.8400000000000007,21.86203360862122,4.9923562178826035,4.463782303153135,14.634841319131345,5.018382070946124,3.9046177653546006,0.09076539712186392,0.004547023434566077,0.786912851751052,0.11777472769251804,3,Y-dominant,True
1.12,1.8400000000000007,21.881134986135855,4.900586997235146,4.406442143876192,14.714803382507077,5.006501365788904,3.8979568110875156,0.09818338830050582,0.0046900612363526255,0.6674588702331016,0.22966768023003997,3,Y-dominant,True
1.1400000000000001,1.8400000000000007,21.77384348596616,5.151943728562913,4.563497362477585,14.914064149773093,4.995353971542396,3.891706989861371,0.09740709107582352,0.00450922607806571,0.4604205063609226,0.43766317648518815,3,Y-dominant,True
1.1600000000000001,1.8400000000000007,21.51541097301106,5.5126400914931075,4.78887125968529,15.198023374852378,4.988034938770191,3.887603551392879,0.08658485765600707,0.003965874704516988,0.2647849426505295,0.6446643249889464,4,Expanded,False
1.1800000000000002,1.8400000000000007,21.06416154979778,5.680271015022151,4.893612084409321,15.55902770968529,4.956942715187352,3.8701715996184163,0.07719794296977511,0.0035954051718429776,0.1516348050697765,0.7675718467886055,4,Expanded,False
1.2000000000000002,1.8400000000000007,20.458407372538524,5.585863691699016,4.834623559519757,15.972515574374981,4.893351331375376,3.834518892666523,0.07262684793566061,0.0035690250419758425,0.09482733113394173,0.8289767958884218,4,Expanded,False
1.2200000000000002,1.8400000000000007,19.82885067292643,5.418788604756472,4.730230038152744,16.39234518056114,4.788029033488931,3.7754696190550514,0.07083376597772285,0.003867471439852482,0.06469384572711682,0.8606049168553078,4,Expanded,False
1.2400000000000002,1.8400000000000007,19.249161068661742,5.365992166380043,4.697241241207529,16.80138112441174,4.621931795368157,3.6823466863359253,0.07021269497863485,0.004586717030725125,0.04732847697497192,0.8778721110156681,4,Expanded,False
1.2600000000000002,1.8400000000000007,18.69926404662878,5.43729692001367,4.741794588198044,17.218849420090642,4.4047187868808315,3.560565538112519,0.07008239300174038,0.006103447948352101,0.03666497058393717,0.8871491884659704,4,Expanded,False
1.2800000000000002,1.8400000000000007,18.212331287899158,5.627649513562845,4.860732593292578,17.6354751519087,4.146290136116164,3.4156767119638625,0.0702085516589259,0.009540203782940996,0.029817623732938572,0.8904336208251945,4,Expanded,False
1.3000000000000003,1.8400000000000007,18.95833330596013,9.144495628781314,7.058163441853576,17.425183393432448,4.237074689480024,3.4665753539309945,0.0704636914256662,0.018551536918564215,0.02526369866256537,0.8857210729932042,4,Expanded,False
1.3200000000000003,1.8400000000000007,18.236008361261483,7.544233158042395,6.058271492137802,17.893144629400837,3.8977878729782396,3.2763531458855573,0.07035558481274201,0.04616048011876333,0.022026983904982683,0.861456951163512,4,Expanded,False
1.3400000000000003,1.8400000000000007,17.735708123924447,6.470906593387879,5.3876248881975215,18.59275280674251,3.46157400599959,3.031788485778049,0.06778723590830946,0.1320597431535757,0.019078749201424824,0.7810742717366901,4,Expanded,False
1.3600000000000003,1.8400000000000007,19.023459439740783,7.278182027445335,5.892034772498963,18.821709821607634,3.545780864288286,3.0789993225603287,0.06026022544214367,0.3155886525802271,0.01563258807540131,0.6085185339022279,4,Expanded,False
1.3800000000000003,1.8400000000000007,21.49791532531921,7.876147112261612,6.2656612778077,18.704537735207875,3.621580122868498,3.1214964124384412,0.05415717506385805,0.5111849625181093,0.013231171565259074,0.4214266908527735,2,Balanced,True
1.4000000000000004,1.8400000000000007,25.50380283370736,7.8270317104713145,6.234972502837868,18.045852997035205,3.60133214274314,3.110144319458178,0.05522804819347923,0.653018048552296,0.012944906763096236,0.27880899649112856,2,Balanced,True
1.4200000000000004,1.8400000000000007,31.284427823054898,7.136891510578109,5.803752223248473,16.585495354635906,3.4167394998468037,3.006651880574985,0.05977544841504321,0.7564034949818961,0.013658579583121465,0.17016247701993928,2,Balanced,True
1.4400000000000004,1.8400000000000007,38.90690451107979,5.92762519244743,5.048166387380571,14.001108922229497,2.5911573239068626,2.543786668040486,0.06378820970445662,0.8228725650634326,0.014406334552646352,0.0989328906794644,2,Balanced,True
1.4600000000000004,1.8400000000000007,46.815226872487116,7.414561363285505,5.977248668661387,10.841801778953096,3.012897296915933,2.7802364945146203,0.06628843796965124,0.858518039782105,0.014973779111221342,0.06021974313702247,2,Balanced,True
1.4800000000000004,1.8400000000000007,50.754340030485565,10.869581389608701,8.13604872402491,9.139810473664058,4.684445701903086,3.7173953023040545,0.06774071619263437,0.8755807978251825,0.015461088233725577,0.04121739774845759,2,Balanced,True
1.5000000000000004,1.8400000000000007,49.620603358102336,13.521151954932618,9.792829477713687,9.468577136069294,5.822739070053424,4.355583016538144,0.06863744601065702,0.8826538720698127,0.015966759188454246,0.032741922731076026,2,Balanced,True
1.5200000000000005,1.8400000000000007,44.793406625780996,14.879585794189227,10.641619651157539,11.394198534643534,6.335169074948917,4.642878491219349,0.06922914124747596,0.8837213160800304,0.01653503535767261,0.030514507314821106,2,Balanced,True
1.5400000000000005,1.8400000000000007,38.24731334736191,14.01170713829969,10.099343057647603,14.10133029686719,6.6229755195025675,4.804238068750751,0.06958747056377654,0.8797066912685461,0.017170847105755005,0.03353499106192234,2,Balanced,True
1.5600000000000005,1.8400000000000007,32.871484943223315,12.033471359106406,8.863282057390734,15.976808534109272,6.770774045665689,4.887101771745419,0.06964800859396386,0.8689527751076914,0.01784590010727869,0.04355331619106607,2,Balanced,True
1.5800000000000005,1.8400000000000007,28.66403658326514,9.456917722835714,7.253374129144202,16.77005476973386,5.68922920604251,4.280730296382812,0.06921487885903371,0.846053300247337,0.018492867607573966,0.06623895328605531,2,Balanced,True
1.6000000000000005,1.8400000000000007,25.1415449744647,7.408234801193178,5.973295643066422,17.087724151232294,4.324443508668769,3.515558953918052,0.06815894739477743,0.7989146328991582,0.01905100321367197,0.11387541649239238,2,Balanced,True
1.6200000000000006,1.8400000000000007,22.251863671986463,6.232900642644263,5.238911637412416,17.321064521149204,3.5672606865537824,3.091042051664555,0.0678601871171222,0.7037217867982256,0.019890032505696403,0.20852799357895582,2,Balanced,True
1.6400000000000006,1.8400000000000007,19.860914278767588,5.80500868180026,4.971551916854538,17.50081196512719,3.3387295071229977,2.96291533572915,0.07420157674521245,0.5110003305178705,0.02284026835403506,0.391957824382882,2,Balanced,True
1.6600000000000006,1.8400000000000007,17.911280715864457,6.105121009771637,5.159071093387173,17.6080639119038,3.2676906296136528,2.9230871682918638,0.0858160827470239,0.2266827163816881,0.0277537837580136,0.6597474171132744,4,Expanded,False
1.6800000000000006,1.8400000000000007,16.41974778211557,7.032506222693976,5.738529167073249,17.643934035199464,3.2157499100345808,2.893966442447958,0.08716069978053242,0.06591461467200989,0.029592281853812144,0.8173324036936456,4,Expanded,False
1.7000000000000006,1.8400000000000007,15.327366272142086,8.253903136257824,6.501694562507579,17.63915863249939,3.1663876867061913,2.8662913585399785,0.08503916302218628,0.021831016858646038,0.030229721449060908,0.8629000986701068,4,Expanded,False
1.7200000000000006,1.8400000000000007,14.582541104089113,9.369542129128154,7.198779239651177,17.6099009843565,3.113176961473337,2.836458600079588,0.08486344807611262,0.010190433111307406,0.03141438793209165,0.8735317308804883,4,Expanded,False
1.7400000000000007,1.8400000000000007,14.141318195756023,10.127448270545676,7.672341710371121,17.556062413502424,3.030329758885621,2.7900100584913528,0.08686678513835724,0.006371699575306104,0.03314745490805142,0.8736140603782853,4,Expanded,False
1.7600000000000007,1.8400000000000007,13.956646410634566,10.448454883169795,7.872916262132108,17.476339264777323,2.896642867052584,2.715058087137411,0.09133564833827876,0.004851538831144862,0.03527089752357303,0.8685419153070033,4,Expanded,False
1.7800000000000007,1.8400000000000007,13.977963420938892,10.398804620542178,7.8418932900819645,17.37474976907776,2.7207742492145215,2.616456800014074,0.09974863906913933,0.004185940054855227,0.03769912899322141,0.858366291882784,4,Expanded,False
1.8000000000000007,1.8400000000000007,14.139730498147145,10.146388710301016,7.684176264753127,17.263377147233477,2.5407156129832433,2.515506366057606,0.11584552478450576,0.0039087352394297226,0.04036522478199166,0.8398805151940728,4,Expanded,False
1.8200000000000007,1.8400000000000007,14.368165344791823,9.838727169319894,7.491940113690903,17.158836834746573,2.3921537182449675,2.4322146780990197,0.14796271678419493,0.00383035758492079,0.04309646519692759,0.8051104604339567,4,Expanded,False
1.8400000000000007,1.8400000000000007,14.610711218462189,9.495177842340714,7.2772801984220425,17.073769573534346,2.280717030140651,2.369737352610712,0.21080010411342257,0.00383942712444894,0.045438071247071304,0.7399223975150572,4,Expanded,False
1.8600000000000008,1.8400000000000007,14.855361080497413,9.029117673687505,6.986071837768343,17.01430770596411,2.192043040694412,2.3200220048628197,0.31324277807282797,0.003877401902315127,0.047064194362110325,0.6358156256627466,4,Expanded,False
1.8800000000000008,1.8400000000000007,15.12461067855279,8.333244437175303,6.551269385086984,16.986532040641155,2.11155880778346,2.2748982695670694,0.43470360139489583,0.004035288743593971,0.049301728380001436,0.5119593814815088,4,Expanded,False
1.9000000000000008,1.8400000000000007,15.455794633034136,7.349999846442143,5.936908698104364,17.002810826558694,2.024585282078065,2.2261362920998726,0.5506584512005921,0.00446445330963423,0.054114174871300325,0.3907629206184733,1,Bar-dominant,True
1.9200000000000008,1.8400000000000007,15.88339226249597,6.131059897626652,5.175278487877173,17.079503661508,1.9129265972972762,2.1635345034850197,0.6538406586414254,0.005165480356279928,0.061409382116216764,0.2795844788860779,1,Bar-dominant,True
1.9400000000000008,1.8400000000000007,16.442614009801968,4.8503497068147325,4.375052379268571,17.2267953106395,1.7763988005434876,2.0869897699588122,0.7343483833825173,0.0060073439674012815,0.06940056742493975,0.19024370522514167,1,Bar-dominant,True
1.9600000000000009,1.8400000000000007,17.208944620480633,3.733930892401764,3.6774804462547905,17.436624173502004,1.6654951178612512,2.0248112756167704,0.7841357969711951,0.006865218853864572,0.07648612317710368,0.1325128609978367,1,Bar-dominant,True
1.9800000000000009,1.8400000000000007,18.36459245490998,3.0111076529950713,3.2258388241048297,17.672866811720713,1.658119381975373,2.0206760463713858,0.8067551608901895,0.00770554961979364,0.0822681290191506,0.10327116047086629,1,Bar-dominant,True
2.000000000000001,1.8400000000000007,20.291678934429235,3.0007658087260753,3.2193769298725616,17.863328788117936,1.7707998621638432,2.0838507077569046,0.8107142233290577,0.008549227801827673,0.0870084504377071,0.09372809843140747,1,Bar-dominant,True
1.0,1.8600000000000008,29.666954456261447,15.832723188594057,11.237168459596692,20.292691644329448,4.466566817356975,3.5952408285990023,0.07650920024020434,0.005611921689699448,0.829052171589409,0.0888267064806872,3,Y-dominant,True
1.02,1.8600000000000008,24.717041638397323,12.101410055415899,8.905732190888322,18.9417681517539,4.1698296326988995,3.428874203874729,0.07739448406525398,0.005165771038094255,0.8454338545804776,0.07200589031617417,3,Y-dominant,True
1.04,1.8600000000000008,22.068985175438982,9.392522110087668,7.213137820437884,17.42219717944708,4.053683500987249,3.3637565141928194,0.07834685023135637,0.004782278646134705,0.8567715616670617,0.06009930945544722,3,Y-dominant,True
1.06,1.8600000000000008,21.17471036665462,7.427903052271691,5.985584955774801,16.109346196702994,4.3189884550712065,3.5125005611663576,0.07964129382321658,0.0044721718362466835,0.8614407085979863,0.05444582574255043,3,Y-dominant,True
1.08,1.8600000000000008,21.16506865404242,6.007253727794043,5.097920682639381,15.215350995428759,4.704493068462778,3.728634920665297,0.08185286747551578,0.004258512676257898,0.8560224413098124,0.05786617853841387,3,Y-dominant,True
1.1,1.8600000000000008,21.378563638910844,5.162474473259859,4.5700772873583615,14.761083043282417,4.91856555201822,3.848655323826091,0.08595909174008777,0.004178806176287959,0.8310586616797005,0.07880344040392372,3,Y-dominant,True
1.12,1.8600000000000008,21.49625920883174,4.762539431747266,4.320185887834985,14.647371028728823,4.957837987223972,3.8706735366679106,0.09252177694672517,0.004246397512370278,0.7605571191500877,0.14267470639081684,3,Y-dominant,True
1.1400000000000001,1.8600000000000008,21.485210207028242,4.695457941268888,4.278271362230136,14.734043742921315,4.938895021653558,3.860053104153363,0.09715865907866458,0.004263809920096372,0.5993322177846713,0.2992453132165677,3,Y-dominant,True
1.1600000000000001,1.8600000000000008,21.382671187425323,4.944950873209758,4.434162023118702,14.923682978570366,4.932444584063455,3.8564366462729778,0.09084216272714832,0.0038734461345999037,0.37249815217150894,0.5327862389667428,4,Expanded,False
1.1800000000000002,1.8600000000000008,21.180887176423436,5.360509698909019,4.693815631228483,15.177404826590422,4.933909362988819,3.857257879129456,0.07992754068878005,0.003380500668809208,0.20508617099960422,0.7116057876428066,4,Expanded,False
1.2000000000000002,1.8600000000000008,20.835168222193317,5.687596448539092,4.898189234805397,15.490317579636983,4.907804672703806,3.842622203397766,0.07378393041016128,0.0031817241667118547,0.1190876744356829,0.803946670987444,4,Expanded,False
1.2200000000000002,1.8600000000000008,20.356310099036968,5.801532079081123,4.969379631285896,15.851985575408358,4.831174249677244,3.7996591185898665,0.07156153867333165,0.0032672980592520174,0.0758544038569341,0.8493167594104822,4,Expanded,False
1.2400000000000002,1.8600000000000008,19.82669129374184,5.80311492687188,4.970368642021661,16.2369673328843,4.696027432352398,3.723888635472052,0.07092841576040709,0.0036172915409094153,0.052269979114157414,0.8731843135845261,4,Expanded,False
1.2600000000000002,1.8600000000000008,19.282752494808197,5.79507447876389,4.965344729080947,16.63841070315869,4.508815645531759,3.6189277654084004,0.07083005466534306,0.004363088464654383,0.03845858298428014,0.8863482738857225,4,Expanded,False
1.2800000000000002,1.8600000000000008,18.735854428388045,5.780580910675978,4.956288713384303,17.04942062580162,4.288413610015321,3.495358679270846,0.07093953047735156,0.0059302363316224745,0.02994765249716697,0.893182580693859,4,Expanded,False
1.3000000000000003,1.8600000000000008,18.912210860822388,7.414555545286742,5.9772450334014025,17.070068081450636,3.9868275518684797,3.326273518556651,0.07118456801099117,0.009596608004415367,0.024504515652111557,0.8947143083324819,4,Expanded,False
1.3200000000000003,1.8600000000000008,18.877415935385297,8.63755374542962,6.741410960679,17.079481995120982,4.275616753900835,3.4881840821225234,0.07149681707469542,0.019752791720483727,0.02091428543232096,0.8878361057724999,4,Expanded,False
1.3400000000000003,1.8600000000000008,17.556896376929004,5.931808537578828,5.050780266788639,17.86958492449695,3.4385635345167462,3.018887593433445,0.07128862881614975,0.0529961134012137,0.018357324361483282,0.8573579334211533,4,Expanded,False
1.3600000000000003,1.8600000000000008,18.1312934832737,6.521004578249036,5.418927610516894,18.194799512047805,3.454539949782749,3.0278448203009196,0.06794149767682987,0.15941778565659387,0.015872098768409056,0.7567686178981672,4,Expanded,False
1.3800000000000003,1.8600000000000008,19.610159778958423,7.284609622953363,5.896050926799914,18.326214864072952,3.592191289495585,3.105019471678659,0.05971238224127469,0.3680566515616399,0.01298424219501045,0.559246724002075,4,Expanded,False
1.4000000000000004,1.8600000000000008,22.24653700776644,7.798433233713592,6.217103317496679,18.165083022520705,3.6545829945894734,3.139999575029114,0.055471940302510195,0.5629550752366761,0.011475729173873706,0.37009725528694,2,Balanced,True
1.4200000000000004,1.8600000000000008,26.396907975171803,7.748096308852731,6.185651298304739,17.490685982652515,3.6315888325919587,3.127107826648143,0.05842045263850604,0.6990638521138663,0.011714850709980218,0.23080084453764746,2,Balanced,True
1.4400000000000004,1.8600000000000008,32.1885830879438,7.059116021939576,5.755155767106519,16.026029561542927,3.388998373157718,2.9910987316879334,0.06313708592401779,0.7908375632680781,0.012469437335026892,0.1335559134728772,2,Balanced,True
1.4600000000000004,1.8600000000000008,39.64989768385083,5.806475894012471,4.972468675015365,13.469122589771334,2.412029389458741,2.443358034931009,0.06650112117173941,0.8430194809435488,0.013112734841274988,0.07736666304343674,2,Balanced,True
1.4800000000000004,1.8600000000000008,46.99528999257553,7.751625307934284,6.187856322690877,10.551090213889589,3.1024517687236948,2.8304454874347025,0.06843946953349896,0.8687266452008555,0.013630486799413902,0.04920339846623165,2,Balanced,True
1.5000000000000004,1.8600000000000008,50.11357423924751,11.439732628972848,8.492296305146677,9.225092935327874,4.856119607918922,3.8136448112087,0.06955657636425579,0.8801977527014454,0.014130781113305445,0.03611488982099339,2,Balanced,True
1.5200000000000005,1.8600000000000008,48.466831844552495,14.321491576210216,10.29290565833206,9.821626320152209,6.0541138001521615,4.4853039779922055,0.07024014235041658,0.8839370909740479,0.014677848659871517,0.03114491801566395,2,Balanced,True
1.5400000000000005,1.8600000000000008,43.55315712240269,15.229322583856607,10.86014567854502,11.859906364093305,6.49935487809153,4.73492977197796,0.07064156036385566,0.8823366616684702,0.0152910831619886,0.03173069480568548,2,Balanced,True
1.5600000000000005,1.8600000000000008,37.24639507109501,14.205771374259118,10.220600208153654,14.500657873104672,6.865862717596874,4.940413531162877,0.07074812010304078,0.8750593506272274,0.01595664283385191,0.03823588643587996,2,Balanced,True
1.5800000000000005,1.8600000000000008,32.26570772959509,12.066125658187834,8.883685442068034,16.1890729564926,6.883734420610564,4.950433356995921,0.07038910435428385,0.8588380009927876,0.016621937414094026,0.05415095723883448,2,Balanced,True
1.6000000000000005,1.8600000000000008,28.23775854086336,9.51314183809646,7.288504641330215,16.892566913782478,5.700722590109747,4.287174097877151,0.06923456961818308,0.8257138594861854,0.017184933787342687,0.08786663710828885,2,Balanced,True
1.6200000000000006,1.8600000000000008,24.82718895808956,7.633918766749122,6.11430974823076,17.20233825011923,4.4254640407068635,3.5721964291384016,0.06721925875607718,0.7607153279626839,0.01759119084904171,0.15447422243219716,2,Balanced,True
1.6400000000000006,1.8600000000000008,22.006652050407094,6.612662826278202,5.476198430776208,17.445989838188453,3.7723238603842892,3.206011357330574,0.06672414683059806,0.6386588570838615,0.018451459566758113,0.27616553651878234,2,Balanced,True
1.6600000000000006,1.8600000000000008,19.66689852825969,6.2308114672628445,5.237606258023957,17.629336504788316,3.501406505862502,3.0541207006103717,0.0742204489499024,0.41415061950835946,0.021717761229794647,0.4899111703119435,4,Expanded,False
1.6800000000000006,1.8600000000000008,17.804068591947356,6.5095845763139915,5.4117920510637525,17.731305057556852,3.3523862851884103,2.970572050791569,0.08364056667101197,0.15704051603069696,0.025907374148004196,0.7334115431502869,4,Expanded,False
1.7000000000000006,1.8600000000000008,16.36626121592858,7.391817313254394,5.963037504589321,17.76755603067013,3.2431606373701545,2.909334351910709,0.08426502020556009,0.04558100470591959,0.027605103420164742,0.8425488716683556,4,Expanded,False
1.7200000000000006,1.8600000000000008,15.297170078921644,8.548214123537207,6.685588887516447,17.75913995419929,3.1610117800115884,2.8632773397453866,0.08341456749671895,0.016648404629968788,0.028823143193203563,0.8711138846801088,4,Expanded,False
1.7400000000000007,1.8600000000000008,14.568329303734043,9.580825644724149,7.3307955121158646,17.718200962859697,3.091909063188258,2.8245346868135615,0.08405427367262153,0.00856153443700617,0.03046210824629704,0.8769220836440753,4,Expanded,False
1.7600000000000007,1.8600000000000008,14.137180277197078,10.25923009335385,7.754682942609056,17.652394559661822,3.00229112241708,2.774290109821903,0.08641412040770045,0.0057484629313959154,0.03249605647312685,0.8753413601877768,4,Expanded,False
1.7800000000000007,1.8600000000000008,13.954388673919587,10.520280390594397,7.917794991697608,17.56604850923089,2.870702728588078,2.700514667895253,0.09109794906860517,0.004598677151704606,0.03484912329718953,0.8694542504825007,4,Expanded,False
1.8000000000000007,1.8600000000000008,13.96767487814663,10.439845858506397,7.867537085519999,17.46437668223465,2.7102577818832647,2.610560709923645,0.09988986666389095,0.004109693522876701,0.0374845225307534,0.858515917282479,4,Expanded,False
1.8200000000000007,1.8600000000000008,14.111695323403477,10.184855449368621,7.708211436125831,17.35809015343112,2.5605017444689824,2.5265995221628175,0.116946910964638,0.0039395365906121,0.04035348855712952,0.8387600638876204,4,Expanded,False
1.8400000000000007,1.8600000000000008,14.316424969883276,9.896697772907803,7.528161884123943,17.260937830549793,2.4513481786906444,2.4654022363016406,0.151118549998091,0.003939426583090659,0.043274304825320194,0.8016677185934982,4,Expanded,False
1.8600000000000008,1.8600000000000008,14.533512981220174,9.596012072897587,7.340284447558153,17.183427555787873,2.378606624771068,2.424619458043691,0.2165179570457921,0.004014125821032708,0.04579900403264344,0.7336689131005317,4,Expanded,False
1.8800000000000008,1.8600000000000008,14.751762474200945,9.206475182922055,7.096890124735594,17.132392758590186,2.3203877125999526,2.391978844012834,0.3184682386653924,0.004125128822157082,0.047768098067035324,0.6296385344454152,4,Expanded,False
1.9000000000000008,1.8600000000000008,14.990117109177481,8.637985935214363,6.741681005808729,17.116749968060116,2.259428964498563,2.3578021324533056,0.4362173476350039,0.00438121821115487,0.050607590761630315,0.5087938433922109,4,Expanded,False
1.9200000000000008,1.8600000000000008,15.280355513988429,7.852584640293375,6.250938739182168,17.150590098451627,2.1824955862113993,2.31466919483708,0.5500812040838974,0.004929773941736258,0.05604801887706254,0.3889410030973039,1,Bar-dominant,True
1.9400000000000008,1.8600000000000008,15.656525096839957,6.898083891462154,5.6545380660392635,17.248476565599724,2.078627977054886,2.256435496982662,0.6528861664807588,0.005765825921455561,0.0638417340614779,0.2775062735363077,1,Bar-dominant,True
1.9600000000000009,1.8600000000000008,16.164442520955454,5.897268366828336,5.029198532975136,17.416172097626845,1.960327467537045,2.190109948688729,0.7317861416633265,0.006738657324799071,0.07204599933737356,0.18942920167450092,1,Bar-dominant,True
1.9800000000000009,1.8600000000000008,16.895174607918086,5.005674551734094,4.472103997278464,17.64098570451924,1.8851851323472288,2.1479811649509086,0.7772666988852508,0.00770246902970108,0.07896250008586946,0.13606833199917864,1,Bar-dominant,True
2.000000000000001,1.8600000000000008,18.040563234257213,4.408120244273973,4.0987341579723715,17.883593994448788,1.9199944277911782,2.167497104615541,0.7938842307467637,0.008624745358051966,0.08429281144999508,0.11319821244518927,1,Bar-dominant,True
1.0,1.8800000000000008,37.53635418689438,19.19573442678802,13.338478666741102,21.341330244033422,4.479763275398246,3.6026394638093873,0.07724300338212155,0.005661384446829837,0.8326183079559628,0.08447730421508581,3,Y-dominant,True
1.02,1.8800000000000008,29.631105767931956,15.004597713841246,10.719730845017413,20.638260455942834,4.404525276942488,3.560457046164232,0.07790303594883911,0.005192687582340356,0.848275864800129,0.06862841166869159,3,Y-dominant,True
1.04,1.8800000000000008,24.322390157915503,11.42511147794124,8.483160571803301,19.194898036606425,4.145734050018892,3.415364940565324,0.07853002149440128,0.004780378204570962,0.8596658683998103,0.05702373190121746,3,Y-dominant,True
1.06,1.8800000000000008,21.617574508427815,8.832286385519232,6.8630857501168805,17.55660400499861,4.024408252053048,3.347343254901578,0.07929266656596645,0.004430004880952904,0.8658600128917114,0.05041731566136924,3,Y-dominant,True
1.08,1.8800000000000008,20.80360619661784,6.925537333985418,5.671691799675424,16.13834391394595,4.300717931984084,3.502257135619762,0.08054107924762248,0.004154216181684353,0.8650112707007009,0.05029343386999227,3,Y-dominant,True
1.1,1.8800000000000008,20.849927201020044,5.593335683320529,4.839292283811745,15.20198802295736,4.689478044514814,3.720216700827917,0.08292486134294429,0.003976459578941403,0.8520313039048029,0.0610673751733114,3,Y-dominant,True
1.12,1.8800000000000008,21.048478269021054,4.872028267587462,4.388597793720532,14.754135822693735,4.872279596762915,3.8227049591731515,0.08731830224500743,0.003925572321559014,0.8120030869089553,0.09675303852447824,3,Y-dominant,True
1.1400000000000001,1.8800000000000008,21.12117794342605,4.568607032428245,4.199011112812849,14.655687039996872,4.8904525095662,3.8328936592107783,0.0929120917503256,0.003956285001326878,0.7069364909770103,0.19619513227133725,3,Y-dominant,True
1.1600000000000001,1.8800000000000008,21.068857776759458,4.5555765594262425,4.190869282773134,14.749965413308814,4.872222159219147,3.822672756635744,0.09234250477765213,0.0037715674797754555,0.5005129720249385,0.403372955717634,3,Y-dominant,True
1.1800000000000002,1.8800000000000008,20.941167873852102,4.787736473370534,4.3359297545671245,14.93664261668631,4.871998820049247,3.8225475408360867,0.08254899701794799,0.003286172023324548,0.2836498501741573,0.6305149807845702,4,Expanded,False
1.2000000000000002,1.8800000000000008,20.75427562434297,5.164382035918532,4.5712691896749265,15.169533748142566,4.877185736506737,3.825455601666932,0.07493878810542953,0.0029689368358860836,0.15619115602173078,0.7659011190369536,4,Expanded,False
1.2200000000000002,1.8800000000000008,20.498090580957133,5.566554449296166,4.822558566191004,15.435999565094743,4.854246589359864,3.812594697532938,0.07226303539190196,0.0029302232599758248,0.09319480823250735,0.8316119331156149,4,Expanded,False
1.2400000000000002,1.8800000000000008,20.173574490528967,5.925826779254996,5.047042684921594,15.735536573629386,4.777530681008433,3.769583685111995,0.07171433293446704,0.0030946510445985943,0.060336366348830085,0.8648546496721042,4,Expanded,False
1.2600000000000002,1.8800000000000008,19.776270117639925,6.188500664079524,5.211169200189642,16.073986917894587,4.640146539201989,3.692558839070823,0.07174790426314036,0.0034851072054800486,0.04195024557065363,0.882816742960726,4,Expanded,False
1.2800000000000002,1.8800000000000008,19.28609354481396,6.252793949983792,5.251341572017351,16.451968097225247,4.459165940103025,3.5910915037674784,0.07191924337928973,0.004274541235264131,0.03110233912649963,0.8927038762589465,4,Expanded,False
1.3000000000000003,1.8800000000000008,19.068523495299655,6.711873367124716,5.538188149921201,16.655027787137307,4.133549430805975,3.408533595938464,0.07216080599538288,0.005955888318001864,0.024430817695986415,0.8974524879906288,4,Expanded,False
1.3200000000000003,1.8800000000000008,19.57542413765999,9.72085518952224,7.418290168227699,16.340557105081274,4.633887456158291,3.6890496647115367,0.07250738439259388,0.010051374757344016,0.020197692677574285,0.8972435481724879,4,Expanded,False
1.3400000000000003,1.8800000000000008,17.78401702892209,5.979012898095001,5.080274965898722,17.1302018651255,3.571662204831017,3.0935097765649227,0.07293776090589073,0.022115815360688306,0.017444587592627597,0.8875018361407934,4,Expanded,False
1.3600000000000003,1.8800000000000008,17.828957447339707,6.251798749825685,5.250719741133579,17.484677787367907,3.4436445175819683,3.021736262378714,0.07273040815000846,0.06430874056416437,0.015484840776455903,0.8474760105093713,4,Expanded,False
1.3800000000000003,1.8800000000000008,18.641997358969256,6.797449932858299,5.591658952821318,17.712307910128793,3.532975190005225,3.0718197814783905,0.06858219474974785,0.19991372759751752,0.013401061534436588,0.7181030161182981,4,Expanded,False
1.4000000000000004,1.8800000000000008,20.27134972707698,7.461700798637959,6.006702800583447,17.79174365415706,3.6638039662165465,3.1451693414270867,0.060212690489596064,0.43300315277540685,0.011080023702578634,0.4957041330324184,4,Expanded,False
1.4200000000000004,1.8800000000000008,23.05127416337505,7.907122789400421,6.285015809188909,17.60255976083646,3.7020971517028016,3.166638534870536,0.05821414536260922,0.6219459121745522,0.010309971119810806,0.30952997134302784,2,Balanced,True
1.4400000000000004,1.8800000000000008,27.285343161488605,7.838977116377112,6.24243635043768,16.91569620621707,3.6822687396693037,3.1555216740448317,0.06221289807613745,0.7455238656865567,0.010801388764030717,0.1814618474732751,2,Balanced,True
1.4600000000000004,1.8800000000000008,33.02656797915298,7.036913580129596,5.741283016082381,15.44340180659548,3.347636068056089,2.967908826794474,0.066376163270671,0.8197336457220934,0.011474877003131117,0.10241531400410445,2,Balanced,True
1.4800000000000004,1.8800000000000008,40.27295834311303,5.699224997606571,4.905455100756798,12.933288077604534,2.2845438868484096,2.371882891716324,0.0689645665329582,0.8577947737505056,0.012028905873214648,0.061211753843321566,2,Balanced,True
1.5000000000000004,1.8800000000000008,47.01059685088704,8.18444603165168,6.458295682001319,10.277970586296966,3.2655272840915486,2.9218742819020456,0.07040742105602198,0.8753924239275648,0.012529281445792182,0.04167087357062103,2,Balanced,True
1.5200000000000005,1.8800000000000008,49.382572833836534,12.163162275971787,8.944316828933601,9.299440248741606,5.087985908782028,3.9436413733394176,0.07123322262226614,0.8823983939644217,0.013055253483062065,0.03331312993025013,2,Balanced,True
1.5400000000000005,1.8800000000000008,47.43665124854019,15.018090914864654,10.728161801392321,10.090031502151144,6.288375556396122,4.616643559626359,0.07169995004796709,0.8831332594768921,0.013641261323024808,0.03152552915211594,2,Balanced,True
1.5600000000000005,1.8800000000000008,42.3952245568616,15.40827744530337,10.971962039045243,12.251248420601364,6.641710679597967,4.814741994479951,0.07186351049104686,0.8785494221162725,0.014287447709080145,0.03529961968360049,2,Balanced,True
1.5800000000000005,1.8800000000000008,36.34984794452318,14.324609466519775,10.294853809637006,14.810308025111727,7.085462210156402,5.0635326690976425,0.07161673719066641,0.8669523144627496,0.014961066220541174,0.04646988212604284,2,Balanced,True
1.6000000000000005,1.8800000000000008,31.671832186966327,12.144841026635495,8.932869163281833,16.351551688579807,6.99822461133311,5.014622638216259,0.07066231798974636,0.8431399163376422,0.015581274498902013,0.07061649117370941,2,Balanced,True
1.6200000000000006,1.8800000000000008,27.799958388309086,9.791956546223625,7.46271642671938,16.986966303411005,5.820239686789032,4.354181729543836,0.0685710108581025,0.7966184251356827,0.016018023681921713,0.1187925403242931,2,Balanced,True
1.6400000000000006,1.8800000000000008,24.49085063762343,8.140281910255416,6.430700615405772,17.30481857570836,4.6985424227769075,3.7252986726691817,0.06563510380799574,0.7115034642876173,0.016289079958305405,0.20657235194608148,2,Balanced,True
1.6600000000000006,1.8800000000000008,21.711092158088245,7.1208648984926946,5.793738315718652,17.572413844395268,4.050583974726135,3.362018755162383,0.06561417699043125,0.5641535714874244,0.017336180817608987,0.35289607070453544,2,Balanced,True
1.6800000000000006,1.8800000000000008,19.45395119639488,6.6979017864239205,5.5294582875873814,17.761591499315838,3.66613886316402,3.146478408656655,0.07418621164656083,0.32356709185638777,0.020894220665264373,0.581352475831787,4,Expanded,False
1.7000000000000006,1.8800000000000008,17.696082635846032,6.951611730397333,5.687983863972809,17.865086411064137,3.425929290887316,3.0118041654802057,0.08177864076765398,0.11095314158516967,0.02456004469909755,0.7827081729480788,4,Expanded,False
1.7200000000000006,1.8800000000000008,16.32929897368164,7.773542533970787,6.201550862352162,17.904601083389608,3.269822561155243,2.9242824423358846,0.08258552705873115,0.03392614817643567,0.02642205378368182,0.8570662709811514,4,Expanded,False
1.7400000000000007,1.8800000000000008,15.306241145300538,8.80789192280261,6.847843358737965,17.891791062170746,3.167341174421038,2.8668259343903824,0.08261329964852161,0.013727970999830448,0.028076380139886215,0.8755823492117617,4,Expanded,False
1.7600000000000007,1.8800000000000008,14.600961916516326,9.71361670839621,7.413767348291326,17.840484025286163,3.0892698991208474,2.823055031277655,0.08369643666207432,0.007688086139107372,0.030033498271126363,0.878581978927692,4,Expanded,False
1.7800000000000007,1.8800000000000008,14.174040883329289,10.295968042203027,7.777637914043462,17.766127420016634,2.9999979071745106,2.77300441156972,0.08625277395767872,0.005477126537095668,0.03230255571275369,0.8759675437924719,4,Expanded,False
1.8000000000000007,1.8800000000000008,13.981984345803806,10.497085559194916,7.903302165917193,17.676825458835488,2.8800500316130138,2.7057552623840273,0.0911514380733284,0.004562716358505446,0.034861318807846556,0.8694245267603196,4,Expanded,False
1.8200000000000007,1.8800000000000008,13.976730328110614,10.386249643281447,7.834048564031447,17.577021382512896,2.7433899151274836,2.62913634338902,0.10046465874011867,0.004197217240720881,0.03769768783666287,0.8576404361824975,4,Expanded,False
1.8400000000000007,1.8800000000000008,14.097330637483628,10.121350577946693,7.668531689294548,17.474364248686623,2.6259193523518545,2.563276107315265,0.11876202398799462,0.00411131479917423,0.04076017718035449,0.8363664840324767,4,Expanded,False
1.8600000000000008,1.8800000000000008,14.278705892323597,9.843064323114076,7.494650097360944,17.379598101644937,2.549812121938451,2.520606352071815,0.155213719028135,0.004178605019541625,0.043836889003555916,0.7967707869487675,4,Expanded,False
1.8800000000000008,1.8800000000000008,14.4752763502654,9.580986375628006,7.330895941601513,17.302816565510398,2.5045315290914085,2.4952196469773495,0.22256172320399567,0.004313260478975643,0.046488316418683645,0.726636699898345,4,Expanded,False
1.9000000000000008,1.8800000000000008,14.674884502882424,9.268217093538768,7.1354683208219,17.25363261053598,2.4669629599555853,2.4741567119426002,0.3222146043332192,0.00449668287025991,0.04873561615859275,0.6245530966379281,4,Expanded,False
1.9200000000000008,1.8800000000000008,14.89244307735152,8.823717425091095,6.857731606839641,17.244421245199106,2.4214809243450217,2.448657067336759,0.4343456580928421,0.004854119837761767,0.05205729495222977,0.5087429271171664,4,Expanded,False
1.9400000000000008,1.8800000000000008,15.155491319394745,8.216989337550245,6.47862971481163,17.290046711601075,2.3572949609655742,2.412671007502637,0.5437329034169402,0.005529089396845739,0.057947010418622415,0.39279099676759155,1,Bar-dominant,True
1.9600000000000009,1.8800000000000008,15.498823291663825,7.4859762335439815,6.021870819819176,17.40243584201547,2.2688831410148387,2.363102645897122,0.6425915407130125,0.006503517419878112,0.06595645387587604,0.28494848799123335,1,Bar-dominant,True
1.9800000000000009,1.8800000000000008,15.976143241090625,6.719396522023238,5.5428888425619665,17.583271368150896,2.1754662321143505,2.310728165618025,0.7153052466503507,0.0075935451968842365,0.07393601501139521,0.20316519314136994,1,Bar-dominant,True
2.000000000000001,1.8800000000000008,16.688827066342014,6.036722042724743,5.116333368939079,17.816268781903975,2.1331181031637616,2.286985555520083,0.7525996545499025,0.008636459827803224,0.0802185887455881,0.15854529687670613,1,Bar-dominant,True
1.0,1.9000000000000008,48.76871245923725,21.760812715681336,14.941216454043484,21.027931471046205,4.130533483561526,3.4068426957434523,0.07787379483523635,0.005751172603637921,0.8319545083739451,0.08442052418718063,3,Y-dominant,True
1.02,1.9000000000000008,38.17750693736382,17.995115960958948,12.588296268157281,21.66562594593935,4.341219908400363,3.5249646945622066,0.07840837350853495,0.005266848778136734,0.8471307035451721,0.06919407416815627,3,Y-dominant,True
1.04,1.9000000000000008,29.560952043689525,14.05204298118695,10.124546101101686,20.9763355124768,4.329985902476315,3.5186663142298933,0.07886071986262258,0.004835272497977702,0.8586569021317468,0.057647105507652834,3,Y-dominant,True
1.06,1.9000000000000008,23.94525515060703,10.71696696672761,8.040690658932713,19.437025604487136,4.106771688463432,3.3935205714791317,0.07933531055852158,0.0044589668823510065,0.8659566751572275,0.05024904740189992,3,Y-dominant,True
1.08,1.9000000000000008,21.223596604472057,8.247597088913697,6.49775435514209,17.674389302746356,3.9791584524982726,3.321973814162116,0.0800453407203064,0.004144553491260131,0.8679754019199953,0.04783470386843813,3,Y-dominant,True
1.1,1.9000000000000008,20.484603002628408,6.403171195126466,5.34530178141298,16.158677340906717,4.275215954825132,3.4879593728752,0.08138962899940827,0.0039052050073466807,0.8618806558317222,0.052824510161522856,3,Y-dominant,True
1.12,1.9000000000000008,20.55301385731601,5.173758991923277,4.577128192803116,15.195409050593863,4.653736621443141,3.7001781609121047,0.08402553970362762,0.00376235520257627,0.839332577500955,0.07287952759284107,3,Y-dominant,True
1.1400000000000001,1.9000000000000008,20.708679661613196,4.580150125774727,4.2062235834687645,14.758600698196284,4.801583005320907,3.783068695483212,0.08830941077782621,0.0037211805445519905,0.7760285485232081,0.13194086015441364,3,Y-dominant,True
1.1600000000000001,1.9000000000000008,20.72701255621281,4.379408738111748,4.080794348471892,14.670627701281143,4.8080670181784875,3.7867039774416473,0.09082374858852364,0.003638748628325319,0.6220012139205197,0.28353628886263144,3,Y-dominant,True
1.1800000000000002,1.9000000000000008,20.632162420851287,4.436218917018038,4.116291050787284,14.764922591012866,4.800850377826658,3.7826579456018345,0.0844031695858045,0.003256366077031271,0.3882399421798196,0.5241005221573446,4,Expanded,False
1.2000000000000002,1.9000000000000008,20.477339644123724,4.677193139227595,4.266858966539941,14.941153715275487,4.816352869576604,3.7913494657772597,0.07598340271678222,0.002869378770544953,0.21144177317897556,0.7097054453336973,4,Expanded,False
1.2200000000000002,1.9000000000000008,20.296501128052633,5.038962895514009,4.492903552084957,15.149801571943922,4.833955071668204,3.8012181950808297,0.07284259591806704,0.0027506960369991294,0.11977917046491346,0.8046275375800204,4,Expanded,False
1.2400000000000002,1.9000000000000008,20.10613651260682,5.511623711204617,4.78823619482131,15.375490810235087,4.821248267025075,3.7940940855697685,0.0724867558907367,0.002817903134725334,0.07301511708431778,0.8516802238902201,4,Expanded,False
1.2600000000000002,1.9000000000000008,19.886839511927455,6.047837128080572,5.123278407375533,15.629387112482434,4.757406413754358,3.758300952137469,0.07275857405409343,0.003033408489886613,0.04780495343805645,0.8764030640179635,4,Expanded,False
1.2800000000000002,1.9000000000000008,19.563080947040316,6.398736122325008,5.342530615012675,15.93387656084172,4.641902035192707,3.6935430633534296,0.07306708686992062,0.0034681114805433463,0.033556948838730824,0.8899078528108052,4,Expanded,False
1.3000000000000003,1.9000000000000008,19.24324546715892,6.59205390616341,5.46332135986321,16.19592979819985,4.427448652593794,3.5733091079602244,0.07335513889022738,0.004337847291705485,0.025155507673282784,0.8971515061447843,4,Expanded,False
1.3200000000000003,1.9000000000000008,19.993841299560017,10.015652144462432,7.602488140394923,15.756196022127662,4.825752360575173,3.796619319615632,0.07369470242552971,0.006237093710566034,0.02001785501494045,0.9000503488489638,4,Expanded,False
1.3400000000000003,1.9000000000000008,18.20581699963902,6.367812247519751,5.323208451281922,16.414785095093187,3.877524749388149,3.2649925626747316,0.07419908356159613,0.011088012499224562,0.016799233641198976,0.8979136702979803,4,Expanded,False
1.3600000000000003,1.9000000000000008,17.820180331931002,6.422756742709059,5.357539418498581,16.786337979996787,3.6061362961977603,3.112837783021983,0.07491923400304398,0.02636175487937569,0.014761709177662482,0.8839573019399178,4,Expanded,False
1.3800000000000003,1.9000000000000008,18.215849036345478,6.833033100560636,5.613892382387732,17.027550933174673,3.559887793697474,3.086908416372533,0.07493867222525168,0.08306198288714794,0.013323857470897357,0.828675487416703,4,Expanded,False
1.4000000000000004,1.9000000000000008,19.20699821513504,7.39603429546565,5.965672401452949,17.198906823291814,3.674193567711446,3.1509943037921118,0.06996704301629027,0.25836519700080335,0.01157056707035863,0.6600971929125478,4,Expanded,False
1.4200000000000004,1.9000000000000008,20.979940930000527,8.02480315115797,6.358546025958088,17.23838260058098,3.7988734080838404,3.220896443754172,0.062029292340188016,0.5085463540944498,0.009785893644996633,0.4196384599203656,2,Balanced,True
1.4400000000000004,1.9000000000000008,23.86488541146617,8.359707309859001,6.567804181001161,17.024850217302514,3.822288878637721,3.2340244000865352,0.06197189512813114,0.6825638919157301,0.009527083840432592,0.2459371291157062,2,Balanced,True
1.4600000000000004,1.9000000000000008,28.131167191008636,8.15220239829638,6.438148893576878,16.319810468124547,3.780127282280715,3.2103863700668573,0.06602493144878609,0.786049129831522,0.010068624759694741,0.1378573139599972,2,Balanced,True
1.4800000000000004,1.9000000000000008,33.78904409626157,7.075022405438454,5.7650945522123624,14.835920455824809,3.317563762805863,2.9510486954027075,0.06929848784571671,0.8415126955276908,0.01064098476485144,0.078547831861741,2,Balanced,True
1.5000000000000004,1.9000000000000008,40.76585864302381,5.639635280402017,4.868221659613134,12.402826627315205,2.249092981769814,2.3520072316161498,0.07118361875532471,0.8678964197138289,0.011145432143144,0.04977452938770242,2,Balanced,True
1.5200000000000005,1.9000000000000008,46.86983239578485,8.797488336558896,6.841342886269558,10.026113374011745,3.516683592740223,3.0626858468437117,0.07221704983950475,0.8792582067786502,0.01165214216964842,0.036872601212196675,2,Balanced,True
1.5400000000000005,1.9000000000000008,48.65975192776181,12.982831319351131,9.456470611761361,9.337222395384408,5.377265549816647,4.1058269030560055,0.07277903033293605,0.8826041578640131,0.012208810796519936,0.03240800100653087,2,Balanced,True
1.5600000000000005,1.9000000000000008,46.52475744611276,15.479622990323772,11.016540873716686,10.280376047120331,6.489974691837139,4.729670741404403,0.07300966924480679,0.8804097061682463,0.012828400489214986,0.03375222409773186,2,Balanced,True
1.5800000000000005,1.9000000000000008,41.293499124640924,15.470206548421867,11.010657198616604,12.577581727136067,6.76769117142151,4.885373348720025,0.07287369447967577,0.8723151112111249,0.013495082587435467,0.04131611172176386,2,Balanced,True
1.6000000000000005,1.9000000000000008,35.513238543472575,14.348537131703887,10.309804531928231,15.04823884633414,7.2572964406152725,5.159872064399503,0.07215892003261327,0.8551334465753444,0.014155790320403408,0.058551843071638944,2,Balanced,True
1.6200000000000006,1.9000000000000008,31.06287105811498,12.269115989898557,9.010519884704163,16.478635540731627,7.114362193689406,5.079735534675521,0.07044168313240176,0.8215798170790691,0.014700765406354635,0.09327773438217447,2,Balanced,True
1.6400000000000006,1.9000000000000008,27.327133421160074,10.300976024866348,7.780767051694898,17.07157794227293,6.062375898650509,4.489936149190747,0.06731883494315147,0.7594989164965539,0.014996378826349218,0.1581858697339454,2,Balanced,True
1.6600000000000006,1.9000000000000008,24.092819022959297,8.875655756296915,6.89018423270819,17.413706093642457,5.101946603170888,3.9514684800330326,0.06384757795546904,0.6550634855102316,0.015222441870446964,0.2658664946638523,2,Balanced,True
1.6800000000000006,1.9000000000000008,21.372191796512702,7.780150128348379,6.205679485341172,17.70090546383434,4.388952030225609,3.551725856996717,0.06512724529374501,0.4878749231619309,0.01665058434506393,0.4303472471992602,2,Balanced,True
1.7000000000000006,1.9000000000000008,19.23859332852885,7.249803048244458,5.874302735809378,17.894141860292148,3.8671522010941746,3.2591771612398004,0.07453462150929062,0.250061295251968,0.02045751177012755,0.6549465714686138,4,Expanded,False
1.7200000000000006,1.9000000000000008,17.594141526493598,7.435248685727498,5.990174727698047,18.004295432537763,3.5289409412117623,3.0695579673554327,0.0808979213707206,0.08253587710184362,0.02384254677553638,0.8127236547518993,4,Expanded,False
1.7400000000000007,1.9000000000000008,16.31965838269041,8.142755760996305,6.432246351487098,18.04796958730818,3.328813802283703,2.95735606499678,0.08196407136013409,0.027323334280195902,0.025910830492499676,0.8648017638671703,4,Expanded,False
1.7600000000000007,1.9000000000000008,15.36024201783719,9.00630384912655,6.971817076478969,18.032533477260248,3.2088799890001063,2.8901147998708923,0.08242918984640249,0.012173493317303885,0.02786173520538709,0.8775355816309065,4,Expanded,False
1.7800000000000007,1.9000000000000008,14.681541064447469,9.75688390844026,7.440801991546323,17.97476277614401,3.1235599285545947,2.8422798428399876,0.08370905865311953,0.007330137706820026,0.03005178621949471,0.8789090174205657,4,Expanded,False
1.8000000000000007,1.9000000000000008,14.251890005842544,10.236547690535074,7.740510297562752,17.895296594957085,3.0388749367374497,2.794800939009127,0.08640118504745108,0.005482611731951915,0.03252064094004498,0.875595562280552,4,Expanded,False
1.8200000000000007,1.9000000000000008,14.039664307648014,10.385179253211883,7.833379752237642,17.80473652234534,2.936726510697224,2.7375311065114185,0.09158992815494117,0.0047206652061652435,0.03527194600109819,0.8684174606377953,4,Expanded,False
1.8400000000000007,1.9000000000000008,14.005589117753441,10.253475259146475,7.751087149730626,17.70600332753309,2.8261773968759134,2.6755514023031193,0.10162590403936214,0.004445885431226616,0.03829670530950228,0.8556315052199089,4,Expanded,False
1.8600000000000008,1.9000000000000008,14.096435929071276,9.982447168172948,7.581740676094878,17.603166570641243,2.7340141319186153,2.623879781396618,0.1214453472113116,0.004430195175215149,0.04151867946232533,0.8326057781511479,4,Expanded,False
1.8800000000000008,1.9000000000000008,14.253427661900869,9.712578089175647,7.413118387876112,17.504741000539056,2.675632403094872,2.5911478837034934,0.16018283101689862,0.0045572465248888,0.04467869116964997,0.7905812312885626,4,Expanded,False
1.9000000000000008,1.9000000000000008,14.4331546516001,9.485878494276042,7.27146968706063,17.422315606778948,2.641449625214205,2.5719832030576923,0.22830885014947894,0.004747353698039464,0.0473631193438964,0.7195806768085852,4,Expanded,False
1.9200000000000008,1.9000000000000008,14.621159031430846,9.245002403775779,7.120963086940833,17.369647390939637,2.6133423676858114,2.5562247817777877,0.3233700468506985,0.005002349874761822,0.04977567698499559,0.6218519262895441,4,Expanded,False
1.9400000000000008,1.9000000000000008,14.827496909810955,8.913421115305566,6.913781160800516,17.362277011056577,2.578162364948057,2.536501003916867,0.4271812318849431,0.005458412731486981,0.053357798928899254,0.5140025564546706,4,Expanded,False
1.9600000000000009,1.9000000000000008,15.07588918959874,8.460748007796411,6.630937437144217,17.4147641428467,2.5255376291776512,2.5069967822696295,0.5275081585715734,0.006244112100654002,0.05926973872240215,0.40697799060537043,1,Bar-dominant,True
1.9800000000000009,1.9000000000000008,15.40192680199911,7.91370576909612,6.2891290521870005,17.536080214307717,2.4522842509631184,2.465927048130158,0.6150868582925416,0.00731108329007401,0.0667741816578141,0.3108278767595703,1,Bar-dominant,True
2.000000000000001,1.9000000000000008,15.864882065506066,7.339847138172826,5.93056498171288,17.724459811798294,2.3800834127202988,2.425447423796719,0.6748431908225339,0.008455566359553347,0.07377158527953659,0.24292965753837625,1,Bar-dominant,True
1.0,1.9200000000000008,62.38696688804255,22.69551523198313,15.525246598172085,18.87089159971646,3.9717731500185978,3.317833221376189,0.07845034220034741,0.005882684243384057,0.828491617649696,0.08717535590657251,3,Y-dominant,True
1.02,1.9200000000000008,50.33494977073134,20.138181848705305,13.92734806000404,21.110777698701767,3.8113840912846118,3.2279105971691044,0.07893014135948742,0.005387091778462646,0.8434541113673286,0.07222865549472135,3,Y-dominant,True
1.04,1.9200000000000008,38.73756334322153,16.54710031726126,11.683532698636542,21.974192211246915,4.1793867644841285,3.4342324395100294,0.07930676133073387,0.004941955459872458,0.8552823418216811,0.06046894138771266,3,Y-dominant,True
1.06,1.9200000000000008,29.457998887116567,13.044918543554301,9.49526457012513,21.30342506309041,4.243965623179845,3.4704387773241865,0.07964498077764208,0.004547988235084267,0.8635807635196873,0.05222626746758635,3,Y-dominant,True
1.08,1.9200000000000008,23.617368071521305,10.059434312610332,7.6298445511542,19.67131215122292,4.052708424078259,3.3632098342936274,0.08007697676297179,0.004208417309169451,0.8677117370594473,0.04800286886841147,3,Y-dominant,True
1.1,1.9200000000000008,20.919013098968804,7.710933947240905,6.162431141057077,17.788427498936905,3.9173219576632987,3.2873049911687025,0.08084562560586936,0.003930300972203618,0.8660418060661826,0.049182267355744394,3,Y-dominant,True
1.12,1.9200000000000008,20.229955830997245,5.913728801943343,5.039483506135017,16.194865181874256,4.232393374577627,3.4639507601832285,0.08237288480065344,0.003726633616651702,0.8538436838959739,0.06005679768672094,3,Y-dominant,True
1.1400000000000001,1.9200000000000008,20.27077683760177,4.769320197927988,4.324422713756347,15.219048822878559,4.580274334972586,3.6589913017096873,0.08514113259144812,0.0036102148341429986,0.8168095098693887,0.09443914270502018,3,Y-dominant,True
1.1600000000000001,1.9200000000000008,20.35160006750963,4.281734070076515,4.019764288687703,14.790005997123822,4.695760741198022,3.723739114247577,0.08805111428391132,0.003529559222399103,0.7156095666331529,0.19280975986053664,3,Y-dominant,True
1.1800000000000002,1.9200000000000008,20.308880372315294,4.173354080574105,3.9520452232248355,14.699142103229354,4.706053380157864,3.729509714265999,0.0850432247136232,0.0032567720811929744,0.5075251088631565,0.4041748943420273,3,Y-dominant,True
1.2000000000000002,1.9200000000000008,20.1812744184229,4.30008019030099,4.031227494415761,14.77598189608556,4.725607121524254,3.740472580128618,0.07681679734346988,0.002847649487869608,0.2892192249982127,0.6311163281704478,4,Expanded,False
1.2200000000000002,1.9200000000000008,20.020658641991357,4.585975736718951,4.209863599773474,14.922934399785486,4.77347814657691,3.7673116190892335,0.07318857755460888,0.002671206931154102,0.15981448120602113,0.7643257343082159,4,Expanded,False
1.2400000000000002,1.9200000000000008,19.865244080789317,5.031185940253654,4.488044277372017,15.094347618899699,4.825007346404059,3.796201625105377,0.07314197715221782,0.0026878453498640647,0.09265821830168602,0.8315119591962321,4,Expanded,False
1.2600000000000002,1.9200000000000008,19.72299640059983,5.678919124033946,4.892767382405296,15.284953718895613,4.851825783555058,3.8112374652355347,0.07378718950148944,0.0028154395702282486,0.057136023756920326,0.8662613471713619,4,Expanded,False
1.2800000000000002,1.9200000000000008,19.52093060390125,6.300062057801624,5.280876102351943,15.521945393674068,4.828787105357838,3.7983207587088597,0.07431798349820634,0.00307601270578584,0.037800055201085335,0.8848059485949225,4,Expanded,False
1.3000000000000003,1.9200000000000008,19.202142804275507,6.472468451019302,5.388600783652684,15.78801480559432,4.708022481321236,3.730613696952457,0.07470501508521973,0.003577992526362102,0.02688088512871782,0.8948361072597003,4,Expanded,False
1.3200000000000003,1.9200000000000008,19.807677586004,9.108666501212937,7.035776329191728,15.43683839857744,4.798855070904893,3.781539270575496,0.07506442501812034,0.004591494068690784,0.0204670311587419,0.8998770497544469,4,Expanded,False
1.3400000000000003,1.9200000000000008,18.443786487233428,6.426826699851079,5.360082449692779,15.831998648105431,4.242143173986712,3.469417015520581,0.07554710964556866,0.006877307384687042,0.016577571891023407,0.9009980110787209,4,Expanded,False
1.3600000000000003,1.9200000000000008,17.623194874233807,5.920162285077421,5.043503339201168,16.2489256152652,3.8131243235905314,3.228886263819395,0.0763679134408741,0.013036369005732747,0.01419511169464411,0.896400605858749,4,Expanded,False
1.3800000000000003,1.9200000000000008,17.771538046672475,6.416820296423537,5.353830148951021,16.457577999156616,3.6323947361319755,3.1275596589722934,0.07771586037889988,0.033809934294325675,0.01277235208952947,0.8757018532372449,4,Expanded,False
1.4000000000000004,1.9200000000000008,18.402693832660123,7.059367256401963,5.755312745927821,16.630114359165084,3.6358833082088373,3.129515537748334,0.07824864220189755,0.11412319395197319,0.011782213739946427,0.7958459501061829,4,Expanded,False
1.4200000000000004,1.9200000000000008,19.585696966973995,7.808576623998082,6.223441211731995,16.745836304882804,3.7918480784471114,3.216957670861301,0.07216751799061859,0.3373726195350691,0.010254011303681922,0.5802058511706304,4,Expanded,False
1.4400000000000004,1.9200000000000008,21.511937485453416,8.501139200906314,6.656175065076189,16.7393546608128,3.9266367981326598,3.2925273854248127,0.0650024283621163,0.5879734515848589,0.008931340642224627,0.3380927794108002,2,Balanced,True
1.4600000000000004,1.9200000000000008,24.531828412326814,8.826566404767851,6.859511734722272,16.475340715872257,3.9567625979426864,3.3094175087077726,0.06608721956334651,0.7374743501792098,0.008961544226455561,0.18747688603098808,2,Balanced,True
1.4800000000000004,1.9200000000000008,28.867753449156872,8.548234969943486,6.685601912975832,15.719759066408878,3.9010095011658543,3.2781593617405322,0.06951067023123668,0.8176348283206637,0.009461648144849165,0.1033928533032504,2,Balanced,True
1.5000000000000004,1.9200000000000008,34.45294232760709,7.158845701964971,5.817469859968471,14.216729343291146,3.323802835766782,2.9545466510469,0.07188227135717741,0.8568005357777542,0.009961927778652504,0.061355265086415936,2,Balanced,True
1.5200000000000005,1.9200000000000008,41.11844273717837,5.735902921425882,4.928372566753662,11.891347566693192,2.328680584773667,2.3966282685681026,0.07319154996991584,0.8742856622837758,0.010450471695090781,0.042072316051217536,2,Balanced,True
1.5400000000000005,1.9200000000000008,46.62868323140037,9.624102484179849,7.357836178364144,9.786753980486655,3.855594468826675,3.2526972827270133,0.07388383972611487,0.8808656192962837,0.010976957454415721,0.034273583523185706,2,Balanced,True
1.5600000000000005,1.9200000000000008,48.020906826140084,13.699197024140402,9.904077372757584,9.321970734517919,5.6740834329842125,4.272238771650404,0.07419345863592491,0.8810584638219779,0.011565181350238648,0.03318289619185848,2,Balanced,True
1.5800000000000005,1.9200000000000008,45.67800760476836,15.680837564597677,11.142265769888915,10.415831223379872,6.638624761621457,4.813011864976568,0.07415991199269784,0.8758440473462754,0.012212664626607075,0.037783376034419676,2,Balanced,True
1.6000000000000005,1.9200000000000008,40.24245232906429,15.429888628226394,10.985465353797473,12.841914063627183,6.867312502059785,4.941226357327383,0.07365854914743598,0.8636102864335227,0.012888823528600449,0.049842340890440914,2,Balanced,True
1.6200000000000006,1.9200000000000008,34.703462548838125,14.272529844546089,10.262312901062375,15.229688938271114,7.366748073293894,5.2212364623946,0.07236779668671046,0.8395757129610649,0.013519096322740579,0.07453739402948405,2,Balanced,True
1.6400000000000006,1.9200000000000008,30.418729748596235,12.439286349987748,9.116847425494925,16.586337110085832,7.233285973595229,5.146410521449363,0.06977839462963412,0.7946057821192144,0.013970982811360227,0.12164484043979128,2,Balanced,True
1.6600000000000006,1.9200000000000008,26.777552868795055,10.948354063704333,8.185268251524944,17.172389220699998,6.379527173331271,4.667747996925427,0.0657490310309121,0.7168029100238814,0.01415347086127642,0.2032945880839301,2,Balanced,True
1.6800000000000006,1.9200000000000008,23.603839866787215,9.709244615574974,7.4110355336701,17.54194085268215,5.5452112031621414,4.19998615551504,0.06247356580703635,0.5970632713737013,0.014494418719453773,0.3259687440998086,2,Balanced,True
1.7000000000000006,1.9200000000000008,21.0150877855836,8.58328033066458,6.707499304622921,17.829619269661638,4.778482404142723,3.770117271644826,0.06574675255925036,0.4177774418744927,0.01646933202653857,0.5000064735397184,4,Expanded,False
1.7200000000000006,1.9200000000000008,19.030802605890727,7.916738197829223,6.291023804537792,18.023443536706626,4.138560480457552,3.411343056498047,0.07561582372600445,0.19644737131521633,0.020471467377181266,0.7074653375815979,4,Expanded,False
1.7400000000000007,1.9200000000000008,17.51047619535033,7.944986288958171,6.308674058437472,18.141355886459525,3.7007948196719394,3.1659083783702835,0.08101168994614785,0.06545647885718614,0.02370480846424126,0.8298270227324247,4,Expanded,False
1.7600000000000007,1.9200000000000008,16.342734094660823,8.461966248957694,6.6316986307310515,18.190269664168902,3.446978099219634,3.0236052452833686,0.08209554150256494,0.023673880525389056,0.025927705980921877,0.8683028719911241,4,Expanded,False
1.7800000000000007,1.9200000000000008,15.4549898268557,9.124901547967472,7.04592047294936,18.176101463881682,3.3021880057236057,2.942428229412565,0.08269588538295025,0.011500137485257923,0.02808579994584189,0.8777181771859499,4,Expanded,False
1.8000000000000007,1.9200000000000008,14.802628761267101,9.714700469823967,7.414444514910453,18.11687563282436,3.2061158340216145,2.888565067792264,0.08405418547832863,0.00736169191660815,0.030463572149461386,0.8781205504556018,4,Expanded,False
1.8200000000000007,1.9200000000000008,14.363689041816937,10.099988079400665,7.655183759993848,18.034880956513867,3.125173929468106,2.843184737467845,0.08690062780890781,0.005732085882879522,0.033112134010054674,0.874255152298158,4,Expanded,False
1.8400000000000007,1.9200000000000008,14.121371461151302,10.21497452741044,7.727030738719966,17.942561908328578,3.040071640852806,2.7954718748903,0.09250894902843619,0.005070647131990357,0.036039892662263685,0.8663805111773097,4,Expanded,False
1.8600000000000008,1.9200000000000008,14.048624333551823,10.084090832264664,7.645250683561336,17.842008113653897,2.9496211429568384,2.7447605221593587,0.10349684288160341,0.004866308817630227,0.039222215474663064,0.8524146328261033,4,Expanded,False
1.8800000000000008,1.9200000000000008,14.10289249699122,9.82177764306057,7.481349541726562,17.734541032169965,2.8685333726605995,2.6992984117529835,0.12505499764964617,0.00491204252887248,0.042539877611149725,0.8274930822103316,4,Expanded,False
1.9000000000000008,1.9200000000000008,14.233400170586998,9.562453479512806,7.319316032699474,17.62765636693439,2.809503352229119,2.666203047355338,0.16577854141926276,0.00509367001407095,0.0456860424885949,0.7834417460780714,4,Expanded,False
1.9200000000000008,1.9200000000000008,14.399031318282756,9.362131582948086,7.194148908312453,17.535562582942823,2.7713262117977204,2.644798914932518,0.23312821764936353,0.005337732869434096,0.048309625399656636,0.7132244240815457,4,Expanded,False
1.9400000000000008,1.9200000000000008,14.58172853284249,9.178339374181595,7.079310028237213,17.476267929817322,2.7440395745704387,2.629500576974606,0.32139983439272773,0.005665568076005628,0.05076989499842916,0.6221647025328375,4,Expanded,False
1.9600000000000009,1.9200000000000008,14.785500487579085,8.940670555675082,6.930807427777307,17.467564149148018,2.71514738833669,2.6133020829767855,0.4142076157590815,0.006211376265939284,0.054333266484814235,0.525247741490165,4,Expanded,False
1.9800000000000009,1.9200000000000008,15.029999189620247,8.615903061038006,6.727882964225383,17.523009616921154,2.6719410441919984,2.5890783118632648,0.5004195061654773,0.007067605428338033,0.059696417057690424,0.4328164713484942,1,Bar-dominant,True
2.000000000000001,1.9200000000000008,15.351200717553018,8.219967545186181,6.480490588195968,17.648862130167128,2.611105369501687,2.554970601794123,0.5706103468385267,0.00815696368922021,0.06597019410066048,0.35526249537159255,1,Bar-dominant,True
1.0,1.9400000000000008,75.99431655118596,22.742738224101657,15.554752938865686,15.56538448592066,4.300765750800884,3.502283945388003,0.0789948922135837,0.006056258008520277,0.823075406942673,0.09187344283522299,3,Y-dominant,True
1.02,1.9400000000000008,64.82182696535877,20.891198961269563,14.397855718977977,18.563942933032937,3.5929803360240005,3.10546185306687,0.07946805263483707,0.005552069414734245,0.8380368571164761,0.07694302083395257,3,Y-dominant,True
1.04,1.9400000000000008,51.8059804655252,18.185489482666295,12.707247349792235,21.18240580019077,3.4381179073830213,3.018637751196083,0.0798330898635307,0.005096785328787455,0.8503097820483543,0.06476034275932759,3,Y-dominant,True
1.06,1.9400000000000008,39.19869722909881,14.909299860125536,10.660185890050412,22.272820203689697,3.985215036784008,3.3253694569634615,0.08012897712191779,0.004689970741281975,0.8595880969403721,0.055592955196428186,3,Y-dominant,True
1.08,1.9400000000000008,29.3489135267776,12.105570040232584,8.908331474071675,21.6173176266249,4.138902032964935,3.4115345489727256,0.0804385585429618,0.004332888241535325,0.8654540042776286,0.04977454893787419,3,Y-dominant,True
1.1,1.9400000000000008,23.379714622202165,9.588564496861569,7.335630978855688,19.9028513864491,3.987150018739462,3.326454310609971,0.08091156673223202,0.00402911270991499,0.8669249754649438,0.04813434509290912,3,Y-dominant,True
1.12,1.9400000000000008,20.733323227129347,7.372286214375068,5.950833888685285,17.917468789111552,3.853925357136094,3.251761490070728,0.08180713946409708,0.0037858952182359203,0.8612468731896158,0.05316009212805124,3,Y-dominant,True
1.1400000000000001,1.9400000000000008,20.052631827927392,5.579019124842637,4.830346869024214,16.273103564605627,4.16895997520627,3.428386627698923,0.08348394655955317,0.0036129847972287956,0.8401168786578539,0.07278618998536415,3,Y-dominant,True
1.1600000000000001,1.9400000000000008,20.010079426813242,4.44642193006475,4.12266619911126,15.291808251640012,4.463048473499405,3.593268258181588,0.0857092577206445,0.0034946527355891282,0.7779272350962703,0.1328688544474961,3,Y-dominant,True
1.1800000000000002,1.9400000000000008,19.98635058632967,4.001347045427551,3.844570072815226,14.857131904718788,4.555404184433522,3.6450477745230416,0.08474295086254863,0.003284688991735741,0.6202984683661156,0.2916738917796,3,Y-dominant,True
1.2000000000000002,1.9400000000000008,19.87890853011566,3.9569979551834096,3.8168594321402254,14.741608832960747,4.589724077095374,3.664289328997014,0.07747518867582263,0.0028864911979589376,0.38858396073092466,0.5310543593952938,4,Expanded,False
1.2200000000000002,1.9400000000000008,19.72987185080925,4.146806189261425,3.935457305123362,14.778095929637209,4.655369594294927,3.7010936922161144,0.07322095597008763,0.0026589321690564448,0.21787714675147263,0.7062429651093833,4,Expanded,False
1.2400000000000002,1.9400000000000008,19.580969420903962,4.508401850864938,4.161393111093087,14.877079933941697,4.755609424151688,3.757293464332375,0.07353990912922483,0.0026502246028057863,0.12274227984425015,0.8010675864237192,4,Expanded,False
1.2600000000000002,1.9400000000000008,19.45915085861075,5.109197151114804,4.536788019822983,15.005148174938848,4.8668908543060905,3.8196837439685813,0.07473939015793851,0.002738037152826077,0.07176221843272745,0.850760354256508,4,Expanded,False
1.2800000000000002,1.9400000000000008,19.33871180382044,5.937568913374309,5.054379522217394,15.17307231924714,4.963543488392179,3.8738723436283817,0.07561193237526723,0.002911011037501927,0.044662180522428985,0.8768148760648019,4,Expanded,False
1.3000000000000003,1.9400000000000008,19.10726816580992,6.484432461216263,5.396076255771165,15.399491717580995,4.97802398387584,3.8819908784211403,0.07616039056174202,0.0032318870165147814,0.029967989918151815,0.8906397325035914,4,Expanded,False
1.3200000000000003,1.9400000000000008,19.364475696119065,7.882077827485098,6.269366966415946,15.257942298971836,4.820623699525754,3.7937439198603573,0.07657495115767794,0.0038452702101078075,0.02169734328074161,0.8978824353514726,4,Expanded,False
1.3400000000000003,1.9400000000000008,18.62601270726828,7.125744383906439,5.7967871644376405,15.336094095900501,4.68404418432672,3.717170190227102,0.07704352134090678,0.0051056226161298665,0.016860725801650208,0.9009901302413131,4,Expanded,False
1.3600000000000003,1.9400000000000008,17.18048978694066,4.878078306412214,4.392378039290837,15.885763651129551,3.990664897706564,3.3284249384257767,0.07779949000992487,0.008057999532488794,0.013966975863044408,0.9001755345945419,4,Expanded,False
1.3800000000000003,1.9400000000000008,17.00626452060984,4.958967810088363,4.44292022535169,16.109391046465014,3.644476895851444,3.1343335593657464,0.07923281161448727,0.01649031454241872,0.012272725187525417,0.8920041486555687,4,Expanded,False
1.4000000000000004,1.9400000000000008,17.324108260500967,5.349998539507726,4.687247943827378,16.27118951779618,3.4228610624089426,3.0100839536489246,0.08171654826342066,0.046831607360208055,0.011386444663532821,0.8600653997128385,4,Expanded,False
1.4200000000000004,1.9400000000000008,18.1186545406194,5.989593799936387,5.0868862304664955,16.400258225763345,3.4172804030918535,3.006955139660243,0.08275121243036601,0.1640870526989621,0.010735320029563851,0.742426414841108,4,Expanded,False
1.4400000000000004,1.9400000000000008,19.479201817686267,6.891485074934867,5.650414927714188,16.461609461694785,3.5853822076104773,3.10120193875975,0.07488817201951117,0.43235284116788597,0.009304457804595193,0.48345452900800767,4,Expanded,False
1.4600000000000004,1.9400000000000008,21.628712808515477,7.922445245897168,6.294589739204211,16.373622385767536,3.7751640009686187,3.2076036909752497,0.06864620748260396,0.6621457687154599,0.008360874393647634,0.2608471494082885,2,Balanced,True
1.4800000000000004,1.9400000000000008,24.912172409557773,8.732191237491778,6.800543301894592,15.997465568940868,3.937065583830034,3.2983743165347246,0.07002420429346531,0.7818487284936181,0.008523337746049658,0.13960372946686697,2,Balanced,True
1.5000000000000004,1.9400000000000008,29.43051011433774,8.788851988690078,6.835946637299859,15.139945562805318,3.9832167931047047,3.324249135434883,0.072550411681807,0.8401875214432205,0.008967459948536557,0.07829460692643594,2,Balanced,True
1.5200000000000005,1.9400000000000008,34.98334881279139,7.280936483574772,5.893755839236471,13.608370172690002,3.380504889471387,2.9863368336646916,0.07415318425335535,0.866690411759575,0.009431900519622718,0.04972450346744696,2,Balanced,True
1.5400000000000005,1.9400000000000008,41.340765288829076,6.137069217236562,5.179033290861739,11.405944331567403,2.5317790053112503,2.5104960291947425,0.07500728515828924,0.8776328227825542,0.00992703755392371,0.03743285450523287,2,Balanced,True
1.5600000000000005,1.9400000000000008,46.3733062619925,10.499366465272582,7.90472734439061,9.539559012850546,4.231043096112829,3.4631937223657903,0.07540860084864638,0.8804976844393004,0.010480702421492757,0.03361301229056045,2,Balanced,True
1.5800000000000005,1.9400000000000008,47.463565616577014,14.187188487742425,10.208989063750609,9.261521298028022,5.931649024135839,4.4166437207449505,0.0754695715638979,0.8778628084724279,0.011100266646237285,0.03556735331743692,2,Balanced,True
1.6000000000000005,1.9400000000000008,44.843645020805596,15.651467710465662,11.12391460484699,10.51924001623148,6.728117573031745,4.863186287803189,0.07514387683058833,0.8694769559897065,0.011771345427094158,0.043607821752611034,2,Balanced,True
1.6200000000000006,1.9400000000000008,39.24044361613502,15.278448285292997,10.8908408890424,13.046606242630045,6.926262710742145,4.974276975019859,0.07421981038997211,0.8525052151144601,0.01244888811498114,0.060826086380586654,2,Balanced,True
1.6400000000000006,1.9400000000000008,33.89900588474818,14.123100973405977,10.168945264165208,15.367625875223343,7.420516317542517,5.251381795623738,0.07227855550816782,0.8206135045699207,0.01303782473381766,0.09407011518809384,2,Balanced,True
1.6600000000000006,1.9400000000000008,29.7136572431829,12.658621052735663,9.25389432097681,16.69581237198853,7.35266238954184,5.2133392800260925,0.06883271009407202,0.7637087516889909,0.01340101103373721,0.15405752718319984,2,Balanced,True
1.6800000000000006,1.9400000000000008,26.110100048068585,11.580870191009737,8.580483283635296,17.3066599069283,6.6863565533529465,4.839772842342987,0.06432436807587011,0.6728345917035352,0.01355572148739509,0.24928531873319953,2,Balanced,True
1.7000000000000006,1.9400000000000008,23.04617691378072,10.541000217308081,7.930741360377336,17.687127433831453,5.959885820026986,4.432474768110488,0.062156798851564,0.5435697040608503,0.014210647534592709,0.3800628495529931,2,Balanced,True
1.7200000000000006,1.9400000000000008,20.65849445730568,9.477778832067166,7.266408775375103,17.95664445114644,5.199177454524302,4.005981259000638,0.06767410985449233,0.3589564080394529,0.016811656719554743,0.5565578253865,4,Expanded,False
1.7400000000000007,1.9400000000000008,18.843407697634213,8.684223918972679,6.77057188375932,18.14467281052231,4.490307608313429,3.60855117682604,0.07744162450775045,0.15961027063627165,0.02092059185629727,0.7420275129996806,4,Expanded,False
1.7600000000000007,1.9400000000000008,17.456998774688095,8.458985085826942,6.62983591066498,18.268243138916155,3.9594421363877923,3.3109198002640023,0.08186260185206108,0.055298623054773774,0.024043240548448204,0.838795534544717,4,Expanded,False
1.7800000000000007,1.9400000000000008,16.396406591091655,8.710063759693313,6.786717390631434,18.32425741631024,3.635349673158738,3.129216353599162,0.08274546345135814,0.021848866003306305,0.026373196343307363,0.8690324742020282,4,Expanded,False
1.8000000000000007,1.9400000000000008,15.57712442742417,9.160994910204323,7.068472687350875,18.316214213903958,3.451172630577392,3.025956922324096,0.08331993566633687,0.01145848822447129,0.028689422406125417,0.8765321537030665,4,Expanded,False
1.8200000000000007,1.9400000000000008,14.948396864537496,9.605721447311446,7.346351155670547,18.260391793487,3.336102872697602,2.9614427049759766,0.08472377009316294,0.007727560477397838,0.031227526669137067,0.8763211427603022,4,Expanded,False
1.8400000000000007,1.9400000000000008,14.495929015846965,9.9184817813215,7.541773185422123,18.177551675177927,3.251940215379302,2.914256649605109,0.08779444527307619,0.006223264444941885,0.03403522202628201,0.8719470682556999,4,Expanded,False
1.8600000000000008,1.9400000000000008,14.216896812331054,10.025766395109612,7.608807827311566,18.08163442888552,3.175414189732711,2.871352095512717,0.09398680786746916,0.005629070647632558,0.03711070781514314,0.8632734136697552,4,Expanded,False
1.8800000000000008,1.9400000000000008,14.098281772058153,9.92316753046424,7.544700981912939,17.97578789964751,3.093254454106674,2.825288984412932,0.1061575284868078,0.005483118124926559,0.04040031978175931,0.8479590336065064,4,Expanded,False
1.9000000000000008,1.9400000000000008,14.110280182865448,9.689623949613154,7.3987759535687,17.860474196581453,3.008572820115487,2.77781196315763,0.129565580997948,0.005586265040270036,0.04373725820982878,0.8211108957519532,4,Expanded,False
1.9200000000000008,1.9400000000000008,14.211857283076927,9.443591146558546,7.2450472849042935,17.74310941861768,2.935016752918086,2.7365725254992714,0.17173036890275323,0.005823161238640405,0.04679507066214825,0.7756513991964581,4,Expanded,False
1.9400000000000008,1.9400000000000008,14.3649405982518,9.25474785746438,7.127052338465342,17.640316773691133,2.88313711141491,2.7074860432684242,0.23686424087023492,0.006129732214426276,0.04933186554733059,0.7076741613680082,4,Expanded,False
1.9600000000000009,1.9400000000000008,14.54726957602235,9.104693968031109,7.03329417140754,17.573307552422555,2.8513406301596085,2.689659247241332,0.3171412819696495,0.006543118230820607,0.051802795404898704,0.6245128043946312,4,Expanded,False
1.9800000000000009,1.9400000000000008,14.755769939614328,8.935892296678633,6.927821828357482,17.56116245406676,2.8259966220399217,2.675450050329542,0.3979526229658661,0.00718007801895118,0.05518304872064593,0.5396842502945368,4,Expanded,False
2.000000000000001,1.9400000000000008,15.005462782045097,8.71280775800514,6.788431923011089,17.616378678900798,2.790351514722794,2.6554655101408278,0.46903616345925836,0.00809198981760471,0.0597692215744168,0.46310262514872014,1,Bar-dominant,True
1.0,1.9600000000000009,86.36476280219205,21.002466482427117,14.467379000754933,12.508134399365243,4.976076698815039,3.8808991270003848,0.07951629790083585,0.006271963376407504,0.8162198416128831,0.09799189710987358,3,Y-dominant,True
1.02,1.9600000000000009,78.4609307100975,20.934740404351366,14.425061717501707,15.0951978383147,4.343934152872176,3.5264864441601627,0.08001391265823497,0.005760739769908407,0.8313167834865135,0.0829085640853431,3,Y-dominant,True
1.04,1.9600000000000009,67.0365952549121,19.026046586320163,13.2324526186703,18.289402562183586,3.373038682143555,2.982150881324225,0.08040767102912147,0.005297319335569169,0.8441186642648967,0.0701763453704127,3,Y-dominant,True
1.06,1.9600000000000009,53.10432013125957,16.078402209592948,11.390676074630253,21.26514987343696,3.064973672739102,2.8094332764533467,0.08071858420185236,0.004880469218266655,0.8543563435741482,0.060044603005732736,3,Y-dominant,True
1.08,1.9600000000000009,39.55230255913792,13.332910429231973,9.675210531077152,22.56832136977905,3.765466799495779,3.2021669248343074,0.08099752894052381,0.004510234630490896,0.861719078517847,0.05277315791113828,3,Y-dominant,True
1.1,1.9600000000000009,29.272501664461892,11.47238051089147,8.51269568018834,21.920435640533235,4.014248389890232,3.341647096607028,0.0813369287056768,0.004188154128179907,0.865572379435009,0.04890253773113436,3,Y-dominant,True
1.12,1.9600000000000009,23.26951658151591,9.510586441026408,7.286907952658579,20.139393682147226,3.924855326848445,3.291528598013186,0.0818932182034478,0.0039179605003774355,0.8642376530206919,0.049951168275482856,3,Y-dominant,True
1.1400000000000001,1.9600000000000009,20.693879700482135,7.455458375718559,6.002802347665279,18.075604886195315,3.817473841994042,3.2313248348289636,0.08289195463329067,0.0037053793360192554,0.8527985208248345,0.060604145205855484,3,Y-dominant,True
1.1600000000000001,1.9600000000000009,19.976365830260633,5.628619057020764,4.861338393101171,16.40925556430547,4.099406229813598,3.389391104198072,0.08432931764968803,0.0035455440720582655,0.8156733899861577,0.09645174829209603,3,Y-dominant,True
1.1800000000000002,1.9600000000000009,19.799105285053578,4.393042793404928,4.089313314815792,15.42421317230615,4.316597293117032,3.511159948785932,0.08416303075154023,0.0033546664529375348,0.7090002410212032,0.2034820617743191,3,Y-dominant,True
1.2000000000000002,1.9600000000000009,19.645137097219393,3.8613937730101626,3.7571230739726493,14.964090074475033,4.3941623390289495,3.5546470328189574,0.07819629666403502,0.0029834148247553016,0.4992781533431083,0.41954213516810135,3,Y-dominant,True
1.2200000000000002,1.9600000000000009,19.464135600994883,3.8084790197610454,3.724060350349219,14.798562841800976,4.469247899145888,3.5967439854357335,0.07302607354056571,0.002698804558140288,0.29639822385088477,0.6278768980504092,4,Expanded,False
1.2400000000000002,1.9600000000000009,19.286915261585342,4.031408053759472,3.863353091714337,14.77566048456011,4.595870857761813,3.6677355406794976,0.07351461774973285,0.002671624265151134,0.16767724371209036,0.7561365142730256,4,Expanded,False
1.2600000000000002,1.9600000000000009,19.134834416713563,4.461156034821002,4.131872509326884,14.823210994108198,4.759871825314101,3.7596831927899954,0.07547050458010614,0.0027504332209237533,0.09453339297953715,0.827245669219433,4,Expanded,False
1.2800000000000002,1.9600000000000009,19.017203296858632,5.173615752852453,4.577038692738958,14.923282654449897,4.936637585068912,3.858787465316931,0.0768677461512688,0.0028841889208963546,0.05552780831296171,0.8647202566148732,4,Expanded,False
1.3000000000000003,1.9600000000000009,18.875429976056907,5.986708408780741,5.085083351600643,15.08543451823786,5.0816600663477605,3.9400947701203455,0.07767096785285413,0.0031123765889090682,0.03503328667595462,0.8841833688822822,4,Expanded,False
1.3200000000000003,1.9600000000000009,18.923810664796026,6.894590344625737,5.65235519327835,15.096861530971807,4.987939856739966,3.8875502433571545,0.07818406516062168,0.0035272809102441507,0.023976944195268458,0.8943117097338658,4,Expanded,False
1.3400000000000003,1.9600000000000009,18.913689416083947,8.357509822928781,6.566431125311041,14.868255658648707,5.1374232922018646,3.971358595986236,0.07866124538231965,0.004323649960421713,0.01776470591485944,0.8992503987423992,4,Expanded,False
1.3600000000000003,1.9600000000000009,16.971470199122496,4.502430162857833,4.157661821461731,15.523035014125497,4.225624523551191,3.4601557828202556,0.07934362994144534,0.005997693083404566,0.014152654694574092,0.900506022280576,4,Expanded,False
1.3800000000000003,1.9600000000000009,16.373127693170314,4.0963062726161255,3.903903443779831,15.822117273247539,3.7777726318139098,3.2090662279652897,0.08059625864189818,0.010090721132062044,0.012045981361482315,0.8972670388645575,4,Expanded,False
1.4000000000000004,1.9600000000000009,16.34612113112597,4.033705897667637,3.864788853451858,16.003812386137916,3.391531982189613,2.992519207465153,0.0830810006239941,0.022500831959619105,0.010925812340334306,0.8834923550760525,4,Expanded,False
1.4200000000000004,1.9600000000000009,16.74282051892462,4.104281496078677,3.90888660240737,16.150360708720637,3.127148172618522,2.8442916030253187,0.08720786931088635,0.06936323609656136,0.010502853459191568,0.8329260411333607,4,Expanded,False
1.4400000000000004,1.9600000000000009,17.606070828194024,4.431993831862107,4.113651090960988,16.26425376105893,3.0748962827591533,2.814996418596767,0.08787986370698028,0.23823087830869505,0.010014477936252925,0.6638747800480718,4,Expanded,False
1.4600000000000004,1.9600000000000009,19.06066377955812,5.197209243236511,4.59178061260028,16.288373631430705,3.1850646348751557,2.8767626475717227,0.07772523201572883,0.5307638977031278,0.008607762362792343,0.382903107918351,2,Balanced,True
1.4800000000000004,1.9600000000000009,21.404500088280326,6.457734395042592,5.379394503915979,16.113624757835016,3.3815786392700717,2.9869388348261285,0.07240374243072298,0.723952899999919,0.00796522177507636,0.1956781357942817,2,Balanced,True
1.5000000000000004,1.9600000000000009,24.99894575238263,7.969566624818469,6.324032588926958,15.595788321974348,3.724074628312966,3.17896027542962,0.0734724738833364,0.8141133095509614,0.008175436942405452,0.10423877962329675,2,Balanced,True
1.5200000000000005,1.9600000000000009,29.782546037817486,8.738077486374666,6.804221206600628,14.601054587690971,3.989420950389125,3.327727515496542,0.07512648423567497,0.8547168526058867,0.008582435511060436,0.061574227647377903,2,Balanced,True
1.5400000000000005,1.9600000000000009,35.3513386728135,7.473427074370569,6.014029729083976,13.033026424274265,3.491405003972473,3.0485133274948826,0.07613373528593964,0.872076334595549,0.009040652788647885,0.042749277329863465,2,Balanced,True
1.5600000000000005,1.9600000000000009,41.48004019894124,6.838843338645216,5.61752279326903,10.938879043801181,2.8312413412367516,2.6783905184458265,0.07663514700522848,0.8783313596854232,0.009556981060624904,0.03547651224872343,2,Balanced,True
1.5800000000000005,1.9600000000000009,46.146420050349796,11.21860416760568,8.35412861552263,9.274636494374422,4.574571360823671,3.655793911530435,0.07678511107666502,0.878285081036588,0.01014270553286497,0.03478710235388198,2,Balanced,True
1.6000000000000005,1.9600000000000009,46.943878462912366,14.44763730974687,10.371725293086133,9.175378889233293,6.131040346050337,4.528433085008312,0.07660144053309027,0.8730685187395867,0.01079413681083707,0.039535903916485975,2,Balanced,True
1.6200000000000006,1.9600000000000009,43.988457877456675,15.441820859300982,10.99292096936791,10.60648758121216,6.763256515722641,4.88288704522124,0.07596476463159144,0.8613936719166603,0.011486991656406579,0.051154571795341726,2,Balanced,True
1.6400000000000006,1.9600000000000009,38.280268275182905,15.023956090920459,10.731826539164468,13.198019039213921,6.945547488376655,4.985089045530364,0.07458498810745091,0.8392709665833843,0.012162407020949069,0.07398163828821569,2,Balanced,True
1.6600000000000006,1.9600000000000009,33.0778300690004,13.959938457870955,10.06699643466881,15.479621801377425,7.444830272408092,5.2650134899775995,0.07199322756286565,0.799201718224793,0.012711384767700727,0.1160936694446406,2,Balanced,True
1.6800000000000006,1.9600000000000009,28.910118323874276,12.889005485587738,9.397845418975288,16.82733245462415,7.450191640349725,5.268019357575158,0.06791414777902478,0.7318317630512337,0.01302664260130461,0.18722744656843693,2,Balanced,True
1.7000000000000006,1.9600000000000009,25.33348059262279,12.104163435018748,8.907452584979755,17.468411899500712,6.924754057878931,4.973431144103782,0.06362584901657928,0.6328868782208853,0.013293127338531378,0.290194145424004,2,Balanced,True
1.7200000000000006,1.9600000000000009,22.46681102658095,11.316715140278495,8.415431291519921,17.8369902826376,6.316705032724127,4.632526568566837,0.06330290596080718,0.4983904794618817,0.01443489260428201,0.4238717219730291,2,Balanced,True
1.7400000000000007,1.9600000000000009,20.31881909878568,10.387714787901784,7.834964030298908,18.077542082290154,5.621015082525311,4.242485836049477,0.0707404344943398,0.3123936077145122,0.017629302372807156,0.5992366554183408,4,Expanded,False
1.7600000000000007,1.9600000000000009,18.691653934690223,9.495181793008143,7.277282666917449,18.2518792336582,4.898993955217985,3.837682447258999,0.07980543749216325,0.13500136795857415,0.021746869905174986,0.7634463246440877,4,Expanded,False
1.7800000000000007,1.9600000000000009,17.441608150703516,8.962774556401614,6.944618669862342,18.37733454198373,4.29225253838494,3.4975109863911946,0.08320642303487313,0.049446939585447575,0.024775553292583546,0.8425710840870957,4,Expanded,False
1.8000000000000007,1.9600000000000009,16.47432094017769,8.89497643594221,6.902256372368784,18.442882565359263,3.8854004774803124,3.2694081141043547,0.08375963105578955,0.021258106121851594,0.0271827757573039,0.8677994870650549,4,Expanded,False
1.8200000000000007,1.9600000000000009,15.710336674269888,9.129792679539378,7.04897659853699,18.44594853687517,3.646023858541105,3.1352008688050734,0.08423617203808373,0.011932775142398376,0.02962503767632482,0.8742060151431931,4,Expanded,False
1.8400000000000007,1.9600000000000009,15.100640948398308,9.453078656682473,7.250975365559327,18.39765925904718,3.500962903112483,3.0538719933500262,0.08570759112766775,0.008419813985604633,0.03229809815113833,0.8735744967355893,4,Expanded,False
1.8600000000000008,1.9600000000000009,14.634206589228905,9.719503514367204,7.417445601082706,18.315298742699486,3.4026217438076674,2.998736716779055,0.08911427096022198,0.006979737679578585,0.03523730174153311,0.8686686896186663,4,Expanded,False
1.8800000000000008,1.9600000000000009,14.317453582582607,9.84323852879666,7.494758946292164,18.214098082919225,3.3220553098246395,2.9535668951967953,0.09608752168221109,0.006432325905805541,0.03842203314115194,0.8590581192708314,4,Expanded,False
1.9000000000000008,1.9600000000000009,14.150389348413452,9.793296976481862,7.463553967715857,18.1004727704383,3.2362212826721644,2.9054437811344194,0.10966773284007025,0.006340573309387221,0.04176704619815519,0.8422246476523874,4,Expanded,False
1.9200000000000008,1.9600000000000009,14.116666692614618,9.60913045053248,7.348481203046896,17.976301688625497,3.1388579080609627,2.8508567025905043,0.1349463753366724,0.006505633771708049,0.045074948133610834,0.8134730427580087,4,Expanded,False
1.9400000000000008,1.9600000000000009,14.186441869782877,9.382581408062755,7.206926571901484,17.84934593308211,3.0448143494855775,2.7981308892237884,0.177964762735404,0.006812071225227298,0.04804926073646092,0.7671739053029077,4,Expanded,False
1.9600000000000009,1.9600000000000009,14.326349934927268,9.19190246506369,7.0877846538903455,17.737343130565144,2.974895215890251,2.7589305096916323,0.2400275185494193,0.007208496351544666,0.050579939928756465,0.7021840451702795,4,Expanded,False
1.9800000000000009,1.9600000000000009,14.510713188006045,9.050127416273277,6.999199354573392,17.663000141662916,2.934973431904946,2.736548237438629,0.31237506141627885,0.007739568082741957,0.05312666901137017,0.626758701489609,4,Expanded,False
2.000000000000001,1.9600000000000009,14.729234976044612,8.922393512881365,6.919387383698158,17.645967390800898,2.910537355403988,2.7228480752103836,0.38225278283687814,0.008495532691382451,0.05635105225664505,0.5529006322150943,4,Expanded,False
1.0,1.9800000000000009,92.87607762358948,17.884990024703427,12.519486282839084,10.167246222362637,5.1627628633788705,3.9855653053123237,0.08001674499981769,0.006529913937812203,0.8082489040139527,0.10520443704841738,3,Y-dominant,True
1.02,1.9800000000000009,88.06954920561903,19.081783883325876,13.267278952221192,12.039361677092469,4.962675787696832,3.873385864537054,0.08055644828321185,0.006012424030760008,0.823538233967842,0.08989289371818619,3,Y-dominant,True
1.04,1.9800000000000009,80.34375090853567,19.33854562729855,13.427711384705042,14.677413254292883,4.439014988850844,3.5797938103264904,0.08100170086771417,0.005541946995206324,0.8368819208873259,0.07657443124975362,3,Y-dominant,True
1.06,1.9800000000000009,68.74501602301086,17.44327828096183,12.24349154776403,18.04747464258387,3.3395794705715667,2.963391870377952,0.08136005725021817,0.005116629000858568,0.8480163838674316,0.06550692988149162,3,Y-dominant,True
1.08,1.9800000000000009,54.025261834279135,14.21672036239119,10.227441464066965,21.350668588326258,2.7766933450082565,2.647808014846003,0.08165994124124945,0.0047356763459718235,0.8566697557809748,0.0569346266318039,3,Y-dominant,True
1.1,1.9800000000000009,39.70384113802215,12.251635931589457,8.999597820415696,22.84793006323844,3.561299028470176,3.087699629533427,0.08195603589335249,0.004399344372078276,0.8623790923657363,0.05126552736883289,3,Y-dominant,True
1.12,1.9800000000000009,29.19585625693561,11.451910775346951,8.499905575966046,22.21036437161602,3.904750595758856,3.28025681804999,0.08233909688904725,0.004109187084901683,0.864038220944967,0.04951349508108408,3,Y-dominant,True
1.1400000000000001,1.9800000000000009,23.28130706105285,10.038977256186799,7.617062369226677,20.3800490850179,3.8958454799232984,3.2752641371830893,0.08293556651811254,0.003867827404333433,0.8585820176582304,0.05461458841932361,3,Y-dominant,True
1.1600000000000001,1.9800000000000009,20.809395615762607,8.154340685699767,6.439484959628491,18.26323971319831,3.8425728193696003,3.2453966544925965,0.08375937208685104,0.0036725122986322094,0.8365451129850271,0.07602300262948967,3,Y-dominant,True
1.1800000000000002,1.9800000000000009,20.023944732570055,6.3184170263909545,5.292344836803537,16.604270145227638,4.056931272078007,3.3655773871476833,0.08371340270482687,0.0034757174463297996,0.7684239584730073,0.14438692137583609,3,Y-dominant,True
1.2000000000000002,1.9800000000000009,19.676794589994312,4.93186382404453,4.425984842596682,15.618267390867288,4.177177003634774,3.432993530222747,0.07914139725224474,0.003138434308214118,0.6038685657177466,0.3138516027217945,3,Y-dominant,True
1.2200000000000002,1.9800000000000009,19.37161369191178,4.170313801496329,3.950145565743426,15.115155076604333,4.237126406529934,3.4666043492557432,0.07299331804211256,0.0027939080144789865,0.3919419781064964,0.5322707958369121,4,Expanded,False
1.2400000000000002,1.9800000000000009,19.090673179749363,3.9546840109956065,3.81541361046548,14.882258521855153,4.352217534597209,3.5311305478658856,0.0729721530866546,0.002731325768390365,0.23128183743006073,0.6930146837148943,4,Expanded,False
1.2600000000000002,1.9800000000000009,18.843832360585576,4.082971447927439,3.8955714456852104,14.798956842297361,4.5309501762823166,3.63133755885936,0.07576351143620638,0.002819517039457474,0.12949935721397773,0.7919176143103585,4,Expanded,False
1.2800000000000002,1.9800000000000009,18.64096348327927,4.457957943146568,4.129874245805624,14.814003558817252,4.736765229916188,3.746728408273691,0.07794892580883085,0.00294748288301336,0.0726541784685177,0.846449412839638,4,Expanded,False
1.3000000000000003,1.9800000000000009,18.47765426352884,5.086223600983061,4.522433457210191,14.90975025231736,4.940592602855814,3.8610048583298413,0.07916298450219376,0.003131882494301408,0.04311579873182331,0.8745893342716815,4,Expanded,False
1.3200000000000003,1.9800000000000009,18.421020342648113,5.8867924816995005,5.022652885996592,14.979337376740398,5.018953996481889,3.9049384171835526,0.07984279447102019,0.003442731492126602,0.02776417083252981,0.8889503032043234,4,Expanded,False
1.3400000000000003,1.9800000000000009,18.940548625174603,8.797923188186697,6.841614594598605,14.569689982027068,5.326757131326125,4.077509201268439,0.08035800918110865,0.004006096321466596,0.019490818651724102,0.8961450758457007,4,Expanded,False
1.3600000000000003,1.9800000000000009,17.073073700565814,4.762437836383201,4.320122408006823,15.13648121027715,4.489821691612765,3.6082787461177697,0.0809835933575762,0.005097778108097124,0.014842338099463484,0.8990762904348631,4,Expanded,False
1.3800000000000003,1.9800000000000009,15.9906124965954,3.8424129646560368,3.7452632960803234,15.550554656679685,3.960892358045831,3.3117328715433163,0.08203892240686114,0.007456582543351937,0.012167945174979718,0.8983365498748072,4,Expanded,False
1.4000000000000004,1.9800000000000009,15.651913336564467,3.7551217725355035,3.6907211432282905,15.769642910454218,3.5344971260229214,3.0726730596363074,0.08409283370638447,0.013495189560529561,0.010685422112226266,0.8917265546208597,4,Expanded,False
1.4200000000000004,1.9800000000000009,15.739032052366628,3.526414168485669,3.547817778118054,15.920301296493614,3.1463088797582115,2.855034113027338,0.08813574660895593,0.032831459201959394,0.010051715710259174,0.8689810784788256,4,Expanded,False
1.4400000000000004,1.9800000000000009,16.22463922767799,3.2474901845596187,3.3735377139348763,16.044381804627175,2.889430989596365,2.7110147256298243,0.09402255281024358,0.10684162150516177,0.009995282472942598,0.7891405432116521,4,Expanded,False
1.4600000000000004,1.9800000000000009,17.145377701607362,3.2440659210065617,3.371398131445745,16.13457243344214,2.8314297818026386,2.6784961682346924,0.09250328517686986,0.3342061209285594,0.009452045037656412,0.5638385488569143,4,Expanded,False
1.4800000000000004,1.9800000000000009,18.641325421735374,3.782163861543334,3.7076178508602218,16.123782991522994,2.8824732675970224,2.707113857168953,0.08038296132355273,0.6185624562947863,0.008094580658121341,0.29296000172353953,2,Balanced,True
1.5000000000000004,1.9800000000000009,21.073569102464837,4.980903042867945,4.456626016165692,15.884749166021745,3.0075056619053275,2.777213657590784,0.07578304182364866,0.7697643900862574,0.007676164627973641,0.1467764034621203,2,Balanced,True
1.5200000000000005,1.9800000000000009,24.879402959018304,6.896725668009424,5.653689407321627,15.250096176559108,3.4303875744247865,3.0143037160001294,0.07629732808883594,0.8347412910233123,0.007905346072378716,0.08105603481547301,2,Balanced,True
1.5400000000000005,1.9800000000000009,29.91843339379331,8.431244115736495,6.612502521187979,14.11711305754128,3.9324531927456605,3.2957883651397224,0.07726140433786345,0.8624662111758411,0.008303000154402147,0.051969384331893353,2,Balanced,True
1.5600000000000005,1.9800000000000009,35.56059587171821,7.794171191041108,6.214440265506468,12.501854665665862,3.6541154642421017,3.1397374526869544,0.07784231569622346,0.8736533190751575,0.00877676365381428,0.039727601574804774,2,Balanced,True
1.5800000000000005,1.9800000000000009,41.59106449680681,7.639484799372867,6.117787572221575,10.475905674075143,3.160571708208625,2.8630306121214804,0.07807698586559428,0.8766596875480577,0.009324490435186706,0.03593883615116133,2,Balanced,True
1.6000000000000005,1.9800000000000009,45.933910452634464,11.735211813697246,8.676920554928705,8.997818450068602,4.856067778924617,3.8136157531219776,0.0780119217957795,0.8743509017952985,0.009946828328732945,0.03769034808018904,2,Balanced,True
1.6200000000000006,1.9800000000000009,46.420761651186055,14.535025839820635,10.42632826560845,9.0804646788071,6.270650785550296,4.606706111769835,0.07759532257762522,0.8668041021796595,0.010632589524281855,0.0449679857184334,2,Balanced,True
1.6400000000000006,1.9800000000000009,43.1005859713432,15.118914288335754,10.791159266695866,10.686264197067642,6.7596601543177535,4.880870734023473,0.07664864678507405,0.8518637490509673,0.011349115186900623,0.06013848897705809,2,Balanced,True
1.6600000000000006,1.9800000000000009,37.346388145927776,14.7159892284151,10.539399614063772,13.310858167191707,6.949957536417065,4.9875615526689625,0.07482986967908688,0.8246211950094454,0.012026885745215498,0.08852204956625218,2,Balanced,True
1.6800000000000006,1.9800000000000009,32.20273108532192,13.831174752164598,9.986541012445539,15.59238973075369,7.459202902265424,5.27307154957175,0.07171974530343174,0.7773234649564559,0.01255904956567278,0.1383977401744396,2,Balanced,True
1.7000000000000006,1.9800000000000009,27.989479415374785,13.054955989139138,9.501536266937064,16.983754204313882,7.497833231069607,5.294729763464108,0.06746114158292585,0.7030709078143434,0.012910015258446641,0.2165579353442841,2,Balanced,True
1.7200000000000006,1.9800000000000009,24.50877703090339,12.525360670098683,9.170629240247127,17.634769774409328,7.088125615808177,5.065025915753157,0.06411576529116085,0.6007374021602523,0.013440923570101734,0.32170590897848517,2,Balanced,True
1.7400000000000007,1.9800000000000009,21.90492775901418,12.011212974837543,8.849374351841757,17.97712983744802,6.6113261318953,4.797706803386893,0.06590975891145637,0.46191463641272196,0.01516221602576214,0.4570133886500595,2,Balanced,True
1.7600000000000007,1.9800000000000009,20.01506900079536,11.240100387889623,8.367560098172664,18.18472891059205,6.0151115797174945,4.46343726190152,0.07456948819748811,0.276732087088798,0.01884364619209428,0.6298547785216196,4,Expanded,False
1.7800000000000007,1.9800000000000009,18.586753040180067,10.279686784352451,7.76746489620813,18.339008096155098,5.322799918567889,4.075290577638031,0.08247694551813105,0.11890433168388567,0.022895884513137326,0.775722838284846,4,Expanded,False
1.8000000000000007,1.9800000000000009,17.46641806123596,9.45124963376934,7.249832537229519,18.46243529868032,4.665371865289795,3.706701496532621,0.08484429309408027,0.04642899168026721,0.025839752116074376,0.8428869631095781,4,Expanded,False
1.8200000000000007,1.9800000000000009,16.570936852045207,9.048026210933507,6.997886458506432,18.539770050870683,4.174436693699987,3.431457166941973,0.08500580703366961,0.021604802232118456,0.028300163360273533,0.8650892273739383,4,Expanded,False
1.8400000000000007,1.9800000000000009,15.843782649668075,9.059349827238384,7.004961793329281,18.558450508794085,3.868282450761999,3.25981083922845,0.08537606429325713,0.012890737569723244,0.030840315934058983,0.8708928822029607,4,Expanded,False
1.8600000000000008,1.9800000000000009,15.246984702057054,9.275672322598833,7.14012657136314,18.521185471823266,3.6826553089821674,3.1557384053313986,0.08699183483132505,0.009469823481092848,0.03362208083840864,0.8699162608491735,4,Expanded,False
1.8800000000000008,1.9800000000000009,14.769153638586399,9.515183293002922,7.289780203535791,18.440990279900767,3.559255303050812,3.086553808525943,0.09089929102830159,0.008054318002746755,0.036664557823311274,0.8643818331456404,4,Expanded,False
1.9000000000000008,1.9800000000000009,14.418955965582407,9.671238448806646,7.3872881416728,18.334228502867028,3.46292829789814,3.0325477737395925,0.09889312091895057,0.007545164789594122,0.03992766499794514,0.8536340492935102,4,Expanded,False
1.9200000000000008,1.9800000000000009,14.205497002002526,9.690270467740424,7.399179917470013,18.212200752197308,3.3652502039277987,2.977784246808948,0.11410967972798455,0.007514746061591827,0.043304876132006294,0.8350706980784173,4,Expanded,False
1.9400000000000008,1.9800000000000009,14.124947361330493,9.574265795787296,7.326696721909105,18.08024288095138,3.2530036593077027,2.9148528727483445,0.14122206221812725,0.007761109668152042,0.04659824743857636,0.8044185806751444,4,Expanded,False
1.9600000000000009,1.9800000000000009,14.15949725572697,9.380523251453308,7.205640573971351,17.94665194169989,3.1394723168736745,2.8512011728006987,0.1845884677802466,0.008170796165975444,0.04957610798288409,0.7576646280708939,4,Expanded,False
1.9800000000000009,1.9800000000000009,14.282765469972375,9.184940446481482,7.083434576036613,17.82856134707597,3.0508937126385165,2.80153930306782,0.2432023977098579,0.008702671964225958,0.05222377781519738,0.6958711525107187,4,Expanded,False
2.000000000000001,1.9800000000000009,14.468174418900494,9.031659411038612,6.987659991438216,17.748277823475334,2.9994681336479805,2.7727073923957377,0.3081979552690435,0.009397500711540057,0.054919022483310556,0.6274855215361059,4,Expanded,False
1.0,2.000000000000001,96.57023047320502,15.315423874547731,10.913944345324003,8.412206426678967,4.75076969188386,3.7545800533963796,0.08049586185122255,0.006830419548170751,0.7993826672957299,0.11329105130487672,3,Y-dominant,True
1.02,2.000000000000001,93.75916427407753,16.337895291679402,11.552815129022607,9.669212082609238,4.826431249003562,3.796999940522734,0.08108425068340293,0.0063067971391227015,0.8148461219398943,0.09776283023758012,3,Y-dominant,True
1.04,2.000000000000001,89.10250960976418,17.56202839677671,12.317690178927508,11.567613505848602,4.769206029389778,3.7649164433121616,0.08159003812644636,0.005829638513995639,0.8286713509264232,0.08390897243313478,3,Y-dominant,True
1.06,2.000000000000001,81.45971411095056,18.047292897784285,12.620897981967637,14.281357884453445,4.430016349940122,3.574748695456865,0.08201006375122992,0.00539655393768379,0.8405821036409357,0.0720112786701506,3,Y-dominant,True
1.08,2.000000000000001,69.68090673333144,16.228105473595534,11.484215160411127,17.81955508922887,3.364512042478384,2.9773703942984104,0.08235572640954257,0.0050060964074533035,0.8503045111982404,0.062333665984763816,3,Y-dominant,True
1.1,2.000000000000001,54.30385195736435,12.706532005295703,9.28383051997164,21.40609931964466,2.580745453272052,2.537949220412966,0.08265484961926321,0.004657621674529081,0.8574433432627121,0.05524418544349558,3,Y-dominant,True
1.12,2.000000000000001,39.42661109898455,11.60043111900607,8.59270553766558,23.07518380496534,3.398912716305652,2.9966572389838104,0.08295397287465454,0.00435124722188989,0.8611809056489091,0.05151387425454644,3,Y-dominant,True
1.1400000000000001,2.000000000000001,28.931537487964544,11.856484659297786,8.75269546326553,22.46141849094773,3.8524027255876607,3.2509078219613423,0.08331100667485954,0.0040874156215493585,0.8594444128255534,0.05315716487803775,3,Y-dominant,True
1.1600000000000001,2.000000000000001,23.294175763446976,11.019714832130232,8.229856598236369,20.597717995036263,3.93041671686132,3.2946466086065787,0.08370539114619208,0.0038629194907728323,0.8462353968603051,0.06619629250272997,3,Y-dominant,True
1.1800000000000002,2.000000000000001,21.01134144215768,9.374394036711335,7.201810856915156,18.461085223201074,3.9520010986289793,3.306747959320623,0.08350082712047784,0.0036488038683496755,0.8029762988082638,0.1098740702029087,3,Y-dominant,True
1.2000000000000002,2.000000000000001,20.170598226170977,7.634012624104049,6.114368393118912,16.8403301361447,4.0810269700754,3.379086715110139,0.0801402828089308,0.0033422197733606446,0.6866341689513108,0.22988332846639775,3,Y-dominant,True
1.2200000000000002,2.000000000000001,19.652788018905206,6.198128756186368,5.2171851206806785,15.863085530523927,4.098240160133277,3.388737343608102,0.07363543729414905,0.002958842891811456,0.4938038307598907,0.4296018890541488,3,Y-dominant,True
1.2400000000000002,2.000000000000001,19.18512255131384,5.226034199663147,4.609791309225937,15.315756698108009,4.125498119989262,3.404019603508678,0.07211074520345477,0.0028244542044675693,0.31344020905907133,0.6116245915330063,4,Expanded,False
1.2600000000000002,2.000000000000001,18.761126015363544,4.712321088075954,4.288807961724014,15.024416703117192,4.246372048184091,3.471787946981066,0.07537228676181015,0.0029197385141611185,0.1812249119737529,0.7404830627502759,4,Expanded,False
1.2800000000000002,2.000000000000001,18.389577597147866,4.525243303870956,4.171916155649933,14.904909570434379,4.423940582586066,3.571342297608651,0.07863119422863864,0.0030687816306024227,0.09951992210986167,0.8187801020308972,4,Expanded,False
1.3000000000000003,2.000000000000001,18.090605820145676,4.6089612522170444,4.224225638705748,14.912067159880078,4.617160130477623,3.6796714375865367,0.08051344592647561,0.003243574202120462,0.05595444258139896,0.860288537290005,4,Expanded,False
1.3200000000000003,2.000000000000001,17.900533343820808,5.001682853985079,4.4696098648983575,14.972027174772464,4.781154732240869,3.7716155206976256,0.0814825344179805,0.003501522866446468,0.033837903642602286,0.8811780390729708,4,Expanded,False
1.3400000000000003,2.000000000000001,18.46634504566251,7.846109865884297,6.246893106089944,14.583399450503862,5.0619376541544945,3.929037338434474,0.08208502704384925,0.003939052291850258,0.022384779655834817,0.8915911410084657,4,Expanded,False
1.3600000000000003,2.000000000000001,17.391516731164007,5.959918626202572,5.068344292587294,14.794527709758963,4.769842297342378,3.765273168917064,0.08267779906897134,0.004733121637324788,0.01619075017882601,0.8963983291148778,4,Expanded,False
1.3800000000000003,2.000000000000001,15.86558661602634,3.843172747958909,3.7457380314577766,15.313866604124936,4.129330356191913,3.406168158644819,0.08356315496119818,0.006293969334280404,0.012711390802628475,0.897431484901893,4,Expanded,False
1.4000000000000004,2.000000000000001,15.198248373194918,4.042193595514781,3.8700922214331492,15.596797388659173,3.7154350938909024,3.17411649360752,0.08518175075572429,0.009773317025917343,0.010751878122951794,0.8942930540954066,4,Expanded,False
1.4200000000000004,2.000000000000001,14.987873004471094,4.098688964525613,3.9053922210913736,15.772143736374336,3.3187898736415997,2.951736118253047,0.08837414483275895,0.019092300894926754,0.009770240038982388,0.8827633142333319,4,Expanded,False
1.4400000000000004,2.000000000000001,15.17068203601274,3.653464065252441,3.627202361155021,15.889515646981868,2.952838413848361,2.746564295082739,0.09437907949342514,0.05013120598958866,0.009548043664195047,0.8459416708527911,4,Expanded,False
1.4600000000000004,2.000000000000001,15.742614164600365,2.939623696664598,3.1811735058988293,15.977300118571275,2.728445970794008,2.620757974558391,0.10125887857643336,0.16415718420484934,0.009711420657493221,0.7248725165612241,4,Expanded,False
1.4800000000000004,2.000000000000001,16.732585986495533,2.458272519354611,2.8804108647826956,16.021615706023198,2.6842889006787,2.5960011759749513,0.09556675802574294,0.43833848130917585,0.008941006394187911,0.45715375427089333,4,Expanded,False
1.5000000000000004,2.000000000000001,18.28137180333828,2.755400905106133,3.0660655847910996,15.95636182491393,2.7009730493767843,2.605355195790488,0.08254951581133635,0.6862244974709026,0.007711078653059127,0.2235149080647019,2,Balanced,True
1.5200000000000005,2.000000000000001,20.759318173345832,3.917735730645197,3.792327217605716,15.656566786584278,2.7627713273181267,2.6400025923637234,0.07846364738575995,0.7990452455168534,0.007458193250657578,0.11503291384672905,2,Balanced,True
1.5400000000000005,2.000000000000001,24.64613056117094,5.932439459631259,5.051174485794995,14.942413392393528,3.179711671834726,2.8737614922081436,0.078496482862541,0.845375121710541,0.007711677600555008,0.06841671782636302,2,Balanced,True
1.5600000000000005,2.000000000000001,29.86232831719545,8.026736022906915,6.359753742152739,13.694600291636075,3.8570968484250105,3.253539596517642,0.0790032933793923,0.8647228200844297,0.008125693699727217,0.048148192836450755,2,Balanced,True
1.5800000000000005,2.000000000000001,35.65621065059993,8.243583657131195,6.495246642686519,12.010548236147903,3.8525022960049387,3.250963646425216,0.07930466130002409,0.8720687189196089,0.008630809712192277,0.039995810068174674,2,Balanced,True
1.6000000000000005,2.000000000000001,41.696351315205916,8.394879381203612,6.589780745243193,10.010389698558779,3.4699283190248003,3.036472357337644,0.07934748328186488,0.8729626938744294,0.009218441792487129,0.038471381051218646,2,Balanced,True
1.6200000000000006,2.000000000000001,45.71328053486133,12.113966248465875,8.913577676600395,8.716810825837863,5.079171942010893,3.9386997954787417,0.07910764094395092,0.8689796155460907,0.009883241476028311,0.04202950203393001,2,Balanced,True
1.6400000000000006,2.000000000000001,45.873718119155185,14.519846121650977,10.416843522777615,8.985463556900598,6.358245665180342,4.6558164532458175,0.07848575453112434,0.8594463791570335,0.010609001898700166,0.05145886441314205,2,Balanced,True
1.6600000000000006,2.000000000000001,42.18618572893003,14.770526916039293,10.573476395722198,10.762131654193345,6.743898775868019,4.872034068215291,0.07726585020911185,0.8415659992964172,0.01135713444374139,0.06981101605072963,2,Balanced,True
1.6800000000000006,2.000000000000001,36.41064561899181,14.431417989919133,10.361590975983683,13.41226072516773,6.97048028575866,4.999067695864186,0.07510884247546532,0.8100234535622133,0.012055418470884843,0.10281228549143659,2,Balanced,True
1.7000000000000006,2.000000000000001,31.233495532909142,13.714575275042492,9.913686164789436,15.729732982403942,7.45737380921748,5.272046062870299,0.07176956940084317,0.7579083668626876,0.012621884021608442,0.15770017971486075,2,Balanced,True
1.7200000000000006,2.000000000000001,26.98718753629226,13.13309869756912,9.550362173009864,17.1471749908112,7.4936176115689594,5.292366263290537,0.06787589818036925,0.6808642574995374,0.013115336859926028,0.23814450746016733,2,Balanced,True
1.7400000000000007,2.000000000000001,23.698658510483305,12.881438614566278,9.393117411190788,17.78262984843608,7.196177233275391,5.125605390869268,0.0659347224057665,0.5769669355682512,0.014026973429845529,0.3430713685961368,2,Balanced,True
1.7600000000000007,2.000000000000001,21.389433095082122,12.6149089922769,9.226581715602753,18.09444305243006,6.849949008083991,4.9314914604707525,0.06968196963287737,0.43275674456691,0.016344253558146293,0.48121703224206636,4,Expanded,False
1.7800000000000007,2.000000000000001,19.762471505191,11.98245810853545,8.831407449626434,18.270127444969145,6.361342952392363,4.657552956946422,0.07877659705374106,0.25009007811914163,0.020383956747034762,0.6507493680800825,4,Expanded,False
1.8000000000000007,2.000000000000001,18.530719574766625,10.984639107734589,8.207940234455458,18.40159421387765,5.723084042074827,4.299711115412217,0.08523959234098123,0.10875450099204789,0.02431871220194896,0.7816871944650219,4,Expanded,False
1.8200000000000007,2.000000000000001,17.527470305915756,9.921530929177878,7.54367838438219,18.520079244858074,5.0419928472343685,3.9178552204538706,0.08658609063111403,0.04543454536569765,0.027175088586446943,0.8408042754167414,4,Expanded,False
1.8400000000000007,2.000000000000001,16.68368754026533,9.203877685571735,7.09526713054715,18.610257971526515,4.476345280420112,3.600723154303075,0.0863556100776776,0.02276821211257387,0.029665163842288744,0.8612110139674598,4,Expanded,False
1.8600000000000008,2.000000000000001,15.975810119665354,8.98131623151434,6.9562040641451315,18.647897759925833,4.0983218031653585,3.3887831170277534,0.08668371991501223,0.014367293415416005,0.0322802037433832,0.8666687829261885,4,Expanded,False
1.8800000000000008,2.000000000000001,15.38480085783155,9.087758680983116,7.022712496529172,18.624799881682684,3.864404233864839,3.257636504873042,0.08859322093951355,0.010954017916666722,0.035152556031065214,0.8653002051127545,4,Expanded,False
1.9000000000000008,2.000000000000001,14.898459969854937,9.306087540851554,7.159130911236025,18.54924332187035,3.7082487451119643,3.170087444832184,0.09323309394259933,0.009541588179028294,0.03828511735445368,0.8589402005239187,4,Expanded,False
1.9200000000000008,2.000000000000001,14.521550289726534,9.499742807532714,7.280132525480681,18.438529817914223,3.588472000223413,3.102934240590087,0.10252664423633948,0.009076478736158883,0.041623513854315404,0.8467733631731862,4,Expanded,False
1.9400000000000008,2.000000000000001,14.26684863320025,9.594635613692303,7.339424394595815,18.309415351940224,3.4752596128942472,3.0394613638131727,0.11957714311134329,0.00913031461909872,0.04505406336787569,0.8262384789016823,4,Expanded,False
1.9600000000000009,2.000000000000001,14.140494235742722,9.561419276294858,7.318669831535036,18.172140893138472,3.350740370814391,2.9696492637829026,0.14838596492394168,0.00949550882033754,0.04839727226797768,0.7937212539877431,4,Expanded,False
1.9800000000000009,2.000000000000001,14.136410500104025,9.420169003350985,7.230412427893921,18.035818781376392,3.2230246906389577,2.8980450708010395,0.19156997478030863,0.010058769290871015,0.0514799415507143,0.7468913143781061,4,Expanded,False
2.000000000000001,2.000000000000001,14.237256821120457,9.230989635705539,7.112207489504247,17.91556433365954,3.1177390381347445,2.839016342536996,0.24643197607490652,0.010781604951361578,0.05432120209924012,0.6884652168744918,4,Expanded,False
1.0,2.020000000000001,98.6663879609185,14.103684619801932,10.156813344547949,7.181828253918224,4.268115080945179,3.483978245867603,0.08095390022946632,0.00717412277602508,0.7897954843414169,0.12207649265309167,3,Y-dominant,True
1.02,2.020000000000001,96.99292465623272,14.499235789286681,10.403965569448802,7.9402666523038805,4.330376275907995,3.5188851783074964,0.08158862963171104,0.006643944461527052,0.8053514721698287,0.10641595373693319,3,Y-dominant,True
1.04,2.020000000000001,94.23254731236327,15.291798398473988,10.89918243984519,9.176438253322797,4.394612532596687,3.554899435241739,0.08215314267344132,0.006159882472917083,0.8195336960065146,0.092153278847127,3,Y-dominant,True
1.06,2.020000000000001,89.59848190006802,16.433802865427406,11.61274105533838,11.106754751632682,4.434340546068862,3.5771730694543913,0.08263546707388064,0.005719054849755215,0.8320444353655376,0.07960104271082652,3,Y-dominant,True
1.08,2.020000000000001,81.88920533856862,17.058228510374565,12.00290091160899,13.91211587872892,4.29730367084443,3.5003429195015965,0.08303347256344587,0.005319455733245823,0.8425863440110749,0.06906072769223338,3,Y-dominant,True
1.1,2.020000000000001,69.83113968610114,15.346922713560442,10.933625763922578,17.61145055958341,3.3646283368077277,2.9774355950755553,0.08335481371641383,0.004959745793043054,0.850775288489977,0.06091015200056619,3,Y-dominant,True
1.12,2.020000000000001,53.84146884996507,11.381075913573818,8.45564583149208,21.42343755244078,2.429069050995096,2.45291137412412,0.08361506361241672,0.004639033730284241,0.8559289440497244,0.05581695860757468,3,Y-dominant,True
1.1400000000000001,2.020000000000001,38.5493586138467,10.734351356549558,8.051552946683335,23.22964415493168,3.251576101941589,2.91405250827473,0.08382615204361644,0.004356275286119555,0.8565107555758619,0.05530681709440216,3,Y-dominant,True
1.1600000000000001,2.020000000000001,28.252161577592197,11.848890981771873,8.74795070597369,22.640235054605302,3.839496643210438,3.2436719867693826,0.08393332497778001,0.0041074322751704,0.8484781135924963,0.06348112915455338,3,Y-dominant,True
1.1800000000000002,2.020000000000001,23.08011904060404,11.671442326100545,8.637075467981187,20.747843061181708,4.016546016431538,3.342935268067556,0.08351946999275817,0.003872816694510472,0.820170909888608,0.09243680342412335,3,Y-dominant,True
1.2000000000000002,2.020000000000001,21.10807650468262,10.504819313544527,7.908134447406418,18.631071786944858,4.129304558798875,3.406153695256244,0.08098946284016019,0.003584760090444295,0.7420097305544479,0.17341604651494763,3,Y-dominant,True
1.2200000000000002,2.020000000000001,20.287407844950867,9.105380655115484,7.033723234077067,17.081830832480613,4.193158344449138,3.4419535186142176,0.07506933595569051,0.003199533588568718,0.5876389877881454,0.33409214266759535,3,Y-dominant,True
1.2400000000000002,2.020000000000001,19.651004598438718,7.816801277245809,6.228580221564432,16.133326333731834,4.129915160892881,3.4064960312177663,0.07155991158655353,0.00296806425586145,0.407348653190652,0.5181233709669331,4,Expanded,False
1.2600000000000002,2.020000000000001,19.028697323347846,6.799967573801816,5.593232050333587,15.5684192191719,4.111160144556844,3.3959809730255466,0.07422344850668217,0.0030349383272113835,0.252212287834628,0.6705293253314785,4,Expanded,False
1.2800000000000002,2.020000000000001,18.438726768802006,6.06163263963701,5.131898256431373,15.260604242773812,4.176227038802584,3.432460929487452,0.07860616389964148,0.0032203671127877037,0.1407848204045768,0.7773886485829941,4,Expanded,False
1.3000000000000003,2.020000000000001,17.927537403787618,5.5374643827009695,4.804382220786989,15.142288245162728,4.27894550820539,3.4900503585678675,0.08152248313492028,0.003416372097992008,0.07638290954508427,0.8386782352220035,4,Expanded,False
1.3200000000000003,2.020000000000001,17.54005299496496,5.251060512584885,4.62542849954882,15.142435621884937,4.405764416796688,3.561151773774262,0.08300107894511467,0.0036561632057458583,0.04352545232926901,0.8698173055198705,4,Expanded,False
1.3400000000000003,2.020000000000001,17.729888722988616,6.51004938811826,5.412082479408927,14.907125018163697,4.556837424437148,3.6458513249850366,0.08378499861259174,0.004024648305630548,0.02703895546505497,0.8851513976167227,4,Expanded,False
1.3600000000000003,2.020000000000001,17.672089006537238,7.829868336365735,6.236744911707067,14.663265351938026,4.9637531538896,3.8739898932410717,0.08438537059815827,0.0046524905071137655,0.018465887594240737,0.8924962513004873,4,Expanded,False
1.3800000000000003,2.020000000000001,16.012278848689668,4.39813064120952,4.09249235460096,15.165958931251987,4.237174573860865,3.466631354419515,0.08513642627972777,0.00579777643525806,0.013799220194684844,0.8952665770903293,4,Expanded,False
1.4000000000000004,2.020000000000001,15.073417309558838,4.240340676001249,3.9939004555577795,15.495270336008073,3.84858106369703,3.2487651953460963,0.08639207453425016,0.008090365360870566,0.01118692348526032,0.894330636619619,4,Expanded,False
1.4200000000000004,2.020000000000001,14.582822544671666,4.728895598116582,4.299164212316114,15.704060624577926,3.5006129865455717,3.0536758115393803,0.08875808775499633,0.01336811366872795,0.009774567806559465,0.8880992307697162,4,Expanded,False
1.4400000000000004,2.020000000000001,14.441584064511042,4.810505007565379,4.350156217078453,15.836421378491881,3.1419339443250562,2.852581291881113,0.09337555160130087,0.02805925458402758,0.00920005154187798,0.8693651422727936,4,Expanded,False
1.4600000000000004,2.020000000000001,14.66824536958153,4.288659242168065,4.024091343749827,15.917043042489107,2.817967223228573,2.670948342933657,0.10136558416015934,0.07759878827596971,0.009307423891120365,0.8117282036727506,4,Expanded,False
1.4800000000000004,2.020000000000001,15.286514766075289,3.331344916552514,3.4259326635124627,15.96003573606195,2.637146683025386,2.5695707451476317,0.10726463301302226,0.2407156517771855,0.009484826806070898,0.6425348884037213,4,Expanded,False
1.5000000000000004,2.020000000000001,16.331689320505568,2.360665147071568,2.8194228534012504,15.944222962523195,2.603273512772238,2.5505796469803412,0.09656748483161763,0.5312789334959371,0.008444002995186715,0.36370957867725845,2,Balanced,True
1.5200000000000005,2.020000000000001,17.945826641448306,2.197104189850577,2.7172250655986288,15.807413844047772,2.5943289549304063,2.5455648528300525,0.08394702235413902,0.7304644996066348,0.007416800051878378,0.17817167798734782,2,Balanced,True
1.5400000000000005,2.020000000000001,20.470265580725762,3.3270577177591094,3.423253893224001,15.438613987969651,2.626091615412553,2.5633726871355735,0.08037520798154997,0.8138929604545903,0.007302411499589448,0.09842942006427031,2,Balanced,True
1.5600000000000005,2.020000000000001,24.356988411431093,5.318316220509562,4.667451881435211,14.667164912005443,3.0274602745729866,2.7884012731942143,0.08016003842171661,0.8482514570713592,0.007598206991625514,0.0639902975152987,2,Balanced,True
1.5800000000000005,2.020000000000001,29.671763535547456,7.721812242494776,6.169228225941504,13.329465960660025,3.8111688216174207,3.227789905561218,0.08042411107646572,0.8628125501328393,0.00804874591417647,0.048714592876518484,2,Balanced,True
1.6000000000000005,2.020000000000001,35.69833418268412,8.744839702669434,6.808446441997328,11.547256491307355,4.05607753613675,3.365098737439133,0.08056875791987228,0.8680955739220169,0.008597788023951383,0.04273788013415951,2,Balanced,True
1.6200000000000006,2.020000000000001,41.80173096930914,9.101556652052114,7.031333882362167,9.541378855436472,3.7494547053382994,3.1931896944854494,0.0804906554890979,0.8678261184707706,0.009234283931893917,0.042448942108237554,2,Balanced,True
1.6400000000000006,2.020000000000001,45.48835696577281,12.434972262098603,9.114151854093608,8.431367336369224,5.257183115044547,4.03850231283073,0.0801261667681535,0.862768461055661,0.00995006473202464,0.04715530744416094,2,Balanced,True
1.6600000000000006,2.020000000000001,45.310646941750655,14.475100146264934,10.38888489637177,8.88895581512045,6.408731967762069,4.68412175568039,0.07935100970796855,0.8517697852236208,0.010726308705021914,0.05815289636338871,2,Balanced,True
1.6800000000000006,2.020000000000001,41.26279742548143,14.499126068188207,10.403897012418263,10.836551030623905,6.749467894366257,4.875156411808019,0.07794675196060794,0.831734595929002,0.0115231146670794,0.07879553744331062,2,Balanced,True
1.7000000000000006,2.020000000000001,35.436292498389605,14.212614982816504,10.224876299875268,13.53455307458004,7.008653070909793,5.020469386485592,0.07564667049890647,0.7975683952365411,0.012277198489045337,0.11450773577550712,2,Balanced,True
1.7200000000000006,2.020000000000001,30.169967592727097,13.55487420246187,9.813900148586354,15.894911682826697,7.428796440232117,5.256024072141118,0.07244740076539924,0.7436162747138221,0.012948293023261307,0.17098803149751743,2,Balanced,True
1.7400000000000007,2.020000000000001,25.970672166113104,13.165178237681422,9.570406431058398,17.29487781430148,7.459055209432099,5.272988745125774,0.06934274935619283,0.6662836025273459,0.013680967672904365,0.25069268044355697,2,Balanced,True
1.7600000000000007,2.020000000000001,22.944506287636845,13.195871930260306,9.589584770035819,17.896650171927067,7.270900732991486,5.167499353197165,0.0689439245132949,0.5600227578060006,0.015041334498570017,0.35599198318213443,2,Balanced,True
1.7800000000000007,2.020000000000001,20.939326776184686,13.12120630937535,9.542931452465405,18.179501589135135,7.039917654954605,5.037997972688689,0.07422518046327058,0.4094861994834634,0.017923883238610747,0.4983647368146552,4,Expanded,False
1.8000000000000007,2.020000000000001,19.566288265316178,12.589885877454755,9.210946523548339,18.32799373337339,6.650048165393557,4.819416431800967,0.08302183402621977,0.2307285654697488,0.022189990035633815,0.6640596104683977,4,Expanded,False
1.8200000000000007,2.020000000000001,18.516562475003006,11.585395029877901,8.583310538564263,18.43788660526769,6.075932573860147,4.497536741275995,0.08787265026644371,0.10290419992947125,0.025959506990324576,0.7832636428137605,4,Expanded,False
1.8400000000000007,2.020000000000001,17.616453285172106,10.368438014670858,7.822919324681836,18.550003851501195,5.3952137259285315,4.115889603769203,0.08825390284446452,0.04605911755728293,0.028716387717576747,0.8369705918806758,4,Expanded,False
1.8600000000000008,2.020000000000001,16.81159995551555,9.384097054295934,7.207873593090122,18.65233969555066,4.770545899240097,3.7656676455075457,0.08771680144720503,0.02476096657855074,0.03122063168880493,0.8563016002854393,4,Expanded,False
1.8800000000000008,2.020000000000001,16.11092161591137,8.92165481109973,6.918925820686962,18.710553396118762,4.3210750864737015,3.513670437546619,0.0881595922570002,0.016472056110962696,0.03390372764182638,0.8614646239902107,4,Expanded,False
1.9000000000000008,2.020000000000001,15.518763123985712,8.901546283218563,6.906361409837702,18.704432761100133,4.03438219308095,3.352935175934067,0.0905930635472109,0.013012210209334681,0.03686948493979366,0.8595252413036607,4,Expanded,False
1.9200000000000008,2.020000000000001,15.024962938950466,9.090215651023982,7.024247685043228,18.63676363301225,3.841629809376948,3.244867953009701,0.09624849504810987,0.011598856530445874,0.040104898507309125,0.8520477499141351,4,Expanded,False
1.9400000000000008,2.020000000000001,14.627571079626502,9.316464510090196,7.165614752601982,18.5252838723695,3.6952305463158943,3.162788751221582,0.1071087945423316,0.011199780896653456,0.04354547156782142,0.8381459529931935,4,Expanded,False
1.9600000000000009,2.020000000000001,14.338012894788836,9.48506273736259,7.270959977693822,18.39187957864483,3.5661576532394257,3.090423632609055,0.12607199038235123,0.011377573667567371,0.04707662305670947,0.815473812893372,4,Expanded,False
1.9800000000000009,2.020000000000001,14.168769609929004,9.542433805637705,7.306807140496057,18.25240669013791,3.4339823596218837,3.0163191434921,0.15624151693083826,0.011914625183238176,0.050536780153408935,0.7813070777325146,4,Expanded,False
2.000000000000001,2.020000000000001,14.123751885943653,9.474563882587494,7.264399978591921,18.11728916910665,3.2991157550581454,2.9407057625295945,0.19859869566588934,0.012692937200316471,0.05378842103010678,0.7349199461036874,4,Expanded,False
1.0,2.040000000000001,99.91306812708646,13.280167746685583,9.642255322385543,6.458236418577196,4.093648294914054,3.3861629001031828,0.08139438163984715,0.007562165757818408,0.7796566207091753,0.13138683189315917,3,Y-dominant,True
1.02,2.040000000000001,98.92457926065816,13.442334133030146,9.743581740510912,6.843246294509053,4.078512181547713,3.3776767911070897,0.08206650815969771,0.007024512808449814,0.7951797521183038,0.11572922691354859,3,Y-dominant,True
1.04,2.040000000000001,97.27057767579024,13.746165999784314,9.933424996345268,7.536957859189739,4.052016185007661,3.362821728307482,0.082680048287859,0.006532804699048772,0.8095499417367038,0.10123720527638838,3,Y-dominant,True
1.06,2.040000000000001,94.49403259716766,14.40190053110712,10.343147583114154,8.739830366139552,4.038307910199982,3.3551361414364798,0.0832158334615194,0.006083702427281159,0.8224467644788499,0.0882536996323496,3,Y-dominant,True
1.08,2.040000000000001,89.77985253900634,15.491460643677577,11.023937394292796,10.695747130038951,4.098426632138796,3.38884188971748,0.08366099105764886,0.005674706575289225,0.8335431924293241,0.07712110993773783,3,Y-dominant,True
1.1,2.040000000000001,81.86027083951097,16.293693164340553,11.525196315175139,13.596838353861424,4.132577112453288,3.4079884626324364,0.08400799501058301,0.0053039186501131035,0.8424431003103011,0.06824498602900272,3,Y-dominant,True
1.12,2.040000000000001,69.37375493152494,14.825973310541297,10.608120964670764,17.45183656739011,3.368240714708622,2.9794608859715814,0.08425095626956217,0.0049697308448129794,0.848528786261925,0.062250526623699856,3,Y-dominant,True
1.1400000000000001,2.040000000000001,52.73448524250428,10.369264641774574,7.823435826069286,21.43182028683054,2.3238082181045803,2.3938965610536265,0.08437302425901813,0.00467015966246782,0.8505782978079479,0.060378518270566124,3,Y-dominant,True
1.1600000000000001,2.040000000000001,37.09435264713353,9.423291331399634,7.232363352031243,23.330903702091526,3.106777528831374,2.8328707382818816,0.08430042743015129,0.004400704439424407,0.8457234179415637,0.06557545018886056,3,Y-dominant,True
1.1800000000000002,2.040000000000001,27.084079690460566,10.93990215763486,8.17998724731898,22.74197992104242,3.8300517352451564,3.2383766697674843,0.08373590831159965,0.004146920944219856,0.8265068971952362,0.08561027354894427,3,Y-dominant,True
1.2000000000000002,2.040000000000001,22.465476815309145,11.28674283130268,8.39670369463672,20.808762318347686,4.116713771597728,3.3990946312845676,0.08171978884580856,0.0038659754663567993,0.7743713456540529,0.1400428900337818,3,Y-dominant,True
1.2200000000000002,2.040000000000001,20.864298228412245,10.746569267206649,8.059187063418404,18.74115947613434,4.331169872832972,3.5193301108896806,0.07691235565343864,0.003504156982092776,0.6621754819441843,0.25740800542028425,3,Y-dominant,True
1.2400000000000002,2.040000000000001,20.147388739331387,9.994184278260455,7.58907437422504,17.292385011007642,4.385601737315522,3.5498475048652467,0.07203190723928383,0.003191451130345306,0.5016590277865672,0.42311761384380364,3,Y-dominant,True
1.2600000000000002,2.040000000000001,19.484523952283176,9.115312039888474,7.0399286609152405,16.40418629692602,4.295341002115382,3.4992425431794314,0.07274768553615445,0.0031714562121259587,0.33906310102062914,0.5850177572310904,4,Expanded,False
1.2800000000000002,2.040000000000001,18.756481469244587,8.211883638214035,6.475439520854517,15.873593484729877,4.222863211396044,3.45860764457937,0.07761027558081704,0.0033775223057352973,0.20082576919235853,0.7181864329210891,4,Expanded,False
1.3000000000000003,2.040000000000001,18.039057501256988,7.419917515613056,5.980595353153275,15.60205962823324,4.183562604948362,3.4365736374432174,0.08189635607948231,0.003622612455786844,0.10866147804562286,0.8058195534191079,4,Expanded,False
1.3200000000000003,2.040000000000001,17.430017233419022,6.789048443555531,5.586409450522121,15.512029388634549,4.17632070141592,3.432513441722686,0.0842431731337874,0.003876151050842292,0.05907224478746307,0.8528084310279073,4,Expanded,False
1.3400000000000003,2.040000000000001,17.16977494190487,6.700457644148943,5.531055264090048,15.400012263608204,4.20967488346122,3.45121356753843,0.08538621504205816,0.004212325503035669,0.03447586355130182,0.8759255959036043,4,Expanded,False
1.3600000000000003,2.040000000000001,17.59914576782674,9.070283191724165,7.011793287120167,14.921294021991912,4.8602571793872675,3.8159645535104176,0.08607039054427182,0.004742369623069562,0.022130370764869976,0.8870568690677887,4,Expanded,False
1.3800000000000003,2.040000000000001,16.403860625159627,6.529781059026789,5.424411418727718,15.17530523060061,4.393951987253702,3.554529098442472,0.0867344767935805,0.005648320289278985,0.01564627176048944,0.891970931156651,4,Expanded,False
1.4000000000000004,2.040000000000001,15.202172148428934,4.924113814785231,4.421142404552742,15.537917282938375,3.9076375010536157,3.281875370474895,0.08770519378773896,0.007315060864140558,0.012090878414037734,0.8928888669340828,4,Expanded,False
1.4200000000000004,2.040000000000001,14.574866110691923,4.952759449555073,4.439041055633172,15.739106290469673,3.6158618673545075,3.1182904547143706,0.08941411857983482,0.01071921468805832,0.010120931027601641,0.8897457357045052,4,Expanded,False
1.4400000000000004,2.040000000000001,14.223234143315029,5.183188571892308,4.583020076961271,15.863655348223565,3.312670591643359,2.948305323784344,0.09266059721286606,0.018789144806273833,0.00913096014774213,0.879419297833118,4,Expanded,False
1.4600000000000004,2.040000000000001,14.131248627886663,5.1603890896111375,4.568774277158127,15.935869705304105,2.9949029116797807,2.7701478865123015,0.09880816656687345,0.04181949587485234,0.008885462619333285,0.8504868749389409,4,Expanded,False
1.4800000000000004,2.040000000000001,14.358559265214756,4.703012658285009,4.282991775827857,15.96939483849699,2.7337120683156764,2.6237104284989323,0.10801635032323958,0.11744724812311504,0.009205452506926502,0.7653309490467188,4,Expanded,False
1.5000000000000004,2.040000000000001,14.965973959166798,3.837762717416543,3.742357682242607,15.962798047003336,2.612466217768808,2.555733565604081,0.11019664804383374,0.3259434428383737,0.00917431128978259,0.55468559782801,4,Expanded,False
1.5200000000000005,2.040000000000001,16.018255104002893,2.8231279865150842,3.1083834949569775,15.885069995588722,2.590569276792452,2.5434569775983658,0.09566847891233927,0.5992148116699195,0.007973930405516189,0.297142779012225,2,Balanced,True
1.5400000000000005,2.040000000000001,17.67145641231551,2.3520384938589296,2.8140326619432683,15.67514326386879,2.5609949258762468,2.5268760258514193,0.08456342927113725,0.7537847804157825,0.0071985281932701135,0.1544532621198102,2,Balanced,True
1.5600000000000005,2.040000000000001,20.2233381379124,3.251754458026936,3.376202159792554,15.23795675655963,2.5806759362413683,2.5379102454736806,0.081653661090193,0.8179861333016999,0.007215724840954661,0.09314448076715244,2,Balanced,True
1.5800000000000005,2.040000000000001,24.067038349485532,5.129949516332193,4.549754719534967,14.42017018678367,2.9834324828932544,2.7637169549674283,0.08143187305436633,0.8457757654367617,0.007571327174986584,0.06522103433388544,2,Balanced,True
1.6000000000000005,2.040000000000001,29.439957527688158,7.64362054908393,6.120371712584637,13.00500880058481,3.8223487804625966,3.234057984230804,0.08162594439961245,0.8581818572602411,0.008074151339665533,0.05211804700048088,2,Balanced,True
1.6200000000000006,2.040000000000001,35.74038532707708,9.22605217639352,7.109122416956206,11.101081075331525,4.238874564959058,3.46758445971164,0.08171743766772227,0.8627598662111158,0.008678953321252285,0.04684374279990963,2,Balanced,True
1.6400000000000006,2.040000000000001,41.929038528886785,9.78440854712892,7.458000210680288,9.065753749891439,4.002558905847645,3.3350933510521044,0.08158773682279188,0.8621399013285732,0.009375082872296221,0.04689727897633874,2,Balanced,True
1.6600000000000006,2.040000000000001,45.29539922737519,12.739684445901664,9.304545158402188,8.132171218532827,5.397595903082299,4.117225178793358,0.08115931246001624,0.8566302488986444,0.010153946498423168,0.05205649214291623,2,Balanced,True
1.6800000000000006,2.040000000000001,44.76673488916299,14.455640342654437,10.376725827888334,8.781666065392793,6.441512885658174,4.702500479169402,0.08030946706012379,0.8448805615968757,0.010997217560095005,0.06381275378290541,2,Balanced,True
1.7000000000000006,2.040000000000001,40.3484937880659,14.375367445147457,10.326568915840946,10.915153585436183,6.795478090774368,4.900952171406327,0.07885758171745835,0.8238707098039595,0.01186988193273633,0.08540182654584588,2,Balanced,True
1.7200000000000006,2.040000000000001,34.408045274938345,14.024843226446304,10.107550879194834,13.692340829340376,7.035179831739488,5.035341697379792,0.0766541503888974,0.7890574412061593,0.012727353818565806,0.12156105458637755,2,Balanced,True
1.7400000000000007,2.040000000000001,29.066259005230442,13.348539128297851,9.684975810627378,16.071460926531692,7.376452081042771,5.226677044495355,0.07391047240159589,0.7354650734259879,0.013573715031241253,0.177050739141175,2,Balanced,True
1.7600000000000007,2.040000000000001,25.000766488315687,13.20024830060779,9.592319257383636,17.412073449322143,7.4169932976865205,5.249406603593275,0.07181067334587621,0.6582665576247165,0.014616800248507913,0.25530596878089934,2,Balanced,True
1.7800000000000007,2.040000000000001,22.27191549384733,13.475332373051474,9.764200029794969,17.96981025109533,7.327166466949919,5.199044911793351,0.07286423363418984,0.547932777706829,0.016458887502761654,0.36274410115621947,2,Balanced,True
1.8000000000000007,2.040000000000001,20.562649875544857,13.525947501791608,9.795825879108124,18.227935620611007,7.187049118174056,5.120487684771012,0.07912499514032396,0.39102731226169135,0.01984207664347108,0.5100056159545135,4,Expanded,False
1.8200000000000007,2.040000000000001,19.42210371828496,13.06279677630815,9.5064354257395,18.356094085260064,6.880437346382559,4.948584842083944,0.08698378358474279,0.21720803786556045,0.024196457238640785,0.671611721311056,4,Expanded,False
1.8400000000000007,2.040000000000001,18.53284802309627,12.080845559520835,8.89288287755915,18.448705666194666,6.372402946584727,4.663753777060604,0.09016300722157997,0.10038144917674323,0.02775216312398015,0.7817033804776966,4,Expanded,False
1.8600000000000008,2.040000000000001,17.72398977324313,10.785937472999898,8.083785498217196,18.554362666898193,5.711003934478965,4.292938365548241,0.08972580658523692,0.048190318783572966,0.030404201474895993,0.8316796731562941,4,Expanded,False
1.8800000000000008,2.040000000000001,16.95329847282706,9.594608255149238,7.339407300158205,18.666735108009753,5.045256264947833,3.919684865736379,0.08907894236810636,0.027730128871255918,0.03292984634605425,0.8502610824145834,4,Expanded,False
1.9000000000000008,2.040000000000001,16.254396780824333,8.89630353473192,6.903085583464197,18.745357746476795,4.528390209578182,3.629902305571289,0.0898833902861492,0.01941372368144477,0.035699920251250926,0.8550029657811551,4,Expanded,False
1.9200000000000008,2.040000000000001,15.655581037105344,8.72782177321676,6.7978131296678175,18.75848852177848,4.186568943120233,3.438259150281827,0.09312128476244086,0.01587501641156988,0.03878546316680697,0.8522182356591823,4,Expanded,False
1.9400000000000008,2.040000000000001,15.15332141422883,8.868344486593422,6.88561593228723,18.70230149707297,3.955992459320336,3.3089857280958554,0.10006631082577461,0.014472004150140258,0.04215590877690626,0.8433057762471788,4,Expanded,False
1.9600000000000009,2.040000000000001,14.73971005303047,9.113880912949371,7.039034449914485,18.59409543120531,3.7830888674029723,3.2120467919691253,0.11266121297665051,0.014175747203535156,0.04573756222262108,0.8274254775971932,4,Expanded,False
1.9800000000000009,2.040000000000001,14.421578487945158,9.34625054626093,7.184225960654187,18.460016250709323,3.639735956671254,3.1316755370813465,0.13341681118891247,0.014531598670428919,0.049415310520069956,0.8026362796205887,4,Expanded,False
2.000000000000001,2.040000000000001,14.213866192495743,9.493582537495234,7.276283404145163,18.321551996070834,3.5044744876753833,3.055840774147878,0.16441756805340163,0.015306415521330686,0.05304113906255909,0.7672348773627086,4,Expanded,False
1.0,2.060000000000001,100.74208794509752,12.037276423709443,8.865659575788056,6.063973724333349,3.978070632150461,3.3213639243035855,0.08182592364199202,0.007996371343132476,0.7691547073946624,0.1410229976202131,3,Y-dominant,True
1.02,2.060000000000001,100.14293478759615,12.215618216820744,8.97709287281934,6.240862296092866,4.0155900949952485,3.342399327743662,0.08252266160345043,0.007449918001943907,0.7845011404051508,0.12552627998945487,3,Y-dominant,True
1.04,2.060000000000001,99.13340726698844,12.411754122732006,9.099644464796826,6.578163323507363,4.0059709514480195,3.3370063250212874,0.0831710261201406,0.0069493995100689265,0.7988741046142643,0.11100546975552611,3,Y-dominant,True
1.06,2.060000000000001,97.44835097433334,12.73245084601934,9.300025388413168,7.216475071282952,3.9426814982116793,3.301522896384909,0.0837462945078713,0.006491067773853648,0.8119355853103689,0.09782705240790619,3,Y-dominant,True
1.08,2.060000000000001,94.60859444440342,13.367807613168685,9.697015337428672,8.382325133330095,3.8547140228211405,3.2522036579379208,0.08422756521713899,0.006072003374281545,0.823334822432011,0.08636560897656849,3,Y-dominant,True
1.1,2.060000000000001,89.75673791541644,14.486865204628884,10.39623605742263,10.354867160281385,3.8811734710100287,3.26703822979087,0.08459663133963195,0.0056898773220603795,0.8326645281903031,0.07704896314800458,3,Y-dominant,True
1.12,2.060000000000001,81.5350951065402,15.56920053802412,11.072511610054395,13.349581428345152,4.022776766242406,3.3464285573118073,0.08483401939056832,0.005342615046818228,0.8393520608709176,0.07047130469169582,3,Y-dominant,True
1.1400000000000001,2.060000000000001,68.48622601494426,14.560193443749919,10.442053738787175,17.36082769583028,3.402811925835471,2.9988433429239563,0.0849077796604388,0.005027759793672501,0.8423972036695024,0.06766725687638621,3,Y-dominant,True
1.1600000000000001,2.060000000000001,51.146572471138015,9.86666128206461,7.509394184486551,21.466277039966787,2.2572921416175102,2.3566041160646147,0.08474115823926497,0.00474088451588219,0.8397165537294188,0.07080140351543406,3,Y-dominant,True
1.1800000000000002,2.060000000000001,35.208824133113936,7.979292389680922,6.330109538282837,23.4158629771348,2.967686988230653,2.754889194453863,0.08411856040322971,0.004471201708599373,0.8264706873547667,0.08493955053340417,3,Y-dominant,True
1.2000000000000002,2.060000000000001,25.52548937497891,9.426399397025106,7.2343053645791375,22.789560183521843,3.8222540116795174,3.234004851818065,0.08246169306792077,0.004191606686434058,0.7913723303294814,0.12197436991616374,3,Y-dominant,True
1.2200000000000002,2.060000000000001,21.441635275851517,9.965668463802436,7.571256838765999,20.7979771425007,4.235928603323351,3.465932797165658,0.07877838867352654,0.0038587211078152314,0.7142885312479798,0.20307435897067846,3,Y-dominant,True
1.2400000000000002,2.060000000000001,20.155086208287052,9.912981811107283,7.5383366392045925,18.793368219931512,4.556906244931095,3.6458899094088353,0.07370032157478013,0.0035101357050137576,0.5858369801070974,0.3369525626131088,3,Y-dominant,True
1.2600000000000002,2.060000000000001,19.554037489792766,9.893481942904769,7.526152537163377,17.462508714848433,4.6542244224812865,3.7004516480800405,0.07191039338781904,0.0033661170658949237,0.4321374674962433,0.4925860220500427,4,Expanded,False
1.2800000000000002,2.060000000000001,18.9457814938418,9.650641161827343,7.374418339491484,16.676147956209963,4.586223202022032,3.662326552507764,0.0757699524432386,0.0035314707506077354,0.28002370014656974,0.6406748766595839,4,Expanded,False
1.3000000000000003,2.060000000000001,18.220333233806347,9.030218856644028,6.986759889880746,16.23811583401916,4.4515236394538595,3.586806824159175,0.0813007253324551,0.0038335107929189376,0.15802225504503634,0.7568435088295896,4,Expanded,False
1.3200000000000003,2.060000000000001,17.471138014794878,8.274635045238378,6.514648480549738,16.037402807644856,4.297674667156377,3.500550919736804,0.08497576717468315,0.0041352398236276676,0.08412334953739696,0.8267656434642923,4,Expanded,False
1.3400000000000003,2.060000000000001,16.887757846177415,7.740627149624909,6.180984343777213,15.947013382180597,4.190803479002674,3.4406332559836357,0.08678863590288567,0.004471350955775044,0.0464684011757814,0.8622716119655579,4,Expanded,False
1.3600000000000003,2.060000000000001,17.062373867995184,8.963781737095328,6.945247986543805,15.560925174330706,4.490816163912889,3.608836300103274,0.08769846519172439,0.004945637013835155,0.027989706081785547,0.879366191712655,4,Expanded,False
1.3800000000000003,2.060000000000001,16.800822903655714,9.449344439270881,7.248642114610426,15.381256535808934,4.834089962601724,3.8012938221018975,0.08834735454000603,0.00570318234668279,0.018625499129938574,0.8873239639833727,4,Expanded,False
1.4000000000000004,2.060000000000001,15.505672599477013,6.799588355562997,5.592995103413244,15.719767257657017,4.110846980459327,3.3958053966010793,0.08911042927318956,0.007002843913047542,0.01364104320398863,0.8902456836097743,4,Expanded,False
1.4200000000000004,2.060000000000001,14.685792180444896,5.842873010333863,4.995210684072056,15.948377814867584,3.723942764511067,3.178886345579303,0.09032685438006527,0.009419345320998971,0.010891782289679153,0.8893620180092566,4,Expanded,False
1.4400000000000004,2.060000000000001,14.281152061359942,5.518151549047268,4.792314983537077,16.04537824658733,3.4557667363269102,3.0285326219892874,0.09252327144143539,0.014450167351855722,0.009399557935246217,0.8836270032714627,4,Expanded,False
1.4600000000000004,2.060000000000001,14.091241961238746,5.238377371011542,4.61750369259485,16.07259729663259,3.177007283011012,2.8722452682099218,0.09667322998076515,0.026641861054606933,0.008736698035889124,0.8679482109287388,4,Expanded,False
1.4800000000000004,2.060000000000001,14.100467725031654,4.856886313686285,4.379136647136395,16.057285897972296,2.907857056687188,2.7213453574054665,0.10405733210528048,0.06157078984578652,0.008738043402097601,0.8256338346468354,4,Expanded,False
1.5000000000000004,2.060000000000001,14.367608503124192,4.288594861155282,4.024051116563616,16.01352432342101,2.731875882815748,2.622680965392235,0.11265344576577943,0.1681401468051736,0.009101949939320262,0.7101044574897267,4,Expanded,False
1.5200000000000005,2.060000000000001,14.9669411415489,3.534741499457058,3.553020944069366,15.935639257662269,2.6932189282952868,2.6010078237093026,0.10930271395073762,0.4031519539454441,0.008738805709487766,0.47880652639433047,4,Expanded,False
1.5400000000000005,2.060000000000001,15.995439608095316,2.768802982136669,3.0744396041643816,15.789803481138525,2.7032364405133538,2.6066241730649597,0.09359507061907701,0.6401372888236929,0.007574714014564949,0.25869292654266507,2,Balanced,True
1.5600000000000005,2.060000000000001,17.632907335245044,2.527858618664664,2.9238903450457787,15.515285056698053,2.6659910514104315,2.5857424299199767,0.08465276882029586,0.7620579223528061,0.007064531543937121,0.1462247772829609,2,Balanced,True
1.5800000000000005,2.060000000000001,20.145222501003225,3.4046986011754297,3.4717662439891557,15.026810724438846,2.667083943396321,2.586355163208156,0.0825345819321987,0.8153274122834144,0.00721105540901899,0.09492695037536789,2,Balanced,True
1.6000000000000005,2.060000000000001,23.89999551239316,5.246278907043138,4.622440809107201,14.175305458794506,3.0598472020571372,2.806559104734392,0.08248877094547144,0.8403360492344587,0.007640346211387266,0.06953483360868255,2,Balanced,True
1.6200000000000006,2.060000000000001,29.29704968728487,7.745064223095509,6.183756760255557,12.690659036837712,3.892759183310862,3.273533795396297,0.08274154325780289,0.8524058677007593,0.008209080203094509,0.05664350883834329,2,Balanced,True
1.6400000000000006,2.060000000000001,35.84530494402942,9.627532428127434,7.35997931013401,10.658627242399081,4.3859204400717084,3.5500261865559093,0.08286230055276418,0.8572575572153833,0.008881977652934641,0.05099816457891785,2,Balanced,True
1.6600000000000006,2.060000000000001,42.123646700173346,10.418465614163575,7.854178068113638,8.576416010405117,4.222887687666416,3.4586213672764172,0.08274251063197559,0.8569204642203886,0.009650621661075198,0.05068640348656061,2,Balanced,True
1.6800000000000006,2.060000000000001,45.18769067833489,13.015240709907427,9.476720970252536,7.806155546880926,5.498667482279699,4.173891273762208,0.08231400010072144,0.8515333760101503,0.010508277241105599,0.05564434664802264,2,Balanced,True
1.7000000000000006,2.060000000000001,44.28235006500225,14.475415591510625,10.389081996014804,8.6562383428729,6.473701283635159,4.720547004524432,0.0814817454255741,0.8398053205912758,0.01144066142754894,0.06727227255560117,2,Balanced,True
1.7200000000000006,2.060000000000001,39.45507994200172,14.365703364076554,10.320530508366618,11.003440511205692,6.860261302592065,4.937273080433373,0.08012995156346905,0.8190100098647939,0.012422945229470574,0.08843709334226652,2,Balanced,True
1.7400000000000007,2.060000000000001,33.359256890127746,13.807818222305826,9.971947152621844,13.870795633974987,7.027148814731792,5.030839082737096,0.07822661234467357,0.7850255343738313,0.013433036609184401,0.12331481667231077,2,Balanced,True
1.7600000000000007,2.060000000000001,27.995415508029765,13.13915080513083,9.554143711189019,16.236247011957524,7.308353974652019,5.1884976295245,0.07612452523729976,0.7326333653478551,0.014512815085863655,0.1767292943289815,2,Balanced,True
1.7800000000000007,2.060000000000001,24.122700774057382,13.265986137306054,9.633394227838936,17.49151995592972,7.379823557664074,5.228567273340349,0.0750694099032865,0.6547481304737387,0.01591393332230662,0.25426852630066815,2,Balanced,True
1.8000000000000007,2.060000000000001,21.696560695759427,13.716572580618612,9.914934141170313,18.001862580706575,7.371419690929054,5.223855619339355,0.07733423939267457,0.5389155022289839,0.01824227820855438,0.3655079801697872,2,Balanced,True
1.8200000000000007,2.060000000000001,20.25877350891794,13.832719423052353,9.987506169108192,18.240149794880885,7.296761113146036,5.181998055694988,0.08393704275269762,0.37647065861342066,0.02202404048629506,0.5175682581475867,4,Expanded,False
1.8400000000000007,2.060000000000001,19.32066173025995,13.418308189539315,9.728569610988362,18.355382527800003,7.057743992742987,5.047992364367189,0.09034961334075466,0.2084564471165945,0.026322382786829007,0.6748715567558219,4,Expanded,False
1.8600000000000008,2.060000000000001,18.568716555488905,12.482844153634147,9.14406364658972,18.436508069827614,6.613725138847361,4.799051814089763,0.09195584763565481,0.10074143542275622,0.029631554462538966,0.77767116247905,4,Expanded,False
1.8800000000000008,2.060000000000001,17.84223334128177,11.169845583018581,8.323662790634751,18.53654568925108,5.985268316032046,4.446705543374819,0.09098086616635204,0.05197296711607166,0.03220199428198043,0.8248441724355958,4,Expanded,False
1.9000000000000008,2.060000000000001,17.10641034619716,9.831795678691456,7.487609110617573,18.65619212428664,5.2961555326607614,4.060352319878634,0.0905195146481437,0.03198047396108202,0.03478666167282664,0.8427133497179476,4,Expanded,False
1.9200000000000008,2.060000000000001,16.409116454702065,8.912596461655015,6.913265892485747,18.753703284223704,4.718338103690149,3.736397182690599,0.09197561147015237,0.023532503218420243,0.03768403330893743,0.84680785200249,4,Expanded,False
1.9400000000000008,2.060000000000001,15.800244516286707,8.575733953405535,6.702784101955352,18.78758104955316,4.319982568991195,3.513057914224925,0.09628476496547697,0.01989556473760908,0.0409277658845772,0.8428919044123367,4,Expanded,False
1.9600000000000009,2.060000000000001,15.2874795326584,8.644796152527622,6.745936233680316,18.74629974975247,4.051167582038451,3.3623459564156613,0.10471497038719818,0.018525055627722123,0.04447035046651784,0.8322896235185618,4,Expanded,False
1.9800000000000009,2.060000000000001,14.859989233694634,8.890891454167269,6.899703953333667,18.645537433756296,3.853370642102217,3.251450487363143,0.1190608210712692,0.018380521168398174,0.04823158753824525,0.8143270702220874,4,Expanded,False
2.000000000000001,2.060000000000001,14.518798349560646,9.171334065064581,7.074932901159967,18.514582664120834,3.69797513751584,3.1643275148069723,0.14130848572120036,0.01898167995097214,0.05209808006560225,0.7876117542622253,4,Expanded,False
1.0,2.080000000000001,101.45987717326484,10.021291581615618,7.606011829735582,5.756720337862179,3.5978893379868215,3.1082141002726273,0.08226278389312039,0.008479386867775541,0.7585049226888141,0.15075290655029,3,Y-dominant,True
1.02,2.080000000000001,101.07385764455589,10.319497238846354,7.792339661248768,5.850550121024949,3.7193503712223275,3.1763116060105685,0.08297040662475431,0.007922528064042693,0.7735387103190768,0.13556835499212616,3,Y-dominant,True
1.04,2.080000000000001,100.40680558762647,10.599580933524079,7.967344347464769,6.022157529211375,3.823491437783025,3.2346986186084443,0.08363840156883294,0.007411753869283702,0.7877434032480775,0.12120644131380588,3,Y-dominant,True
1.06,2.080000000000001,99.31028093924263,10.924938470044863,8.1706374868685,6.340701961976326,3.884920443264699,3.2691389814296086,0.0842382813104725,0.006942978624763365,0.8007734109757626,0.1080453290890015,3,Y-dominant,True
1.08,2.080000000000001,97.52255012654471,11.395801585629659,8.464846872703768,6.948383116866246,3.875823993931233,3.2640390288425136,0.08474395397368516,0.006512961800777442,0.8122686750832581,0.0964744091422793,3,Y-dominant,True
1.1,2.080000000000001,94.55564077759048,12.15640678440207,8.940095795346645,8.088691737394182,3.7988970624200498,3.2209097056312763,0.08513088271730374,0.006119089422322363,0.8218263176985642,0.08692371016180973,3,Y-dominant,True
1.12,2.080000000000001,89.51686016231481,13.40610860309098,9.720946943768078,10.073456309442728,3.81451388181915,3.2296653239584856,0.08537280904903004,0.00575905602170078,0.8289263755588201,0.0799417593704491,3,Y-dominant,True
1.1400000000000001,2.080000000000001,80.94380496493433,14.84773085949521,10.621715733305512,13.155876618625484,4.0038107222842045,3.335795185827428,0.08543313432355476,0.005430316489805222,0.8327575219081712,0.07637902727846882,3,Y-dominant,True
1.1600000000000001,2.080000000000001,67.251455220135,14.437279818378117,10.365253622077011,17.326645634398435,3.455249157381804,3.028242439745276,0.08524348684105483,0.005128950151283939,0.8318118160535908,0.07781574695407048,3,Y-dominant,True
1.1800000000000002,2.080000000000001,49.20994198944793,9.805673283635823,7.47128705532913,21.53293081366162,2.174230397389704,2.31003529103915,0.08465098294741538,0.00484705527413073,0.8229386852731739,0.08756327650527995,3,Y-dominant,True
1.2000000000000002,2.080000000000001,33.06725611681295,6.866367236386786,5.6347205494370485,23.49906638362969,2.815533499800725,2.6695838683307525,0.0833038557632468,0.00456733745189951,0.7993090050470351,0.11281980173781865,3,Y-dominant,True
1.2200000000000002,2.080000000000001,23.787527386376546,8.1717007050807,6.450332019997212,22.80023467525012,3.821316330827656,3.2334791381345154,0.08055259949791517,0.004259283180506211,0.7477696145982451,0.16741850272333358,3,Y-dominant,True
1.2400000000000002,2.080000000000001,20.174606899483855,8.728847245211725,6.798453875302471,20.74320739912948,4.405594017058672,3.561056238631606,0.07614637098183194,0.003915602731826167,0.653545910291048,0.26639211599529394,3,Y-dominant,True
1.2600000000000002,2.080000000000001,19.080379330827164,8.941814595168886,6.931522257938564,18.814136435616234,4.842850537034008,3.8062054653818733,0.07256210785172551,0.003664684305849416,0.5211237243840527,0.40264948345837226,3,Y-dominant,True
1.2800000000000002,2.080000000000001,18.55478701536247,9.415292183986004,7.2273652450020975,17.6157355612182,4.999403516484114,3.893977379817383,0.07394253983884831,0.0037111183556129993,0.3715650255164215,0.5507813162891172,4,Expanded,False
1.3000000000000003,2.080000000000001,18.049029876356194,9.776506642628746,7.453062863937726,16.96966292907522,4.946885457055017,3.8645329665924093,0.07960972923244555,0.004027407940918809,0.22808212633634478,0.6882807364902909,4,Expanded,False
1.3200000000000003,2.080000000000001,17.443244078013695,9.595589294186137,7.3400202827490535,16.658250239738315,4.75271538642341,3.7556709130864534,0.08488825698915102,0.004404700539462271,0.12393811696520864,0.786768925506178,4,Expanded,False
1.3400000000000003,2.080000000000001,16.793203948167275,8.98269895050144,6.957068028406745,16.527828097855824,4.515867570814346,3.622881449232771,0.08783773925871653,0.004777494614057249,0.06604299044015288,0.8413417756870734,4,Expanded,False
1.3600000000000003,2.080000000000001,16.475976538993944,8.801501873778763,6.843850664605556,16.330628221471187,4.423267246996146,3.570964789917693,0.08922457587476584,0.005229850986786678,0.037462551815190946,0.8680830213232565,4,Expanded,False
1.3800000000000003,2.080000000000001,16.71127156454726,10.516866555566109,7.915661925263283,15.891053032735474,5.062071557971447,3.9291124120255705,0.08997435077210483,0.005892530049149531,0.02338955554621071,0.8807435636325349,4,Expanded,False
1.4000000000000004,2.080000000000001,16.01289668928184,9.56297711312148,7.319643214670862,15.942171685522748,4.845002952807434,3.8074122239741297,0.09061269951903934,0.006958057549199565,0.01614696362988472,0.8862822793018764,4,Expanded,False
1.4200000000000004,2.080000000000001,14.951982686748266,7.484369116534922,6.020866644948494,16.216426458425005,4.140099987971379,3.412206186169875,0.09147277634567602,0.008794798950850335,0.012235524229682557,0.887496900473791,4,Expanded,False
1.4400000000000004,2.080000000000001,14.327363017490217,6.552223790218419,5.438434309758703,16.371491621518516,3.714700255429019,3.173704504140268,0.0929204164250884,0.012246432394823151,0.010072293914271177,0.8847608572658173,4,Expanded,False
1.4600000000000004,2.080000000000001,14.055703659940445,5.987603324397263,5.085642521697423,16.40605995484342,3.3981396985407666,2.996223844171684,0.09556872014568615,0.019541911490791243,0.00893668555137505,0.8759526828121476,4,Expanded,False
1.4800000000000004,2.080000000000001,13.995487971940117,5.397403109196557,4.716867739628573,16.36244011944381,3.09992869452772,2.829030918045979,0.10044163634960898,0.0374023590764351,0.00852007499509776,0.8536359295788581,4,Expanded,False
1.5000000000000004,2.080000000000001,14.124634342803976,4.699231148336754,4.280628975084749,16.263873244832574,2.863028279839906,2.6962119643553377,0.10816305971571481,0.08738878116507448,0.008664347774710514,0.7957838113445002,4,Expanded,False
1.5200000000000005,2.080000000000001,14.48686062410267,3.879814939266307,3.7686331707103364,16.122286050665807,2.7827217258066614,2.6511878452745314,0.11388724423102956,0.2230585345503391,0.008897212405788531,0.6541570088128428,4,Expanded,False
1.5400000000000005,2.080000000000001,15.153514160476965,3.0334254895682635,3.2397836772352684,15.935446164327763,2.8662786473571993,2.698034293004808,0.10563172647084655,0.4611464403935066,0.008259949458769221,0.42496188367687765,2,Balanced,True
1.5600000000000005,2.080000000000001,16.23752803297087,2.4497554861093405,2.875089167165507,15.68133378503867,2.978252418142917,2.760812735567491,0.09120793879870014,0.6604820336812877,0.0072908692573456285,0.2410191582626666,2,Balanced,True
1.5800000000000005,2.080000000000001,17.90989249422948,2.601745240691019,2.9700569207836516,15.315626217661318,3.001540486521129,2.7738692634741486,0.08455336736992676,0.7615149417181432,0.007029577116145757,0.1469021137957843,2,Balanced,True
1.6000000000000005,2.080000000000001,20.385243433334402,3.5852200679466923,3.5845614664454586,14.769714225240895,2.9933108369740586,2.769255284880979,0.08327313002820261,0.8094784812099555,0.007303195762418518,0.09994519299942345,2,Balanced,True
1.6200000000000006,2.080000000000001,24.043280433135514,5.4540529265665985,4.752264243250268,13.884009066859686,3.3114687056208574,2.9476314826508263,0.08351630281322224,0.8340974782987223,0.007817652770683818,0.07456856611737163,2,Balanced,True
1.6400000000000006,2.080000000000001,29.40552467012497,7.824423274585357,6.233342673924543,12.342299296048877,4.023637120015289,3.3469109173282248,0.08390949928972734,0.846934187921529,0.008465005080839418,0.06069130770790431,2,Balanced,True
1.6600000000000006,2.080000000000001,36.10877720193499,9.82910146896245,7.48592568763657,10.195811515240118,4.48387939563017,3.6049471794087435,0.08411217480430638,0.8526214480417086,0.009218880751642141,0.05404749640234293,2,Balanced,True
1.6800000000000006,2.080000000000001,42.44655253115562,10.905338342673563,8.158390739893976,8.062721353520455,4.388165430657758,3.5512848475045504,0.08404556260016441,0.8529393670624874,0.01007454255532363,0.052940527782024537,2,Balanced,True
1.7000000000000006,2.080000000000001,45.21008261134243,13.212675337724669,9.600084042598057,7.444662812530287,5.557660036594944,4.206965632665355,0.08367045887048351,0.848079256162016,0.011029308865991932,0.057220976101508614,2,Balanced,True
1.7200000000000006,2.080000000000001,43.86928428612266,14.498545934788883,10.403534527684444,8.518261988582731,6.5060799704356445,4.738700215899705,0.08293612283493398,0.8369579153433303,0.012075780735252851,0.06803018108648284,2,Balanced,True
1.7400000000000007,2.080000000000001,38.59517562218423,14.347431364637433,10.309113615526563,11.096989824473866,6.898523952064997,4.958725153766059,0.08179568962837629,0.8171311751420309,0.01320176135825956,0.08787137387133329,2,Balanced,True
1.7600000000000007,2.080000000000001,32.348741070466374,13.535110524719968,9.801551210438864,14.041487677486993,6.980831221601518,5.004870980211236,0.08030706783841234,0.7845414976680115,0.01440637872528664,0.12074505576828952,2,Balanced,True
1.7800000000000007,2.080000000000001,27.015536117815845,12.971104781173718,9.449143519277454,16.368771413689952,7.231179469094883,5.145229503155033,0.0788985121752828,0.733086318108949,0.015760937997385354,0.17225423171838283,2,Balanced,True
1.8000000000000007,2.080000000000001,23.36715903539791,13.364433496460542,9.694907088191085,17.529493773882983,7.349105387908143,5.2113450360063585,0.07879357601235236,0.6533074207888518,0.017544920794254546,0.25035408240454127,2,Balanced,True
1.8200000000000007,2.080000000000001,21.225899033468387,13.913837067763275,10.03819090452469,17.996554030995615,7.404356142022686,5.242321542998898,0.08190204959230812,0.5312893536293792,0.020328288258108226,0.3664803085202044,2,Balanced,True
1.8400000000000007,2.080000000000001,20.022519670000452,14.053558022761624,10.12549274448157,18.219900179680184,7.374984169708844,5.225854055444282,0.08818604781519834,0.36500239466171486,0.0243666576303929,0.5224448998926938,4,Expanded,False
1.8600000000000008,2.080000000000001,19.252745769251543,13.680088430068988,9.892137750519508,18.328993087560875,7.190294672080765,5.1223073146547495,0.09286768175682372,0.20385519474781727,0.02848017450519809,0.674796948990161,4,Expanded,False
1.8800000000000008,2.080000000000001,18.6164772035332,12.807414673294378,9.346865034273002,18.4045174862539,6.8063241527246365,4.907033049744159,0.09321162408415204,0.10398853659352308,0.031553826230099224,0.7712460130922256,4,Expanded,False
1.9000000000000008,2.080000000000001,17.965757932195185,11.518785594784374,8.541690967310817,18.500325187994818,6.219749344104198,4.578168060440861,0.09209315018306939,0.05780230858599236,0.034102830668766626,0.8160017105621716,4,Expanded,False
1.9200000000000008,2.080000000000001,17.26788429208131,10.088731847682118,7.648150529079976,18.624556277274642,5.523476214063652,4.187800366332935,0.09214651935551539,0.03800034151771732,0.036804574812241746,0.8330485643145256,4,Expanded,False
1.9400000000000008,2.080000000000001,16.57520254911511,8.97276098663135,6.950858490751537,18.738593255978845,4.892966790548643,3.834303298657009,0.09452349544394542,0.02933342127854387,0.03987717354881872,0.836265909728692,4,Expanded,False
1.9600000000000009,2.080000000000001,15.955005862697046,8.453097179291197,6.626156970207759,18.793846370649177,4.437150153130104,3.5787482843844614,0.10010927804415787,0.025584902266770383,0.04332034460562312,0.8309854750834487,4,Expanded,False
1.9800000000000009,2.080000000000001,15.429675014333956,8.426427270669043,6.6094928120346115,18.770338852080034,4.129145820775251,3.406064698290002,0.11011808940730451,0.024276918299265822,0.04707605287914487,0.8185289394142848,4,Expanded,False
2.000000000000001,2.080000000000001,14.989396855963761,8.651715131454756,6.750259419067712,18.680812844191514,3.907987989859967,3.2820718731133613,0.1261028454909473,0.024344006031884666,0.05106309359621819,0.7984900548809498,4,Expanded,False
1.0,2.100000000000001,102.27980539060557,6.694891911541882,5.527577627558648,5.4127378525185375,2.781401483060362,2.650447647076009,0.08272392188576999,0.009014735670313198,0.7479400851870983,0.16032125725681845,3,Y-dominant,True
1.02,2.100000000000001,102.04765366465485,7.070282693655861,5.762133038246969,5.462407048851093,2.9406406078112908,2.739725557221938,0.08343027193536057,0.008445736796169272,0.7625543849799112,0.1455696062885589,3,Y-dominant,True
1.04,2.100000000000001,101.5935926828077,7.451341696876691,6.0002301233528215,5.561541069388187,3.123530508197994,2.842263348225632,0.08410465996359794,0.007923139868035663,0.7764577852775723,0.1315144148907942,3,Y-dominant,True
1.06,2.100000000000001,100.81685299822279,7.906167856597088,6.284419138555167,5.739774155149321,3.3187555118525816,2.9517168532092506,0.08471671093365134,0.007442616488104824,0.7893098257542336,0.11853084682401023,3,Y-dominant,True
1.08,2.100000000000001,99.56471923053954,8.543316661494606,6.6825288064610096,6.062762198800302,3.5063463096436998,3.056890216951322,0.08523797134133969,0.007000727503513541,0.8007593814943094,0.10700191966083739,3,Y-dominant,True
1.1,2.100000000000001,97.57937782901601,9.445010113831428,7.245933898181184,6.67246613420525,3.6471561438287416,3.135835688070297,0.08564155724684339,0.0065947309227009435,0.8104289101332328,0.09733480169722283,3,Y-dominant,True
1.12,2.100000000000001,94.37925434179543,10.638592057148575,7.991719666623187,7.815725357242928,3.710599752745963,3.171405544568218,0.08589988044631766,0.006222299699643898,0.8178668462043277,0.09001097364971071,3,Y-dominant,True
1.1400000000000001,2.100000000000001,89.06707316027696,12.259294670957246,9.004383230296169,9.821186135528766,3.828305929410948,3.2373978783012385,0.08597866921418969,0.005881074738970509,0.8224358508464478,0.08570440520039202,3,Y-dominant,True
1.1600000000000001,2.100000000000001,80.09496291224515,14.182333139482235,10.205955296648524,12.987690831631443,4.066800535571486,3.3711106203952,0.08582338290214982,0.005567865847697535,0.8230660655308588,0.08554268571929388,3,Y-dominant,True
1.1800000000000002,2.100000000000001,65.73279331666966,14.392603514421113,10.337338528468,17.319504677642453,3.513941857286441,3.061148684341283,0.08532942851052432,0.005277070577243925,0.8177159744884778,0.09167752642375397,3,Y-dominant,True
1.2000000000000002,2.100000000000001,47.05488081906787,9.879454766290706,7.517387936836803,21.609713839999444,2.0369609117348606,2.233074727325681,0.08428141128856369,0.004997590523270069,0.8022367383205997,0.10848425986756655,3,Y-dominant,True
1.2200000000000002,2.100000000000001,30.86731493377489,6.348654327126214,5.311238008479531,23.55852942972671,2.623198079875343,2.5617504174446344,0.08227203230271805,0.004708996138897454,0.76844589479207,0.14457307676631448,3,Y-dominant,True
1.2400000000000002,2.100000000000001,22.143210739667044,7.86644156675353,6.259596962110381,22.76068506958892,3.8108319721837125,3.2276010498794103,0.07885549824511646,0.0043906822038217025,0.7035745695321232,0.21317925001893873,3,Y-dominant,True
1.2600000000000002,2.100000000000001,18.95356972781674,8.569816965720811,6.699086990724723,20.652602333092325,4.610603476748198,3.6759954292975614,0.07477035762722077,0.004086898726774218,0.5993074257977168,0.3218353178482882,3,Y-dominant,True
1.2800000000000002,2.100000000000001,17.964560084148626,8.925031108361816,6.9210354324,18.827753981438914,5.160984842453152,3.9845684523549103,0.07339849291530626,0.003980645201202821,0.46470150407716593,0.45791935780632503,3,Y-dominant,True
1.3000000000000003,2.100000000000001,17.50219695023029,9.470647804446612,7.261953095609208,17.782857754575172,5.350359237786728,4.0907417956019,0.07735938726001199,0.004215968001849075,0.3163160791348746,0.6021085656032644,4,Expanded,False
1.3200000000000003,2.100000000000001,17.117027006259644,10.055664326098691,7.627488950599632,17.28815913477102,5.275414167831939,4.048723609231123,0.08372006280416754,0.00465562656808044,0.18415803835395791,0.7274662722737941,4,Expanded,False
1.3400000000000003,2.100000000000001,16.676669859890264,10.242119323624634,7.743991620892448,17.094158371165395,5.047252572910325,3.920804101999312,0.08829565047988458,0.005104867182848412,0.09803798214441949,0.8085615001928476,4,Expanded,False
1.3600000000000003,2.100000000000001,16.243712435250814,9.952139955682854,7.5628038214592905,16.994236126226788,4.804286584072425,3.78458446531194,0.0905674779444062,0.005572407218067665,0.05304933640712951,0.8508107784303967,4,Expanded,False
1.3800000000000003,2.100000000000001,16.239799876226392,10.280424655397333,7.767925940150107,16.686926099855818,4.927367280580494,3.853590040296938,0.09161132357481327,0.006178953002191137,0.031098225842324922,0.8711114975806706,4,Expanded,False
1.4000000000000004,2.100000000000001,16.28045385837115,11.357040372255875,8.440627704959514,16.365455803903686,5.475022952519232,4.160634894673843,0.092225362977451,0.0070862299354603,0.020151821497820913,0.8805365855892677,4,Expanded,False
1.4200000000000004,2.100000000000001,15.613792028472636,10.268087320763255,7.760217203735218,16.42893320442073,5.154640390984469,3.981011415922864,0.09283948758019568,0.008551360292896106,0.014414266465381778,0.8841948856615265,4,Expanded,False
1.4400000000000004,2.100000000000001,14.765607590780467,8.435962305107793,6.615450587305794,16.623090972630585,4.486015965422478,3.606145053902443,0.09376288656217667,0.011089567592935503,0.011272461386032048,0.8838750844588558,4,Expanded,False
1.4600000000000004,2.100000000000001,14.190084204434346,7.256815772705855,5.8786844962160245,16.749893529432065,3.9492222846359524,3.3051900086199413,0.09538503690663458,0.01590062642450578,0.009537160085672378,0.8791771765831873,4,Expanded,False
1.4800000000000004,2.100000000000001,13.920350238681106,6.5206805939498675,5.418725175417343,16.77680195488089,3.515189272718939,3.0618480516800033,0.09834573633837183,0.026153918714602303,0.00866531390941477,0.8668350310376111,4,Expanded,False
1.5000000000000004,2.100000000000001,13.883438900770063,5.8567126141682175,5.003858083304531,16.718570656765134,3.118496143582887,2.8394408160592914,0.10347338075634081,0.05112089804573216,0.0084158785761389,0.8369898426217881,4,Expanded,False
1.5200000000000005,2.100000000000001,14.056759881771109,5.0887054252926065,4.523984175416173,16.584012236509956,2.8047168032907073,2.6635194538182536,0.11020511079051723,0.11750319031523401,0.008587099193373351,0.7637045997008755,4,Expanded,False
1.5400000000000005,2.100000000000001,14.464297234075605,4.162163542930099,3.9450530399375108,16.373893006197594,2.69545971511423,2.6022641278028518,0.11181461551602097,0.2739416770454035,0.008599688382199844,0.6056440190563757,4,Expanded,False
1.5600000000000005,2.100000000000001,15.174553181340158,3.193627135065459,3.339882466398212,16.084605245151486,2.8261869728952664,2.6755567711281283,0.10099059331635321,0.49928866142106076,0.00785404767702843,0.3918666975855576,2,Balanced,True
1.5800000000000005,2.100000000000001,16.329568594104835,2.5938872783918865,2.965147030445197,15.706153831808138,3.061982620961995,2.8077563339794662,0.08911375818273214,0.6683611131293485,0.007147144912138297,0.23537798377578104,2,Balanced,True
1.6000000000000005,2.100000000000001,18.10987664870388,2.954864465407643,3.1906963949575307,15.21335115783518,3.2597972590656568,2.9186617255645517,0.08455343610669935,0.757050870743558,0.007107294575265239,0.15128839857447737,2,Balanced,True
1.6200000000000006,2.100000000000001,20.697571904127084,4.1478895565614815,3.9361342254796905,14.554146165832028,3.4085956007754117,3.0020859782524845,0.08408800314442127,0.8031287544155737,0.007507095612875155,0.1052761468271298,2,Balanced,True
1.6400000000000006,2.100000000000001,24.447790703024655,6.0028540459624695,5.095171629577685,13.567661300879678,3.7409566494997493,3.188425233070858,0.08466776441640267,0.8286446851473318,0.008117122507828787,0.0785704279284367,2,Balanced,True
1.6600000000000006,2.100000000000001,29.833569222400314,7.918713328704027,6.292257925500735,11.940381300897295,4.251925988941967,3.4749017811264937,0.08523308343741859,0.8427017562941742,0.008855192624628283,0.06320996764377897,2,Balanced,True
1.6800000000000006,2.100000000000001,36.62514060444024,9.72342527270804,7.41989603322458,9.685533836054912,4.5347059029696055,3.633443218697951,0.08553493833711312,0.849361027392115,0.009703156800266064,0.05540087747050574,2,Balanced,True
1.7000000000000006,2.100000000000001,42.95875191584495,11.097165695107156,8.278250218536298,7.511906762731437,4.470926799942872,3.5976852663849446,0.08553970421574655,0.850408176907636,0.010661282757825423,0.053390836118791946,2,Balanced,True
1.7200000000000006,2.100000000000001,45.379407774532375,13.267126030903617,9.634106467519974,7.049818568888371,5.577033184869233,4.217827248449673,0.08524853065019332,0.8462117768201185,0.011732531002534352,0.05680716152715385,2,Balanced,True
1.7400000000000007,2.100000000000001,43.50517908480357,14.443042976712206,10.368854616119277,8.382269698741782,6.5138438977678685,4.743053085885833,0.08465705697346407,0.8359016340692534,0.012917517034509808,0.06652379192277263,2,Balanced,True
1.7600000000000007,2.100000000000001,37.78768551263694,14.21676738534771,10.227470845419422,11.181451003938152,6.882161915660578,4.949551727208968,0.08377398364644768,0.8171592629750677,0.01421609541779274,0.08485065796069183,2,Balanced,True
1.7800000000000007,2.100000000000001,31.41826183616616,13.216048358455167,9.602191607035968,14.182502984836074,6.900568570680686,4.959871475546838,0.08271384652685111,0.7856752981085469,0.01564456687172685,0.11596628849287521,2,Balanced,True
1.8000000000000007,2.100000000000001,26.159654685699955,12.86713997610041,9.384183193363812,16.454859775830805,7.150512912190437,5.100003547345736,0.08193243428517621,0.7342343439814785,0.01729508336843961,0.1665381383649057,2,Balanced,True
1.8200000000000007,2.100000000000001,22.748288536347854,13.478329828010946,9.766072929483872,17.52468682611168,7.320389224009838,5.195245229477914,0.08256464877321469,0.6514438670008096,0.019457175383971317,0.24653430884200442,2,Balanced,True
1.8400000000000007,2.100000000000001,20.85907315716769,14.062812870053426,10.131275450426457,17.958880630233253,7.424475629738982,5.253601596310714,0.08605239911571713,0.5235438763048932,0.022619985373354252,0.3677837392060354,2,Balanced,True
1.8600000000000008,2.100000000000001,19.84680532242674,14.204396961093614,10.219741433618289,18.172622292109704,7.427732974421327,5.255427836729453,0.09145850100523963,0.3561649577584542,0.02675251399620709,0.5256240272400992,4,Expanded,False
1.8800000000000008,2.100000000000001,19.211393761400764,13.870723598550795,10.011252316900391,18.28124717875914,7.2871614243025284,5.176615960312713,0.09444530598161438,0.2033188760234522,0.030606337215714267,0.6716294807792191,4,Expanded,False
1.9000000000000008,2.100000000000001,18.671736405369746,13.069799913245578,9.510811195573844,18.356233351088232,6.958412394102345,4.99230179490468,0.09401255606253864,0.11050398957735195,0.03350844699633586,0.7619750073637735,4,Expanded,False
1.9200000000000008,2.100000000000001,18.091124871814788,11.833607019852051,8.738400828523687,18.44945041720247,6.41888997487852,4.68981687393743,0.0931682660191582,0.06630761770116125,0.03611715412777759,0.804406962151903,4,Expanded,False
1.9400000000000008,2.100000000000001,17.43447524534439,10.358450633894401,7.816678909862562,18.57602268402659,5.729519482869124,4.303319165292429,0.0940334251744301,0.046479158671220364,0.038999042849888754,0.8204883733044608,4,Expanded,False
1.9600000000000009,2.100000000000001,16.750950372760567,9.076486431782094,7.015669257412224,18.703771295898296,5.056069086186347,3.9257471075658663,0.09755193696295454,0.03751825177562586,0.042298914182860484,0.8226308970785591,4,Expanded,False
1.9800000000000009,2.100000000000001,16.119977324710952,8.366873999079738,6.572282143203587,18.78015947680422,4.542486320459394,3.6378053339421643,0.10455865618355333,0.033650599790600706,0.04599328997970345,0.8157974540461426,4,Expanded,False
2.000000000000001,2.100000000000001,15.580604989821714,8.221552029582117,6.481480621531697,18.776570385494967,4.19323469169126,3.4419963229327712,0.11616585094105043,0.032442803111028595,0.05002152118178899,0.8013698247661319,4,Expanded,False
1.0,2.120000000000001,102.80253183509835,5.246260802401177,4.62242949678433,5.109146937693673,1.736984826528689,2.0648922029438523,0.08323088254564602,0.0096067511766902,0.737691088855238,0.1694712774224257,3,Y-dominant,True
1.02,2.120000000000001,102.75575678990349,5.188937982756595,4.586612481172408,5.107649945702059,1.8621752909002922,2.135080625837893,0.08392699630570391,0.009023885186368208,0.7518196685113168,0.15522944999661106,3,Y-dominant,True
1.04,2.120000000000001,102.55155723874535,5.001009278364838,4.469188994664556,5.137739244158206,2.0214538168501703,2.2243806263884567,0.08459825286478116,0.008487912068113218,0.7653381881264459,0.1415756469406597,3,Y-dominant,True
1.06,2.120000000000001,102.1029602765466,4.7194714502596655,4.293275722304404,5.217722973920956,2.2148463333706925,2.332806741765692,0.08521416773502713,0.007994369066807092,0.7779239666650355,0.1288674965331303,3,Y-dominant,True
1.08,2.120000000000001,101.28518867747731,4.593022042105581,4.214266342548587,5.381379261237187,2.451821677634769,2.4656677049561178,0.08574644218979119,0.007539749718128654,0.7892520226009361,0.11746178549114404,3,Y-dominant,True
1.1,2.120000000000001,99.91721437152408,5.109382013239437,4.536903527218556,5.702398385969095,2.745830720451108,2.6305047884787998,0.08616906355138582,0.0071213321785938396,0.7989885938137888,0.10772101045623149,3,Y-dominant,True
1.12,2.120000000000001,97.71690171625175,6.496994494527698,5.403925390653622,6.330002146532045,3.074914885703941,2.815006848395573,0.08645689051232382,0.006736927745866772,0.806762135891645,0.10004404585016438,3,Y-dominant,True
1.1400000000000001,2.120000000000001,94.19789998793068,8.474962490309135,6.6398190718096135,7.5049241571195875,3.392422051826554,2.993018227773101,0.08658167973667091,0.00638451482550934,0.8120927816229604,0.09494102381485937,3,Y-dominant,True
1.1600000000000001,2.120000000000001,88.4937172201585,10.88673464030906,8.146766589125393,9.553073474104288,3.7735276520944967,3.2066862668938265,0.08650352710499429,0.006061664492616622,0.8142415535208198,0.09319325488156921,3,Y-dominant,True
1.1800000000000002,2.120000000000001,79.03660029542189,13.55935818267964,9.81670187380607,12.815353350452597,4.148906556295262,3.417143616068107,0.08615349531493587,0.00576453488066421,0.8118959069252709,0.09618606287912895,3,Y-dominant,True
1.2000000000000002,2.120000000000001,64.00737721932113,14.345522517317162,10.307920910514932,17.314554616786133,3.5852570094558494,3.10113174602529,0.08539943359243571,0.005486000363116893,0.8025184241534035,0.10659614189104392,3,Y-dominant,True
1.2200000000000002,2.120000000000001,44.805777317683834,9.67483762696505,7.3895370160493385,21.673410329619458,1.893646751566625,2.1527251980617406,0.08398938213411446,0.005212646428192039,0.7810973967331141,0.1297005747045795,3,Y-dominant,True
1.2400000000000002,2.120000000000001,28.807944909565215,6.110416890692514,5.162380118497905,23.56513198480073,2.392939705760067,2.432655344441909,0.08153645855967874,0.004924375370709552,0.7385419333509982,0.1749972327186136,3,Y-dominant,True
1.2600000000000002,2.120000000000001,20.796688513065334,8.053107279551693,6.376231293620172,22.650418597399447,3.7663433772934303,3.2026583809006293,0.07794428151003077,0.004619229511390506,0.6631834738388726,0.2542530151397062,3,Y-dominant,True
1.2800000000000002,2.120000000000001,17.98427524716427,8.997125133194094,6.966081939688969,20.532737938781114,4.792607741330565,3.7780366858353376,0.07486226030836597,0.004395893118905693,0.5514229914217056,0.3693188551510228,3,Y-dominant,True
1.3000000000000003,2.120000000000001,17.078356837264714,9.42962240403168,7.236319195946601,18.85904406658979,5.429279854853662,4.1349888848155825,0.07586844739559755,0.004464664551566831,0.41310719392929135,0.5065596941235443,4,Expanded,False
1.3200000000000003,2.120000000000001,16.695898757080254,9.85142990628601,7.49987716443353,17.982723084166174,5.616342348393054,4.239866053137156,0.081646128587273,0.004880588515274896,0.26673435886145047,0.6467389240360016,4,Expanded,False
1.3400000000000003,2.120000000000001,16.41942514353235,10.346357927121417,7.809123024266498,17.61736912352321,5.515041102127232,4.183071194612678,0.08786956667471232,0.005422912581941588,0.14894182700882125,0.7577656937345248,4,Expanded,False
1.3600000000000003,2.120000000000001,16.128415581171783,10.684804588001418,8.020594640835645,17.50090488125016,5.292430526323129,4.058263883499545,0.09156801609753855,0.005951082727732569,0.0790164719050014,0.8234644292697275,4,Expanded,False
1.3800000000000003,2.120000000000001,15.926532349854156,10.782513054922925,8.08164581917689,17.40001675751989,5.121854567065841,3.9626299418570787,0.09322681722582465,0.0065392935955725364,0.04383480854352139,0.8563990806350814,4,Expanded,False
1.4000000000000004,2.120000000000001,16.043098016075135,11.349031551600929,8.435623553799298,17.1017112699053,5.377350156553848,4.105874338086142,0.0939582506429257,0.007338098010230575,0.02662496441805305,0.8720786869287906,4,Expanded,False
1.4200000000000004,2.120000000000001,16.03097274346631,12.03566505803044,8.864652746221067,16.84532689795103,5.816872952636292,4.352294159578579,0.09442182465193091,0.00854763939865941,0.017889876657423993,0.8791406592919857,4,Expanded,False
1.4400000000000004,2.120000000000001,15.587023605970879,11.44620746552877,8.496341977070111,16.823164263499358,5.6795057155112785,4.275278791199585,0.0949746378795682,0.010507523350173485,0.013224155751852661,0.8812936830184056,4,Expanded,False
1.4600000000000004,2.120000000000001,14.98733428129591,10.095623612784483,7.6524567104540875,16.911169241345842,5.181988296031754,3.9963441038744576,0.09590534969098072,0.013916500931281823,0.010638006641852112,0.8795401427358853,4,Expanded,False
1.4800000000000004,2.120000000000001,14.475423541446835,8.746495073928624,6.809480767569614,17.000891897628996,4.608506846939433,3.6748199472797536,0.09759581144125516,0.02040839911733085,0.009215480082028566,0.8727803093593854,4,Expanded,False
1.5000000000000004,2.120000000000001,14.158886921367383,7.675623225621793,6.14036794396835,17.04030686878009,4.052776013772757,3.3632477286658906,0.10060217662672723,0.03423529213110211,0.008531281287506064,0.8566312499546646,4,Expanded,False
1.5200000000000005,2.120000000000001,14.064156195498885,6.79915294475671,5.592723045692722,17.007569939291454,3.521065038328612,3.0651423179286996,0.105310634799762,0.06719330625396577,0.008372167834021477,0.8191238911122507,4,Expanded,False
1.5400000000000005,2.120000000000001,14.197859798603849,5.933865090965747,5.0520652629772895,16.886631214939836,3.046511447675591,2.799082372597952,0.10995732610470584,0.148808619860861,0.008482158567092156,0.732751895467341,4,Expanded,False
1.5600000000000005,2.120000000000001,14.569191226302925,4.944033946382274,4.433589099757664,16.65949554077758,2.735226156944807,2.6245593069940627,0.1078175285120118,0.31581259968200626,0.008297643816647502,0.5680722279893344,4,Expanded,False
1.5800000000000005,2.120000000000001,15.23301465415824,3.8386284864676523,3.7428986406918274,16.313170472910407,2.693915520784764,2.6013983704532713,0.09668274786978664,0.5225943303860962,0.00759275242917936,0.37313016931493787,2,Balanced,True
1.6000000000000005,2.120000000000001,16.347120581680326,2.88586018382413,3.1475804518463883,15.845793019210054,2.88823564679915,2.710344552975897,0.08760711420269572,0.6699539557806347,0.007151400293380587,0.23528752972328898,2,Balanced,True
1.6200000000000006,2.120000000000001,18.12412761951404,2.8039879782227297,3.09642424417221,15.249965949349576,3.179587069058051,2.873691633274183,0.08484210196831662,0.7518140883957648,0.00730902299059753,0.15603478664532103,2,Balanced,True
1.6400000000000006,2.120000000000001,20.809029190822663,4.20142969102566,3.9695877060282365,14.47078819153182,3.523590571226158,3.0665582657960995,0.08512226317792833,0.797864153730141,0.007836717046669337,0.10917686604526139,2,Balanced,True
1.6600000000000006,2.120000000000001,24.78538894894358,6.496208074904767,5.403434012105137,13.32927348093863,4.048410976271244,3.3608004568257996,0.08602845737370823,0.8247112719107994,0.008552299763447025,0.08070797095204536,2,Balanced,True
1.6800000000000006,2.120000000000001,30.375649797377246,8.223758087588767,6.482859032687234,11.545594960906,4.519740725613608,3.6250529455072615,0.0867520231779743,0.8399118787344684,0.009392796061109723,0.06394330202644756,2,Balanced,True
1.7000000000000006,2.120000000000001,37.363491474334246,9.474423055719434,7.264311985744341,9.134883561484376,4.573580629106067,3.655238454714145,0.08713900145370936,0.8473396486270234,0.01034823679185167,0.055173113127415595,2,Balanced,True
1.7200000000000006,2.120000000000001,43.6815919541849,10.937394019886382,8.17842008768777,6.920210619173666,4.475365805021816,3.600174008377185,0.08720924434547339,0.8489379811305799,0.01142485427070268,0.05242792025324398,2,Balanced,True
1.7400000000000007,2.120000000000001,45.6779035906015,13.111196989626528,9.536677329518714,6.635879734472448,5.557728954655814,4.207004271790353,0.08700421215619407,0.8452620087833874,0.012631643326665123,0.05510213573375335,2,Balanced,True
1.7600000000000007,2.120000000000001,43.164987068843814,14.215556010510921,10.226713942117907,8.256188624349061,6.46594363514095,4.716197654788349,0.08655571799077065,0.8355555216395991,0.013976351246600278,0.06391240912302991,2,Balanced,True
1.7800000000000007,2.120000000000001,37.048122192054265,13.938844369233621,10.053816215922994,11.242815607869677,6.807044737129745,4.907437047630184,0.08590703006037202,0.8174432577206101,0.015467881204966907,0.08118183101405094,2,Balanced,True
1.8000000000000007,2.120000000000001,30.582001264626683,12.880863540230097,9.392758087511236,14.28362379699181,6.793593689996831,4.8998956762544035,0.0851993640288775,0.7861914326623545,0.017133774672885724,0.11147542863588232,2,Balanced,True
1.8200000000000007,2.120000000000001,25.439321578054933,12.82545816631287,9.358139149453377,16.487137783581126,7.069728148502111,5.054711318535716,0.08488109940905826,0.7335789448648198,0.019077292950775118,0.1624626627753468,2,Balanced,True
1.8400000000000007,2.120000000000001,22.264454557496524,13.583884233589906,9.832026485431918,17.478525424655096,7.287935460324906,5.177049926014067,0.08595081377527568,0.6471282102651817,0.021578777409694116,0.24534219854984848,2,Balanced,True
1.8600000000000008,2.120000000000001,20.587668407575958,14.16225941309463,10.193412630815402,17.893665669727504,7.430406883813495,5.256926972339661,0.08935540470477735,0.5149630050074094,0.025012326048389506,0.3706692642394237,2,Balanced,True
1.8800000000000008,2.120000000000001,19.723434695559785,14.30020240860788,10.279603548402621,18.10405438638138,7.460195183403157,5.273627875075251,0.09358223697992733,0.3502581184607201,0.029100687606314783,0.5270589569530378,4,Expanded,False
1.9000000000000008,2.120000000000001,19.191716388383632,14.007953955134417,10.096997956327423,18.216818911665825,7.356594149504297,5.215543633467449,0.09520381438065395,0.20725057911319186,0.03269224402870935,0.6648533624774449,4,Expanded,False
1.9200000000000008,2.120000000000001,18.732188884810547,13.28244791704159,9.64368004115802,18.29517639134656,7.078062965379534,5.059384259519467,0.09451209323238108,0.12093241143678038,0.03551397680343714,0.7490415185274014,4,Expanded,False
1.9400000000000008,2.120000000000001,18.216165851127553,12.116352570222935,8.915068721949483,18.3874328022943,6.58793459901204,4.784592267783951,0.09429977086002944,0.07831400125526737,0.038263918506191964,0.7891223093785112,4,Expanded,False
1.9600000000000009,2.120000000000001,17.603156209849594,10.634911094495074,7.9894196908431265,18.514629999989975,5.917134105986537,4.408505886777728,0.09622726051603651,0.05831058767277113,0.041394628942774084,0.8040675228684183,4,Expanded,False
1.9800000000000009,2.120000000000001,16.933852412563404,9.221854281382646,7.106499446347398,18.653069982820664,5.211585917460288,4.012938102306457,0.10107735247398149,0.049007201096396454,0.044992103147170094,0.804923343282452,4,Expanded,False
2.000000000000001,2.120000000000001,16.294110100451807,8.323123090508334,6.544945264364518,18.749557304919815,4.6410227441118,3.6930500860764184,0.1096215808787941,0.04502639596375727,0.049018588735079326,0.7963334344223693,4,Expanded,False
1.0,2.140000000000001,102.44930336970197,5.389117064144005,4.711690370356642,4.945209800627102,0.9988818668510412,1.6510724848587675,0.08380522074913097,0.010260413415763019,0.7279649069559038,0.17796945887920224,3,Y-dominant,True
1.02,2.140000000000001,102.53217649133303,5.406484340788952,4.72254196528141,4.910509219065327,1.0470642637931444,1.6780860954368266,0.08448588047433132,0.009662054240966198,0.7415830466682473,0.1642690186164552,3,Y-dominant,True
1.04,2.140000000000001,102.53792781850436,5.29489385357958,4.652816884636366,4.8859678110909925,1.1337069501129813,1.7266625867743874,0.08514857754033278,0.009111241205296048,0.7546807440282993,0.15105943722607185,3,Y-dominant,True
1.06,2.140000000000001,102.40601276943876,4.941193566118379,4.431814345045902,4.881380867972398,1.2451396715877854,1.7891376883595327,0.08576418770879055,0.008603485251905007,0.7669632318443247,0.13866909519497977,3,Y-dominant,True
1.08,2.140000000000001,102.04336838235739,4.234553706529782,3.9902845836032874,4.915190132650066,1.370137887992223,1.8592183268333486,0.08630650490230073,0.008135335590067941,0.7781443985871546,0.1274137609204768,3,Y-dominant,True
1.1,2.140000000000001,101.31064377889768,3.1889795920086152,3.3369785422148563,5.0272185510797565,1.5299140312527308,1.948797318075521,0.08675260272427587,0.007704212549427745,0.7879459376697859,0.11759724705651046,3,Y-dominant,True
1.12,2.140000000000001,99.99432736557307,2.38783855219483,2.836401611277494,5.308152736534096,1.7908863504931787,2.095112259859873,0.08708191447508615,0.007308168069426816,0.7960794589239878,0.1095304585314993,3,Y-dominant,True
1.1400000000000001,2.140000000000001,97.74656807298615,3.350461162161972,3.4378770666608167,5.9255724575684665,2.1963470592670014,2.3224350662507867,0.0872734681735294,0.006945568342066137,0.8022006309813154,0.10358033250308901,3,Y-dominant,True
1.1600000000000001,2.140000000000001,93.9985459256005,5.863957994987562,5.008385214376062,7.12272311958732,2.7604678651528505,2.6387111491424813,0.08730024540409616,0.006614656948811887,0.8058141068720042,0.10027099077508779,3,Y-dominant,True
1.1800000000000002,2.140000000000001,87.8667998240843,9.246459498637254,7.1218735234777135,9.226060985506438,3.520455857564493,3.064800778840195,0.08711847375379356,0.006312876543954442,0.8060834909991724,0.10048515870307961,3,Y-dominant,True
1.2000000000000002,2.140000000000001,77.82386937405639,12.948958931810964,9.435306128910353,12.613478868888723,4.153179961669453,3.419539514071258,0.08664726826955446,0.006035672810549318,0.8014464270429902,0.10587063187690608,3,Y-dominant,True
1.2200000000000002,2.140000000000001,62.12121553948448,14.23346451602171,10.237903713058051,17.302086115097218,3.664877611116963,3.145771283776983,0.08573144883309855,0.005774345242553196,0.7888389176319179,0.1196552882924303,3,Y-dominant,True
1.2400000000000002,2.140000000000001,42.508536120270875,8.996136894992087,6.965464458844011,21.720399984602395,1.8788330918443397,2.1444198737032503,0.08409415517714394,0.00551337024106325,0.7623205667635377,0.1480719078182551,3,Y-dominant,True
1.2600000000000002,2.140000000000001,27.003144190608488,5.776158539679732,4.953525483452552,23.513000622000742,2.1975551084734444,2.323112362792534,0.08141035741002701,0.0052352660229856235,0.7118894915041623,0.20146488506282514,3,Y-dominant,True
1.2800000000000002,2.140000000000001,19.77148027846732,8.09723285897305,6.403802278034739,22.473484774107416,3.6982730007204867,3.1644945127383024,0.07802838232255584,0.004965256928870705,0.6271549561348311,0.2898514046137424,3,Y-dominant,True
1.3000000000000003,2.140000000000001,17.2736128848586,9.308305760133516,7.160516921120836,20.409826378248106,4.921772849996672,3.8504535054047664,0.07641015757425379,0.004860742056146714,0.5081570444592455,0.410572055910354,3,Y-dominant,True
1.3200000000000003,2.140000000000001,16.4553755542551,9.817430107511829,7.478633071225143,18.93077168054279,5.61104631074125,4.236896813169611,0.0796966810203255,0.00512907519042998,0.36546645656065735,0.5497077872285872,4,Expanded,False
1.3400000000000003,2.140000000000001,16.15380153034598,10.162328788954222,7.694136103601199,18.21528774483247,5.787110217521062,4.335607589645024,0.0864443057761036,0.005708396716816877,0.22418140034371717,0.6836658971633623,4,Expanded,False
1.3600000000000003,2.140000000000001,15.96339614829218,10.52261214077749,7.919251939091835,17.94364117588487,5.684010329932737,4.277804317273596,0.0919539779721678,0.006336851875962724,0.12189374721653246,0.779815422935337,4,Expanded,False
1.3800000000000003,2.140000000000001,15.789558272585406,10.851157986946664,8.124537229913798,17.867048525452024,5.495215152532478,4.171955714360908,0.09471849994412655,0.006953461491495491,0.06529841510671447,0.8330296234576635,4,Expanded,False
1.4000000000000004,2.140000000000001,15.715852417900294,11.136689435580102,8.302945836064158,17.78340616155993,5.388368399654132,4.112051750320804,0.09579866341895334,0.007685193835719679,0.03732548936882677,0.8591906533765002,4,Expanded,False
1.4200000000000004,2.140000000000001,15.815227258495065,11.640538447192645,8.617765798286356,17.564763423172806,5.585614769216623,4.222638540382322,0.09621465934278715,0.008710226760966767,0.023488814200968412,0.8715862996952777,4,Expanded,False
1.4400000000000004,2.140000000000001,15.842261041417334,12.214941834875116,8.976670249109334,17.329864510024557,5.962288133419665,4.433821632579566,0.09650035753581009,0.010274813829021673,0.016326923452597814,0.8768979051825704,4,Expanded,False
1.4600000000000004,2.140000000000001,15.634444187167801,12.244905472884039,8.995392428112561,17.2054059455958,6.083845175648978,4.5019729660582435,0.09694985764404136,0.012816128263447758,0.012431922947966379,0.8778020911445445,4,Expanded,False
1.4800000000000004,2.140000000000001,15.318069943292013,11.7746942960854,8.701590393168727,17.165848859698496,5.920340923928436,4.410303799222418,0.09781598531188107,0.017244476297176112,0.010250195472973471,0.8746893429179693,4,Expanded,False
1.5000000000000004,2.140000000000001,15.030596420427269,11.067107612814349,8.259469027914117,17.15989148229397,5.589204306901958,4.224651025840515,0.0994211222345014,0.025674715392235647,0.009054573406825486,0.8658495889664375,4,Expanded,False
1.5200000000000005,2.140000000000001,14.851019889709011,10.275093665977385,7.764594978196994,17.149953214299124,5.163636211417728,3.9860549506043412,0.10213401093675124,0.0434620907702524,0.008495210070803042,0.8459086882221933,4,Expanded,False
1.5400000000000005,2.140000000000001,14.82810172234428,9.439675157618398,7.242600457656872,17.10430121643471,4.68089193863637,3.715402873884833,0.105823605052897,0.0844771285821054,0.00836579367406142,0.8013334726909361,4,Expanded,False
1.5600000000000005,2.140000000000001,14.98969486202511,8.527522690050608,6.672660259775913,16.98895693924278,4.174180160561613,3.4313133408407364,0.10801517501332872,0.17837493764150597,0.00838048776084009,0.7052293995843253,4,Expanded,False
1.5800000000000005,2.140000000000001,15.342983549839214,7.477344710720775,6.016477585682573,16.766069123641874,3.69657264053297,3.163541200515102,0.10337259142407398,0.3479119926655287,0.008078718552274294,0.540636697358123,4,Expanded,False
1.6000000000000005,2.140000000000001,15.927984633301682,6.251215779314905,5.250355483687498,16.405305933894578,3.331274106990217,2.958735442476174,0.09328367710705793,0.5364699793249339,0.007500762446299036,0.3627455811217091,2,Balanced,True
1.6200000000000006,2.140000000000001,16.8980827122331,4.901554552275287,4.407046701261768,15.900278425950031,3.16832823039637,2.867379330390345,0.08677989607706359,0.6690506326988377,0.007305320261220015,0.23686415096287866,2,Balanced,True
1.6400000000000006,2.140000000000001,18.506903894937146,3.729592260469159,3.674769538999565,15.251861176255087,3.2280775897405953,2.900877994384851,0.08550889349360884,0.7474164314212703,0.00764507866414064,0.1594295964209802,2,Balanced,True
1.6600000000000006,2.140000000000001,21.11898362143461,4.105353412503804,3.909556367913873,14.394397052134085,3.5211218197748275,3.0651741526229754,0.08643081980342425,0.794199541201779,0.008304964817522286,0.1110646741772744,2,Balanced,True
1.6800000000000006,2.140000000000001,25.176051686454205,6.373331424961848,5.32665699875105,13.126664214710186,4.121070840837319,3.40153743569385,0.0876077028679613,0.822203074282161,0.009136119882229591,0.08105310296764806,2,Balanced,True
1.7000000000000006,2.140000000000001,30.92514752234826,8.201461087931708,6.468927199086455,11.184272170604483,4.6306998621955415,3.6872625302504978,0.08844457923931168,0.8381387018614004,0.010091103350559147,0.06332561554872879,2,Balanced,True
1.7200000000000006,2.140000000000001,38.19814441792316,9.118751534954775,7.042077760510317,8.578538661325126,4.560230169132116,3.647753477841624,0.08888375289760016,0.8459504065620858,0.011168361016657982,0.05399747952365614,2,Balanced,True
1.7400000000000007,2.140000000000001,44.55959134181909,10.54191902138343,7.9313154566990995,6.307904126515735,4.446184222641007,3.5838132635301827,0.08899631102152275,0.8477706975280497,0.012380161872972932,0.05085282957745463,2,Balanced,True
1.7600000000000007,2.140000000000001,46.06399345788647,12.7014993295273,9.280685953328124,6.222680471877416,5.493769203154909,4.171145038348916,0.08885399407993849,0.8442609207720287,0.013740474488038416,0.0531446106599944,2,Balanced,True
1.7800000000000007,2.140000000000001,42.84493782310609,13.7628392953965,9.943842971122967,8.136472916775372,6.3510619188131106,4.651788863520692,0.08850866040004546,0.8346477108214105,0.015261560542373938,0.061582068236170094,2,Balanced,True
1.8000000000000007,2.140000000000001,36.380886631464804,13.521785679958574,9.793225448101904,11.2738905930116,6.679052929263808,4.83567804280054,0.08801731877348738,0.8163691993487093,0.016956670744675682,0.07865681113312763,2,Balanced,True
1.8200000000000007,2.140000000000001,29.84111932761748,12.564464865398962,9.195062713377824,14.341335452455223,6.670016412460646,4.830611691572808,0.0875261288026412,0.7842640234449227,0.018857649284664293,0.1093521984677718,2,Balanced,True
1.8400000000000007,2.140000000000001,24.853084209458366,12.825591335399581,9.358222357489677,16.463471592451462,6.988464828932987,5.009150785883957,0.08746035453046831,0.7295162078008742,0.02107020021881946,0.161953237449838,2,Balanced,True
1.8600000000000008,2.140000000000001,21.90370277636823,13.661249566257029,9.880366663831039,17.394608015378807,7.246937016788407,5.154064021237842,0.08867583021196217,0.6397371963802887,0.023852817420724877,0.24773415598702428,2,Balanced,True
1.8800000000000008,2.140000000000001,20.398337408984524,14.214477430297647,10.226040012876863,17.805297004359677,7.421565530210892,5.251970039966814,0.09168637303447304,0.5063386437066193,0.027453830234176725,0.374521153024731,2,Balanced,True
1.9000000000000008,2.140000000000001,19.643598923489854,14.352792701188811,10.31246353927686,18.01937751947098,7.476221920876379,5.2826133152445856,0.09473702563127144,0.3483757806002371,0.031419736005619134,0.5254674577628723,4,Expanded,False
1.9200000000000008,2.140000000000001,19.189932665942273,14.104259236557864,10.157172382317649,18.14009999328904,7.405184838232721,5.242786154104325,0.09543729077732882,0.2163150704997227,0.03479259845673758,0.6534550402662109,4,Expanded,False
1.9400000000000008,2.140000000000001,18.79649598723923,13.454772231601993,9.751353437253895,18.224645108697008,7.172242359950086,5.112186229759001,0.09491094655528363,0.13604336799896047,0.03762124590863005,0.7314244395371259,4,Expanded,False
1.9600000000000009,2.140000000000001,18.339434712461973,12.369369421613246,9.073161233317814,18.31739745540296,6.731868901675478,4.865289481864993,0.09562083662872506,0.09478520808495038,0.040597012743877975,0.7689969425424465,4,Expanded,False
1.9800000000000009,2.140000000000001,17.771360701142914,10.912839491462073,8.16307768245771,18.443963683494793,6.088882121403626,4.504796945348488,0.09884616001106353,0.07457135977079787,0.04407060142357401,0.7825118787945646,4,Expanded,False
2.000000000000001,2.140000000000001,17.121266302097712,9.405367684597291,7.2211641203583685,18.590056542000433,5.36272365893503,4.09767394674259,0.10522263470906895,0.06493560943509583,0.04807556515000193,0.7817661907058333,4,Expanded,False
1.0,2.160000000000001,101.54035140649691,4.575706965547225,4.2034473638022956,4.907201980715167,0.9350119925917024,1.6152636413721184,0.08446625363640885,0.010981140929167839,0.718927673096427,0.18562493233799626,3,Y-dominant,True
1.02,2.160000000000001,101.65183155700439,4.7158800361862285,4.2910316991608335,4.868435345393151,0.8912089090510463,1.5907053064618124,0.08512963856804984,0.010365800981895382,0.7320450675227533,0.17245949292730142,3,Y-dominant,True
1.04,2.160000000000001,101.73689856923416,4.831237602079661,4.363110563462631,4.825138803752888,0.8787519237143117,1.5837212589212242,0.08578175717389805,0.009798781570811071,0.744722654497206,0.1596968067580849,3,Y-dominant,True
1.06,2.160000000000001,101.76091851349626,4.833195077780957,4.364333652944063,4.778985162554273,0.9026781229501986,1.597135556876304,0.08639587141936377,0.009275663567631327,0.7566997952070054,0.1476286698059995,3,Y-dominant,True
1.08,2.160000000000001,101.66497160539244,4.591742932054372,4.213467116255156,4.736484564787701,0.9428958851098972,1.6196837702125682,0.08694912447729691,0.008793156113294289,0.7677361952436417,0.1365215241657671,3,Y-dominant,True
1.1,2.160000000000001,101.35843742848176,3.9755389892107735,3.828444425853667,4.714667832816818,0.9632368748020438,1.6310880092954894,0.08742292185396368,0.008348913111276356,0.777613333506058,0.12661483152870195,3,Y-dominant,True
1.12,2.160000000000001,100.70734629665607,2.943683273026192,3.1837100508703173,4.758451291076435,0.9653589463297566,1.6322777552920886,0.0878021230401179,0.0079412825249924,0.7861217115353671,0.1181348828995226,3,Y-dominant,True
1.1400000000000001,2.160000000000001,99.49631972147935,1.696890843123838,2.4046767757537113,4.97267278623668,1.036184411365077,1.6719862723626089,0.0880728220212989,0.007569007213250635,0.7930282285119842,0.11132994225346632,3,Y-dominant,True
1.1600000000000001,2.160000000000001,97.33463275861693,1.6075828162100505,2.3488744440806686,5.5356927433906105,1.3100320756156218,1.8255198163385216,0.0882182625925157,0.007230867403088939,0.7980124618516777,0.10653840815271762,3,Y-dominant,True
1.1800000000000002,2.160000000000001,93.54214791706428,3.9505887131489437,3.8128547456395894,6.70316255901263,1.9821055560067389,2.2023199016672352,0.08821175577629181,0.006925196606828418,0.8005465927618163,0.10431645485506351,3,Y-dominant,True
1.2000000000000002,2.160000000000001,87.10310230488898,7.862161366806911,6.256922564911138,8.837311624611953,3.0975761995233517,2.827711984411125,0.08800395280019682,0.006649092401201695,0.799661495007323,0.10568545979127848,3,Y-dominant,True
1.2200000000000002,2.160000000000001,76.46407750870644,12.468264746625346,9.134953996162814,12.37418990694876,4.029719154154508,3.3503208286690147,0.08749913408107728,0.006396958721461904,0.7934739889143895,0.11262991828307135,3,Y-dominant,True
1.2400000000000002,2.160000000000001,60.078879637511065,13.991232243350053,10.08654972967437,17.284155448575095,3.721132562744391,3.1773107972257835,0.08651461834168576,0.006157975608715226,0.7782503348723809,0.12907707117721812,3,Y-dominant,True
1.2600000000000002,2.160000000000001,40.17170219905332,7.96480693660772,6.321058593090582,21.75962293380696,2.048674800203451,2.239642155297883,0.08475021773615071,0.005914264505309648,0.7469096331006362,0.16242588465790345,3,Y-dominant,True
1.2800000000000002,2.160000000000001,25.486310507739123,5.3203294873579,4.66870983089731,23.41125861909151,2.139080194677937,2.2903282206554065,0.08199769763321126,0.005655000456714327,0.6885998753160325,0.22374742659404187,3,Y-dominant,True
1.3000000000000003,2.160000000000001,19.00629665463859,7.960659336608621,6.318467048312414,22.25405713201279,3.657163285145633,3.141446222947981,0.07918756687827792,0.00544661995502623,0.594850134852309,0.3205156783143869,3,Y-dominant,True
1.3200000000000003,2.160000000000001,16.76031098990435,9.444179086355708,7.245414647309431,20.31172873078835,5.007197162611183,3.8983469117381966,0.07938608050796776,0.005503478152458132,0.4685361179295182,0.4465743234100559,3,Y-dominant,True
1.3400000000000003,2.160000000000001,16.02329929229793,10.04388874987173,7.620131217672753,19.04360679568558,5.716067511687223,4.295777275845713,0.08457428245231914,0.005982698036998559,0.32225207406430695,0.5871909454463754,4,Expanded,False
1.3600000000000003,2.160000000000001,15.77984361147152,10.380496210853982,7.830453647027115,18.464744249361026,5.892654527456089,4.394781335001461,0.09142305430141881,0.006695429219865224,0.18919050881378044,0.7126910076649355,4,Expanded,False
1.3800000000000003,2.160000000000001,15.646683735696797,10.650684148488796,7.9992751676784195,18.25685623261742,5.809585287859173,4.348208307674012,0.09584915952703363,0.007394332011364416,0.10163109693331536,0.7951254115282866,4,Expanded,False
1.4000000000000004,2.160000000000001,15.543682996511553,10.894224317267476,8.151446363745887,18.20426969306713,5.657246601483463,4.262799149747074,0.09767484299330756,0.008106100219046977,0.055451839499739315,0.8387672172879062,4,Expanded,False
1.4200000000000004,2.160000000000001,15.497930351961449,11.127155129597801,8.296988515954395,18.162677741885314,5.555156435168359,4.205561980745305,0.09820151893574824,0.008997966665233064,0.032719607059905474,0.8600809073391132,4,Expanded,False
1.4400000000000004,2.160000000000001,15.515729958933605,11.37474920523293,8.451692714516629,18.048161253748695,5.59296778753977,4.226761032955563,0.0983029389518995,0.010275147236698697,0.021299142387598054,0.8701227714238038,4,Expanded,False
1.4600000000000004,2.160000000000001,15.51443560834517,11.63097828676839,8.611792323546435,17.874031428130543,5.773628308957668,4.328048915712339,0.09839641808788455,0.012235161549726406,0.015270701924105703,0.8740977184382833,4,Expanded,False
1.4800000000000004,2.160000000000001,15.42185524555432,11.794318969764873,8.713852477412223,17.704319500086786,5.958132602416186,4.431491821208663,0.09870847892873716,0.015421401348352088,0.011937244545233533,0.8739328751776773,4,Expanded,False
1.5000000000000004,2.160000000000001,15.277250532840398,11.821040687560696,8.73054900750974,17.571702257715536,6.032777675808305,4.473341813574304,0.099432363769637,0.02096801015387485,0.010052268678385616,0.8695473573981025,4,Expanded,False
1.5200000000000005,2.160000000000001,15.168690738199974,11.742195326536308,8.681284063038277,17.471994428558563,5.981907510780645,4.444821297466523,0.10078931185044718,0.031474591980018035,0.009019810944467074,0.8587162852250677,4,Expanded,False
1.5400000000000005,2.160000000000001,15.16793183220238,11.577372612159426,8.578297891551266,17.38463373961654,5.82811741166433,4.3585984004761285,0.10292581456448166,0.05330048015117025,0.008538985763984269,0.8352347195203639,4,Expanded,False
1.5600000000000005,2.160000000000001,15.323385218745353,11.319264691693288,8.417024327650962,17.28052063821857,5.596109964344808,4.228522704145992,0.10530252463553164,0.10172354290288323,0.008405743782066622,0.7845681886795185,4,Expanded,False
1.5800000000000005,2.160000000000001,15.657461229734128,10.949928213540934,8.186251827518285,17.121652217618877,5.306618607752773,4.066218475444208,0.10530715325623229,0.20448347565398756,0.008335220928408011,0.6818741501613721,4,Expanded,False
1.6000000000000005,2.160000000000001,16.16272696934189,10.445026343394403,7.870774007731109,16.861794435646765,4.979068006668744,3.8825762130444055,0.09942062127996788,0.3718010931238137,0.007996266806004362,0.520782018790214,4,Expanded,False
1.6200000000000006,2.160000000000001,16.847893808733378,9.76013111824805,7.442830945549318,16.45954721027241,4.644065603845928,3.694756074842402,0.09093834173054223,0.5449227072630246,0.007582440524491396,0.35655651048194176,2,Balanced,True
1.6400000000000006,2.160000000000001,17.827440940307376,8.849307946623044,6.873721331610858,15.899534875383765,4.356416356255606,3.5334846302769987,0.08662376374043258,0.6676729346919988,0.007612113520763945,0.23809118804680468,2,Balanced,True
1.6600000000000006,2.160000000000001,19.381477668816043,7.737800188431126,6.179217973702611,15.176675365384895,4.172171889768111,3.430187397579422,0.08656327907689396,0.7443381527203928,0.008126620233822572,0.16097194796889067,2,Balanced,True
1.6800000000000006,2.160000000000001,21.98339774186835,6.9523248865884195,5.688429465333458,14.215264480155463,4.173182433383133,3.430753961997567,0.08799500480421997,0.7918510479484242,0.00892506527633719,0.11122888197101867,2,Balanced,True
1.7000000000000006,2.160000000000001,26.076275626737225,7.298441465993643,5.90469347685567,12.816359417859806,4.462394930720754,3.5929018473917766,0.08936031868043856,0.8204973350883975,0.00988277693829682,0.0802595692928671,2,Balanced,True
1.7200000000000006,2.160000000000001,31.848455888733774,7.90048172268902,6.28086627168261,10.739057331876019,4.701512081003083,3.726963620782249,0.090254165258032,0.8366553857120766,0.010966011030249119,0.06212443799964226,2,Balanced,True
1.7400000000000007,2.160000000000001,39.26422134958615,8.089655258454284,6.399067566138772,7.97448586898404,4.401825986781671,3.558943680747208,0.09070682187517709,0.8444376372153749,0.012181317768501966,0.05267422314094606,2,Balanced,True
1.7600000000000007,2.160000000000001,45.56644474010746,9.76650119693993,7.446811161619825,5.691077954424864,4.368194670566422,3.5400881787978555,0.0908286060132008,0.8460971464795667,0.013545887023307713,0.04952836048392484,2,Balanced,True
1.7800000000000007,2.160000000000001,46.51534602708885,11.97909549477597,8.829306387775903,5.820370017567158,5.371734820264591,4.102726082345253,0.09070732791556418,0.8422929240266205,0.015076406369839701,0.051923341687975584,2,Balanced,True
1.8000000000000007,2.160000000000001,42.561390059881674,13.075253414609456,9.514218706661064,8.014479379906954,6.177807854800738,4.554653434124762,0.0904001357829281,0.8321388532585815,0.016786036812318522,0.06067497414617183,2,Balanced,True
1.8200000000000007,2.160000000000001,35.78463223862697,12.989094153267883,9.46038381808237,11.273447496160816,6.507272626730691,4.739368882357843,0.08996485643389417,0.8128640998768986,0.018687435639298578,0.07848360804990867,2,Balanced,True
1.8400000000000007,2.160000000000001,29.197668850331887,12.28975124579363,9.023413411001934,14.35346394429726,6.540949162551743,4.758249736819714,0.08954935886818643,0.7790819845955964,0.020812076512938628,0.11055658002327852,2,Balanced,True
1.8600000000000008,2.160000000000001,24.39412200284938,12.838474500695733,9.366272145260137,16.38509459402963,6.903089810405602,4.961285016433662,0.08957220248127672,0.7220519086536483,0.023266837281122665,0.16510905158395225,2,Balanced,True
1.8800000000000008,2.160000000000001,21.649767273236506,13.698581586667332,9.903692828980468,17.277607675516713,7.193885808703293,5.12432069656205,0.09077565404607307,0.6306015661050933,0.026287576583203416,0.2523352032656302,2,Balanced,True
1.9000000000000008,2.160000000000001,20.276253971587565,14.224280261547404,10.23216511562112,17.697752782940846,7.397920235994507,5.238713232283864,0.09331157885255757,0.4998148849373301,0.029997025728344097,0.37687651048176823,2,Balanced,True
1.9200000000000008,2.160000000000001,19.598870060041094,14.370749308784895,10.323683365841461,17.9227965824117,7.47835033926174,5.283806619626649,0.09538124616886515,0.3519006800087412,0.033819340518960274,0.5188987333034334,4,Expanded,False
1.9400000000000008,2.160000000000001,19.202846319453354,14.167952212466862,10.196969662469723,18.054760843025978,7.43766179840671,5.260994462751848,0.09556399168300907,0.23119013545774741,0.03703159277608963,0.636214280083154,4,Expanded,False
1.9600000000000009,2.160000000000001,18.863699114987956,13.593540388337411,9.838059940301843,18.147494187205034,7.24641868770561,5.153773418426802,0.09554165541132739,0.15664863619431874,0.039959516510906005,0.7078501918834479,4,Expanded,False
1.9800000000000009,2.160000000000001,18.459959571255766,12.594710908843707,9.213961347760714,18.241967017436192,6.854909372066339,4.934272503952371,0.09745556485300665,0.1167907197813955,0.043280166270499104,0.7424735490950988,4,Expanded,False
2.000000000000001,2.160000000000001,17.93705129474958,11.187445550552201,8.334659777800237,18.367040412469777,6.24673493819195,4.5932976176270675,0.10223624236634575,0.0965020475417246,0.047240374884178225,0.7540213352077514,4,Expanded,False
1.0,2.180000000000001,100.57716648149491,3.5757552058662623,3.5786475369667383,4.9518537112773275,1.1168792731633972,1.7172280973986167,0.08522965009826869,0.01177459548912202,0.7106967550852599,0.1922989993273494,3,Y-dominant,True
1.02,2.180000000000001,100.66593570567973,3.727906772326734,3.673716395496066,4.926804913433245,1.0470058928570118,1.6780533695900894,0.08587646432046189,0.011140914500196886,0.7233465912337367,0.17963602994560454,3,Y-dominant,True
1.04,2.180000000000001,100.75121444543542,3.9149332536000374,3.7905761459609346,4.891470498739746,0.9826287661918537,1.641960133465771,0.08651816505048424,0.010556371763041314,0.7356268797441415,0.16729858344233287,3,Y-dominant,True
1.06,2.180000000000001,100.81701149189236,4.090011101941048,3.8999700324831266,4.841799432348163,0.9402060256517938,1.6181756921483275,0.08713095729725219,0.010016697124780939,0.7473132142420659,0.15553913133590097,3,Y-dominant,True
1.08,2.180000000000001,100.82960902084965,4.159218873349907,3.9432131221354974,4.77571205278137,0.9330791821686167,1.6141800052019795,0.08769597134690464,0.009518844482652913,0.7582128232561348,0.14457236091430767,3,Y-dominant,True
1.1,2.180000000000001,100.72955974094344,3.9857019199956665,3.8347945295792396,4.6964889110888155,0.9471032687940685,1.6220426529500387,0.088199442700543,0.009060769334154579,0.7681656415460855,0.134574146419217,3,Y-dominant,True
1.12,2.180000000000001,100.4273645115793,3.4494400623038164,3.4997220497515302,4.621076326341834,0.9386520574354484,1.6173044550386946,0.08863171021822282,0.008641144087015546,0.7770325141233796,0.12569463157138203,3,Y-dominant,True
1.1400000000000001,2.180000000000001,99.79574420195691,2.5597914381465428,2.9438429276473776,4.60176999277747,0.88217542942513,1.5856406580369415,0.08898508632531278,0.008259052424960694,0.7846685520987841,0.11808730915094243,3,Y-dominant,True
1.1600000000000001,2.180000000000001,98.62474361982004,1.5296230539218347,2.300162848239926,4.74995421036904,0.7789184711937333,1.527749323521359,0.08925051467861385,0.007913673665661501,0.7908765369016931,0.11195927475403152,3,Y-dominant,True
1.1800000000000002,2.180000000000001,96.50693930053095,1.2327127655606598,2.1146444020171353,5.236858596419802,0.7519557459463336,1.5126325878215627,0.08941247839332023,0.007603918631852967,0.7953267687797998,0.10765683419502697,3,Y-dominant,True
1.2000000000000002,2.180000000000001,92.70120535452149,3.261172496763571,3.3820868326428295,6.327564816786079,1.3947610624325435,1.8730233861027266,0.08944066549806785,0.007327899958718681,0.7974107016645056,0.10582073287870791,3,Y-dominant,True
1.2200000000000002,2.180000000000001,86.06125508217733,7.300671357354478,5.906086779805159,8.447717318453318,2.719206489826879,2.6155778308413957,0.08927504816328621,0.007081982351844392,0.7959544665436397,0.10768850294122971,3,Y-dominant,True
1.2400000000000002,2.180000000000001,74.92057685610814,12.300521964308663,9.030143278715986,12.12629507702643,3.8380396733336215,3.24285513208024,0.08879841636534389,0.0068589655782604455,0.7886378762433143,0.11570474181308142,3,Y-dominant,True
1.2600000000000002,2.180000000000001,57.867312540457554,13.54212442042066,9.805933702670922,17.265925165968092,3.7286638219759753,3.1815332211182454,0.0877949183773885,0.006645261661119265,0.7708831867782105,0.13467663318328174,3,Y-dominant,True
1.2800000000000002,2.180000000000001,37.87309969890845,6.885373839975665,5.6465964449651,21.78570204651633,2.301141652298658,2.3811884804955152,0.08596004743460511,0.0064217025857557005,0.7343835188425054,0.1732347311371338,3,Y-dominant,True
1.3000000000000003,2.180000000000001,24.26958782365369,4.911189933963284,4.413067176501569,23.25938567110811,2.2471655874780705,2.350926632016879,0.08331821114581589,0.006193679150143164,0.6680141410087715,0.24247396869526944,3,Y-dominant,True
1.3200000000000003,2.180000000000001,18.463315547448158,7.827761632155026,6.23542857978075,22.022705311764796,3.7020607900493614,3.166618148596537,0.08148712715316443,0.006084160291006741,0.5657781499039606,0.3466505626518683,3,Y-dominant,True
1.3400000000000003,2.180000000000001,16.399085712173644,9.530411740760307,7.2992953940734076,20.254048318459546,5.074663646553249,3.936172205620355,0.08364711332490037,0.006340486510757935,0.4320210937781857,0.477991306386156,4,Expanded,False
1.3600000000000003,2.180000000000001,15.711765101702373,10.22165914610465,7.731207488810329,19.183007014867464,5.767226148574418,4.324459524598003,0.0900502495950275,0.007016587545926878,0.28397342122209196,0.6189597416369537,4,Expanded,False
1.3800000000000003,2.180000000000001,15.490911118572749,10.570919379510741,7.949435749563921,18.712734199056612,5.953115017713815,4.428678696752543,0.09623086162379067,0.007821354564888187,0.1612503945489808,0.7346973892623404,4,Expanded,False
1.4000000000000004,2.180000000000001,15.38231905576007,10.770215130625473,8.07396170752141,18.54955880423729,5.901296671014285,4.399626579643842,0.09939094047507908,0.00857467292214678,0.08659870381482962,0.8054356827879445,4,Expanded,False
1.4200000000000004,2.180000000000001,15.308464888272562,10.908448897777578,8.160334307942671,18.51593979858591,5.778590716105658,4.330831104701124,0.1003295886710314,0.009383863457224416,0.048366883011428566,0.8419196648603157,4,Expanded,False
1.4400000000000004,2.180000000000001,15.259532189463798,11.018092427073086,8.228842870935079,18.513638065164272,5.662272430156297,4.265616896210853,0.10035647626427337,0.010444916289235944,0.029458554110594965,0.8597400533358958,4,Expanded,False
1.4600000000000004,2.180000000000001,15.20996538655893,11.050665972129517,8.249195798077455,18.488071991461307,5.576608816809272,4.217589325178083,0.10017385758678084,0.011988569811166735,0.019792236421349668,0.8680453361807028,4,Expanded,False
1.4800000000000004,2.180000000000001,15.118009550946748,10.933026602026535,8.175691194122523,18.41836655415012,5.521373867907891,4.18662167942742,0.10008403602912835,0.014364469617027701,0.014593020899854838,0.8709584734539891,4,Expanded,False
1.5000000000000004,2.180000000000001,14.970452332826522,10.679007563244229,8.016972486037288,18.311246787431138,5.484909166324207,4.166177631166175,0.10023849069572593,0.018222599448501492,0.011674508605881649,0.869864401249891,4,Expanded,False
1.5200000000000005,2.180000000000001,14.812597987199762,10.406692691164455,7.846821993003031,18.18682305285177,5.449933901779258,4.146568640409299,0.10075759086205739,0.02491614249460552,0.01000977308472606,0.8643164935586111,4,Expanded,False
1.5400000000000005,2.180000000000001,14.723184607469458,10.212043713696206,7.725199478478247,18.060958688593704,5.398839430751702,4.117922366445618,0.10175331171136659,0.03749668775781841,0.009096026408415158,0.8516539741223998,4,Expanded,False
1.5600000000000005,2.180000000000001,14.774457525273068,10.091169156036846,7.649673432383295,17.933912668612614,5.320009327610427,4.073726024145639,0.10318304252662258,0.06316426589874428,0.008666317614810942,0.8249863739598222,4,Expanded,False
1.5800000000000005,2.180000000000001,15.015975303915326,9.992234271688657,7.587855951679559,17.787807498885044,5.211061102841055,4.01264386335926,0.10427042940191489,0.11796942797713579,0.008520916562742665,0.7692392260582067,4,Expanded,False
1.6000000000000005,2.180000000000001,15.46648576225751,9.886604282791108,7.5218551690089175,17.587827992815754,5.075177621343763,3.936460367183894,0.10263906071375595,0.22666309797242526,0.00839574210202044,0.6623020992117984,4,Expanded,False
1.6200000000000006,2.180000000000001,16.108720574978975,9.770578156508655,7.4493585681400845,17.286325661816704,4.916553067030778,3.847527017863848,0.09640730018639262,0.3896588270349628,0.008078612224008238,0.5058552605546364,4,Expanded,False
1.6400000000000006,2.180000000000001,16.92055293222672,9.60403078613811,7.345294779902305,16.837749165533374,4.749981826031735,3.7541383339579997,0.08961785231940783,0.5505605560457781,0.007840679035691658,0.35198091259912234,2,Balanced,True
1.6600000000000006,2.180000000000001,17.971507458302135,9.316018734682716,7.1653362187680205,16.2172753946094,4.613541953033697,3.6776428951586877,0.08708422089440929,0.6667005373762057,0.008080204994595618,0.23813503673478942,2,Balanced,True
1.6800000000000006,2.180000000000001,19.579816146505763,8.941003285908701,6.931015327598809,15.396137067877543,4.5619323490161285,3.6487078102833195,0.08796102662084486,0.7423507147437244,0.00876780170768018,0.16092045692775056,2,Balanced,True
1.7000000000000006,2.180000000000001,22.33923164647747,8.817875320541864,6.854081284836228,14.271857789794591,4.682712189556553,3.7164234032198773,0.08975511462390032,0.7901404261926501,0.009713429312858065,0.11039102987059146,2,Balanced,True
1.7200000000000006,2.180000000000001,26.713606292011463,9.167115072311043,7.0722967480492684,12.643139843473415,4.989638221993144,3.888502437114219,0.09122163381197196,0.8188377355810085,0.01081118147429389,0.07912944913272565,2,Balanced,True
1.7400000000000007,2.180000000000001,32.82098401340023,8.992982405409313,6.963493439216322,10.313756646421625,5.068054194783612,3.932466595946059,0.09211929900328429,0.8347620641179297,0.012039438708731472,0.06107919817005453,2,Balanced,True
1.7600000000000007,2.180000000000001,40.58264106104728,7.493452385966203,6.026542143904139,7.323757474697999,4.406852992869091,3.561762087332133,0.09254766632726269,0.8421519079892549,0.013411479709439069,0.05188894597404332,2,Balanced,True
1.7800000000000007,2.180000000000001,46.76178384999848,8.520880225051656,6.668509848577646,5.063222446905193,4.285377444669037,3.493656443734211,0.09264079040889729,0.8432786040605614,0.01494739129333742,0.04913321423720383,2,Balanced,True
1.8000000000000007,2.180000000000001,47.08370728122196,10.773063929266655,8.075741722287589,5.415485446484968,5.17762792920863,3.99389945066472,0.09249115986201309,0.8387247969990338,0.01666386085893984,0.0521201822800133,2,Balanced,True
1.8200000000000007,2.180000000000001,42.35208734904951,12.136247572203459,8.927499715416898,7.879099378559348,5.961110814152259,4.433161564873636,0.09215478781776605,0.8274814472778775,0.018571717578871813,0.061792047325484566,2,Balanced,True
1.8400000000000007,2.180000000000001,35.26374745261209,12.367706439424568,9.072122152208692,11.242133182422906,6.304914587643639,4.6259162188922645,0.09169412107432273,0.8066962685638405,0.02068077529570187,0.08092883506613491,2,Balanced,True
1.8600000000000008,2.180000000000001,28.659206840269906,12.059155435960903,8.879330238331224,14.317182863355388,6.415097071158182,4.687690370679729,0.09128223790340301,0.7711501431696773,0.02302474684896042,0.11454287207795921,2,Balanced,True
1.8800000000000008,2.180000000000001,24.054006149266776,12.836424314300427,9.364991127358657,16.25557967488161,6.808502542054764,4.908254370491695,0.09136857037024015,0.7128524968369895,0.025720748806665524,0.17005818398610484,2,Balanced,True
1.9000000000000008,2.180000000000001,21.485838055930525,13.691536426916272,9.899290802032791,17.132550924676387,7.126261119031138,5.086406704145674,0.09259206509823154,0.6223782784510176,0.028983012447771295,0.25604664400297955,2,Balanced,True
1.9200000000000008,2.180000000000001,20.207797389276195,14.197235519156637,10.215266750076012,17.57459772757357,7.359615318587971,5.217237461302851,0.09475362892360505,0.49781166457832354,0.03279670585748026,0.3746380006405911,2,Balanced,True
1.9400000000000008,2.180000000000001,19.58209432044882,14.359998911511116,10.316966195447948,17.81747564689929,7.468044321445758,5.278028518710956,0.09612052068725364,0.36198594197641026,0.036500802016418164,0.5053927353199179,4,Expanded,False
1.9600000000000009,2.180000000000001,19.227823178951844,14.204456421192141,10.219778586069799,17.96358917345313,7.457074639305891,5.271878332329662,0.09618707920142154,0.25257948925486895,0.03965094183747508,0.6115824897062344,4,Expanded,False
1.9800000000000009,2.180000000000001,18.933077583450334,13.703448559959805,9.906733859751112,18.065996479081168,7.304545112087745,5.1863621788913505,0.09705047497618004,0.1837453499534184,0.042836776734018804,0.6763673983363827,4,Expanded,False
2.000000000000001,2.180000000000001,18.577165855602267,12.793902636256089,9.338422308591502,18.163221899842725,6.960339379860821,4.993382165458504,0.10049424802998039,0.14561569450926284,0.046689883997784405,0.7072001734629724,4,Expanded,False
1.0,2.200000000000001,99.70992777436844,2.7443004897369447,3.0591297126019406,5.01758632506273,1.2366504145520816,1.7843781600211,0.08610696112007668,0.012646537300159324,0.7033416443754699,0.19790485720429415,3,Y-dominant,True
1.02,2.200000000000001,99.75869102213362,2.8436028786979377,3.1211768212014404,5.010651094279585,1.1738748368588536,1.7491828373048963,0.08673941782603733,0.011993239994063095,0.7155695585397358,0.1856977836401638,3,Y-dominant,True
1.04,2.200000000000001,99.81090023460368,2.99866345739671,3.218063317756959,4.9942655007198615,1.102515076038502,1.7091747656421112,0.08737174120675532,0.011389825253280887,0.7274838389976268,0.17375459454233694,3,Y-dominant,True
1.06,2.200000000000001,99.8623139589771,3.194037419753887,3.340138824567295,4.962037565747982,1.028298262528232,1.667564878510096,0.08798322945606529,0.01083223489848576,0.7388949793896777,0.16228955625577124,3,Y-dominant,True
1.08,2.200000000000001,99.89897854027683,3.3825929398139176,3.4579539642896178,4.906709609756981,0.96643242646833,1.6328796052677457,0.08855917734267373,0.010317740065459971,0.7496556859803881,0.1514673966114782,3,Y-dominant,True
1.1,2.200000000000001,99.8886408187194,3.4724154366789244,3.514077752206246,4.822333715211245,0.9374760953473213,1.6166451482395454,0.08909067756556006,0.00984465586304465,0.7596597044102954,0.1414049621610999,3,Y-dominant,True
1.12,2.200000000000001,99.7721358063088,3.337412163439252,3.4297236611956032,4.709747006242642,0.9434907213625665,1.6200172670061508,0.0895732082130826,0.009412000500634898,0.7688282725029387,0.13218651878334378,3,Y-dominant,True
1.1400000000000001,2.200000000000001,99.45983943113131,2.8897112642097853,3.1499867222837294,4.590036697003407,0.9571104621005648,1.6276532169758569,0.09000430584263687,0.009019163034670052,0.7770851044353165,0.12389142668737657,3,Y-dominant,True
1.1600000000000001,2.200000000000001,98.82353195379346,2.190058131972667,2.712822477474382,4.526659890078228,0.9405117448927433,1.6183470945908245,0.09038049266295561,0.008665604542367237,0.7843187056716407,0.11663519712303644,3,Y-dominant,True
1.1800000000000002,2.200000000000001,97.64452006452832,1.4453171295439629,2.2474859801384968,4.628682986235073,0.8158389716029263,1.5484489168105733,0.09069326603386543,0.008350569186737076,0.7903251727653517,0.11063099201404576,3,Y-dominant,True
1.2000000000000002,2.200000000000001,95.49367986658235,1.260795628940379,2.1321914166674154,5.050481500991673,0.6160799073008084,1.4364533766347898,0.09092334115171048,0.008072724907445285,0.7947132716478578,0.10629066229298642,3,Y-dominant,True
1.2200000000000002,2.200000000000001,91.59841658249101,3.259827821602151,3.3812466393036296,6.062656267748292,1.201144548193802,1.7644716857086722,0.09103126129553994,0.007829568644866978,0.7967302332207897,0.10440893683880334,3,Y-dominant,True
1.2400000000000002,2.200000000000001,84.74807359943739,7.4489033491870655,5.998706570641909,8.149564398922719,2.560632236326518,2.5266726828282637,0.09094064929326696,0.007616287065522511,0.794918026441023,0.10652503720018744,3,Y-dominant,True
1.2600000000000002,2.200000000000001,73.17725136235117,12.397415277727424,9.090685124719519,11.929318871754628,3.683222658039528,3.1560564913435116,0.09050914920010997,0.007423657619229657,0.7864249068160206,0.11564228636463975,3,Y-dominant,True
1.2800000000000002,2.200000000000001,55.48245983660255,12.863878115257204,9.382145084954816,17.246533912731074,3.693463487247417,3.1617980440634965,0.08949751774994243,0.007235736173798398,0.7657811073182594,0.13748563875799974,3,Y-dominant,True
1.3000000000000003,2.200000000000001,35.75617260584345,6.113632247556517,5.164389169827025,21.764873650481498,2.5382604581193178,2.514129875853463,0.0876613403763252,0.007036922168735497,0.723744634713525,0.18155710274141426,3,Y-dominant,True
1.3200000000000003,2.200000000000001,23.37409876311622,4.818675860799485,4.3552616110500555,23.04335888719373,2.4693298742494307,2.4754837297969097,0.08540164622503986,0.006862949121169592,0.6497140223866842,0.25802138226710636,3,Y-dominant,True
1.3400000000000003,2.200000000000001,18.126138685896244,7.842636503230177,6.244722845011028,21.804264150157042,3.8567099128036304,3.2533226598590668,0.08491395151374548,0.006895233644009967,0.5394404823511662,0.3687503324910784,3,Y-dominant,True
1.3600000000000003,2.200000000000001,16.157078216564322,9.666949743671697,7.384608430176996,20.24293484985428,5.156238779574811,3.9819075574532197,0.08883784407294723,0.007367860379428091,0.39815630638528077,0.5056379891623439,4,Expanded,False
1.3800000000000003,2.200000000000001,15.466077481443065,10.429834874904076,7.861281922947777,19.337919899638738,5.794304946566539,4.339641336842838,0.09559364019268397,0.008198367681319166,0.2508486755953511,0.6453593165306457,4,Expanded,False
1.4000000000000004,2.200000000000001,15.228070721521366,10.765752456473576,8.071173294970169,18.947437944273613,5.98154532718515,4.4446182381081805,0.10056647131451621,0.00904932190907583,0.13934878210898483,0.7510354246674231,4,Expanded,False
1.4200000000000004,2.200000000000001,15.118865994828635,10.88618240365982,8.14642153511706,18.8155410179592,5.961180991781627,4.433200910179626,0.1024581372192488,0.009841987804755986,0.07547989073737706,0.8122199842386182,4,Expanded,False
1.4400000000000004,2.200000000000001,15.058001923634595,10.926688333830366,8.171730854203059,18.796003325464472,5.867551989185784,4.380707518911122,0.10263046941791701,0.010746819694661463,0.04326582025582397,0.8433568906315976,4,Expanded,False
1.4600000000000004,2.200000000000001,15.021075918372535,10.94264590444808,8.181701622554769,18.815301251068128,5.753849262478462,4.3169597318380575,0.10225155370678478,0.011977560911576663,0.02717332413175619,0.8585975612498824,4,Expanded,False
1.4800000000000004,2.200000000000001,14.974889810460468,10.896112322744047,8.152626046148969,18.83417371145827,5.629079129945529,4.247006969295598,0.10184243239550604,0.013786883634387799,0.018797552189721862,0.8655731317803843,4,Expanded,False
1.5000000000000004,2.200000000000001,14.87530522674607,10.687496529915258,8.022276646817769,18.830591379633212,5.484786163111393,4.166108669032665,0.10159487910885841,0.016573142388561828,0.01421304308186025,0.8676189354207196,4,Expanded,False
1.5200000000000005,2.200000000000001,14.699347746259528,10.250797734693856,7.749414152210347,18.795592289899133,5.313466598556871,4.070057822769463,0.10158825526928657,0.021086194497753414,0.011605438546465945,0.8657201116864941,4,Expanded,False
1.5400000000000005,2.200000000000001,14.481384180345156,9.647335490915907,7.372352857238921,18.732576577249368,5.1173375851890945,3.960097481930828,0.10187609353592511,0.028881321251915785,0.010107775235247843,0.8591348099769113,4,Expanded,False
1.5600000000000005,2.200000000000001,14.309528899103892,9.019230730175172,6.979894179161683,18.650726002622815,4.904547902723519,3.8407962851875226,0.10248096343699975,0.043411421243996585,0.009285258755983693,0.84482235656302,4,Expanded,False
1.5800000000000005,2.200000000000001,14.283205317945974,8.453414688867136,6.626355359706199,18.55274539456049,4.681716845579412,3.715865360525944,0.10322940919387355,0.07255189984581564,0.008896034264323368,0.8153226566959875,4,Expanded,False
1.6000000000000005,2.200000000000001,14.475384025877611,7.953035312514748,6.3137033295754605,18.42539673182345,4.45310250859819,3.587692022051465,0.10324541882757135,0.13266570115120552,0.008746800435290296,0.7553420795859328,4,Expanded,False
1.6200000000000006,2.200000000000001,14.915931373278335,7.5277521044754785,6.047973635951257,18.236217303634028,4.222586930909715,3.458452747066136,0.100538189468422,0.24521863588697282,0.008601593320764347,0.6456415813238409,4,Expanded,False
1.6400000000000006,2.200000000000001,15.588012692316164,7.236712801662768,5.86612355744573,17.937222069218524,3.9975896692998245,3.332307333139081,0.0944821280768595,0.4034322792106264,0.008344993510582165,0.493740599201932,4,Expanded,False
1.6600000000000006,2.200000000000001,16.446366608421716,7.086077781508941,5.772002282497917,17.479969531474804,3.8085630722256645,3.226328984067057,0.08923191643100234,0.5549002154584025,0.008284600044468246,0.3475832680661269,2,Balanced,True
1.6800000000000006,2.200000000000001,17.52281281801649,7.009252342735603,5.723999445983621,16.828058587830746,3.7255684599274703,3.1797977967665494,0.08808084824517645,0.6662853917742413,0.008724811106742402,0.23690894887383987,2,Balanced,True
1.7000000000000006,2.200000000000001,19.165669157374676,7.158193248080333,5.817062187228068,15.924212422681327,3.8435766231803172,3.2459594402185132,0.0896313036183508,0.7408935697098343,0.009588405790769064,0.15988672088104583,2,Balanced,True
1.7200000000000006,2.200000000000001,22.04463264899246,7.873092723634298,6.263752804256892,14.639673851160728,4.261341891966922,3.4801808364184614,0.09164306437612608,0.7883582856733581,0.01069326222562424,0.10930538772489161,2,Balanced,True
1.7400000000000007,2.200000000000001,26.66427999052409,9.015705391487913,6.977691441899598,12.76263791075289,4.877155871573507,3.8254388577993077,0.09313267944495124,0.8166016459532311,0.011948420725269023,0.07831725387654855,2,Balanced,True
1.7600000000000007,2.200000000000001,33.164366728232956,9.388642347746783,7.210713628655352,10.134414915767412,5.171726702066022,3.990590909328459,0.09398855445189803,0.8319435965657853,0.013342076088872903,0.060725772893443726,2,Balanced,True
1.7800000000000007,2.200000000000001,41.45107210517885,7.90376886160572,6.28292017458948,6.8576330676850406,4.580417214855123,3.6590714077598476,0.0943574874225567,0.8386491396218193,0.0148920786184828,0.05210129433714123,2,Balanced,True
1.8000000000000007,2.200000000000001,47.74997437603609,8.25256067070378,6.500855749797287,4.555545230896454,4.4849030991112295,3.6055211219466785,0.09438551710582806,0.8389378711449738,0.016619230227256282,0.050057381521941904,2,Balanced,True
1.8200000000000007,2.200000000000001,47.72421650705771,9.463528443429993,7.2575047054870865,5.025711147144909,5.033665603120329,3.9131865251634435,0.09416661421325895,0.8333142616466681,0.0185381911917367,0.05398093294833623,2,Balanced,True
1.8400000000000007,2.200000000000001,42.26003391084414,10.968794496072224,8.198040046244298,7.721555242816886,5.732281569511546,4.304867737752012,0.09376288380221254,0.820744244707803,0.020656763681425234,0.0648361078085592,2,Balanced,True
1.8600000000000008,2.200000000000001,34.83493864506996,11.686607066255675,8.64655085209967,11.179286753944668,6.092128167359166,4.506616851100933,0.09326483241753496,0.7985473531229036,0.022985660419496616,0.08520215404006483,2,Balanced,True
1.8800000000000008,2.200000000000001,28.236486363858525,11.858007430798025,8.753646936534563,14.229746967846788,6.296282974161502,4.621076877969751,0.09290817194670775,0.7620666504959039,0.025572060642780895,0.11945311691460739,2,Balanced,True
1.9000000000000008,2.200000000000001,23.82319268967899,12.799682846481566,9.342033957166533,16.08066257389255,6.699883083406543,4.84735653345282,0.09318988442647311,0.7043568622702423,0.028554531183713778,0.1738987221195708,2,Balanced,True
1.9200000000000008,2.200000000000001,21.39631838104458,13.640768262939796,9.86756933171768,16.964475512559524,7.042219531414751,5.039288526879423,0.09459924613746043,0.617595450728581,0.032112508593382265,0.25569279454057625,2,Balanced,True
1.9400000000000008,2.200000000000001,20.181911240292866,14.138225505279149,10.17839552494413,17.438901832348634,7.306664534035401,5.187550439392657,0.09658577555353025,0.5019647934241658,0.036075123953723344,0.3653743070685806,2,Balanced,True
1.9600000000000009,2.200000000000001,19.587847977140658,14.324464111115464,10.29476298722426,17.705650821406355,7.445958252719172,5.265645895644337,0.09764799194928686,0.37943578635640585,0.03976438299828138,0.4831518386960259,4,Expanded,False
1.9800000000000009,2.200000000000001,19.26291628300735,14.217265180641414,10.227781882837272,17.868526602575763,7.465162273006217,5.276412689297022,0.0981766354268808,0.2815064186564662,0.04307930220661342,0.5772376437100396,4,Expanded,False
2.000000000000001,2.200000000000001,19.004186626776253,13.787656348212186,9.959349409460309,17.981830284383697,7.349248314706629,5.2114251683600905,0.10042094595848206,0.21874526291633425,0.04679433119115958,0.6340394599340241,4,Expanded,False
1.0,2.220000000000001,98.94497951838437,2.106954981572117,2.660897138599715,5.067175420533596,1.2872323134298271,1.8127370588161116,0.08710588734687671,0.013602741202511143,0.6968908876870519,0.20240048376356032,3,Y-dominant,True
1.02,2.220000000000001,98.95210008591289,2.1343581529530837,2.6780194613195993,5.07470873904934,1.2409502291414658,1.786788864432818,0.0877268078374329,0.012928581691523285,0.7087460145208404,0.19059859595020345,3,Y-dominant,True
1.04,2.220000000000001,98.9615396479166,2.2199425459397273,2.7314951549220003,5.076308457668901,1.1857910126371591,1.7558636782859218,0.08835058254481393,0.012304818301634091,0.7203236452399446,0.17902095391360737,3,Y-dominant,True
1.06,2.220000000000001,98.97390646807017,2.361966130540816,2.8202357468617922,5.066162666691374,1.1196023539377684,1.718754801097062,0.08895945587335825,0.0117276582650379,0.7314654782818625,0.16784740757974134,3,Y-dominant,True
1.08,2.220000000000001,98.98632402000257,2.537957304702717,2.930200306728185,5.035992361563698,1.0428217905685604,1.6757075396394787,0.08954279300268694,0.011194762680639951,0.7420656237110206,0.15719682060565252,3,Y-dominant,True
1.1,2.220000000000001,98.98739680731202,2.6981088014369785,3.0302677614411477,4.975191755747076,0.9640849957812785,1.631563510958133,0.09009635544973185,0.010704870469873647,0.7520658224378319,0.14713295164256254,3,Y-dominant,True
1.12,2.220000000000001,98.94886671151934,2.765390064087654,3.072307110686187,4.8736651992216675,0.9060549654367672,1.5990287941103343,0.09062031893514375,0.010257377440339827,0.7614383957526204,0.13768390787189602,3,Y-dominant,True
1.1400000000000001,2.220000000000001,98.81560019547487,2.656603500222434,3.0043340053768763,4.731534012066895,0.898860213904951,1.5949950343054844,0.09111657366475537,0.009851959592163633,0.7701603114976087,0.12887115524547238,3,Y-dominant,True
1.1600000000000001,2.220000000000001,98.49794229954902,2.345201824259288,2.809760905890405,4.57963055874561,0.9509233150333644,1.6241843737453432,0.09158565915162606,0.009488274223189708,0.7781797671485902,0.12074629947659411,3,Y-dominant,True
1.1800000000000002,2.220000000000001,97.85747774981738,1.91425017780605,2.5404894020686717,4.492747655275343,0.9920072688407018,1.6472182201206484,0.09202333815549145,0.009165719680373673,0.7853723608228177,0.11343858134131722,3,Y-dominant,True
1.2000000000000002,2.220000000000001,96.65253450161636,1.4518656167360569,2.2515776711866335,4.571493620239312,0.8827844929915855,1.5859821314182114,0.0924163965639618,0.008883192889221672,0.7914769701013276,0.10722344044548893,3,Y-dominant,True
1.2200000000000002,2.220000000000001,94.42462462144617,1.3949613268924115,2.2160221655371877,4.958164985177991,0.6607686781957215,1.4615082749126374,0.09273671120284559,0.008638740661259147,0.7959890046284,0.10263554350749526,3,Y-dominant,True
1.2400000000000002,2.220000000000001,90.37659604486151,3.561432054102186,3.569698002496406,5.930352299223754,1.2385649355732802,1.7854515421812343,0.09293175028575289,0.008428930449524613,0.7979631623469401,0.10067615691778241,3,Y-dominant,True
1.2600000000000002,2.220000000000001,83.27027223971541,7.933350813936878,6.301403864942564,8.000955814290316,2.5574302645946076,2.524877487426264,0.0929084889034011,0.008247662863766079,0.7956257201508509,0.10321812808198197,3,Y-dominant,True
1.2800000000000002,2.220000000000001,71.25181405389728,12.539931575524458,9.179733578630175,11.82695277316947,3.6060120557224247,3.1127681272133945,0.09250979543447116,0.0080843007723497,0.7856197250623461,0.113786178730833,3,Y-dominant,True
1.3000000000000003,2.220000000000001,52.98123966989207,12.031350142824216,8.861956657887246,17.21581645949953,3.637125118662628,3.130211762638324,0.09151299647989819,0.007923519022094653,0.7617861346744216,0.13877734982358553,3,Y-dominant,True
1.3200000000000003,2.220000000000001,33.953551358185265,5.986088934491764,5.0846962854999695,21.651248294171072,2.7382748235887764,2.6262685514220947,0.08982887769943577,0.007761873003130501,0.7144656505011543,0.18794359879627942,3,Y-dominant,True
1.3400000000000003,2.220000000000001,22.81139852409752,5.238755182778176,4.61773976070922,22.74777505865142,2.73534638691493,2.624626714300441,0.08828261954582024,0.007674780299391103,0.6336204983676424,0.27042210178714626,3,Y-dominant,True
1.3600000000000003,2.220000000000001,17.975414053322794,8.089357388169331,6.398881447857908,21.606364237994377,4.094663163971049,3.386731889593812,0.08930150469845571,0.007882795449571878,0.5151801782517865,0.3876355216001859,3,Y-dominant,True
1.3800000000000003,2.220000000000001,16.008252919669705,9.926906534819143,7.547037223887477,20.27502001750726,5.2735315139642704,4.047668093489646,0.09447398106660441,0.00855700825115871,0.3668907347577351,0.5300782759245019,4,Expanded,False
1.4000000000000004,2.220000000000001,15.244822734516395,10.705748008684031,8.033680717728009,19.505337245775653,5.833236295839557,4.361468318796504,0.10076887091056275,0.009479549527620052,0.2229195851686102,0.666831994393207,4,Expanded,False
1.4200000000000004,2.220000000000001,14.950821722775597,10.974067244546672,8.20133461750925,19.167804414439523,6.000748543113849,4.455384580794859,0.1042865655925308,0.010334837871973755,0.1224472531188453,0.7629313434166501,4,Expanded,False
1.4400000000000004,2.220000000000001,14.825552105343963,10.999927765133146,8.217493045781291,19.05487025678247,5.996529355603452,4.453019080205533,0.10505434385553292,0.011154181014840128,0.06730724326487003,0.8164842318647569,4,Expanded,False
1.4600000000000004,2.220000000000001,14.777395654518406,10.955724771735735,8.18987369079448,19.04486770307357,5.928103578260429,4.414655955497011,0.10462834547208288,0.012148343163586688,0.039634630659328624,0.8435886807050018,4,Expanded,False
1.4800000000000004,2.220000000000001,14.77137393041701,10.90691052754515,8.15937308811829,19.074527284853882,5.831857924895525,4.360695530843284,0.10395394800552053,0.013538429690866847,0.0256281411467908,0.8568794811568218,4,Expanded,False
1.5000000000000004,2.220000000000001,14.774457007601857,10.834456408923488,8.114101583438122,19.109529968607664,5.712227835206605,4.2936245492946075,0.10338022297514647,0.015594045733281157,0.018208722331400404,0.862817008960172,4,Expanded,False
1.5200000000000005,2.220000000000001,14.744642769457744,10.655954280502266,8.002568104100138,19.129946415962383,5.561658342961398,4.209207295554915,0.10300491270249128,0.018756183714060178,0.014083587177653166,0.8641553164057953,4,Expanded,False
1.5400000000000005,2.220000000000001,14.645332896600143,10.273014213725084,7.763295674110999,19.12475951505216,5.372044830188482,4.102899890372474,0.1028508128652262,0.023863724805182597,0.011712508414963938,0.8615729539146273,4,Expanded,False
1.5600000000000005,2.220000000000001,14.479323503805082,9.661261515074049,7.381054254479615,19.091703336293822,5.1429772191337815,3.9744724223800967,0.10292287906807222,0.03265167334822256,0.01034663419010675,0.8540788133935985,4,Expanded,False
1.5800000000000005,2.220000000000001,14.310765788187734,8.90674231156048,6.909608044064637,19.035675026152113,4.883146090537578,3.828797292676825,0.10318265802317245,0.0489224243655789,0.009601691477320609,0.838293226133928,4,Expanded,False
1.6000000000000005,2.220000000000001,14.243410378823981,8.114902629026599,6.414842879906576,18.960426190883723,4.602758032816947,3.6715968567768655,0.10337623828255317,0.08109683071705905,0.009254820877531909,0.8062721101228559,4,Expanded,False
1.6200000000000006,2.220000000000001,14.372022685553565,7.32312520468346,5.9201166165318995,18.857470694983505,4.305481187981896,3.5049276698973135,0.10260556541696722,0.1455862465224461,0.009119186404558787,0.7426890016560279,4,Expanded,False
1.6400000000000006,2.220000000000001,14.745857916350655,6.549904143873019,5.436984925205003,18.699374677550257,3.985299838480532,3.325417001298149,0.09926986864011057,0.26071116132311567,0.008985981988741237,0.6310329880480325,4,Expanded,False
1.6600000000000006,2.220000000000001,15.354667906777575,5.871239987317956,5.012935221416902,18.442319458444366,3.6304151686239523,3.126449808297181,0.09362850646948616,0.4144722561221563,0.0088150397033955,0.48308419770496197,4,Expanded,False
1.6800000000000006,2.220000000000001,16.13727651617765,5.312800700838853,4.664005619451267,18.038478477698572,3.248423247222772,2.912284850478758,0.08965524817820836,0.5585831592705316,0.008931438462303713,0.3428301540889563,2,Balanced,True
1.7000000000000006,2.220000000000001,17.10762463030472,4.789237073024967,4.336867374202434,17.43580043198005,2.9164661531786993,2.7261720741072124,0.08951282692024516,0.6661147414642383,0.009568989664120574,0.2348034419513959,2,Balanced,True
1.7200000000000006,2.220000000000001,18.653112018738206,4.711676775464012,4.288405375894776,16.53785596614957,2.8422672971750536,2.684572254907091,0.09149502170754481,0.7393304078385703,0.010616546591705767,0.15855802386217918,2,Balanced,True
1.7400000000000007,2.220000000000001,21.513853731725188,5.808577918112419,4.973782082668221,15.169734042300075,3.3253256340245994,2.9554004126224203,0.09359705961034323,0.7859332680130732,0.011897505267503761,0.10857216710907988,2,Balanced,True
1.7600000000000007,2.220000000000001,26.271414206105128,7.645855179714975,6.121767976772187,13.079611976059113,4.229775510967482,3.462483046814881,0.09504500956835141,0.8133587986587983,0.013332036663570279,0.07826415510928002,2,Balanced,True
1.7800000000000007,2.220000000000001,33.10200825888128,8.709974357296817,6.7866615293348165,10.155073126690816,4.873644241102285,3.823470051262812,0.09582130679192546,0.8278786727247105,0.014915236608154313,0.061384783875209764,2,Balanced,True
1.8000000000000007,2.220000000000001,41.78882456319505,7.852072848020326,6.250618956032149,6.622544168227444,4.581779908447906,3.6598354061573724,0.0961026395205606,0.8337076917797267,0.01666739145003824,0.05352227724967441,2,Balanced,True
1.8200000000000007,2.220000000000001,48.125182675800374,8.618240146129809,6.729343245030453,4.29963491890572,4.778493201869991,3.770123325424174,0.09604316747833279,0.8330056438477655,0.01860864783262793,0.05234254084127371,2,Balanced,True
1.8400000000000007,2.220000000000001,48.07885421369726,8.971956168254934,6.950355616110485,4.765466759079739,5.088224640948069,3.9437752192701967,0.0957455173710278,0.8262714263075096,0.020751753278696283,0.0572313030427663,2,Balanced,True
1.8600000000000008,2.220000000000001,42.22902247174248,9.940501876472124,7.555532000788778,7.565489271857182,5.57799824730015,4.218368313700612,0.09529745689171543,0.8126113319405707,0.023105154066393394,0.06898605710132054,2,Balanced,True
1.8800000000000008,2.220000000000001,34.515433482561434,11.00402942054649,8.220055883005372,11.08518363292231,5.899286826209881,4.398499753908423,0.09484706493044424,0.7897402597924377,0.02569010850498482,0.08972256677213328,2,Balanced,True
1.9000000000000008,2.220000000000001,27.936723153850892,11.666138180950353,8.633761279132308,14.090944427322082,6.183375965818942,4.557775212870678,0.0947107970582043,0.7536773796076454,0.02858013234528736,0.12303169098886299,2,Balanced,True
1.9200000000000008,2.220000000000001,23.690014781690365,12.718640246299765,9.291396111820827,15.868241336832861,6.573858875726169,4.776700669781762,0.09539776933327157,0.6983462971122201,0.03193439366124339,0.174321539893265,2,Balanced,True
1.9400000000000008,2.220000000000001,21.3674903928389,13.549348511092349,9.810447531020158,16.778250486045984,6.940393915794571,4.982199679046884,0.09717173345157369,0.6172353019141009,0.03586660501457025,0.2497263596197551,2,Balanced,True
1.9600000000000009,2.220000000000001,20.190265763435065,14.050865418256235,10.12381032449239,17.293239964009555,7.238809132521684,5.149507097665346,0.09922379330654477,0.5123097043408441,0.04006004586457385,0.34840645648803725,2,Balanced,True
1.9800000000000009,2.220000000000001,19.612326923211207,14.266630821353433,10.258627014584764,17.588874922108456,7.4121404435958524,5.246685835866526,0.10055715425886379,0.40423450538640354,0.04395537187800832,0.45125296847672436,4,Expanded,False
2.000000000000001,2.220000000000001,19.306804275849867,14.208588844678458,10.222360648107957,17.77086537040172,7.462697913546001,5.275031038507365,0.10225364550314867,0.3184666440783456,0.047787801300803595,0.5314919091177022,4,Expanded,False
1.0,2.240000000000001,98.27081871408572,1.6443679507715685,2.3718588985622446,5.090207164918423,1.2773101184359785,1.8071741493584217,0.08823096012215985,0.014648963777646485,0.6913416625481089,0.20577841355208473,3,Y-dominant,True
1.02,2.240000000000001,98.2419000471393,1.6039404112542015,2.3465985603056296,5.106075706636751,1.2431045224834876,1.7879966756897425,0.08884310592997259,0.013952669957826309,0.7028705367171668,0.19433368739503432,3,Y-dominant,True
1.04,2.240000000000001,98.21200401694361,1.6230757612378046,2.3585549004394855,5.119487964781676,1.2053301573382644,1.766818360482788,0.08945815911187206,0.013306852970580263,0.7141321864232937,0.18310280149425395,3,Y-dominant,True
1.06,2.240000000000001,98.18266827955696,1.7090561044540085,2.4122779956114817,5.126482803696332,1.1614821606276597,1.7422348448641776,0.09006099513570591,0.012708040876284441,0.7249946282864741,0.17223633570153554,3,Y-dominant,True
1.08,2.240000000000001,98.15459324412993,1.846617318696777,2.4982303648193653,5.120612532569934,1.1069635134346636,1.711668795892312,0.09064487626490883,0.01215437586068731,0.7353889214443071,0.16181182643009676,3,Y-dominant,True
1.1,2.240000000000001,98.12581003448413,1.9945910148586854,2.590688764780255,5.091699900577771,1.0353390571553762,1.6715123218979024,0.09121005202157047,0.011645110803243807,0.7452996020324519,0.1518452351427338,3,Y-dominant,True
1.12,2.240000000000001,98.08810579683255,2.0956151029305112,2.6538116425815153,5.025564289071886,0.9436037249669378,1.6200806228281137,0.09176106729293873,0.011180079149461258,0.754742832891504,0.142316020666096,3,Y-dominant,True
1.1400000000000001,2.240000000000001,98.0199725001934,2.1017125275513804,2.657621496217332,4.908445764766443,0.851534565976974,1.5684617627246435,0.0923035797879502,0.010759256860459379,0.7637380671702478,0.13319909618134257,3,Y-dominant,True
1.1600000000000001,2.240000000000001,97.87393469022129,2.013340095518129,2.602403752264335,4.743313358044515,0.8325115413221699,1.5577964448356396,0.09284118116761896,0.010382454057179441,0.7722764605582789,0.12449990421692264,3,Y-dominant,True
1.1800000000000002,2.240000000000001,97.55901958893658,1.8931663933328398,2.5273156216734027,4.57424408747352,0.9384103011700867,1.6171689136372334,0.093372324895638,0.01004911220122158,0.7802852936350381,0.11629326926810231,3,Y-dominant,True
1.2000000000000002,2.240000000000001,96.91752142235056,1.768370862656781,2.4493396341306335,4.482026567909619,1.0349510691549508,1.6712947952197454,0.09388715587177757,0.00975815155300725,0.7875831598187016,0.10877153275651352,3,Y-dominant,True
1.2200000000000002,2.240000000000001,95.67672978779493,1.5145359247226966,2.290735957772655,4.559373845599512,0.9347227928796651,1.6151015006548426,0.09436381224198151,0.009507800565243661,0.7938144359884688,0.10231395120430609,3,Y-dominant,True
1.2400000000000002,2.240000000000001,93.34766678013634,1.5932395375160666,2.339912333701349,4.946625318432426,0.7006971360573656,1.48389428889515,0.09476350426412501,0.009295321957642632,0.7983395003243744,0.09760167345385792,3,Y-dominant,True
1.2600000000000002,2.240000000000001,89.11129656092594,4.004584640749438,3.8465930193992937,5.925177553697214,1.2868792864749903,1.8125391331568095,0.09502321876961223,0.009116510281262966,0.8000305590331245,0.0958297119160003,3,Y-dominant,True
1.2800000000000002,2.240000000000001,81.7052276211254,8.477026990170552,6.641109033193677,7.999425677450413,2.5818262687330793,2.5385551829599518,0.0950447766160024,0.008964817380820146,0.796868775888857,0.09912163011432047,3,Y-dominant,True
1.3000000000000003,2.240000000000001,69.16481769656886,12.573500719385335,9.200708585742506,11.813236007079526,3.592769558277882,3.105343679868492,0.09468497648720728,0.008830485758601883,0.7851703207263027,0.11131421702788823,3,Y-dominant,True
1.3200000000000003,2.240000000000001,50.494416575906655,11.14921981261804,8.310775191158234,17.164318744773347,3.5691056185028813,3.0920764184951604,0.09379387051084859,0.008703892418183428,0.7584062701483879,0.13909596692258014,3,Y-dominant,True
1.3400000000000003,2.240000000000001,32.550362273871926,6.560137040781004,5.443378745861086,21.41282007803306,2.9024716373252044,2.7183260053043456,0.09249471624453101,0.008600960609719214,0.7066817316723379,0.19222259147341178,3,Y-dominant,True
1.3600000000000003,2.240000000000001,22.550901020675575,6.114124433564638,5.164696702395139,22.367403971276723,2.9942955533644198,2.769807369185357,0.09193020428404644,0.008633737275906514,0.6196115301747062,0.2798245282653409,3,Y-dominant,True
1.3800000000000003,2.240000000000001,17.9846342090109,8.601219410990202,6.718708179623665,21.41978568266557,4.361183109282284,3.5361571251746517,0.09436402012147266,0.009030538426359706,0.4926056117669166,0.40399982968525106,3,Y-dominant,True
1.4000000000000004,2.240000000000001,15.934408501656696,10.350431635940314,7.811668399620842,20.332817050418193,5.424748327031163,4.132448269659642,0.1001169369858621,0.00986217229114535,0.3387301614899488,0.5512907292330438,4,Expanded,False
1.4200000000000004,2.240000000000001,15.029099994724055,11.067078811767786,8.25945103215709,19.680885978681115,5.909316537011318,4.4041229424377555,0.10537154359788854,0.010809601790829116,0.20011744073624832,0.683701413875034,4,Expanded,False
1.4400000000000004,2.240000000000001,14.642180451472807,11.216121354227003,8.352577279316613,19.38012848147895,6.040878303958747,4.477883455920505,0.10744882770902868,0.011636929176084816,0.10967472788602732,0.7712395152288591,4,Expanded,False
1.4600000000000004,2.240000000000001,14.485969711945875,11.129797549318587,8.298639578986176,19.27668356824242,6.027207969860446,4.470219140626121,0.1073117610663511,0.012471099504996608,0.06141186571726921,0.8188052737113831,4,Expanded,False
1.4800000000000004,2.240000000000001,14.448993320019127,11.001671000563585,8.21858227152096,19.271904461948886,5.966096229724793,4.435956653607143,0.10645087648631957,0.013540550850658114,0.03713935072448169,0.8428692219385406,4,Expanded,False
1.5000000000000004,2.240000000000001,14.481306184549132,10.894311957316319,8.151501123874874,19.307898145498854,5.8850734898097405,4.390531002686069,0.10557102645377871,0.015065503583508829,0.024673796905707302,0.8546896730570052,4,Expanded,False
1.5200000000000005,2.240000000000001,14.546304291768024,10.795840874224279,8.089973440095562,19.350848833357773,5.782388374284938,4.3329602735610075,0.10487875682597482,0.017327661199661455,0.017961928548065147,0.8598316534262986,4,Expanded,False
1.5400000000000005,2.240000000000001,14.605298448263818,10.644202124108862,7.995225004587132,19.381861619557245,5.647776037729796,4.257489448747689,0.10440312829961387,0.020803643074372526,0.01418125393524572,0.8606119746907679,4,Expanded,False
1.5600000000000005,2.240000000000001,14.61873098088694,10.34337582735487,7.80725971896231,19.390686990587945,5.471609391256404,4.158721070943796,0.10412991630631331,0.02640882256047621,0.011993845325965346,0.8574674158072452,4,Expanded,False
1.5800000000000005,2.240000000000001,14.567495680524768,9.818105532217354,7.4790550968228455,19.37306524905131,5.250467358846026,4.034737103248026,0.10403423352351411,0.0360347052752425,0.010738280649185906,0.8491927805520575,4,Expanded,False
1.6000000000000005,2.240000000000001,14.482126865978088,9.079849975509863,7.017770900334812,19.330095232379144,4.990147988378336,3.8887882392222357,0.10404020569866305,0.05378871642180578,0.010067976897076112,0.8321031009824551,4,Expanded,False
1.6200000000000006,2.240000000000001,14.445866240781214,8.2097378882151,6.47409879194956,19.264066350596316,4.701397572001533,3.7268994209546804,0.10384546666125385,0.08855049114872192,0.009774149032915099,0.7978298931571092,4,Expanded,False
1.6400000000000006,2.240000000000001,14.558525128639648,7.274859598975868,5.889958819621938,19.169336406119875,4.389881673991538,3.5522470646630624,0.10255742576031923,0.1566612215193336,0.009674278756565406,0.7311070739637817,4,Expanded,False
1.6600000000000006,2.240000000000001,14.888929642831977,6.317764417739404,5.291937067360129,19.024359418288785,4.047482351859539,3.360279820663568,0.09889908951797896,0.27358753218954784,0.00958120959307408,0.617932168699399,4,Expanded,False
1.6800000000000006,2.240000000000001,15.440848947456749,5.419583220562467,4.730726537922038,18.793028185734908,3.651040692102164,3.138013572131482,0.09372501655174237,0.42342295841103705,0.009513303600943835,0.47333872143627675,4,Expanded,False
1.7000000000000006,2.240000000000001,16.14772484681752,4.611868300350962,4.226042049500659,18.432918398994865,3.180539272342989,2.874225489004967,0.09072823518210638,0.5615575945330362,0.00980707639949659,0.3379070938853608,2,Balanced,True
1.7200000000000006,2.240000000000001,17.013282675516844,3.7584813113175257,3.6928202837407533,17.882894309915564,2.673646509213462,2.5900344861274815,0.09126062190576313,0.6655986270521621,0.010644987159823352,0.23249576388225135,2,Balanced,True
1.7400000000000007,2.240000000000001,18.426539408002128,3.296023309547404,3.4038626649083428,17.024253619773205,2.333042247143139,2.3990736481299266,0.09346919906442532,0.737055813351427,0.011890886183863107,0.15758410140028462,2,Balanced,True
1.7600000000000007,2.240000000000001,21.147244241991338,4.330687505321942,4.050351862106352,15.648142331372407,2.623110021698619,2.5617010473542026,0.0955594190362317,0.7824363106590028,0.013370812401930797,0.10863345790283467,2,Balanced,True
1.7800000000000007,2.240000000000001,25.861167707788315,6.315272938634652,5.2903803165487595,13.442176731487304,3.5382689501693765,3.0747877445654046,0.09691691333156867,0.8088410473202773,0.0150118931752169,0.07923014617293711,2,Balanced,True
1.8000000000000007,2.240000000000001,32.872501649484754,7.741903544882006,6.1817818737859245,10.297132599029853,4.414133283999574,3.5658438051787997,0.09758901832548596,0.822436434332298,0.0168133523007965,0.06316119504141962,2,Balanced,True
1.8200000000000007,2.240000000000001,41.80035979846973,7.539094300508086,6.055060579944804,6.568305287862733,4.459714079623818,3.5913988198932185,0.09777314755047622,0.8273630467969221,0.01879661973952676,0.056067185913074906,2,Balanced,True
1.8400000000000007,2.240000000000001,48.00935588817195,8.838760035383697,6.867130680559928,4.262969353340741,4.986836273131415,3.8869315157775044,0.09763552820564503,0.8257630502512509,0.020981518108978293,0.05561990343412578,2,Balanced,True
1.8600000000000008,2.240000000000001,47.937103109618405,8.9681385773516,6.947970270905339,4.7045259767551615,5.21999548933763,4.017652954913223,0.09730110186649635,0.818226467820816,0.02338188638120172,0.06109054393148595,2,Balanced,True
1.8800000000000008,2.240000000000001,42.069540071721896,9.536105046522845,7.302852742135569,7.47535879660761,5.562794185601894,4.209844109261073,0.0969023501677809,0.8041052770336661,0.026013771955826638,0.07297860084272642,2,Balanced,True
1.9000000000000008,2.240000000000001,34.29224462970616,10.448618901020698,7.873018745400776,10.969342553730645,5.764431365661624,4.322892620872828,0.09665530414091968,0.781500437521357,0.028918442622498673,0.09292581571522465,2,Balanced,True
1.9200000000000008,2.240000000000001,27.755210629861068,11.470621931938533,8.511596867355987,13.90602893338372,6.07245778713409,4.495588591299722,0.09693056212921916,0.7468471275014844,0.03219796825037392,0.1240243421189225,2,Balanced,True
1.9400000000000008,2.240000000000001,23.639597660679634,12.592629340915687,9.212660721737127,15.628136354669362,6.429069550989739,4.695524084918416,0.09816312442773038,0.694579850967808,0.03600691012119947,0.17125011448326208,2,Balanced,True
1.9600000000000009,2.240000000000001,21.3873976118744,13.42113715788691,9.730337235192819,16.578538360066844,6.819806261000601,4.914591835646316,0.10033692799847212,0.6196003424709787,0.040352063497155546,0.23971066603339367,2,Balanced,True
1.9800000000000009,2.240000000000001,20.226610165089834,13.937686044830778,10.053092460122468,17.13982453387471,7.1555073332109504,5.102803685011638,0.10262668581400324,0.5261691613638153,0.044844476177002435,0.32635967664517906,2,Balanced,True
2.000000000000001,2.240000000000001,19.652861096824715,14.1881024904156,10.209560160012403,17.468278594485692,7.366200818752373,5.220929642435239,0.1047430622234876,0.433408502507661,0.04918412904635097,0.41266430622250044,2,Balanced,True
1.0,2.260000000000001,97.67406856478333,1.3239489643701274,2.17165151327566,5.088413077038664,1.2162683864173485,1.7729509126078107,0.08948433509672214,0.015790940627547784,0.6866692470701029,0.20805547720562714,3,Y-dominant,True
1.02,2.260000000000001,97.6165123263589,1.2247456439741096,2.109666305684526,5.107145283001725,1.1862205054840254,1.756104474785217,0.09008999103789588,0.01507116684921647,0.6979123863505701,0.1969264557623176,3,Y-dominant,True
1.04,2.260000000000001,97.55533256200376,1.1886595094046248,2.0871186073461856,5.1259132928032525,1.157945205531846,1.7402518399982054,0.09069464172310883,0.01440126299871064,0.7088663667178683,0.18603772856031228,3,Y-dominant,True
1.06,2.260000000000001,97.49192370540739,1.2385809884949195,2.1183110435702517,5.142598504882828,1.1311882460481997,1.7252504675132985,0.09128545069675346,0.013778153513309542,0.7194206142413969,0.1755157815485401,3,Y-dominant,True
1.08,2.260000000000001,97.42752281821068,1.367372275518132,2.1987836994268757,5.153243562661205,1.1029888840561126,1.7094404075795988,0.09185952197851023,0.013200597581331332,0.7295398610219435,0.16540001941821497,3,Y-dominant,True
1.1,2.260000000000001,97.36250900829833,1.530370494875906,2.3006298717479625,5.150544970085237,1.0651218425126494,1.688210133061968,0.09242162797489444,0.012668504459538918,0.7392484040372432,0.15566146352832344,3,Y-dominant,True
1.12,2.260000000000001,97.29548818709497,1.6591590028792036,2.3811007911896596,5.122122332517911,1.0022075050334,1.652937014240519,0.09298064367665443,0.01218225478728664,0.7486021720020554,0.14623492953400358,3,Y-dominant,True
1.1400000000000001,2.260000000000001,97.22175299770781,1.6876576129221752,2.398907576814582,5.050500084703261,0.897712779679861,1.5943517217414007,0.09354580133432114,0.011742184120007264,0.7576570519813346,0.13705496256433697,3,Y-dominant,True
1.1600000000000001,2.260000000000001,97.12789057901983,1.605159293754125,2.3473601546200675,4.920930239876219,0.7726680035514648,1.5242449794136577,0.09412337115843704,0.011348263804919274,0.7664380516363478,0.12809031340029584,3,Y-dominant,True
1.1800000000000002,2.260000000000001,96.97492494776726,1.5315684942262255,2.3013784176446843,4.744104938447142,0.7604962774027734,1.5174208633233222,0.09471388424095721,0.01099993821788087,0.7749095368162809,0.119376640724881,3,Y-dominant,True
1.2000000000000002,2.260000000000001,96.66723343058246,1.626327487392453,2.360586676391346,4.575091068374843,0.9341818552922344,1.6147982223154222,0.09530975409148285,0.010696054753835896,0.7829435153985188,0.1110506757561624,3,Y-dominant,True
1.2200000000000002,2.260000000000001,96.02163168429458,1.750712663813926,2.4383062622980125,4.494575092541098,1.0735003357416266,1.692907561327948,0.09589310110787604,0.010434831570979963,0.7902800304572143,0.10339203686392977,3,Y-dominant,True
1.2400000000000002,2.260000000000001,94.73297116527193,1.6029346524729957,2.3459701320777158,4.592612196839829,0.9571413928758463,1.6276705584111393,0.09643360981987016,0.010213822114763021,0.7964685820110241,0.0968839860543427,3,Y-dominant,True
1.2600000000000002,2.260000000000001,92.28501357488567,1.830494869705307,2.48815657551852,5.0112644541609095,0.6687763218936111,1.4659977852365544,0.09688619548908428,0.01002983589061114,0.8007669381614887,0.09231703045881592,3,Y-dominant,True
1.2800000000000002,2.260000000000001,87.83638055771054,4.462442929384332,4.132676599616781,6.02430907108238,1.2833088742250318,1.810537370433394,0.09718809713961023,0.009878760702369333,0.8019440547580882,0.0909890873999323,3,Y-dominant,True
1.3000000000000003,2.260000000000001,80.0794146142371,8.918880409515028,6.917192291431263,8.102307559256193,2.591108342804363,2.5437592066331547,0.09725583466694147,0.009755311106148223,0.797874328639826,0.09511452558708429,3,Y-dominant,True
1.3200000000000003,2.260000000000001,66.95224701837611,12.438898220988738,9.11660491086457,11.851778788057008,3.6212511720377045,3.121311985132903,0.09699142845568538,0.00965360001904884,0.7847383678471284,0.10861660367813739,3,Y-dominant,True
1.3400000000000003,2.260000000000001,48.15915249264116,10.33840020100176,7.804150798503173,17.090487346068763,3.50155046391709,3.054201411141043,0.09635293689647023,0.009573936831212859,0.7557748725010642,0.1382982537712527,3,Y-dominant,True
1.3600000000000003,2.260000000000001,31.564132395197372,7.477970091666939,6.016868342439674,21.04300579528648,3.0135679854148516,2.7806125181057824,0.09566201380793411,0.00955337171587238,0.7005384002085367,0.19424621426765676,3,Y-dominant,True
1.3800000000000003,2.260000000000001,22.51816025774914,7.224646847551078,5.858584387714188,21.915780941864494,3.21802449470402,2.895241695411419,0.0962049612979768,0.009728854489567767,0.6073891686720199,0.2866770155404356,3,Y-dominant,True
1.4000000000000004,2.260000000000001,18.11612114398374,9.334859067926029,7.177108223601234,21.22853922624609,4.601763191614,3.671039095964847,0.09978334984893691,0.010304527469802819,0.4718915131874148,0.4180206094938455,3,Y-dominant,True
1.4200000000000004,2.260000000000001,15.924311238377467,10.919987708448593,8.167544102654606,20.389168142974977,5.588341063766499,4.22416704589399,0.1055024555570581,0.011233026742370034,0.3144673547914978,0.5687971629090741,4,Expanded,False
1.4400000000000004,2.260000000000001,14.828553994426969,11.518370089651523,8.541431347251608,19.85067588916032,6.022504716447096,4.467582246984013,0.10944732101347643,0.012147813561240022,0.18226023008231715,0.6961446353429664,4,Expanded,False
1.4600000000000004,2.260000000000001,14.315960446248553,11.527340045102791,8.547036044236654,19.585892965842426,6.120232989446164,4.52237390694305,0.11025642435110077,0.012923526315136278,0.10034158555363287,0.7764784637801301,4,Expanded,False
1.4800000000000004,2.260000000000001,14.107211169081875,11.317664098181298,8.416024228856752,19.49041805181938,6.079405033997623,4.499483586843149,0.10941918605057754,0.0137560072686972,0.05733178010809806,0.8194930265726272,4,Expanded,False
1.5000000000000004,2.260000000000001,14.069548086291684,11.093343919561628,8.2758622586413,19.487787426636174,6.001529284844627,4.455822306072466,0.10823534612446767,0.014874742509751744,0.03556020235032351,0.8413297090154571,4,Expanded,False
1.5200000000000005,2.260000000000001,14.13550526571035,10.913535658665543,8.163512668589757,19.52706018077219,5.918267413113013,4.409141278940072,0.10720043412836683,0.016494459020038998,0.02421719394150812,0.852087912910086,4,Expanded,False
1.5400000000000005,2.260000000000001,14.260348926012602,10.769092721290749,8.073260392531775,19.575291798446823,5.826056351813515,4.357442860865783,0.10641613551393364,0.018904996603815432,0.018023421721425806,0.8566554461608251,4,Expanded,False
1.5600000000000005,2.260000000000001,14.405452857117305,10.613159383090883,7.97582856968439,19.61372558274168,5.709425140252689,4.29205320965899,0.10586576797627846,0.022611298864126158,0.014501495190041803,0.8570214379695535,4,Expanded,False
1.5800000000000005,2.260000000000001,14.532587039977997,10.364888999069862,7.820701793374479,19.632844479413105,5.5541083004279,4.2049743407458635,0.1055126965027675,0.028592212518444047,0.012461262348949743,0.8534338286298387,4,Expanded,False
1.6000000000000005,2.260000000000001,14.613106396884097,9.932445562076945,7.550498174116333,19.627977536349636,5.352854492194245,4.092140767739771,0.10531516250517632,0.03887360666353511,0.01130549616308424,0.8445057346682043,4,Expanded,False
1.6200000000000006,2.260000000000001,14.651300782895428,9.268134269598757,7.135416569942045,19.59746361031058,5.1076090779412695,3.9546431641098536,0.10517488496582224,0.05783164647014287,0.01071550041844404,0.8262779681455908,4,Expanded,False
1.6400000000000006,2.260000000000001,14.699638763759518,8.39799465296063,6.591727260398034,19.540552103918692,4.826792021226984,3.7972022085909374,0.10475515520636414,0.09474863895150905,0.010492076149902732,0.7900041296922241,4,Expanded,False
1.6600000000000006,2.260000000000001,14.842138032158303,7.384639077216029,5.958552327589198,19.45146173151588,4.51631676234051,3.62313328985783,0.10316169750010708,0.16584637262751392,0.010452797414173664,0.7205391324582053,4,Expanded,False
1.6800000000000006,2.260000000000001,15.153805091698413,6.296732915923786,5.278795954736173,19.31279461260621,4.168722638262671,3.428253564003942,0.09935290664897609,0.2840145040085675,0.010424362864122658,0.6062082264783338,4,Expanded,False
1.7000000000000006,2.260000000000001,15.655849190793447,5.233712956153712,4.614589226404609,19.09603585642071,3.757280127302385,3.197577041628034,0.09458127909524615,0.43030985909873964,0.010472699291641862,0.46463616251437234,4,Expanded,False
1.7200000000000006,2.260000000000001,16.29945151830138,4.260823987860175,4.006699042668181,18.762990011965407,3.248265735805129,2.912196541212971,0.09226280901048772,0.5633153472499141,0.010947717088427036,0.3334741266511712,2,Balanced,True
1.7400000000000007,2.260000000000001,17.103914308167337,3.2804565947313864,3.3941361149750247,18.242797523312284,2.6559884775653355,2.5801344558095485,0.09319060751987535,0.6640370466698026,0.011996491450454658,0.23077585435986747,2,Balanced,True
1.7600000000000007,2.260000000000001,18.441600016588705,2.6677576040902173,3.011303423748939,17.402655817448498,2.152644901240014,2.297933315543357,0.09546750956952887,0.7335462331968554,0.013463084110855802,0.15752317312275985,2,Balanced,True
1.7800000000000007,2.260000000000001,21.044658545700752,3.6720880789382475,3.6388392030458614,16.01381043271236,2.260009847634311,2.3581278063885254,0.09747582772224321,0.7775818004798634,0.015172176234342765,0.10977019556355068,2,Balanced,True
1.8000000000000007,2.260000000000001,25.649626457215305,5.653482152329123,4.876873600167776,13.733627764885364,3.1016972977173136,2.830022490920367,0.09871769009426945,0.8029619499908506,0.017053604656042713,0.08126675525883731,2,Balanced,True
1.8200000000000007,2.260000000000001,32.668147142076975,7.1947105631086,5.83987930003903,10.468852649053028,4.082553543104522,3.3799425930229217,0.09928542337194352,0.8157199305491359,0.019108679747508846,0.06588596633141165,2,Balanced,True
1.8400000000000007,2.260000000000001,41.609075399912214,7.471210970193075,6.012645040779823,6.649580098586337,4.376333717161168,3.5446513605642447,0.09939465978576639,0.8199330964961781,0.021359960246947807,0.05931228347110777,2,Balanced,True
1.8600000000000008,2.260000000000001,47.567256594830475,8.992308336005609,6.963072260451815,4.394172986925257,5.138636091325809,3.9720385555839917,0.09923043927192242,0.817767211795146,0.02382897449559156,0.05917337443733998,2,Balanced,True
1.8800000000000008,2.260000000000001,47.363316369987764,8.999071269134905,6.9672979437482105,4.827783359414867,5.340078352070348,4.084977785075949,0.09894924095089852,0.809926497245268,0.02653492181145357,0.06458933999237987,2,Balanced,True
1.9000000000000008,2.260000000000001,41.65040887944752,9.64601635546863,7.3715286218785145,7.496488379284697,5.639125353109301,4.2526394155321885,0.09872925465762508,0.7959222049378263,0.029506524474126168,0.07584201593042252,2,Balanced,True
1.9200000000000008,2.260000000000001,34.108530708884985,10.16042340953793,7.692945565439903,10.854373236157388,5.712070021898767,4.293536070773145,0.09882921526600413,0.773945628052682,0.03280475965189826,0.09442039702941568,2,Balanced,True
1.9400000000000008,2.260000000000001,27.669299899833373,11.271397065979041,8.38711520056784,13.687749926956181,5.959540000291502,4.432280883201114,0.0995998417168063,0.7404074202494442,0.036539785945776344,0.12345295208797322,2,Balanced,True
1.9600000000000009,2.260000000000001,23.65304477437524,12.426819383682465,9.109057691326957,15.371721769573927,6.2662135940373735,4.604218386559021,0.10129479779680585,0.6901680838744777,0.04080863117758993,0.16772848715112648,2,Balanced,True
1.9800000000000009,2.260000000000001,21.44483142105704,13.2603339642518,9.629862580725609,16.37004094027254,6.679944001957364,4.836177625475296,0.10367702019069312,0.6204399799888656,0.04549770087599208,0.23038529894444923,2,Balanced,True
2.000000000000001,2.260000000000001,20.285680591810944,13.80075919779765,9.967536462558412,16.980779646542793,7.056063559535585,5.0470502242673145,0.10624768952615427,0.5385013080869502,0.05029278084245755,0.304958221544438,2,Balanced,True
1.0,2.280000000000001,97.14185475997824,1.1129521986696567,2.0398144107392557,5.0673776401457555,1.118639017650082,1.7182147036136897,0.09086646841235753,0.017034387027479753,0.6828345864143506,0.2092645581458121,3,Y-dominant,True
1.02,2.280000000000001,97.06239619766518,0.9648152677272755,1.9472540167955712,5.0853184994635665,1.0878334188158878,1.7009434488952748,0.09146724012875333,0.0162896796270101,0.6938251580800616,0.19841792216417492,3,Y-dominant,True
1.04,2.280000000000001,96.97791933061771,0.8796028695774081,1.8940107567154385,5.104905536679911,1.063037674305034,1.6870416376795707,0.09205800484022665,0.01559322759538194,0.7044659218162418,0.18788284574814962,3,Y-dominant,True
1.06,2.280000000000001,96.88968175476818,0.9045569593718455,1.9096028198639428,5.125398773333458,1.046021530782858,1.677501483934194,0.09262800011975748,0.014942475461118673,0.714663968492216,0.17776555592690782,3,Y-dominant,True
1.08,2.280000000000001,96.79898851924337,1.046803003172429,1.9984824109784216,5.144841718605757,1.036257390784167,1.6720271885007136,0.09317844854699017,0.014337018831833642,0.7244171528502268,0.16806737977094935,3,Y-dominant,True
1.1,2.280000000000001,96.7066152680768,1.2556800480896075,2.1289950484438673,5.158789359066504,1.0280402329667722,1.6674202134346063,0.09371910106015853,0.013777653554889517,0.7337900648534798,0.15871318053147224,3,Y-dominant,True
1.12,2.280000000000001,96.61228815319706,1.454849946435838,2.2534423698199344,5.1584852407171145,1.0067756755998272,1.655498173264714,0.09426355850691769,0.013265491431465142,0.7428783024507124,0.14959264761090474,3,Y-dominant,True
1.1400000000000001,2.280000000000001,96.51492299852791,1.5632937008639118,2.321201277519317,5.129193220499694,0.9468336732429786,1.6218915033665202,0.09482488136778681,0.01280134705852044,0.7517726840929663,0.14060108748072647,3,Y-dominant,True
1.1600000000000001,2.280000000000001,96.41325823932442,1.5175820817371612,2.2926392879650623,5.0519789117985905,0.8229744087724176,1.5524494218338594,0.09541216051956473,0.01238541574818588,0.7605288520046513,0.13167357172759817,3,Y-dominant,True
1.1800000000000002,2.280000000000001,96.30133668782972,1.3431089617775995,2.1836232538586033,4.916344426584952,0.6741931203832846,1.4690347301431288,0.0960280729633252,0.012017165955970908,0.7691423720628006,0.12281238901790337,3,Y-dominant,True
1.2000000000000002,2.280000000000001,96.14607018059446,1.2810972648216943,2.1448764871823887,4.743129352028097,0.7008895025188927,1.4840021397496068,0.0966671996326614,0.011695357091325381,0.7775267061144808,0.11411073716153235,3,Y-dominant,True
1.2200000000000002,2.280000000000001,95.84282097264156,1.5514431113278724,2.313796674028866,4.590952129857061,0.9436410477101747,1.6201015479400942,0.09731492596920945,0.011418121579203775,0.7854902915783494,0.10577666087323746,3,Y-dominant,True
1.2400000000000002,2.280000000000001,95.18125390104467,1.812357049379816,2.476823521809852,4.5378440118511385,1.099556921632812,1.7075162671817483,0.09794688915890183,0.011183082501947154,0.792707149297753,0.09816287904139799,3,Y-dominant,True
1.2600000000000002,2.280000000000001,93.82826376089562,1.6971106390288633,2.4048141108221976,4.673981387104991,0.9361525753728395,1.615903112652858,0.09852902372739536,0.01098749666656155,0.7986697237171743,0.09181375588886881,3,Y-dominant,True
1.2800000000000002,2.280000000000001,91.24481901752009,2.0597903490283764,2.631427262717409,5.139341134773409,0.572512422787866,1.412027131051523,0.09901822581551585,0.010828415272254224,0.8025977038684933,0.08755565504373665,3,Y-dominant,True
1.3000000000000003,2.280000000000001,86.56170855019327,4.838384325300596,4.3675760503100225,6.189998502157418,1.256137346659772,1.7953035690652115,0.09936375584419589,0.010702871853901173,0.8032428991404018,0.08669047316150115,3,Y-dominant,True
1.3200000000000003,2.280000000000001,78.39603061529485,9.183860945102564,7.082760071223669,8.256129405813182,2.5883650969993095,2.542221197347592,0.09951135020840099,0.010608310956478666,0.7984649055771413,0.09141543325797896,3,Y-dominant,True
1.3400000000000003,2.280000000000001,64.68369577429698,12.08511974693831,8.895553517949997,11.913023189561574,3.660377049462432,3.1432480298993455,0.09942290413997414,0.01054462805034172,0.7843677265410061,0.10566474126867813,3,Y-dominant,True
1.3600000000000003,2.280000000000001,46.07838194050487,9.855531208893211,7.502439781213761,16.986412605230594,3.4847335775065087,3.0447729715144973,0.09916746448992216,0.010523794814861437,0.7538800853044078,0.13642865539080867,3,Y-dominant,True
1.3800000000000003,2.280000000000001,30.938050606738763,8.376704262522567,6.578424386404187,20.560814571598804,3.0520081738634777,2.802164129216914,0.09921907222208244,0.01060220397538375,0.6956533821621053,0.1945253416404286,3,Y-dominant,True
1.4000000000000004,2.280000000000001,22.622076967613303,8.35940617611337,6.567616023612263,21.42353183945337,3.3883566452998384,2.9907389449701682,0.10086470002321922,0.010928940501638411,0.5966053970947908,0.29160096238035155,3,Y-dominant,True
1.4200000000000004,2.280000000000001,18.320712356553457,10.180556570121462,7.705525367539813,21.02047691659214,4.781525611882524,3.7718234555212713,0.10527795752659062,0.011657946850102225,0.4536588932949963,0.4294052023283108,3,Y-dominant,True
1.4400000000000004,2.280000000000001,15.967676297016771,11.57204347317849,8.574968085807903,20.41901525904714,5.735280481241689,4.306549086932987,0.11056690951896023,0.012624862330454427,0.2948235954399589,0.5819846327106265,4,Expanded,False
1.4600000000000004,2.280000000000001,14.668838707069648,12.04026320352801,8.867525805329,19.994555698384744,6.150749526442645,4.539483098243857,0.11319536388821691,0.01346536236409419,0.16904069043866154,0.7042985833090274,4,Expanded,False
1.4800000000000004,2.280000000000001,14.01143371202161,11.92405468061181,8.79491523757719,19.77456127074022,6.232777716417577,4.585472457865556,0.11293877096469705,0.014167385275835286,0.09389519362154723,0.7789986501379205,4,Expanded,False
1.5000000000000004,2.280000000000001,13.726100932177811,11.600466581914858,8.592727695953775,19.694451056320965,6.1670411907103215,4.548617070443794,0.1115326925067272,0.014971446713385357,0.054740950722449506,0.818754910057438,4,Expanded,False
1.5200000000000005,2.280000000000001,13.665589049965373,11.273781379882251,8.38860499134967,19.695791482003433,6.060001189530112,4.4886047611427085,0.11007568038079873,0.016100566578219386,0.03475415546047267,0.8390695975805093,4,Expanded,False
1.5400000000000005,2.280000000000001,13.748131897362777,11.002193413057839,8.218908690503463,19.7364501836364,5.9548711012481785,4.429663250443321,0.10890420101627787,0.017762382161492448,0.024207386454889287,0.8491260303673404,4,Expanded,False
1.5600000000000005,2.280000000000001,13.919915394862562,10.782440466189527,8.081600463560864,19.78753712820927,5.855646624735317,4.3740327393346465,0.1080446322492111,0.02025118044168372,0.018385735493891286,0.8533184518152139,4,Expanded,False
1.5800000000000005,2.280000000000001,14.139445175030497,10.582405321298404,7.9566125102131195,19.831581418308723,5.74678293173362,4.312997971546507,0.10744747565062597,0.024092673652186133,0.015058862002961351,0.8534009886942265,4,Expanded,False
1.6000000000000005,2.280000000000001,14.369300080089712,10.340357680329207,7.805373890250333,19.85947029281706,5.609317550411904,4.235927578318638,0.10706074953847944,0.030316284985767415,0.013142280688537492,0.8494806847872156,4,Expanded,False
1.6200000000000006,2.280000000000001,14.577534446956983,9.969370063556823,7.573569709225165,19.86638045555634,5.43056250069171,4.135708004190657,0.10683257336776543,0.041061410688505044,0.012085058333723047,0.8400209576100065,4,Expanded,False
1.6400000000000006,2.280000000000001,14.752361592350928,9.390836527402826,7.21208461786145,19.848976303179498,5.207420432309954,4.010602710112186,0.1066488343877316,0.060940557351862934,0.011588582981827817,0.8208220252785776,4,Expanded,False
1.6600000000000006,2.280000000000001,14.91847167219683,8.576111249658675,6.703019847961443,19.80368707667794,4.944117124976433,3.8629808926096336,0.10613690303771496,0.09958981607038449,0.011458503917920582,0.7828147769739799,4,Expanded,False
1.6800000000000006,2.280000000000001,15.132805068733237,7.549519547770737,6.061574586867,19.723132336687677,4.644009967665858,3.6947248822451497,0.10437284756447839,0.17306191788174727,0.011506092025779607,0.7110591425279947,4,Expanded,False
1.7000000000000006,2.280000000000001,15.456635503640385,6.373625346168195,5.326840649529251,19.591994503370227,4.298329423253662,3.5009180107774784,0.10047148042373175,0.2918827410604029,0.011563378252070312,0.596082400263795,4,Expanded,False
1.7200000000000006,2.280000000000001,15.918411684682235,5.160594343150698,4.568902525720853,19.387444563905937,3.878235694649874,3.2653911563450637,0.09596967816603644,0.4347654475795221,0.011738966815310704,0.45752590743913074,4,Expanded,False
1.7400000000000007,2.280000000000001,16.504652073027533,4.0366496929270665,3.866628224952057,19.072824742207466,3.345049720269629,2.9664587828706157,0.09406042734426881,0.5631807313511701,0.012403715191716414,0.3303551261128447,2,Balanced,True
1.7600000000000007,2.280000000000001,17.276671545217923,3.0154251820580433,3.2285365456546806,18.567304717206376,2.702995991451987,2.6064893645514813,0.09516906651783814,0.6608078175032392,0.01368274058579357,0.23034037539312904,2,Balanced,True
1.7800000000000007,2.280000000000001,18.58947469658003,2.3885216621693064,2.8368284388615552,17.726463180711026,2.101216412301252,2.2690997733997578,0.09741087707216763,0.7284574325151977,0.015402162111303205,0.15872952830133147,2,Balanced,True
1.8000000000000007,2.280000000000001,21.134605299337046,3.4087068677414187,3.4742707290626553,16.300160581828038,2.07535744509631,2.254601863076523,0.09930672044578996,0.7712968441951493,0.01737988931743375,0.11201654604162696,2,Balanced,True
1.8200000000000007,2.280000000000001,25.664362572230157,5.499702432929463,4.780787422888201,13.939985358679763,2.883263312785435,2.7075567984589943,0.1004402012662534,0.7958669852179829,0.019544246984081484,0.08414856653168219,2,Balanced,True
1.8400000000000007,2.280000000000001,32.609713537225836,7.239103385933154,5.867617266140888,10.610613993075496,3.9524804512138485,3.307016709836975,0.10093551096413161,0.8080564907696877,0.021897332166616254,0.06911066609956441,2,Balanced,True
1.8600000000000008,2.280000000000001,41.33093323498291,7.931575132914821,6.300294366224897,6.811576279960238,4.45309950123425,3.5876903359635266,0.10102559156656513,0.811881474942489,0.024463615326011736,0.06262931816493414,2,Balanced,True
1.8800000000000008,2.280000000000001,46.91013760773497,9.277776585374987,7.141441377807979,4.651249046962425,5.295900945188007,4.060209584620874,0.10091564972657177,0.8095051625971476,0.027268294053038867,0.06231089362324182,2,Balanced,True
1.9000000000000008,2.280000000000001,46.46426185975869,9.096077229041482,7.027910174653213,5.1038272723323725,5.469400342149627,4.157482560697201,0.10078791446834298,0.8016257650649686,0.030337371776585947,0.06724894869010249,2,Balanced,True
1.9200000000000008,2.280000000000001,40.98434423721676,9.947372115458158,7.559824732000294,7.627506877025463,5.749594297378336,4.314574172431867,0.10084197411468818,0.7876371778867594,0.03370887240497412,0.07781197559357837,2,Balanced,True
1.9400000000000008,2.280000000000001,33.89408407177083,10.156262420007735,7.690345654481439,10.766666021381566,5.733638798473528,4.3056286723872965,0.10132315858371926,0.7654286090948306,0.03744622352594364,0.09580200879550652,2,Balanced,True
1.9600000000000009,2.280000000000001,27.639494893492554,11.076594284482377,8.265396584676775,13.455749308234298,5.842321790431255,4.366562129573584,0.10247494471949568,0.7312438237626337,0.04162559270360078,0.12465563881426978,2,Balanced,True
1.9800000000000009,2.280000000000001,23.70671407850026,12.228866791091674,8.98537097906812,15.11171579455501,6.087727566764995,4.504149640702426,0.10435491728456447,0.6812238325444787,0.04624975130915458,0.16817149886180224,2,Balanced,True
2.000000000000001,2.280000000000001,21.527742591522173,13.07162599846655,9.51195218834555,16.157981228478437,6.520946328703064,4.747035085861292,0.1067633364931569,0.6163139265014205,0.051171915012973176,0.22575082199244942,2,Balanced,True
1.0,2.300000000000001,96.66356469469913,0.987406281771712,1.9613695593968532,5.033241485254078,1.0021513540564162,1.6529055330207774,0.0923764833909886,0.018384963558452615,0.6797887370786321,0.20944981597192672,3,Y-dominant,True
1.02,2.300000000000001,96.56783296526268,0.8049228361343042,1.8473484337467667,5.048568294247802,0.9702484809624518,1.6350190880787134,0.09297324769267407,0.017613741061976503,0.6905525753134228,0.1988604359319266,3,Y-dominant,True
1.04,2.300000000000001,96.46669174421211,0.6757178211095191,1.7666172682358148,5.06660988351595,0.9477696462277296,1.622416259529067,0.09354466894247217,0.01688774857676201,0.700860417167548,0.18870716531321788,3,Y-dominant,True
1.06,2.300000000000001,96.36141657341531,0.673822967609116,1.7654333069822157,5.087513461767621,0.9375389444436804,1.61668038478073,0.09408215680657286,0.01620516506582745,0.7106356981661354,0.1790769799614643,3,Y-dominant,True
1.08,2.300000000000001,96.25344295514454,0.8279985395733034,1.8617668248073467,5.110623612273143,0.9403390568932098,1.6182502765272377,0.09459190120519284,0.015566780790740734,0.7199131559337948,0.1699281620702716,3,Y-dominant,True
1.1,2.300000000000001,96.14381037319467,1.0761132160195563,2.0167963103581688,5.133515433387172,0.952504575243034,1.6250709121958467,0.09508970473071245,0.014974641329550276,0.7288029778885305,0.1611326760512067,3,Y-dominant,True
1.12,2.300000000000001,96.03248724962165,1.3376630801221154,2.1802205037935414,5.150542905228393,0.9627466458278726,1.6308131608976761,0.09559481785830853,0.014430872526677683,0.7374446743636244,0.15252963525138943,3,Y-dominant,True
1.1400000000000001,2.300000000000001,95.91827500301146,1.5371621859400462,2.3048735238638898,5.151112182364094,0.9487028703612252,1.6229394745396153,0.09612479705645428,0.013936951642628499,0.745966300666269,0.14397195063464818,3,Y-dominant,True
1.1600000000000001,2.300000000000001,95.80032292700474,1.6008561517071402,2.3446714225089678,5.119177028508748,0.8775301130930099,1.583036246999471,0.09669203594256674,0.01349340273705852,0.7544546422210449,0.1353599190993299,3,Y-dominant,True
1.1800000000000002,2.300000000000001,95.68019887514728,1.4802285941092792,2.269299709454744,5.038545186934408,0.7281193358608296,1.4992686304326752,0.09730174786905622,0.013099772987011551,0.7629350369074784,0.12666344223645382,3,Y-dominant,True
1.2000000000000002,2.300000000000001,95.55695309332106,1.2362244794898243,2.1168386261220444,4.907867176295165,0.5753671510937503,1.4136276433476214,0.0979509526321035,0.012754753522402183,0.7713571174981657,0.11793717634732861,3,Y-dominant,True
1.2200000000000002,2.300000000000001,95.39901540262906,1.201445857815442,2.0951079010251994,4.753965058428396,0.6669547883738115,1.4649765368080492,0.09862815714187648,0.01245636227656467,0.7795828309479439,0.10933264963361491,3,Y-dominant,True
1.2400000000000002,2.300000000000001,95.08967544774643,1.591721696806822,2.338963941338299,4.631399519689838,0.9596831279660109,1.629095590088181,0.09931363664892782,0.012202155976666613,0.7873730875146484,0.1011111198597571,3,Y-dominant,True
1.2600000000000002,2.300000000000001,94.39409962072723,1.9056000625356366,2.535084550813861,4.615743736145481,1.1037038250759974,1.7098412414841606,0.09998036601765908,0.011989466910261346,0.7943670918139857,0.09366307525809386,3,Y-dominant,True
1.2800000000000002,2.300000000000001,92.95875023390417,1.7789865857040659,2.455972656031404,4.796199757176958,0.8862643064990591,1.5879330996751064,0.10059569428714912,0.011815671714013789,0.8000412062268806,0.08754742777195655,3,Y-dominant,True
1.3000000000000003,2.300000000000001,90.22439415120452,2.232823494366066,2.7395435575257636,5.306287303954449,0.48428039271109785,1.3625595691975658,0.10112393850389449,0.011678515714476607,0.803617523182767,0.08358002259886184,3,Y-dominant,True
1.3200000000000003,2.300000000000001,85.28443973131687,5.081855777823304,4.519704310401414,6.380980656900976,1.2310097475088413,1.7812157025142707,0.10153071983568855,0.011576598392392902,0.8038569493527697,0.0830357324191488,3,Y-dominant,True
1.3400000000000003,2.300000000000001,76.6596364370989,9.234088869349474,7.114143983565391,8.418801282369333,2.586551620289555,2.541204465994676,0.10179292654446456,0.011510480518816068,0.7986025055831067,0.08809408735361265,3,Y-dominant,True
1.3600000000000003,2.300000000000001,62.42955001510013,11.450608437411747,8.499091836194584,11.992253453549251,3.6659623458917894,3.1463794436994306,0.10193030353769697,0.011486258927885538,0.7838410725356206,0.1027423649987969,3,Y-dominant,True
1.3800000000000003,2.300000000000001,44.32764106546375,9.863853320810037,7.5076396861433725,16.8261240409862,3.5507719971046487,3.081797616684355,0.10211227533115214,0.01152783540717788,0.7521187801586553,0.13424110910301465,3,Y-dominant,True
1.4000000000000004,2.300000000000001,30.56293064540992,9.11790572400224,7.041549272479205,20.00747163421955,3.0227036759619006,2.785734471401219,0.10293283254811537,0.011709382785147434,0.6911998241273682,0.19415796053936898,3,Y-dominant,True
1.4200000000000004,2.300000000000001,22.785019670752845,9.384433924737763,7.208084079837791,20.924512485398907,3.4915468021658307,3.0485928270926435,0.10560722087325085,0.012183340880716091,0.5870456753400413,0.29516376290599183,3,Y-dominant,True
1.4400000000000004,2.300000000000001,18.549785448663933,11.020137913128902,8.230120951923581,20.792189017613047,4.888598456257087,3.8318541784613354,0.11063716526485726,0.013037115396305315,0.4386868911908839,0.4376388281479535,3,Y-dominant,True
1.4600000000000004,2.300000000000001,16.04999167105553,12.238700469456898,8.991515356014574,20.407272671417275,5.842179813428786,4.366482529725939,0.11536732997181062,0.013999536979961629,0.2802045862638681,0.5904285467843596,4,Expanded,False
1.4800000000000004,2.300000000000001,14.570858817835608,12.595494944378801,9.21445123665967,20.095216437668817,6.2653745711724875,4.6037479857824595,0.11681395318032346,0.014736182729562043,0.160037345950817,0.7084125181392975,4,Expanded,False
1.5000000000000004,2.300000000000001,13.772454938119818,12.383572776356495,9.082035915019356,19.929433209010703,6.353604398474032,4.653214312643643,0.11564349037192863,0.015337352962196106,0.08989053538518443,0.7791286212806908,4,Expanded,False
1.5200000000000005,2.300000000000001,13.396236262781633,11.972389549661585,8.82511631229909,19.875634997828996,6.280045667124444,4.611973381320081,0.11372665820670329,0.01607616764328925,0.05341638985946879,0.8167807842905387,4,Expanded,False
1.5400000000000005,2.300000000000001,13.289781664405552,11.55772141291309,8.566019233338654,19.888052272562405,6.150944608000369,4.5395924713254345,0.11200929335857206,0.01716879479304192,0.03464217704553252,0.8361797348028535,4,Expanded,False
1.5600000000000005,2.300000000000001,13.364267131936762,11.192317615195927,8.337703989799728,19.932276709246562,6.017875136848314,4.4649866587949925,0.11071027562179542,0.01881505798011477,0.024634100951766807,0.845840565446323,4,Expanded,False
1.5800000000000005,2.300000000000001,13.560118889678483,10.877649512210887,8.141089928818971,19.985454438251814,5.895923048013756,4.3966138412094296,0.1097950050170895,0.02130963681741664,0.019070716380923274,0.8498246417845706,4,Expanded,False
1.6000000000000005,2.300000000000001,13.83306466019143,10.596557710086202,7.965455346858306,20.03380905857201,5.777533191986011,4.330238200517064,0.10918445819384624,0.02519149596977442,0.015891866826154573,0.8497321790102248,4,Expanded,False
1.6200000000000006,2.300000000000001,14.145799330328881,10.309483262894654,7.786082628966977,20.06951680327871,5.645367229545785,4.256138942953669,0.10881281189149242,0.0315283171365451,0.014085942305800066,0.8455729286661624,4,Expanded,False
1.6400000000000006,2.300000000000001,14.465310661752696,9.947846211904096,7.560120961667833,20.087548713530403,5.483266200193133,4.165256497099078,0.10861975765773964,0.042552448426821994,0.013134200783251889,0.8356935931321865,4,Expanded,False
1.6600000000000006,2.300000000000001,14.77052089453727,9.427966651732026,7.235284632288815,20.08326349213932,5.282528534707074,4.0527123011284,0.10847356899237803,0.06307664017433873,0.012751327534115573,0.8156984632991676,4,Expanded,False
1.6800000000000006,2.300000000000001,15.065245869468814,8.686487246047687,6.771986078345055,20.050984676586804,5.041706290091509,3.917694561301216,0.10795142776512927,0.10302307241789481,0.01274206069088976,0.7762834391260862,4,Expanded,False
1.7000000000000006,2.300000000000001,15.378953416371706,7.70308268782257,6.157525438879421,19.98191412188057,4.759431226571909,3.759436169735973,0.10606734100668265,0.17818226245636587,0.012902951101368944,0.7028474454355825,4,Expanded,False
1.7200000000000006,2.300000000000001,15.746893234843265,6.501355162653861,5.4066500667829835,19.86185900102831,4.4226368470661725,3.5706113542379114,0.10204591787971758,0.296911659230871,0.013063813154861827,0.5879786097345496,4,Expanded,False
1.7400000000000007,2.300000000000001,16.188790323652164,5.171177597292133,4.575515260076194,19.670838023080147,3.9983260003857293,3.3327201594506293,0.09765787160629297,0.43630989266835,0.013377089888815417,0.4526551458365416,4,Expanded,False
1.7600000000000007,2.300000000000001,16.729612483050673,3.9059184214804934,3.7849434086886484,19.370003886938708,3.4471668496688217,3.02371106880927,0.09593990083668301,0.5606010972465697,0.01424612538972323,0.3292128765270241,2,Balanced,True
1.7800000000000007,2.300000000000001,17.489572286673614,2.881168030358538,3.144648653742725,18.869786628588436,2.7711177615844833,2.644682046672683,0.09708621829937392,0.6555613041324356,0.015785359432750706,0.2315671181354398,2,Balanced,True
1.8000000000000007,2.300000000000001,18.814537087832036,2.2890852207010024,2.7746975702380903,18.015461654826403,2.108643796376732,2.273263959363146,0.09924686040761964,0.7217357095262402,0.01780144453445888,0.16121598553168126,2,Balanced,True
1.8200000000000007,2.300000000000001,21.357062855326067,3.2977877014066093,3.4049651098187383,16.530928337351174,1.9907418900814189,2.207161889204629,0.10104100216522773,0.7637576093772401,0.0200982601228133,0.11510312833471883,2,Balanced,True
1.8400000000000007,2.300000000000001,25.868509924874378,5.587860906412253,4.835871479126782,14.079891825729211,2.808438655313461,2.6656061217209035,0.10210505234204113,0.7878676139273862,0.02259801536503833,0.08742931836553432,2,Balanced,True
1.8600000000000008,2.300000000000001,32.73675579030703,7.613922110540666,6.1018152381552735,10.704313305531466,3.936345944206176,3.297970848343244,0.10258465662569917,0.799790226902076,0.025302335209609714,0.07232278126261511,2,Balanced,True
1.8800000000000008,2.300000000000001,41.0673962681758,8.741597611845604,6.806420686488922,7.006832220854365,4.6679540000349,3.7081491784017517,0.10272551537721974,0.8034377530688142,0.028237639420952435,0.06559909213301368,2,Balanced,True
1.9000000000000008,2.300000000000001,46.14621257204174,9.737364299594047,7.42860555495932,4.9886548171622564,5.484918363720461,4.166182787714968,0.10274407873713251,0.8008563430050731,0.031431842611776686,0.06496773564601764,2,Balanced,True
1.9200000000000008,2.300000000000001,45.353754221695745,9.409523103555236,7.223760550656348,5.4934027999816015,5.650688006879166,4.259122053300571,0.10282749815854754,0.7925208534008248,0.0349126759557813,0.06973897248484644,2,Balanced,True
1.9400000000000008,2.300000000000001,40.158612742241495,10.328180095054678,7.797764970022792,7.840587012825763,5.8839241502409045,4.389886621885093,0.10315886937606507,0.7774369967565794,0.03871350484879739,0.08069062901855814,2,Balanced,True
1.9600000000000009,2.300000000000001,33.606216450125906,10.347634563354262,7.809920704844076,10.723292030564874,5.803485193569164,4.344788270853558,0.10391959442245655,0.7531463173291206,0.04287305968585546,0.10006102856256731,2,Balanced,True
1.9800000000000009,2.300000000000001,27.6186939151086,10.897321649784505,8.153381669925967,13.232970734639517,5.721805031950155,4.298994034411145,0.10523671372847342,0.7165082433581366,0.0474089438617232,0.13084609905166678,2,Balanced,True
2.000000000000001,2.300000000000001,23.772330371425465,12.006589338937399,8.846485365566377,14.86195479182133,5.8974063849423874,4.397445478668111,0.10713110256315742,0.6664990129951195,0.05227754367989975,0.1740923407618234,2,Balanced,True
1.0,2.320000000000001,96.23149904500181,0.9318704796197109,1.9266691258691249,4.991516436029924,0.8847699178848656,1.5870952660545703,0.09401199055092228,0.019848138505697194,0.6774728709091925,0.20866700003418798,3,Y-dominant,True
1.02,2.320000000000001,96.12422514565336,0.7366763705714241,1.8047059967961774,5.003753478954591,0.8546629199590015,1.5702156841063954,0.09460492213428746,0.019048685457761658,0.6880290828812681,0.19831730952668278,3,Y-dominant,True
1.04,2.320000000000001,96.0117959312562,0.5793548922827672,1.7064068224203777,5.019446313043437,0.8365045774992398,1.560035152977144,0.0951494298928862,0.01828951770672559,0.697970189173081,0.18859086322730725,3,Y-dominant,True
1.06,2.320000000000001,95.89552749458979,0.545032581221299,1.6849612138695778,5.039226511773523,0.8331639979078426,1.5581622466479828,0.09563972646527037,0.01756991594109316,0.7072384709763416,0.17955188661729488,3,Y-dominant,True
1.08,2.320000000000001,95.77700270166494,0.6902754372586898,1.775713303080578,5.063155514375826,0.8456270817205074,1.565149713318053,0.09608865751326298,0.016892437728063824,0.7159152395228138,0.1711036652358595,3,Y-dominant,True
1.1,2.320000000000001,95.65760597786107,0.9494287679885245,1.9376400706433645,5.0900367557895185,0.8712975720893732,1.5795419535174275,0.09651993667642618,0.016260926530180686,0.7241672289714661,0.16305190782192705,3,Y-dominant,True
1.12,2.320000000000001,95.53772367845986,1.2398846075578647,2.1191255838287213,5.11638366679559,0.9017885207869687,1.5966367986589458,0.09695992612247022,0.01567892085732733,0.7321861548525489,0.1551749981676536,3,Y-dominant,True
1.1400000000000001,2.320000000000001,95.41611822414916,1.4958022044401955,2.2790305679124216,5.1350741275868135,0.919971887937027,1.6068313599585795,0.09743162269076705,0.015148796473665672,0.7401419962426705,0.14727758459289675,3,Y-dominant,True
1.1600000000000001,2.320000000000001,95.29042627328661,1.6512880176963087,2.3761827637631496,5.134406594433028,0.8978492069349882,1.5944282101059515,0.0979512854969953,0.014671522573701155,0.7481544284645989,0.13922276346470464,3,Y-dominant,True
1.1800000000000002,2.320000000000001,95.15963595120876,1.6442215722413682,2.371767436869782,5.100086336126024,0.8034545190325325,1.5415055349908382,0.09852700723966845,0.014246770934457368,0.7562779206977333,0.13094830112814088,3,Y-dominant,True
1.2000000000000002,2.320000000000001,95.02679219998785,1.448671598490346,2.2495819528657153,5.023543612373262,0.6333780449306511,1.4461516312529594,0.09915840761388926,0.013873168055581019,0.7644943805868532,0.12247404374367656,3,Y-dominant,True
1.2200000000000002,2.320000000000001,94.89328358637293,1.1655260469266189,2.072664126707063,4.911546595351415,0.4978570605531937,1.3701713702143299,0.0998369278116591,0.013548577538342342,0.7727087337682227,0.11390576088177588,3,Y-dominant,True
1.2400000000000002,2.320000000000001,94.72635567228976,1.1978848944697604,2.0928829044089032,4.7878171007063255,0.6547408933065918,1.4581287785824961,0.10054652543263344,0.013270373158693819,0.780744240231235,0.10543886117743774,3,Y-dominant,True
1.2600000000000002,2.320000000000001,94.39614442201677,1.6840869409839958,2.396676513978738,4.70018979686432,0.9710187092176453,1.6354509189435626,0.1012647671191134,0.01303570128846089,0.7883340250572024,0.09736550653522333,3,Y-dominant,True
1.2800000000000002,2.320000000000001,93.64757545575472,2.00083626512022,2.5945909843065214,4.723364152729795,1.090254002982728,1.702300556930664,0.10196440980675962,0.012841747668273291,0.7951021659494362,0.09009167657553092,3,Y-dominant,True
1.3000000000000003,2.320000000000001,92.11391858009857,1.8279510358018176,2.4865671118598875,4.9435864725123135,0.8458823758234085,1.565292844750201,0.10261567115636434,0.012686040060174226,0.8005199570877809,0.08417833169568056,3,Y-dominant,True
1.3200000000000003,2.320000000000001,89.21589901798207,2.324817306926974,2.7970240485609876,5.485572044681538,0.4705009533504558,1.3548340836987924,0.10318977560975617,0.012566868758410591,0.8038063267663703,0.08043702886546297,3,Y-dominant,True
1.3400000000000003,2.320000000000001,83.9969472511068,5.171552686393621,4.575749626987786,6.565181432175983,1.202389022245677,1.7651694039532055,0.10366565751789533,0.0124840669799401,0.8037058661383117,0.0801444093638528,3,Y-dominant,True
1.3600000000000003,2.320000000000001,74.88211850091771,9.041634268565648,6.993892581355944,8.569877497547882,2.6040073777375765,2.55099109065373,0.1040458635915382,0.012440899331247273,0.7980068057889261,0.08550643128828841,3,Y-dominant,True
1.3800000000000003,2.320000000000001,60.22540880374244,10.592364910240683,7.962835559861508,12.099487313348703,3.6183617644380615,3.1196920297829895,0.10440093366239056,0.012449425070155697,0.7825595034463001,0.10059013782115366,3,Y-dominant,True
1.4000000000000004,2.320000000000001,42.9294130616462,10.114016596386714,7.6639491978250085,16.590295876514276,3.6345283732891627,3.128755889274999,0.10499405568892099,0.012545796192631693,0.7496253491693647,0.13283479894908254,3,Y-dominant,True
1.4200000000000004,2.320000000000001,30.320114763062946,9.706893347974999,7.409566391208891,19.435583818196402,2.9486134700480475,2.744195567211583,0.10653400615573073,0.01282242547395577,0.6864941756107884,0.19414939275952514,3,Y-dominant,True
1.4400000000000004,2.320000000000001,22.956693087626242,10.238549413552537,7.741761034093365,20.44405502070755,3.5247200658305755,3.0671915204561033,0.11015510287061629,0.01343162487317124,0.5788699397102214,0.297543332545991,3,Y-dominant,True
1.4600000000000004,2.320000000000001,18.7685056288023,11.77321219478129,8.700664331857075,20.547451641130678,4.927440565659629,3.853631127804297,0.11571878518652626,0.014386744456319848,0.42766954216112313,0.44222492819603076,4,Expanded,False
1.4800000000000004,2.320000000000001,16.15459999505207,12.874343658579683,9.388684270062816,20.34972077207724,5.898274961016492,4.397932448543259,0.11995061320006167,0.015317358294969677,0.27063297147637316,0.5940990570285956,4,Expanded,False
1.5000000000000004,2.320000000000001,14.541090824986478,13.151639243178407,9.561946861545053,20.143974038664687,6.345459098448503,4.648647624871851,0.1203813008235711,0.015925344645587258,0.15478100861701224,0.7089123459138293,4,Expanded,False
1.5200000000000005,2.320000000000001,13.62793657943504,12.8690920842804,9.385402929057072,20.03766156948833,6.455725900231505,4.710469049958554,0.11839358795308519,0.01639388303277755,0.08799767016112495,0.7772148588530123,4,Expanded,False
1.5400000000000005,2.320000000000001,13.16396322921008,12.39400299024243,9.088553025236623,20.018845150603443,6.392659358169056,4.675110597164541,0.11599398348910013,0.017027693258780622,0.05323443262571897,0.8137438906264003,4,Expanded,False
1.5600000000000005,2.320000000000001,12.99877391389423,11.913724857516057,8.788460854534224,20.05069940736103,6.259235376521796,4.600306027223279,0.11402973881558559,0.018038192132030846,0.035211905957990806,0.8327201630943928,4,Expanded,False
1.5800000000000005,2.320000000000001,13.043722356215639,11.471628389201856,8.51222573201646,20.10421453348746,6.108740033224038,4.515930345321401,0.1126239775542692,0.019615971893724243,0.02553443384400489,0.8422256167080017,4,Expanded,False
1.6000000000000005,2.320000000000001,13.238425056422582,11.067090948752554,8.259458615708905,20.16185127945096,5.962467108804944,4.433921975685509,0.11168319995994141,0.02205182308112316,0.02013782649889248,0.8461271504600429,4,Expanded,False
1.6200000000000006,2.320000000000001,13.538160398463276,10.691010524620188,8.024472296019727,20.21467612247374,5.822182091484896,4.355270744772823,0.11109698180777211,0.02589108308342187,0.017071892164233528,0.8459400429445725,4,Expanded,False
1.6400000000000006,2.320000000000001,13.906453958930076,10.322731283372265,7.794360389189096,20.257885608970305,5.678900450383274,4.274939447424637,0.11078425120138508,0.032228060858741914,0.015371904949436686,0.8416157829904364,4,Expanded,False
1.6600000000000006,2.320000000000001,14.31080780583449,9.918277559221886,7.541645581333986,20.28706850527778,5.519940498102219,4.185818056191504,0.11067343863343578,0.043365588787640665,0.014539546107420483,0.8314214264715031,4,Expanded,False
1.6800000000000006,2.320000000000001,14.725420515714976,9.40868620466624,7.223237631149621,20.296338212560364,5.334471045837787,4.0818340314113,0.11060586412663148,0.06426821809209475,0.01429597569017595,0.8108299420910978,4,Expanded,False
1.7000000000000006,2.320000000000001,15.139568098010994,8.720672831525194,6.793346256653491,20.27804788657048,5.1154344749574125,3.9590304972652963,0.11008981962660852,0.10503835905265475,0.014437757536219122,0.7704340637845176,4,Expanded,False
1.7200000000000006,2.320000000000001,15.559199112625901,7.803002149956271,6.2199581132901915,20.22242878332962,4.854976316440772,3.813003821288562,0.10806207831603565,0.1810657583417137,0.014737351590220587,0.6961348117520301,4,Expanded,False
1.7400000000000007,2.320000000000001,15.991373300720777,6.632665161193259,5.488696489077762,20.11653959337004,4.5331771976377775,3.63258614530303,0.10385271201854346,0.2988140860162574,0.015017539342358052,0.5823156626228411,4,Expanded,False
1.7600000000000007,2.320000000000001,16.437996813978742,5.244133309315208,4.621100175345731,19.9409423947681,4.110358543726384,3.39553155302888,0.09944440932367483,0.4346240386606374,0.015480620546694662,0.45045093146899307,4,Expanded,False
1.7800000000000007,2.320000000000001,16.954245724867484,3.8682054522625595,3.761379215307622,19.650918543912052,3.5468791327436984,3.079615070182854,0.09776899305511182,0.5553744980108533,0.016576323574681376,0.3302801853593536,2,Balanced,True
1.8000000000000007,2.320000000000001,17.720980291649,2.857791132128325,3.1300420671501383,19.149702187046415,2.845722114818652,2.686509209155227,0.09888044072177256,0.6483362391514699,0.018417649192022642,0.2343656709347349,2,Balanced,True
1.8200000000000007,2.320000000000001,19.08696691270314,2.308531401144242,2.786848126558353,18.27217317023185,2.1484235780237784,2.2955666175639156,0.10096294911472245,0.7136168436259672,0.02078650962830957,0.1646336976310008,2,Balanced,True
1.8400000000000007,2.320000000000001,21.67333114916035,3.253177511285208,3.377091326115567,16.714280928848346,1.9751746585324783,2.198434072459712,0.10269563385442981,0.7552619875146611,0.023462988587856115,0.11857939004305293,2,Balanced,True
1.8600000000000008,2.320000000000001,26.216845965919525,5.760443880354828,4.943706493356357,14.169899729323394,2.8265094595219207,2.6757375742575276,0.10374483103165515,0.7791827782197863,0.026357601067755723,0.0907147896808028,2,Balanced,True
1.8800000000000008,2.320000000000001,33.03797715070261,8.060501272200858,6.380851281816698,10.75088811908674,3.9499714338200853,3.3056100214380946,0.104267876716178,0.7909113047922173,0.029469341591132767,0.07535147690047192,2,Balanced,True
1.9000000000000008,2.320000000000001,40.86647350029932,9.541474707602575,7.3062078673006585,7.211273716374826,4.9198591734222346,3.849380596686333,0.10451402469074632,0.7941812641768334,0.03282436749490736,0.06848034363751285,2,Balanced,True
1.9200000000000008,2.320000000000001,45.36474570807055,10.202293957923459,7.719107538882637,5.36685717175874,5.67829962549684,4.274602593084923,0.10469564074705912,0.7907862055037493,0.03644814889332624,0.06807000485586526,2,Balanced,True
1.9400000000000008,2.320000000000001,44.17048211404769,9.943485011586207,7.557395953009134,5.943518430328931,5.889978234455597,4.39328086301384,0.10498256008378436,0.780838673530803,0.04035989281964569,0.07381887356576695,2,Balanced,True
1.9600000000000009,2.320000000000001,39.28548100623405,10.781598476311023,8.081074363051322,8.097082507193829,6.0471229796515376,4.481384552753733,0.105519590070073,0.7630250645433939,0.04457312693350785,0.08688221845302523,2,Balanced,True
1.9800000000000009,2.320000000000001,33.2489827194188,10.662244395673726,8.006498356566675,10.724666416202739,5.9049161572173166,4.40165585583155,0.10643161097344207,0.7352249706388978,0.049092320973208786,0.10925109741445131,2,Balanced,True
2.000000000000001,2.320000000000001,27.56900274169492,10.754433573301977,8.064100917550839,13.039051097019087,5.605230056659351,4.2336359122439005,0.10782162326757072,0.696225820872533,0.05390571896482482,0.14204683689507144,2,Balanced,True
1.0,2.340000000000001,95.84049179729924,0.9332240193784677,1.9275148580744026,4.9466268768149515,0.7817226106175786,1.5293214730035314,0.09576796762230007,0.021428815238317533,0.6758116748714371,0.20699154226794533,3,Y-dominant,True
1.02,2.340000000000001,95.72571925788002,0.7470414219856636,1.8111823915482848,4.956039507254686,0.756975304152024,1.5154468187284509,0.09635655137627379,0.020599285313270592,0.6861730493254199,0.19687111398503568,3,Y-dominant,True
1.04,2.340000000000001,95.60635790827565,0.5877645187380544,1.7116614090563285,4.9693791447740345,0.7452599634205364,1.5088785765405421,0.09686429300621108,0.019802542883420187,0.6956993199102489,0.1876338442001198,3,Y-dominant,True
1.06,2.340000000000001,95.48373678304594,0.5269018305905969,1.6736325775180845,4.987464251874145,0.7488531609013687,1.510893113874455,0.097289639016275,0.019039577943975206,0.7043595127103507,0.17931127032939914,3,Y-dominant,True
1.08,2.340000000000001,95.35955470655331,0.6347512198823968,1.7410201080678944,5.01068683967871,0.7685468152605476,1.5219344223912772,0.09765490448454311,0.018315599232933917,0.7122987071683021,0.17173078911422088,3,Y-dominant,True
1.1,2.340000000000001,95.23550066740727,0.8707654688843458,1.8884888839158314,5.038550602313675,0.8026034523973833,1.541028381837052,0.09799446823498657,0.017637033142673408,0.7197571136274882,0.16461138499485184,3,Y-dominant,True
1.12,2.340000000000001,95.11250699146157,1.1571644362425932,2.067439541763973,5.068980982004684,0.8451970492869725,1.5649086142978152,0.09834370470578191,0.017009344601271896,0.7269899222344842,0.157657028458462,3,Y-dominant,True
1.1400000000000001,2.340000000000001,94.9897422987489,1.4339148611153067,2.240361501111599,5.097394541993812,0.8839428770680942,1.5866315830505209,0.09873203757180728,0.016436062455235708,0.7342141143063342,0.15061778566662282,3,Y-dominant,True
1.1600000000000001,2.340000000000001,94.8641093624046,1.6438313010161079,2.3715235837122663,5.115874036750964,0.8971425830076962,1.5940320392051983,0.09917994605733534,0.015918683294548472,0.7415828326096511,0.14331853803846512,3,Y-dominant,True
1.1800000000000002,2.340000000000001,94.7314134925934,1.7277156200094466,2.4239370201344177,5.113843503282881,0.8555385817013849,1.5707066265834846,0.09969840538596299,0.015456994799650238,0.7491772452108442,0.13566735460354265,3,Y-dominant,True
1.2000000000000002,2.340000000000001,94.58977795861277,1.6385979115152618,2.368253605113564,5.082720461519904,0.7376194865690308,1.5045949194500645,0.10028941596846293,0.015049506295003194,0.7570062242471316,0.1276548534894023,3,Y-dominant,True
1.2200000000000002,2.340000000000001,94.4431263631396,1.3769093224383593,2.2047427321567965,5.022304230752613,0.5587346500912981,1.4043025799731421,0.10094687213010924,0.014693843891986521,0.765007876376698,0.11935140760120629,3,Y-dominant,True
1.2400000000000002,2.340000000000001,94.29496368539702,1.089076365316011,2.024896074529045,4.93930910208194,0.4456536987421714,1.34090339318689,0.10165749881792514,0.014387073430421275,0.7730498588061097,0.11090556894554397,3,Y-dominant,True
1.2600000000000002,2.340000000000001,94.1102598046604,1.2372771922263452,2.1174963925883943,4.848323561821705,0.6513954092428246,1.4562531225456594,0.10240184762085001,0.014125961922059631,0.7809263947416334,0.10254579571545694,3,Y-dominant,True
1.2800000000000002,2.340000000000001,93.74398516192255,1.7987214339649558,2.4683035806551716,4.793855248590027,0.9744520224138395,1.6373758166564338,0.10315547011094371,0.013907205429420321,0.7883489014756738,0.09458842298396217,3,Y-dominant,True
1.3000000000000003,2.340000000000001,92.92589001834543,2.075158360242075,2.6410296566850833,4.850858543712526,1.0746799938862024,1.6935689403326308,0.10389050007123782,0.013727663864599957,0.7949237978884496,0.08745803817571263,3,Y-dominant,True
1.3200000000000003,2.340000000000001,91.28153502082691,1.8328361131519804,2.4896194545883343,5.100639834638678,0.8440405193096792,1.5642602021719927,0.10457813198921866,0.013584674270795903,0.8001036306883991,0.08173356305158633,3,Y-dominant,True
1.3400000000000003,2.340000000000001,88.20950053944895,2.334280306308333,2.802936814169505,5.657486376305897,0.5076368351420386,1.3756544312293664,0.10519315286186205,0.013476598546152888,0.803081395355668,0.07824885323631706,3,Y-dominant,True
1.3600000000000003,2.340000000000001,82.68659604944294,5.10139228257977,4.531911304059495,6.724271580780304,1.1755810153233086,1.7501394115631432,0.105723482244171,0.013403990354640809,0.8025625452441835,0.07830998215700473,3,Y-dominant,True
1.3800000000000003,2.340000000000001,73.07231732609858,8.602749900083486,6.7196644750761205,8.711820938568183,2.6376326129309606,2.5698431832592767,0.10619286538076016,0.013372430616251443,0.7962795266461621,0.08415517735682627,3,Y-dominant,True
1.4000000000000004,2.340000000000001,58.09531693270418,9.797706964703734,7.466309460519081,12.23089466648855,3.5890570620201334,3.1032622573045665,0.10671961956597521,0.013399989992941404,0.7800205256028598,0.09985986483822354,3,Y-dominant,True
1.4200000000000004,2.340000000000001,41.82124732500954,10.288972413407647,7.77326683552128,16.297469635066324,3.659256583723083,3.1426198373006002,0.10766178103826991,0.013535981211606185,0.7460249769104369,0.13277726083968697,3,Y-dominant,True
1.4400000000000004,2.340000000000001,30.125011730451643,10.18100924580705,7.705808212874331,18.891612369958278,2.852643222942736,2.690389549933153,0.10984793521636456,0.013892176184832964,0.6816446007340593,0.19461528786474314,3,Y-dominant,True
1.4600000000000004,2.340000000000001,23.112616260794614,10.910588724216518,8.161671335629821,19.997164594480385,3.4983611130404952,3.0524132916607973,0.11433968393348759,0.014618786910112641,0.5727240366570314,0.29831749249936834,3,Y-dominant,True
1.4800000000000004,2.340000000000001,18.959298191176227,12.407241642390689,9.096824931845804,20.293724291898563,4.912628418930285,3.8453266517100007,0.1204151134738809,0.01565260169531129,0.42107038192938134,0.44286190290142646,4,Expanded,False
1.5000000000000004,2.340000000000001,16.268627066355617,13.458885348762683,9.753923436121214,20.25036643521094,5.905620752953468,4.402050889620638,0.12425910583071521,0.01652906420192774,0.2658543679328619,0.5933574620344951,4,Expanded,False
1.5200000000000005,2.340000000000001,14.575652841517188,13.693030526585279,9.90022436028241,20.141039351136463,6.383072597073465,4.6697357497643095,0.1238185959453008,0.01698477527577966,0.15285878118310758,0.706337847595812,4,Expanded,False
1.5400000000000005,2.340000000000001,13.587895919044163,13.360115996306119,9.692209384704164,20.094837961949583,6.52289282362057,4.748126394285753,0.12109704125229963,0.017291774413985935,0.08802723516002443,0.77358394917369,4,Expanded,False
1.5600000000000005,2.340000000000001,13.055103012709306,12.834775941917892,9.363961174894252,20.115166378345293,6.481591772242035,4.7249708314825,0.11826467857590434,0.017788812171569753,0.05418109605443775,0.8097654131980881,4,Expanded,False
1.5800000000000005,2.340000000000001,12.833106788049198,12.30177080804846,9.030923593711,20.172292340087118,6.359223496840782,4.65636467760497,0.11609958830783558,0.01868305340267991,0.0365294670534458,0.8286878912360387,4,Expanded,False
1.6000000000000005,2.340000000000001,12.83853569233369,11.79929383239617,8.716960920675083,20.24116331712657,6.207603532825438,4.571358473602886,0.11463255811744162,0.020153288790073307,0.027006031077149547,0.8382081220153356,4,Expanded,False
1.6200000000000006,2.340000000000001,13.014048924641335,11.323092429597603,8.419416013006416,20.307772939896545,6.048403681538971,4.4821025822468545,0.1137077050199821,0.02248258820339412,0.021697570390618193,0.8421121363860056,4,Expanded,False
1.6400000000000006,2.340000000000001,13.316657255633121,10.864563247727377,8.132913238589605,20.367130541936085,5.887452679045806,4.39186490252488,0.11318099732488222,0.02621701911476404,0.018716297868296823,0.8418856856920569,4,Expanded,False
1.6600000000000006,2.340000000000001,13.711534699599218,10.411798421458464,7.850012206303504,20.41823362489921,5.723654331039467,4.300030849692482,0.11295388682873786,0.03246633691908465,0.017122861023761097,0.8374569152284164,4,Expanded,False
1.6800000000000006,2.340000000000001,14.168054102034736,9.93919335544456,7.554714397635909,20.458938228202406,5.553189972886254,4.2044594775558295,0.11293748283257572,0.04357745528774484,0.016428476253399014,0.8270565856262804,4,Expanded,False
1.7000000000000006,2.340000000000001,14.65982190988953,9.398672689665156,7.216980886883588,20.483073853456244,5.370430785226457,4.10199497104868,0.11293461435912978,0.06460113717789635,0.016353100974446113,0.8061111474885277,4,Expanded,False
1.7200000000000006,2.340000000000001,15.168075561457579,8.72633072814536,6.796881480022327,20.480825962150767,5.166956728844904,3.9879166090187863,0.11237682889826772,0.10567463744434784,0.016676715866942166,0.7652718177904423,4,Expanded,False
1.7400000000000007,2.340000000000001,15.680516655463899,7.861017449947599,6.256207811375587,20.440958582813327,4.928134213245527,3.854020023478922,0.11014340540211345,0.18164033146807296,0.01713927028605477,0.6910769928437588,4,Expanded,False
1.7600000000000007,2.340000000000001,16.17905163396616,6.746054462472572,5.5595455226620665,20.35158107903937,4.624842855634545,3.6839787813207376,0.10569494152929602,0.29749607831643016,0.01755507887468726,0.5792539012795865,4,Expanded,False
1.7800000000000007,2.340000000000001,16.648752584765255,5.35586825996571,4.690915521078196,20.192385311059542,4.209062541072208,3.4508702558751043,0.10119411806136233,0.42975732151624546,0.018184490717643286,0.4508640697047489,4,Expanded,False
1.8000000000000007,2.340000000000001,17.164987432252712,3.9167853524013334,3.791733392797223,19.910707241447675,3.639072607908325,3.131303628535976,0.09948981727719299,0.5477472845674962,0.01953830813428437,0.3332245900210264,2,Balanced,True
1.8200000000000007,2.340000000000001,17.95740642880173,2.9261927386207383,3.1727814408028925,19.403788957727706,2.918930097139396,2.727553491945773,0.10055167555959267,0.6395228585461679,0.021734969345621614,0.23819049654861787,2,Balanced,True
1.8400000000000007,2.340000000000001,19.38740033437395,2.4099329625273223,2.8502068609969196,18.49421963519704,2.2049734876699127,2.32727150014252,0.10258649525484641,0.7044667510359542,0.024521899703486352,0.168424854005713,2,Balanced,True
1.8600000000000008,2.340000000000001,22.05396555994155,3.259253846479586,3.380888002445687,16.852679351565122,2.0077970167694907,2.21672389898311,0.10430383156528295,0.745976363141536,0.027642919818386773,0.12207688547479419,2,Balanced,True
1.8800000000000008,2.340000000000001,26.663656272206698,5.956358277852608,5.066119680238753,14.221494224474208,2.894854420581866,2.7140553890657952,0.1053857974427043,0.7696498143525056,0.030990531068745397,0.09397385713604473,2,Balanced,True
1.9000000000000008,2.340000000000001,33.46884702303821,8.502277222543897,6.65688613510053,10.759825070306096,3.9740825175448053,3.319127975456389,0.10599366921281415,0.780826487149982,0.03455804093733358,0.07862180269987024,2,Balanced,True
1.9200000000000008,2.340000000000001,40.71677476265133,10.134908868590122,7.677003315614705,7.422358129076656,5.139398012806473,3.9724657292298864,0.10637045154914965,0.783017387824028,0.038367273399969426,0.07224488722685302,2,Balanced,True
1.9400000000000008,2.340000000000001,44.59930635466283,10.489554439071105,7.8985964963649575,5.766224951830342,5.840667971917363,4.365634911084335,0.10671295937363513,0.7777314020617025,0.042434647383015806,0.07312099118164646,2,Balanced,True
1.9600000000000009,2.340000000000001,43.04496978667393,10.534520768476686,7.926692806565962,6.400652918161553,6.1494030560555615,4.538728195437024,0.1071673807249173,0.7648533664937884,0.04676339495792076,0.08121585782337344,2,Balanced,True
1.9800000000000009,2.340000000000001,38.469556501190404,11.256090447077641,8.377551166356746,8.359726122552273,6.229614087109086,4.583698759262401,0.107853141351655,0.7433024858421593,0.05134584620541328,0.09749852660077246,2,Balanced,True
2.000000000000001,2.340000000000001,32.86920417013938,11.058937604772742,8.254364162044117,10.754845273563255,6.029009891995851,4.47122939387102,0.10888812823145844,0.7122574255854717,0.056170485603604006,0.12268396057946587,2,Balanced,True
1.0,2.360000000000001,95.48708490789161,0.9763370868127363,1.9544531946556343,4.9017191234840185,0.7025177413003504,1.4849150168823746,0.09763403331375549,0.023130478770083663,0.674696506868625,0.2045389810475358,3,Y-dominant,True
1.02,2.360000000000001,95.36819015260686,0.8112504027186996,1.8513020869784806,4.908796517712838,0.684941081526357,1.4750606079585464,0.0982169550700474,0.02226889984835452,0.6848688975644052,0.19464524751719292,3,Y-dominant,True
1.04,2.360000000000001,95.24539560752093,0.6673238777792614,1.7613724808863873,4.919998210248695,0.6797512054521025,1.472150887809365,0.09867561412250017,0.02142930563581446,0.6939176076049385,0.18597747263674694,3,Y-dominant,True
1.06,2.360000000000001,95.11998854838235,0.5950216328793771,1.7161958714590657,4.936151858049632,0.6886798171146675,1.4771567416846936,0.09901522423411108,0.020615354890501227,0.7018533737347096,0.17851604714067815,3,Y-dominant,True
1.08,2.360000000000001,94.99373768516732,0.6551957149724827,1.7537944412978312,4.957773558447743,0.7126721765689863,1.4906081325718379,0.09927176413624175,0.019836211075888087,0.7089109362319367,0.17198108855593344,3,Y-dominant,True
1.1,2.360000000000001,94.868582041681,0.8430961422411802,1.8712002594117632,4.984776899132124,0.7511572415076482,1.5121849038265671,0.09949391215448639,0.019101940156125295,0.7154263065187015,0.16597784117068684,3,Y-dominant,True
1.12,2.360000000000001,94.74591570649872,1.100576317593065,2.0320815893518933,5.016032754045635,0.8006889200471387,1.5399549933252528,0.09972815474395362,0.01842053113169973,0.7217304192059851,0.16012089491836154,3,Y-dominant,True
1.1400000000000001,2.360000000000001,94.62543083780609,1.3720584584265951,2.201711766947515,5.048767591892728,0.8526575093779779,1.569091344432095,0.10001106358318698,0.01779688193965048,0.728090412187141,0.1541016422900216,3,Y-dominant,True
1.1600000000000001,2.360000000000001,94.50395877011115,1.6065790507419202,2.3482472613345013,5.077948927991444,0.8904240085675643,1.5902652495665777,0.10036722545924595,0.01723301112785386,0.7346903861321387,0.14770937728076153,3,Y-dominant,True
1.1800000000000002,2.360000000000001,94.37551712232464,1.7509939268828707,2.4384820038926147,5.096442058595672,0.8891032528281758,1.5895247637568857,0.10080999888452293,0.01672872126569411,0.7416327079994567,0.14082857185032627,3,Y-dominant,True
1.2000000000000002,2.360000000000001,94.23374285245902,1.7549327757546105,2.4409431147103806,5.097652142624886,0.8247018310258963,1.5534179064884401,0.10134310299074324,0.016282275401412583,0.7489457206299518,0.13342890097789242,3,Y-dominant,True
1.2200000000000002,2.360000000000001,94.07674438990367,1.588893035995608,2.3371965092917906,5.080144650006977,0.6906068207323246,1.4782371222513235,0.10196211353521348,0.01589092937614717,0.7565907763273346,0.12555618076130473,3,Y-dominant,True
1.2400000000000002,2.360000000000001,93.91099193458709,1.2792975435078946,2.1437519673699796,5.046243947234763,0.507442827531856,1.375545660259816,0.10265561491738635,0.015551306638536712,0.7644659945439092,0.11732708390016774,3,Y-dominant,True
1.2600000000000002,2.360000000000001,93.74285922703524,1.0285132373512116,1.9870544171703948,4.994568177565418,0.4087505756339895,1.3202135425354897,0.10340607008199973,0.015259653516143801,0.772405934936624,0.10892834146523243,3,Y-dominant,True
1.2800000000000002,2.360000000000001,93.53170441802241,1.3217277299248793,2.1702636194264655,4.932393467959022,0.6512657016967709,1.4561804016068831,0.104190600685736,0.015012024534489148,0.7801763799525194,0.10062099482725544,3,Y-dominant,True
1.3000000000000003,2.360000000000001,93.1151278361186,1.9128304165456023,2.5396022926845565,4.905944443938121,0.9751259630821777,1.6377536635864876,0.10498196473366796,0.01480445187617845,0.7874620812770394,0.09275150211311414,3,Y-dominant,True
1.3200000000000003,2.360000000000001,92.21444101149302,2.113655864583396,2.665084051122804,4.989380439024589,1.072847201960107,1.6925413798436488,0.10575018361270076,0.01463316840729544,0.7938420991608374,0.08577454881916642,3,Y-dominant,True
1.3400000000000003,2.360000000000001,90.44978664413307,1.8006173802948446,2.4694882247413847,5.256832696895328,0.8789681132182987,1.583842466238469,0.10646562230740368,0.01449499597265431,0.7987400985186176,0.08029928320132446,3,Y-dominant,True
1.3600000000000003,2.360000000000001,87.19094049739805,2.2745534049442884,2.7656176562517416,5.8100799593275525,0.5413222758877775,1.3945402782649363,0.1071051431210958,0.014388117016723358,0.8013207084281875,0.07718603143399339,3,Y-dominant,True
1.3800000000000003,2.360000000000001,81.33504037622383,4.888738508707545,4.399038853158778,6.852544714989624,1.1940663483102625,1.7605032709476265,0.107665122023584,0.014313736886380173,0.8002685712453208,0.07775256984471503,3,Y-dominant,True
1.4000000000000004,2.360000000000001,71.21903710791003,7.947170834568871,6.3100390280033185,8.864025052577633,2.6454638871886056,2.5742338115084316,0.10819132961216645,0.014279976677720282,0.7933226665103773,0.08420602719973598,3,Y-dominant,True
1.4200000000000004,2.360000000000001,56.09193269423231,9.35677520147191,7.190802080641639,12.356764385251571,3.663756915404393,3.145142962243037,0.10885160395847406,0.014311486888796797,0.7763581799878518,0.10047872916487731,3,Y-dominant,True
1.4400000000000004,2.360000000000001,40.889294798438414,10.351228011708598,7.812165999067316,15.995869232498375,3.624781985090757,3.1232915464435145,0.11009687775787427,0.014471101351248015,0.7418721823508392,0.13355983854003858,3,Y-dominant,True
1.4600000000000004,2.360000000000001,29.942721103490083,10.566440689153179,7.946637329607395,18.404570115753675,2.755197156873758,2.6357561101664615,0.11285765337438104,0.014887751845997155,0.6775991381560968,0.19465545662352493,3,Y-dominant,True
1.4800000000000004,2.360000000000001,23.24628142681204,11.419269719793492,8.479510466241916,19.59168008508635,3.4319295413900828,3.0151682245710667,0.11810428764279136,0.01570391411488231,0.5694614922857124,0.2967303059566139,3,Y-dominant,True
1.5000000000000004,2.360000000000001,19.11752096771889,12.926949582618827,9.421554027940605,20.03984750352238,4.864257396747567,3.818207287804616,0.12460210821198137,0.01678147196190689,0.41904621154439975,0.439570208281712,4,Expanded,False
1.5200000000000005,2.360000000000001,16.386596883386176,13.992110526543419,10.087098507334707,20.11836948752324,5.87577549694661,4.385318054092748,0.12809709317952991,0.017574102159755405,0.2654938081074732,0.5888349965532415,4,Expanded,False
1.5400000000000005,2.360000000000001,14.668459340349386,14.218797861704852,10.22873954789837,20.093051264820687,6.381589584019939,4.668904293887213,0.12689894396765827,0.017856330053566107,0.15399210859670634,0.7012526173820692,4,Expanded,False
1.5600000000000005,2.360000000000001,13.650794740078378,13.858571271451984,10.003659178737998,20.10389093779151,6.55186255369015,4.764368363476108,0.1235656882514681,0.017986398194488464,0.08995349457099061,0.7684944189830528,4,Expanded,False
1.5800000000000005,2.360000000000001,13.078088908724343,13.295639104213892,9.651922290227754,20.16336732449515,6.536306564183072,4.755646849616897,0.12041808251673072,0.018334202821153875,0.05637107709504323,0.8048766375670722,4,Expanded,False
1.6000000000000005,2.360000000000001,12.813962702659527,12.715030922953247,9.289140898426714,20.247908312624407,6.432763372478379,4.697595037415008,0.1181527025334302,0.019098399286564496,0.03876055677428848,0.8239883414057169,4,Expanded,False
1.6200000000000006,2.360000000000001,12.782600713868439,12.158283122718819,8.94126818775862,20.336159938594797,6.2916897827522655,4.618501690932279,0.11669832026901421,0.0204425544850672,0.029228306363317996,0.8336308188826006,4,Expanded,False
1.6400000000000006,2.360000000000001,12.93138442450898,11.624337109713787,8.607642717094397,20.416505651398,6.1331526243546035,4.529617340403752,0.1158357174745989,0.02263973730925612,0.023931714084521282,0.8375928311316236,4,Expanded,False
1.6600000000000006,2.360000000000001,13.219851099594994,11.105500476591772,8.283458039791558,20.486173999205143,5.96242188699605,4.43389662193782,0.11538984436810787,0.02623307422427132,0.02100722006387257,0.8373698613437482,4,Expanded,False
1.6800000000000006,2.360000000000001,13.615182627493033,10.590790131020794,7.961851590610628,20.546934983754863,5.780949086638279,4.332153332469153,0.11524467935259677,0.032337314367868394,0.019521703156069225,0.8328963031234656,4,Expanded,False
1.7000000000000006,2.360000000000001,14.089787909081242,10.059302497122836,7.6297621888872555,20.599625340800863,5.5919425972515615,4.22618625683458,0.11528948172209419,0.04331384428960058,0.018984667788885173,0.8224120061994201,4,Expanded,False
1.7200000000000006,2.360000000000001,14.620511424743952,9.473673810653814,7.263843834973342,20.639715371606332,5.399628018304341,4.118364490507634,0.11528503727515384,0.06422158377136948,0.019106068731340867,0.8013873102221358,4,Expanded,False
1.7400000000000007,2.360000000000001,15.187181166620448,8.783786606125894,6.8327816344701535,20.656243420808448,5.202014386435851,4.0075717936929465,0.11460229199105543,0.10506822976192338,0.019640782158425518,0.7606886960885957,4,Expanded,False
1.7600000000000007,2.360000000000001,15.765568568949973,7.936509274814942,6.3033773659545655,20.635529108114216,4.981251646475281,3.8838004774878585,0.11211601762350279,0.18004089764855108,0.02029031108971865,0.6875527736382275,4,Expanded,False
1.7800000000000007,2.360000000000001,16.317528597043466,6.8635415450524935,5.632954972808712,20.56507432256677,4.697299150254182,3.7246016280656997,0.10744286447439926,0.29323520040268614,0.020861496757730944,0.5784604383651837,4,Expanded,False
1.8000000000000007,2.360000000000001,16.817822104654738,5.499236381920706,4.7804962202509245,20.422291244522786,4.292399335643505,3.4975932887303984,0.10286193443527651,0.42221435547328623,0.021680351349113506,0.45324335874232374,4,Expanded,False
1.8200000000000007,2.360000000000001,17.355948491213915,4.039518595967662,3.8684208015494956,20.146578896966858,3.7205104230979336,3.176961992699625,0.1011315636376201,0.5383621215549584,0.02333280409748519,0.33717351070993634,2,Balanced,True
1.8400000000000007,2.360000000000001,18.19229249409714,3.062156260840899,3.2577355241540857,19.6299650389803,2.9860627912167828,2.7651916455030072,0.10216690595983745,0.6297082752942117,0.02594586282697702,0.2421789559189738,2,Balanced,True
1.8600000000000008,2.360000000000001,19.70437024525831,2.5621415676195625,2.945311358972757,18.679344472868927,2.26707422103706,2.3620884692901485,0.10418700576264289,0.6945872763219806,0.029217663273817893,0.1720080546415586,2,Balanced,True
1.8800000000000008,2.360000000000001,22.4769546214337,3.326431530452445,3.422862632628694,16.948017814588432,2.0694403668827475,2.2512844347880727,0.1059212087341763,0.7357856303278213,0.032842238794551136,0.12545092214345124,2,Balanced,True
1.9000000000000008,2.360000000000001,27.17092263849388,6.162642182445872,5.195012045916428,14.241172614561055,2.9738117738687775,2.7583230745553697,0.10706608700710649,0.7587156797640193,0.036689040841886636,0.09752919238698754,2,Balanced,True
1.9200000000000008,2.360000000000001,33.965589047295815,8.973065915825904,6.951049019650666,10.746571876752304,4.038510110934761,3.3552495059067966,0.10778268024038917,0.7685930165303395,0.04074313983980138,0.08288116338946999,2,Balanced,True
1.9400000000000008,2.360000000000001,40.578636701661175,10.5040083159022,7.90762771177484,7.645467401182738,5.310379458073449,4.068327007863779,0.10830095840435355,0.7687483318128038,0.045018294616314854,0.07793241516652782,2,Balanced,True
1.9600000000000009,2.360000000000001,43.8362443955139,10.554471633549992,7.9391587049679,6.182895530975439,5.967115940396879,4.436528357564319,0.1087994189415158,0.7605481942511619,0.0495180991821145,0.08113428762520775,2,Balanced,True
1.9800000000000009,2.360000000000001,42.05544750830278,11.025480851700399,8.233459380064685,6.828843275195263,6.385696068258927,4.671206607037185,0.10940842779933675,0.7440513186649617,0.05423004093751734,0.09231021259818427,2,Balanced,True
2.000000000000001,2.360000000000001,37.774055046268735,11.665829340814248,8.633568306559692,8.604845103085053,6.412648923417875,4.686317809041219,0.11024353358865542,0.7190585045558157,0.059134584159585765,0.11156337769594313,2,Balanced,True
1.0,2.3800000000000012,95.16870951966521,1.0454185364583315,1.9976173546846023,4.858668728363286,0.6490739563045044,1.454951592741602,0.09958913615401536,0.0249534518335951,0.673953231824726,0.20150418018766356,3,Y-dominant,True
1.02,2.3800000000000012,95.04844000219701,0.9033121316798264,1.9088250142159364,4.8638065207442445,0.6377904614717991,1.4486254662988576,0.10016392914465559,0.024057724091834428,0.6839330490675933,0.19184529769591666,3,Y-dominant,True
1.04,2.3800000000000012,94.9249431498327,0.7781381471985594,1.8306125573938545,4.8730166004155375,0.6370978144655655,1.4482371316023308,0.10055875420578865,0.023169098895090678,0.6924277405775011,0.18384440632161952,3,Y-dominant,True
1.06,2.3800000000000012,94.79948587658653,0.7043970604264704,1.784536916444368,4.887060743714032,0.6487533372358371,1.4547718366643922,0.10078947507210738,0.022295325185466085,0.6995129494635385,0.17740225027888806,3,Y-dominant,True
1.08,2.3800000000000012,94.67386294855233,0.7273774864940815,1.7988957753479533,4.90650405910218,0.674425820377203,1.4691651941178616,0.10091137464817068,0.021451323403104468,0.7055474429722032,0.17208985897652168,3,Y-dominant,True
1.1,2.3800000000000012,94.55016765555658,0.8623786529083902,1.8832485499509701,4.931530318839021,0.7149432293140457,1.4918814053509193,0.10099167459784426,0.020652106812918875,0.7109884334183566,0.16736778517088027,3,Y-dominant,True
1.12,2.3800000000000012,94.43009312757843,1.0779744598930834,2.017959271309655,4.9616873192759074,0.7688614128385531,1.522110802501035,0.10108985179923646,0.01990879052999402,0.7162528016383048,0.1627485560324646,3,Y-dominant,True
1.1400000000000001,2.3800000000000012,94.31367560160277,1.327992429601144,2.1741779915299317,4.995509752285898,0.8301918183950602,1.5564958849677437,0.10124973671575575,0.019227740650016895,0.721656710725177,0.1578658119090503,3,Y-dominant,True
1.1600000000000001,2.3800000000000012,94.19788704615038,1.5668943728353413,2.323451085275002,5.030070157339717,0.8856078191529053,1.5875650380043735,0.10149926812020196,0.018611355594513032,0.727408501573188,0.15248087471209695,3,Y-dominant,True
1.1800000000000002,2.3800000000000012,94.07604173751119,1.747519325791857,2.4363109690012115,5.060900690703102,0.9136043562391785,1.6032613835243263,0.10185316991695526,0.018059241169957194,0.7336231307544228,0.14646445815866477,3,Y-dominant,True
1.2000000000000002,2.3800000000000012,93.93938896150834,1.8218314434317913,2.4827434071500556,5.083463771023877,0.8908858062342452,1.5905241578634928,0.10231586825830068,0.017569211894144177,0.7403393035253192,0.13977561632223592,3,Y-dominant,True
1.2200000000000002,2.3800000000000012,93.78125127717124,1.750688434827228,2.438291123301009,5.096604325175892,0.8058432022639104,1.5428447576676243,0.10288369109642177,0.017137985377722285,0.7475320053354764,0.13244631819037953,3,Y-dominant,True
1.2400000000000002,2.3800000000000012,93.60223815607411,1.52273797353306,2.295860843675198,5.10265431676677,0.661028549877951,1.4616539727788613,0.10354625319089385,0.016761612212901632,0.7551190379610293,0.12457309663517517,3,Y-dominant,True
1.2600000000000002,2.3800000000000012,93.41284089556748,1.1913881317534012,2.0888235323633277,5.098716206211684,0.47058390872001077,1.354880592884527,0.10428724041469899,0.016435724985711657,0.7629622060866013,0.11631482851298812,3,Y-dominant,True
1.2800000000000002,2.3800000000000012,93.22070705247424,1.0251560298439832,1.9849567333082887,5.074026946695468,0.3829443133896902,1.3057451814122263,0.10508489670798929,0.01615568593479951,0.7708640280114473,0.10789538934576391,3,Y-dominant,True
1.3000000000000003,2.3800000000000012,92.97422480690372,1.4440486394752756,2.2466933895284145,5.034656749822244,0.6576618315815429,1.4597664117035067,0.10591256890759226,0.015916704408022384,0.7785602585681077,0.09961046811627765,3,Y-dominant,True
1.3200000000000003,2.3800000000000012,92.49470993153571,2.0056828043397465,2.597619247256004,5.030875373589419,0.9828281134707548,1.642071898137182,0.1067397588864447,0.015713996819463446,0.7857070906632202,0.09183915363087171,3,Y-dominant,True
1.3400000000000003,2.3800000000000012,91.501122348778,2.1165078076024417,2.6668660305905063,5.133307584118149,1.0929735782880912,1.7038252952770163,0.10753430809316847,0.015543078289526727,0.7918585971050178,0.085064016512287,3,Y-dominant,True
1.3600000000000003,2.3800000000000012,89.60610922457438,1.753910947141827,2.4403046455701025,5.405335642672445,0.9274520741771256,1.6110251496196497,0.1082666828638592,0.015400318380607902,0.7964223731460398,0.07991062560949311,3,Y-dominant,True
1.3800000000000003,2.3800000000000012,86.13766352570609,2.1711925308065054,2.7010346844857205,5.935685317975301,0.5665032790296854,1.4086580859293778,0.10891818019082192,0.015284010804145348,0.7985649816931093,0.07723282731192346,3,Y-dominant,True
1.4000000000000004,2.3800000000000012,79.92516843696178,4.5860046783415225,4.2098816833666035,6.9574511304907745,1.2883240367298525,1.8133491368769294,0.10949733926290749,0.015196550803708912,0.7970063872296052,0.07829972270377841,3,Y-dominant,True
1.4200000000000004,2.3800000000000012,69.28527275602748,7.163753527816137,5.82053641664209,9.047435903231445,2.615358028281326,2.5573548681545653,0.1100757506010768,0.015149271031222515,0.7895851414064113,0.08518983696128937,3,Y-dominant,True
1.4400000000000004,2.3800000000000012,54.2527210216756,9.199031172357369,7.092238883846472,12.4553848018686,3.7897234666668265,3.215766500664203,0.11086970122181071,0.015173606625706618,0.7723990485111307,0.10155764364135197,3,Y-dominant,True
1.4600000000000004,2.3800000000000012,40.035865316020725,10.42727800723669,7.8596843154028555,15.732183750764197,3.578344794186263,3.097256391053874,0.11240253847387541,0.01534359506045034,0.7383381411125803,0.13391572535309393,3,Y-dominant,True
1.4800000000000004,2.3800000000000012,29.77250127502706,10.873597782170915,8.138558286464377,17.986715984041815,2.673817407015137,2.590130300511076,0.11564858857064411,0.015797106081325403,0.6755179634114868,0.19303634193654362,3,Y-dominant,True
1.5000000000000004,2.3800000000000012,23.35870878622066,11.798105862341485,8.71621864138284,19.231738058224927,3.34918961214352,2.9687798261149134,0.12143180896247835,0.01665810251609414,0.5696505763708596,0.2922595121505679,3,Y-dominant,True
1.5200000000000005,2.3800000000000012,19.245277369807425,13.360210383206375,9.692268360468109,19.79446485440658,4.80282839151667,3.78376692512405,0.1280880775676558,0.017719746911217693,0.4213747806158682,0.43281739490525833,4,Expanded,False
1.5400000000000005,2.3800000000000012,16.51057071584873,14.486900417299033,10.396258059354222,19.965226535702616,5.824613750549199,4.3566340619838915,0.13111979528883339,0.01838282214891853,0.2691153344834671,0.581382048078781,4,Expanded,False
1.5600000000000005,2.3800000000000012,14.816633552453656,14.737301402777163,10.552716099306174,20.010345522914612,6.351648630022055,4.652117804983261,0.12926128326656494,0.018477905657860977,0.15805879719211446,0.6942020138834596,4,Expanded,False
1.5800000000000005,2.3800000000000012,13.812054283801999,14.38056380745344,10.329815758738636,20.07228701814145,6.548937223703046,4.762728268128031,0.12553493341008534,0.01844138758051897,0.09393885887547461,0.7620848201339211,4,Expanded,False
1.6000000000000005,2.3800000000000012,13.232826269701832,13.803905716761719,9.969502501904662,20.16768970356952,6.558657864077701,4.768178175362116,0.12229631099632061,0.018656765330509303,0.06008205359935981,0.7989648700738102,4,Expanded,False
1.6200000000000006,2.3800000000000012,12.94958427760697,13.189049914714536,9.58532217027498,20.27855072973747,6.4757971652785855,4.721722067081019,0.12009592307381771,0.01930307620979087,0.04220625215846647,0.8183947485579249,4,Expanded,False
1.6400000000000006,2.3800000000000012,12.893148107129434,12.586084931806482,9.208571578797393,20.387599983427737,6.350031690238729,4.651211262668909,0.11875031378488174,0.020526185319453147,0.03249599033709599,0.8282275105585691,4,Expanded,False
1.6600000000000006,2.3800000000000012,13.01469989619111,12.005054589585155,8.845526408176449,20.485440605518715,6.2005116211525015,4.567382371284504,0.11799010822729303,0.022590342587508565,0.027123806571459522,0.8322957426137388,4,Expanded,False
1.6800000000000006,2.3800000000000012,13.275937583168457,11.444369965981297,8.495193852285132,20.570276963140476,6.030942201149631,4.472312749002965,0.11762274302010844,0.026035289657433326,0.02421908601542354,0.8321228813070347,4,Expanded,False
1.7000000000000006,2.3800000000000012,13.647029415374666,10.892159182660144,8.150156005753553,20.644644732759794,5.841511435567235,4.366107801600798,0.11752156159367928,0.03197285659105824,0.022836266126004715,0.8276693156892577,4,Expanded,False
1.7200000000000006,2.3800000000000012,14.106059954583708,10.322311801452267,7.794098284314098,20.710973970859204,5.636983551391578,4.251438607743245,0.11755740107124697,0.04275123242545952,0.022470545863811465,0.8172208206394821,4,Expanded,False
1.7400000000000007,2.3800000000000012,14.637303643536493,9.694609768409919,7.401891242572088,20.76728999980922,5.4291211651678974,4.134899914950111,0.11746019350317065,0.06336146281962335,0.022811893079030306,0.7963664505981757,4,Expanded,False
1.7600000000000007,2.3800000000000012,15.224418551116852,8.965837636561707,6.946532574143305,20.80407513227329,5.227810674757182,4.022034562905303,0.1165786183017284,0.10353047701800708,0.02358209642045609,0.7563088082598084,4,Expanded,False
1.7800000000000007,2.3800000000000012,15.836538876390929,8.098159967779763,6.404381563401541,20.80582876064679,5.019508272049755,3.9052491735031536,0.11384891547597321,0.1767400642677745,0.024441186702388228,0.6849698335538641,4,Expanded,False
1.8000000000000007,2.3800000000000012,16.42137930922044,7.031187927909427,5.737705456984106,20.75682625983741,4.753920610394311,3.756346625651114,0.10905116125358784,0.28676624003188284,0.025191435740822523,0.5789911629737068,4,Expanded,False
1.8200000000000007,2.3800000000000012,16.951393097650755,5.687203287049536,4.897943575724131,20.62993644335453,4.36165544245652,3.536421940236618,0.10449384931708079,0.4129045936995844,0.026231082502938357,0.45637047448039647,4,Expanded,False
1.8400000000000007,2.3800000000000012,17.52786339092315,4.226634243633751,3.9853362658487894,20.357869639514757,3.790212340067417,3.2160405890554755,0.10281156515471325,0.5280978724716113,0.028232234251003224,0.34085832812267225,2,Balanced,True
1.8600000000000008,2.3800000000000012,18.424870608569954,3.2445026929207406,3.3716710396272687,19.827691561607477,3.045306245425128,2.798406672210922,0.10387049367654326,0.619502624605945,0.031326166487128,0.24530071523038383,2,Balanced,True
1.8800000000000008,2.3800000000000012,20.03348920927282,2.743145939123108,3.058408314777881,18.826638620282402,2.327237439426411,2.39581916464442,0.10590218984286326,0.6841434396084752,0.03514204071857884,0.17481232983008269,2,Balanced,True
1.9000000000000008,2.3800000000000012,22.928147187092133,3.468211788185688,3.511451186649234,17.003275497267534,2.1442180669851236,2.2932087847309734,0.10767035946336827,0.7244103830404952,0.0393132863231994,0.12860597117293715,2,Balanced,True
1.9200000000000008,2.3800000000000012,27.71530473654252,6.380044812831958,5.330851724684692,14.230445235225895,3.0304429219392555,2.7900735037090407,0.10889611223231674,0.7457779140727813,0.0436849724906785,0.10164100120422352,2,Balanced,True
1.9400000000000008,2.3800000000000012,34.45806264592483,9.491414851808694,7.274928969165202,10.731119262459455,4.171823179780301,3.429991892241099,0.10973700280531298,0.7534637924711849,0.048232496716992035,0.08856670800651013,2,Balanced,True
1.9600000000000009,2.3800000000000012,40.41550176455231,10.700541595206277,8.030427594556976,7.883066927934289,5.44269547469077,4.142510393767874,0.11040371298180823,0.7507386765675177,0.05295836677116312,0.08589924367951095,2,Balanced,True
1.9800000000000009,2.3800000000000012,43.05414586481525,10.472316872422104,7.887825948132912,6.614344923639891,6.076255089918164,4.497717560906178,0.11105463559714827,0.7390895478199871,0.05785104958523199,0.0920047669976326,2,Balanced,True
2.000000000000001,2.3800000000000012,41.22038638096278,11.36045186836875,8.442759309969395,7.2144940456796505,6.578504625523199,4.7793053238426815,0.11180889244060212,0.7191714914853713,0.06288403957205131,0.10613557650197528,2,Balanced,True
1.0,2.4000000000000012,94.88317536571972,1.1271606691750768,2.0486922889223163,4.818275258565806,0.6166928249976654,1.4367970108462464,0.10159270945239188,0.02689172754617483,0.6732908143585001,0.19822474864293319,3,Y-dominant,True
1.02,2.4000000000000012,94.7636837355269,1.004949292949543,1.9723309585243272,4.821672844142746,0.6091232530980132,1.432553106837371,0.10215502823904885,0.025959604554843998,0.6830598043523215,0.18882556285378563,3,Y-dominant,True
1.04,2.4000000000000012,94.64160426694261,0.8960709363341346,1.904300498353777,4.8289065441386345,0.6103007233063814,1.4332132591688198,0.10246965806030951,0.02501513502169417,0.690916009104496,0.18159919781350023,3,Y-dominant,True
1.06,2.4000000000000012,94.5181814415617,0.8250310915582463,1.8599126743565861,4.840678955314028,0.6225727852866672,1.4400936288549437,0.10256823618983413,0.024072054822731965,0.6970301917879715,0.17632951719946238,3,Y-dominant,True
1.08,2.4000000000000012,94.39522676351405,0.8250239988616708,1.859908242627206,4.857586197943588,0.6486292025934389,1.4547022401913687,0.10253192208476812,0.02315327806891844,0.7019238952814294,0.17239090456488404,3,Y-dominant,True
1.1,2.4000000000000012,94.27486717125481,0.917049092332933,1.9174082789126716,4.880033022928138,0.6905956843683118,1.4782308786142322,0.10245057494730758,0.022280177340998575,0.7061985636036474,0.1690706841080464,3,Y-dominant,True
1.12,2.4000000000000012,94.15886585293406,1.0902819159130537,2.0256493386710215,4.908085466727092,0.7484014244357251,1.5106398464211677,0.10239769178554527,0.02146745790348626,0.7103609282976632,0.16577392201330532,3,Y-dominant,True
1.1400000000000001,2.4000000000000012,94.04736361512153,1.3120017923110943,2.1641865621303764,4.94123861340296,0.8174652620455015,1.549360701601092,0.10242355782904738,0.02072285491030056,0.7147688783049633,0.1620847089556888,3,Y-dominant,True
1.1600000000000001,2.4000000000000012,93.93740783377794,1.543211275526402,2.3086531763215983,4.978073243991917,0.8861678883686925,1.5878790425506857,0.10255804608947974,0.020048847704498305,0.7196441388983037,0.15774896730771826,3,Y-dominant,True
1.1800000000000002,2.4000000000000012,93.82220666259471,1.7421194324399,2.4329369538064087,5.016023910224815,0.9351535606656037,1.6153430119526906,0.102815857247714,0.019444540190367166,0.7251036742097451,0.15263592835217374,3,Y-dominant,True
1.2000000000000002,2.4000000000000012,93.69222114669529,1.8648509864419278,2.5096233068682716,5.052151541622591,0.9424848223111668,1.619453306577034,0.10320097245146058,0.01890705539297897,0.7311872373321067,0.14670473482345378,3,Y-dominant,True
1.2200000000000002,2.4000000000000012,93.53841637040719,1.87120803570439,2.5135953817608034,5.085739165345906,0.8953596684440485,1.5930324426144724,0.10370957512924173,0.018432402298758793,0.7378751504620211,0.13998287210997842,3,Y-dominant,True
1.2400000000000002,2.4000000000000012,93.35652931129508,1.736396354815378,2.429361003392652,5.119613531453478,0.7945346880910137,1.5365046040540513,0.10433165685921478,0.018015954627096795,0.7450970667466253,0.13255532176706308,3,Y-dominant,True
1.2600000000000002,2.4000000000000012,93.1509613825651,1.4682856195074816,2.261837381006534,5.15376680907313,0.6409547183548122,1.4503995167536197,0.10505174316901615,0.017652688830764342,0.7527340597175328,0.12456150828268665,3,Y-dominant,True
1.2800000000000002,2.4000000000000012,92.93574561544693,1.150727892199776,2.06341779615031,5.176541907336176,0.4430965850434981,1.3394697394451969,0.10584917106576279,0.01733729617260346,0.7606162507441824,0.11619728201745134,3,Y-dominant,True
1.3000000000000003,2.4000000000000012,92.71603922311698,1.1007671861822947,2.0322008497665527,5.172038103925191,0.3761103155262325,1.301913679272626,0.10669833561530848,0.017064257423326623,0.7685176681785973,0.10771973878276754,3,Y-dominant,True
1.3200000000000003,2.4000000000000012,92.42503725326752,1.5811015679387863,2.3323281665486864,5.150390846053698,0.6794890739752018,1.4720039229822361,0.10756935580470815,0.01682795726262947,0.7761492788079144,0.09945340812474794,3,Y-dominant,True
1.3400000000000003,2.4000000000000012,91.87181721344271,2.0685307884259814,2.6368885511937976,5.164941424712649,1.0081716599232093,1.6562808362138037,0.10842968461626096,0.016622915537754454,0.7831495184807573,0.09179788136522728,3,Y-dominant,True
1.3600000000000003,2.4000000000000012,90.7759013895441,2.099535291285776,2.656261093749353,5.278479759969005,1.132000471962503,1.72570584449624,0.10924730225851369,0.0164442226087245,0.7890678420720837,0.08524063306067815,3,Y-dominant,True
1.3800000000000003,2.4000000000000012,88.73422217507343,1.723819340069268,2.4215025076608327,5.5388607402623276,0.9653493431735732,1.6322723712527316,0.10999639476415851,0.01628830214660907,0.7933286402770632,0.08038666281216929,3,Y-dominant,True
1.4000000000000004,2.4000000000000012,85.02489482920454,2.060457231963223,2.6318439511608043,6.030164985609783,0.6303806134037968,1.4444711119525573,0.11066728245661424,0.016154251015521627,0.7951469055345964,0.07803156099326773,3,Y-dominant,True
1.4200000000000004,2.4000000000000012,78.43695334429262,4.245972173530928,3.99741918398373,7.058670685659126,1.410104992224117,1.88162600802344,0.11128502134980663,0.016046388536866654,0.7933373490395834,0.07933124107374336,3,Y-dominant,True
1.4400000000000004,2.4000000000000012,67.24555195646275,6.504025064301165,5.408318301346053,9.26892538280309,2.638725243712915,2.570455770102658,0.11194790087317455,0.01597960987641196,0.7859048444324532,0.0861676448179603,3,Y-dominant,True
1.4600000000000004,2.4000000000000012,52.542594149462886,9.161436598422938,7.068748667386746,12.54282328818815,3.8777931692121306,3.265143053083193,0.1129092819463481,0.01599086124956033,0.7692176289641702,0.10188222783992132,3,Y-dominant,True
1.4800000000000004,2.4000000000000012,39.22049023269067,10.60250409551771,7.969170826682143,15.530655717114996,3.558608790688334,3.0861913393608065,0.11472246832065343,0.016159609423979746,0.7365170370595104,0.13260088519585633,3,Y-dominant,True
1.5000000000000004,2.4000000000000012,29.624229929469124,11.103026981259736,8.281912525780335,17.639833494920985,2.6171850294396553,2.558379182031604,0.11831497392564304,0.016619137865043498,0.6760999234037519,0.18896596480556155,3,Y-dominant,True
1.5200000000000005,2.4000000000000012,23.44967841503368,12.086557387843387,8.896451799071908,18.91987974879679,3.2747985746263266,2.927072259751995,0.12427028918665417,0.01745891341286616,0.5731944743693661,0.2850763230311136,3,Y-dominant,True
1.5400000000000005,2.4000000000000012,19.348145757719333,13.746184355196402,9.93343646535683,19.56459840646051,4.74460990062588,3.7511265472853172,0.13057205187880466,0.018412048550788446,0.42730507369520493,0.423710825875202,3,Y-dominant,True
1.5600000000000005,2.4000000000000012,16.64884356548086,14.963037993442203,10.693763086215787,19.802392940435105,5.766706247725802,4.324168040571573,0.13283512221285262,0.018881317795059416,0.27614278317644614,0.5721407768156419,4,Expanded,False
1.5800000000000005,2.4000000000000012,15.022036025914733,15.262789720318183,10.881056948377223,19.90466589400986,6.306479895845042,4.626793813799761,0.13045724980023707,0.0187951389708954,0.16508778000910768,0.6856598312197598,4,Expanded,False
1.6000000000000005,2.4000000000000012,14.0682396237703,14.949117444327248,10.685065109946157,20.009837575436116,6.525559717234971,4.749621596478352,0.12672508908132502,0.018641765160467044,0.10038164793138835,0.7542514978268196,4,Expanded,False
1.6200000000000006,2.4000000000000012,13.515236924968619,14.4008379870397,10.342483673737625,20.13577250033286,6.558403231385358,4.768035414751853,0.12374748615071327,0.018776358615725113,0.06581458151268499,0.7916615737208766,4,Expanded,False
1.6400000000000006,2.4000000000000012,13.23802196310508,13.78868906553597,9.95999468219354,20.26966997586162,6.49569459384034,4.732877622237767,0.12182861172936411,0.01934288211902837,0.04735904983126925,0.8114694563203383,4,Expanded,False
1.6600000000000006,2.4000000000000012,13.170490372971992,13.167413740593915,9.571803240273535,20.398856083602176,6.3858923769251215,4.671316668100939,0.12069106718650989,0.020472640838342507,0.03726871840973808,0.8215675735654095,4,Expanded,False
1.6800000000000006,2.4000000000000012,13.264933014810708,12.556620553309754,9.190161352099611,20.51653027841592,6.248025212706371,4.594021014043259,0.1200555766005943,0.022428059836533454,0.03170261217445741,0.8258137513884148,4,Expanded,False
1.7000000000000006,2.4000000000000012,13.484798763595581,11.961972599634697,8.818607489738456,20.621376713234735,6.085204987260605,4.502735348664077,0.11974003815319863,0.02574967435429503,0.02875642110253203,0.8257538663899743,4,Expanded,False
1.7200000000000006,2.4000000000000012,13.805866387241375,11.374200569930062,8.451349910737438,20.714901640251387,5.8959650715426895,4.396637401831519,0.11962288061893926,0.031544012490699526,0.02745197044593798,0.8213811364444232,4,Expanded,False
1.7400000000000007,2.4000000000000012,14.216807859161033,10.764879625940711,8.070627924295522,20.798524913957575,5.683377854064732,4.277449717712705,0.11956905685398506,0.042128285262662754,0.02725504185816314,0.811047616025189,4,Expanded,False
1.7600000000000007,2.4000000000000012,14.714243131450775,10.089213152608567,7.648451262822167,20.871521440880038,5.461421756216649,4.153009341699482,0.11929933868709293,0.06237042642411246,0.027823836076188296,0.7905063988126063,4,Expanded,False
1.7800000000000007,2.4000000000000012,15.288784840620838,9.304764061014184,7.158303961370491,20.928018768156836,5.250760583816261,4.034901500738819,0.11818535036829125,0.1016084245752024,0.028839314926700017,0.7513669101298064,4,Expanded,False
1.8000000000000007,2.4000000000000012,15.905199852552721,8.385319809541178,6.5838076383793,20.95366279020563,5.0489564731388725,3.921759398957518,0.1152840538020942,0.17260687401345692,0.02992042541318684,0.682188646771262,4,Expanded,False
1.8200000000000007,2.4000000000000012,16.502363017204196,7.285850795203712,5.896826448418414,20.92782081461683,4.799588002664513,3.781950191044199,0.1105370558485568,0.2792556942189651,0.030873198835906612,0.5793340510965714,4,Expanded,False
1.8400000000000007,2.4000000000000012,17.058142164668233,5.937340810873184,5.054236996938725,20.81580527232274,4.419755511106274,3.5689959242779037,0.1062003157513889,0.40299353784557773,0.03217728990010808,0.4586288565029253,4,Expanded,False
1.8600000000000008,2.4000000000000012,17.68487367363786,4.470753633446651,4.137869376577017,20.54508321624196,3.848667071774427,3.248813416041969,0.10472374081386386,0.5178477956791748,0.034593517290117816,0.3428349462168435,2,Balanced,True
1.8800000000000008,2.4000000000000012,18.65755519075548,3.457450425137338,3.5047271645111375,19.997032282934224,3.09674621023688,2.827246648338375,0.10589555973467063,0.6093704801532974,0.038236948278795396,0.24649701183323655,2,Balanced,True
1.9000000000000008,2.4000000000000012,20.37497344042726,2.941449432924663,3.1823142806293023,18.936180230321025,2.3809934011820966,2.4259576116557224,0.10796899121051555,0.6731593481887228,0.04264224662031505,0.17622941398044661,2,Balanced,True
1.9200000000000008,2.4000000000000012,23.39948182195948,3.6904629992867157,3.6503204039544963,17.022316301929735,2.221058251631853,2.3362894730430788,0.1097764498995269,0.7115666446983999,0.04737682451045109,0.1312800808916221,2,Balanced,True
1.9400000000000008,2.4000000000000012,28.28932092315332,6.620559837002139,5.481132719740717,14.186265200268787,3.0487629790933566,2.800344700684221,0.11107924649603793,0.7304149192246284,0.05226389680512611,0.10624193747420756,2,Balanced,True
1.9600000000000009,2.4000000000000012,34.886007373934675,10.008861649470315,7.598245235620642,10.732491642288563,4.362881738008968,3.537109466648956,0.1120278492146083,0.7350632294252527,0.057267469721345256,0.09564145163879378,2,Balanced,True
1.9800000000000009,2.4000000000000012,40.20610539836996,10.77594849464743,8.077544085184554,8.132259324975985,5.549400098839802,4.202334672894207,0.11280650839387672,0.7288927452600205,0.06237392666029333,0.09592681968580954,2,Balanced,True
2.000000000000001,2.4000000000000012,42.25402574325763,10.377563839934622,7.828621413796965,7.050280958027793,6.191170312587704,4.562145137608434,0.11355190546921994,0.7137937659973911,0.06755394403004948,0.10510038450333951,2,Balanced,True
1.0,2.4200000000000013,94.6284022705661,1.2121410803845596,2.101790596609719,4.7805845694973295,0.5977255547184043,1.426162951821154,0.10357288031518407,0.028928133942119752,0.6722375395139955,0.19526144622870076,3,Y-dominant,True
1.02,2.4200000000000013,94.51134542064295,1.105748839263341,2.0353135359059173,4.782281258469392,0.5913323410917558,1.4225785767337098,0.10411530897698314,0.027957169131998003,0.681754432525447,0.18617308936557192,3,Y-dominant,True
1.04,2.4200000000000013,94.39230123093483,1.010022431638001,1.97550080761292,4.787492216909815,0.592629845884137,1.4233060268277073,0.10433439680038097,0.02695033868507218,0.6888960835706314,0.17981918094391547,3,Y-dominant,True
1.06,2.4200000000000013,94.27250331194126,0.9434965117827264,1.9339334191831887,4.796884432538498,0.6048025716044224,1.430130703330963,0.10428280337509656,0.025929426763919423,0.6939581383885871,0.17582963147239694,3,Y-dominant,True
1.08,2.4200000000000013,94.15372641313591,0.9314275438301629,1.926392366313547,4.811108335261035,0.6315272491387542,1.4451139768406667,0.10407329156148505,0.024927578957844112,0.6976560508486309,0.1733430786320399,3,Y-dominant,True
1.1,2.4200000000000013,94.03801033165325,0.9944367598569257,1.9657624127997155,4.830768460617714,0.6758293065619693,1.4699520630088494,0.10382080443966853,0.023973677706424966,0.7007462580591362,0.1714592597947704,3,Y-dominant,True
1.12,2.4200000000000013,93.92697520583151,1.1332285434984417,2.0524836786466647,4.856345998172115,0.7382243738095423,1.5049340513612157,0.10361230108505311,0.023086155508457766,0.7038182941728269,0.16948324923366218,3,Y-dominant,True
1.1400000000000001,2.4200000000000013,93.82062241612724,1.32741347634867,2.1738162441872326,4.888047823204184,0.8144417033700209,1.5476655340336194,0.10350271872392743,0.022273786892106153,0.7072580292574222,0.1669654651265442,3,Y-dominant,True
1.1600000000000001,2.4200000000000013,93.71598432603597,1.545310817620084,2.3099650331425563,4.925502105643904,0.8933975588526003,1.5919323797745406,0.1035220401272593,0.02153872726348618,0.7112874739315612,0.16365175867769333,3,Y-dominant,True
1.1800000000000002,2.4200000000000013,93.60645286252961,1.7500703736565038,2.437904940158969,4.967428517369825,0.9570668047262588,1.6276287403332816,0.10368353129939879,0.02087925553279883,0.7160154357863426,0.15942177738145968,3,Y-dominant,True
1.2000000000000002,2.4200000000000013,93.4826441995383,1.902333866516442,2.5330437336569864,5.011976284337916,0.9850898024643837,1.6433399210999249,0.10398974819788746,0.0202915892813265,0.7214752064127211,0.1542434561080649,3,Y-dominant,True
1.2200000000000002,2.4200000000000013,93.33492223255469,1.9647568927341212,2.5720475111830154,5.058725266619931,0.9648251136396958,1.6319784603354581,0.10443608651646295,0.01977090830284678,0.7276466687630162,0.14814633641767405,3,Y-dominant,True
1.2400000000000002,2.4200000000000013,93.1565032254525,1.9095976295006607,2.5375823504560233,5.110636975403279,0.8971110166076931,1.5940143414049404,0.10501253861141116,0.01931186290987951,0.7344665184661423,0.14120908001256702,3,Y-dominant,True
1.2600000000000002,2.4200000000000013,92.94641654470817,1.7285925871775059,2.424484975502703,5.170323415634983,0.7855984024439336,1.5314944477354566,0.10570435244452062,0.01890878990772612,0.7418307396268599,0.1335561180208934,3,Y-dominant,True
1.2800000000000002,2.4200000000000013,92.71259584676821,1.448557360785266,2.249510573724011,5.230959027701968,0.6256506142477155,1.4418192232266713,0.10649214663552685,0.018555786803020776,0.749592583503881,0.12535948305757133,3,Y-dominant,True
1.3000000000000003,2.4200000000000013,92.47100697461278,1.1819265750039736,2.082911668154475,5.273801768351495,0.4291543908598661,1.3316530049491344,0.10735194079978846,0.01824674722446518,0.7575585063166443,0.116842805659102,3,Y-dominant,True
1.3200000000000003,2.4200000000000013,92.21989554050255,1.2386932596433629,2.1183811939484345,5.283360925707969,0.40272999354665023,1.3168380844785554,0.10825553846895405,0.017975436892929398,0.7654839209719042,0.10828510366621229,3,Y-dominant,True
1.3400000000000003,2.4200000000000013,91.87546196389316,1.7125621091344014,2.4144686524066588,5.27618227557471,0.7277786379133293,1.4990776170696503,0.10917171463686236,0.017735678879939386,0.7730697032471062,0.10002290323609206,3,Y-dominant,True
1.3600000000000003,2.4200000000000013,91.23909236600983,2.109848338020548,2.66270499441921,5.304910550914386,1.0569671041352626,1.683638153648877,0.1100686685565299,0.017521710249686653,0.7799582927053879,0.09245132848839555,3,Y-dominant,True
1.3800000000000003,2.4200000000000013,90.02933218717605,2.0883636378054384,2.6492807098534255,5.418450093917198,1.1770668696453077,1.7509724604062393,0.11091821902865072,0.017328771475713184,0.7857237767544575,0.08602923274117862,3,Y-dominant,True
1.4000000000000004,2.4200000000000013,87.81392285888936,1.7413561469635148,2.4324600301659887,5.64764709969089,0.9821280602764477,1.6416794111382962,0.11170242689533107,0.017154022722772288,0.7898420321709013,0.08130151821099534,3,Y-dominant,True
1.4200000000000004,2.4200000000000013,83.84050045350696,1.9792897842173072,2.581128097315502,6.097593703973802,0.7691885153002338,1.5222941935126857,0.11242424269581917,0.016998020579896096,0.7916122459132962,0.07896549081098858,3,Y-dominant,True
1.4400000000000004,2.4200000000000013,76.82485996185407,3.8779483991973693,3.767466900537237,7.180569314596909,1.4982456932995187,1.9310423659889655,0.11312641137738189,0.01686737481834186,0.7899737661415233,0.08003244766275296,3,Y-dominant,True
1.4600000000000004,2.4200000000000013,65.11705611969685,6.275527088156789,5.265545918033451,9.522748611519932,2.8001437562376434,2.6609555607766713,0.1139285749158095,0.01678001884173144,0.7831076084991393,0.08618379774331977,3,Y-dominant,True
1.4800000000000004,2.4200000000000013,50.89632833043553,9.311085791984233,7.162253968335474,12.652352333767672,3.930605297277804,3.294752336803116,0.11509978173299053,0.016775540418064703,0.7676087681646168,0.10051590968432801,3,Y-dominant,True
1.5000000000000004,2.4200000000000013,38.45282342633389,10.85225170792698,8.125220619559842,15.392023858436147,3.568877503604232,3.091948525168339,0.11716684611924834,0.016930607205968205,0.7369148290718928,0.12898771760289063,3,Y-dominant,True
1.5200000000000005,2.4200000000000013,29.50097741791717,11.25815823385324,8.378843181503296,17.361206241554985,2.5838345459705736,2.5396811298341113,0.12089469747735114,0.017356348609262433,0.679211288423034,0.18253766549035239,3,Y-dominant,True
1.5400000000000005,2.4200000000000013,23.514572297781775,12.327649189740647,9.047093182137168,18.65759148361318,3.2302447737695017,2.9020930328454364,0.12647486296357752,0.018084510929527165,0.5790290816269261,0.2764115444799692,3,Y-dominant,True
1.5600000000000005,2.4200000000000013,19.435286733383634,14.126392951414095,10.171002190681417,19.35497300991618,4.699415308857427,3.725788058962821,0.1316153059415376,0.01880033546380693,0.4352533868035577,0.4143309717910978,3,Y-dominant,True
1.5800000000000005,2.4200000000000013,16.813975246735048,15.443274856595336,10.993829470452024,19.63977641567819,5.711812258611151,4.293391554984913,0.13268084766281263,0.019006298614803623,0.28571421279607645,0.5625986409263073,4,Expanded,False
1.6000000000000005,2.4200000000000013,15.28926178836466,15.81585118756016,11.226626327716538,19.7873917627745,6.257655763734193,4.5994204124050775,0.13011668005364632,0.018788499016895856,0.17528948371625627,0.6758053372132016,4,Expanded,False
1.6200000000000006,2.4200000000000013,14.41537210620832,15.592080714939971,11.086807830283611,19.927328029019762,6.494100465256614,4.731983869093359,0.1269830210393853,0.018615669420014573,0.10999546586181466,0.7444058436787855,4,Expanded,False
1.6400000000000006,2.4200000000000013,13.914253241949954,15.130101506894757,10.798149376119412,20.077678992451826,6.548350450776472,4.762399292063282,0.12470043454956115,0.018749566237724394,0.07436736733490149,0.782182631877813,4,Expanded,False
1.6600000000000006,2.4200000000000013,13.661626104276266,14.580455611798271,10.45471414861731,20.230638612743466,6.505496922921491,4.738373328499005,0.12327554558052965,0.019292469337638823,0.05496854618234011,0.8024634388994915,4,Expanded,False
1.6800000000000006,2.4200000000000013,13.590971015464484,13.98854213793175,10.084868871189697,20.37831846957131,6.411496741483958,4.685671834659427,0.12241786520971991,0.020375376431448763,0.04422774261289579,0.8129790157459356,4,Expanded,False
1.7000000000000006,2.4200000000000013,13.654083030759736,13.368881807027694,9.697686525944118,20.516809070614332,6.2848750410518495,4.614680984820329,0.12190458559529864,0.022271976299615127,0.03828977676536983,0.8175336613397164,4,Expanded,False
1.7200000000000006,2.4200000000000013,13.81688734852086,12.729347966923434,9.298086616564381,20.645200563976285,6.128999218781098,4.527288720661771,0.12159989339064609,0.02553269834808339,0.035192215861851714,0.8176751923994188,4,Expanded,False
1.7400000000000007,2.4200000000000013,14.063852753889796,12.073341153102048,8.888193899530393,20.76299486381808,5.942369225886814,4.422654035170924,0.12140658135635735,0.03126485184353028,0.033900616386545776,0.8134279504135666,4,Expanded,False
1.7600000000000007,2.4200000000000013,14.399044173784535,11.388984114047,8.460587112147259,20.868405552423933,5.726904650288017,4.301853151279932,0.12119888420970731,0.04175510064139372,0.03383228092693891,0.8032137342219601,4,Expanded,False
1.7800000000000007,2.4200000000000013,14.835915796740576,10.639950874798332,7.992568696612935,20.959464804177514,5.495757280653382,4.1722596601766195,0.1207096733712803,0.06173167630408041,0.03459895886592229,0.782959691458717,4,Expanded,False
1.8000000000000007,2.4200000000000013,15.373587409139535,9.7832701852226,7.457288928045841,21.034143585553913,5.27525846322383,4.048636312958716,0.1193703244536885,0.10009852386740496,0.03583275747719724,0.7446983942017092,4,Expanded,False
1.8200000000000007,2.4200000000000013,15.972291680990754,8.793675343992103,6.838960414242891,21.082718524638288,5.075319750789704,3.9365400524994443,0.11640521683782722,0.16888527540375128,0.03711789694158177,0.6775916108168397,4,Expanded,False
1.8400000000000007,2.4200000000000013,16.566279536703004,7.635717165354736,6.115433441575453,21.079936792354708,4.838967507521878,3.804028432818926,0.11193330475298957,0.27221347475918495,0.038288145679414486,0.577565074808411,4,Expanded,False
1.8600000000000008,2.4200000000000013,17.145248974032505,6.255774102788004,5.253203660801122,20.980984196762986,4.469408889433896,3.5968342451410016,0.10811170129326918,0.3937355849186314,0.03992500582464163,0.45822770796345774,4,Expanded,False
1.8800000000000008,2.4200000000000013,17.831898682612326,4.762590015008223,4.320217493772352,20.709088620202937,3.89660535029898,3.2756901608706017,0.10710584007129192,0.508291099810769,0.04285924281365459,0.34174381730428444,2,Balanced,True
1.9000000000000008,2.4200000000000013,18.89369263992868,3.6881024164647545,3.6488454410634237,20.13783831899023,3.1408955468978546,2.8519991111366103,0.10853605830527242,0.5994148192986419,0.04713190464376756,0.24491721775231812,2,Balanced,True
1.9200000000000008,2.4200000000000013,20.730895694256652,3.152766169984594,3.314351310860265,19.008445271966902,2.4258082821941245,2.4510832139626326,0.11067888740057963,0.6613301011525101,0.0521444883351514,0.17584652311175888,2,Balanced,True
1.9400000000000008,2.4200000000000013,23.886644512986017,3.986341167584318,3.835193950630133,17.00867313045444,2.292559583010916,2.3763769166795523,0.11248472124781139,0.6967307455065042,0.05740048685257894,0.13338404639310547,2,Balanced,True
1.9600000000000009,2.4200000000000013,28.895679481553238,6.927516878640369,5.6729286785004795,14.103059884755305,3.0475820168913295,2.7996825905556753,0.11378382364358543,0.7120384925229329,0.06271134297853753,0.11146634085494406,2,Balanced,True
1.9800000000000009,2.4200000000000013,35.21673982205534,10.454441939347127,7.87665715425679,10.760071165691203,4.5730834908285445,3.654959732593936,0.11472707445582735,0.7129138988210161,0.06803169025209659,0.10432733647105996,2,Balanced,True
2.000000000000001,2.4200000000000013,39.9400464668331,10.753870385211318,8.063749020753704,8.388581615475236,5.635202113187044,4.2504398388778455,0.11547853133253715,0.7030636579509831,0.07333266603004848,0.10812514468643122,2,Balanced,True
1.0,2.4400000000000013,94.40234491524359,1.2945352860262929,2.1532729655528295,4.7452453238180095,0.5853097415127598,1.4192019875638087,0.10541757036117379,0.031029164677942516,0.6701041866241272,0.19344907833675654,3,Y-dominant,True
1.02,2.4400000000000013,94.28897095088357,1.200598281420298,2.094578309892638,4.745214740560993,0.5787016580422387,1.4154971450306642,0.10592804079847225,0.03001657965836922,0.6792942885890031,0.18476109095415544,3,Y-dominant,True
1.04,2.4400000000000013,94.17417804972993,1.1158004670766213,2.0415940941992066,4.748368478232624,0.579788634191043,1.4161065615863975,0.10604248391095748,0.028943130671218703,0.6856848365979424,0.17932954881988136,3,Y-dominant,True
1.06,2.4400000000000013,94.05916651876755,1.0551056475163716,2.0036701519850753,4.755377342589988,0.5925677057635397,1.4232711877759865,0.10583705346187468,0.02783991701565398,0.6897077552293679,0.1766152742931035,3,Y-dominant,True
1.08,2.4400000000000013,93.94561309505386,1.0387151498806972,1.9934288778582263,4.766968708675755,0.6214196345936287,1.4394471113353404,0.10545737122168317,0.026751488822487835,0.6922731799257593,0.1755179600300697,3,Y-dominant,True
1.1,2.4400000000000013,93.83533791057212,1.0851916240115673,2.0224687717408667,4.783936221749398,0.6696959350107597,1.46651336918849,0.10504208872137397,0.02571450836425559,0.6942775898629439,0.17496581305142658,3,Y-dominant,True
1.12,2.4400000000000013,93.72965792088706,1.200329931843359,2.0944106370348434,4.807094292517506,0.7376949526740646,1.5046372297563717,0.10468896714366782,0.024750793731544266,0.6963724831142829,0.17418775601050498,3,Y-dominant,True
1.1400000000000001,2.4400000000000013,93.62827356692372,1.3721800904393835,2.201787766274274,4.837169438912365,0.8206374176458624,1.551139180496281,0.10445518024132558,0.023869696562535195,0.6989543027657394,0.1727208204303998,3,Y-dominant,True
1.1600000000000001,2.4400000000000013,93.52813973405283,1.575566824183577,2.3288698927806224,4.874491453635433,0.9073477555836494,1.5997536009236812,0.10436920845405015,0.02307270288401983,0.7022340974761974,0.1703239911857326,3,Y-dominant,True
1.1800000000000002,2.4400000000000013,93.42298380019196,1.7782762661962752,2.45552882711549,4.9185839391493875,0.9808150180753918,1.640943249947841,0.10444198856965295,0.022357072983231533,0.706306207797217,0.16689473064989857,3,Y-dominant,True
1.2000000000000002,2.4400000000000013,93.30409180582032,1.9454531116860514,2.559985930272399,4.968272615263483,1.0224179778479574,1.6642680786304234,0.10467422108641261,0.02171804084518291,0.7111940376457445,0.16241370042265996,3,Y-dominant,True
1.2200000000000002,2.4400000000000013,93.16217500381418,2.0440844876675013,2.6216137698528046,5.023278921101708,1.0203436195226787,1.6631050831890433,0.10506034732270335,0.02114995442801841,0.7168749316405224,0.1569147666087559,3,Y-dominant,True
1.2400000000000002,2.4400000000000013,92.9895918768481,2.048254819190901,2.6242195179685917,5.086400231212219,0.975532642720813,1.6379816697896932,0.10559035494224212,0.020646788575259752,0.7232909782401483,0.15047187824234978,3,Y-dominant,True
1.2600000000000002,2.4400000000000013,92.78233340649504,1.9448134426110943,2.5595862458642302,5.161724884225333,0.894374143416641,1.5924799049452214,0.10625034843345753,0.020202328396363812,0.7303514494581318,0.1431958737120469,3,Y-dominant,True
1.2800000000000002,2.4400000000000013,92.5424300718076,1.7406919861068897,2.4320450425586433,5.2471364797959446,0.7765575481185935,1.5264256646624357,0.1070225311050324,0.019810204099000413,0.7379308190649799,0.13523644573098728,3,Y-dominant,True
1.3000000000000003,2.4400000000000013,92.28093605130152,1.477766391186189,2.26776125127905,5.328594147228858,0.6162740175398164,1.4365622051435099,0.10788507272225414,0.019463889515023845,0.7458651383922251,0.12678589937049686,3,Y-dominant,True
1.3200000000000003,2.4400000000000013,92.01335922149096,1.282106499273099,2.1455070871132045,5.384547521085957,0.4394735034761757,1.3374384475053254,0.10881227002469367,0.01915674262425673,0.7539489034751734,0.11808208387587615,3,Y-dominant,True
1.3400000000000003,2.4400000000000013,91.72661837594902,1.4067778173598913,2.223405462907694,5.40405102899906,0.4731472158323046,1.356317718982813,0.10977538645391656,0.018882149072134067,0.7619339160367857,0.10940854843716365,3,Y-dominant,True
1.3600000000000003,2.4400000000000013,91.3203622598956,1.834921908243422,2.4909227218703114,5.4090022829920015,0.8093355935126554,1.5448027776742501,0.11074452236933569,0.018633815403766022,0.7695303600956765,0.10109130213122171,3,Y-dominant,True
1.3800000000000003,2.4400000000000013,90.59162268943003,2.1504625137561946,2.688081948578276,5.445115811027942,1.1251733855604829,1.7218782172889733,0.11169179474857852,0.0184062431636622,0.7764076741575627,0.09349428793019657,3,Y-dominant,True
1.4000000000000004,2.4400000000000013,89.25033036567086,2.111785749602557,2.663915547237613,5.542228755530891,1.2112021679325724,1.770110521470451,0.11259606839358577,0.01819541005768414,0.7821881105376579,0.08702041101107223,3,Y-dominant,True
1.4200000000000004,2.4400000000000013,86.82998207917743,1.8265073279766648,2.485665039944494,5.723201847883544,0.9930022605796791,1.64777606533116,0.11344971768395495,0.017999725637315764,0.7864182029871889,0.08213235369154034,3,Y-dominant,True
1.4400000000000004,2.4400000000000013,82.57816524121297,1.939304000312927,2.5561437812047814,6.1527672826961055,0.9442308350948676,1.620432214070156,0.11426885416121751,0.017821478279058587,0.7884901319580536,0.07941953560167025,3,Y-dominant,True
1.4600000000000004,2.4400000000000013,75.02559047352489,3.549595925457875,3.5623024346044825,7.345773075758613,1.580545415804327,1.9771839611673596,0.11511070977575782,0.017669322295005695,0.7874583291553244,0.0797616387739121,3,Y-dominant,True
1.4800000000000004,2.4400000000000013,62.92704216651434,6.547928006498411,5.435750175350819,9.809214090682215,3.0443759447204255,2.7978850962298116,0.116105468986272,0.017562860003442118,0.7816369165239612,0.08469475448632476,3,Y-dominant,True
1.5000000000000004,2.4400000000000013,49.2931241931473,9.751668100807821,7.43754299862591,12.800582545558433,4.000416206060235,3.333892039757601,0.11750996909453452,0.01754033639218687,0.7677375216293453,0.09721217288393337,3,Y-dominant,True
1.5200000000000005,2.4400000000000013,37.75943907411447,11.088463039274547,8.272812538363649,15.304219717137324,3.583404294174898,3.100093015445494,0.11975637883050085,0.01766543802361571,0.7391506515064993,0.12342753163938422,3,Y-dominant,True
1.5400000000000005,2.4400000000000013,29.391769930311312,11.358416182030167,8.441487352137905,17.147011258377418,2.5698303505298945,2.531829634140609,0.12329325425944962,0.018004130217068925,0.6835228872892631,0.17517972823421832,3,Y-dominant,True
1.5600000000000005,2.4400000000000013,23.547412065327613,12.569899561632997,9.19845847445635,18.444705083980182,3.228887600342931,2.9013321293462537,0.12770266482133172,0.018499184766891885,0.5845660663684867,0.26923208404328963,3,Y-dominant,True
1.5800000000000005,2.4400000000000013,19.520046076356085,14.539678594480735,10.429235446157707,19.16833266228536,4.6709250722663525,3.709814919281272,0.13064935492042828,0.01882605918620401,0.44240538350496617,0.40811920238840155,3,Y-dominant,True
1.6000000000000005,2.4400000000000013,17.01898711030422,15.953498496619593,11.312632491546035,19.48534296729016,5.6647489358914305,4.267005356847288,0.13030492785198908,0.01874592622554517,0.2967315609976965,0.5542175849247692,4,Expanded,False
1.6200000000000006,2.4400000000000013,15.620036566891764,16.424976934798504,11.607226349378607,19.668566673247756,6.2128849519261005,4.5743195176343034,0.12826215163581742,0.01851685934309538,0.18916287816237767,0.6640581108587095,4,Expanded,False
1.6400000000000006,2.4400000000000013,14.841970996913716,16.339216350536535,11.553640566187134,19.83571369602127,6.4645190279795965,4.715398944356201,0.1264261121455699,0.01845089831128329,0.12383572578855803,0.7312872637545887,4,Expanded,False
1.6600000000000006,2.4400000000000013,14.403841972152037,16.02019875623133,11.354308812680364,20.005341727080914,6.539865473891759,4.757642163404803,0.12519377892011546,0.018668355897826488,0.08684716071942329,0.7692907044626348,4,Expanded,False
1.6800000000000006,2.4400000000000013,14.179802461469155,15.58852156554087,11.084583967075499,20.174279927941825,6.517603649440269,4.745161002344836,0.12438808372314383,0.019249551147990554,0.06605851193241738,0.7903038531964482,4,Expanded,False
1.7000000000000006,2.4400000000000013,14.103004529669466,15.065011793808369,10.75747937272032,20.338941313546137,6.439868583959534,4.701578596312197,0.12383079118902465,0.020347912335871767,0.054295075106813515,0.8015262213682901,4,Expanded,False
1.7200000000000006,2.4400000000000013,14.12664389931181,14.44472070930984,10.369902913725966,20.49803714537672,6.32347547175609,4.636322436250042,0.12341762583468939,0.02226357536174871,0.04771366792529591,0.806605130878266,4,Expanded,False
1.7400000000000007,2.4400000000000013,14.220457484348742,13.73330216222738,9.9253872851255,20.65112750178719,6.171912581775451,4.55134823098288,0.12308594045998825,0.02557024131429351,0.044272080964619966,0.8070717372610983,4,Expanded,False
1.7600000000000007,2.4400000000000013,14.37807339924286,12.958036640713821,9.440978153481197,20.795757596712342,5.985413237041433,4.446786793789091,0.12277637166977141,0.031393620265608,0.04285271786789574,0.8029772901967248,4,Expanded,False
1.7800000000000007,2.4400000000000013,14.620252675416216,12.146928278276766,8.934173340659793,20.926100243432607,5.76759262731191,4.324664992041054,0.12238261758341841,0.04201651070645577,0.04280121793186235,0.7927996537782634,4,Expanded,False
1.8000000000000007,2.4400000000000013,14.979802596546051,11.29185582421598,8.39989844583938,21.03684767142828,5.531297013571426,4.192185121881023,0.12166259302661832,0.06206298740020406,0.043664975201222846,0.7726094443719548,4,Expanded,False
1.8200000000000007,2.4400000000000013,15.465412532770552,10.351111986928736,7.812093503307732,21.12835768532667,5.303760117520336,4.064615854012297,0.12012990323112749,0.10002517873534994,0.045019592697747635,0.7348253253357749,4,Expanded,False
1.8400000000000007,2.4400000000000013,16.03262375873537,9.287472061453714,7.147499401824069,21.197358383101342,5.10304782324566,3.952085882490125,0.11721621603698201,0.16711963065283914,0.04643302138161665,0.6692311319285622,4,Expanded,False
1.8600000000000008,2.4400000000000013,16.61482182513898,8.062360800882814,6.382013171065088,21.215506507294727,4.875443871466132,3.8244790196188663,0.11327159929924488,0.26738802633102676,0.04782246486261963,0.5715179095071087,4,Expanded,False
1.8800000000000008,2.4400000000000013,17.217993685832994,6.632862390565108,5.488819723900027,21.126811614025474,4.5120197760408205,3.6207241711355187,0.11035012632798137,0.3863796842626897,0.049909843697391626,0.4533603457119373,4,Expanded,False
1.9000000000000008,2.4400000000000013,17.97368951795673,5.088942934643996,4.524132578376799,20.850718826336088,3.9342919766281996,3.296819285037705,0.1101707205205831,0.49975931871029106,0.053524397173114864,0.336545563596011,2,Balanced,True
1.9200000000000008,2.4400000000000013,19.13662400609533,3.92466194728962,3.7966549253357784,20.249448798706997,3.177568732417584,2.8725600465644865,0.11200996329396766,0.589104087995042,0.05849852079817057,0.2403874279128198,2,Balanced,True
1.9400000000000008,2.4400000000000013,21.103542610785347,3.37698075061608,3.4544473002880505,19.04401677508151,2.460392580476528,2.470473008269439,0.11416829501343578,0.6475516427953407,0.06404653072642433,0.17423353146479917,2,Balanced,True
1.9600000000000009,2.4400000000000013,24.388204330661708,4.3365411943298104,4.054009422426694,16.96405367302035,2.3525697141436983,2.410021783187692,0.11580529255350289,0.6785399303054366,0.06963954514143748,0.1360152319996231,2,Balanced,True
1.9800000000000009,2.4400000000000013,29.533511414333468,7.383002782010186,5.957529921306728,13.978692636672458,3.0966673248035255,2.827202420975019,0.11688434421122856,0.689319128785568,0.0751156235985274,0.11868090340467599,2,Balanced,True
2.000000000000001,2.4400000000000013,35.448829815713985,10.791756799255905,8.087421587660364,10.810904502988212,4.771044921812692,3.7659474240636426,0.11759172346323377,0.6860196661959451,0.08044416546301042,0.11594444487781075,2,Balanced,True
1.0,2.4600000000000013,94.20294176042673,1.3713222785187074,2.2012517796786137,4.711782994049553,0.5751261751761793,1.4134925394505742,0.106983816534159,0.0331444500233885,0.6660662433991474,0.19380549004330502,3,Y-dominant,True
1.02,2.4600000000000013,94.09416557921945,1.287657999143891,2.1489758306044457,4.710012476705456,0.5682628436609689,1.409644591307961,0.10744424039533207,0.03208686665426994,0.6748140572246383,0.18565483572575966,3,Y-dominant,True
1.04,2.4600000000000013,93.98448692453164,1.212704716581533,2.1021427733971065,4.711148537564822,0.5700533452145756,1.4106484415681848,0.10745761966492216,0.030947454038536007,0.6804925175724923,0.18110240872404956,3,Y-dominant,True
1.06,2.4600000000000013,93.87504501814503,1.1592346357482288,2.0687330644565565,4.7158940850647095,0.5851023734817243,1.4190857260327883,0.10711909758384754,0.02976551019317972,0.683638651242113,0.17947674098085975,3,Y-dominant,True
1.08,2.4600000000000013,93.76732160762704,1.144132046027532,2.059296513792082,4.725075295699762,0.6180589961466031,1.4375629589464358,0.1065993675541262,0.0285955034030028,0.6853011804261178,0.17950394861675328,3,Y-dominant,True
1.1,2.4600000000000013,93.66284157981265,1.1836315775553277,2.083977004845497,4.739652756457235,0.6719459837247964,1.4677748659923058,0.10605363473545294,0.02748057020159182,0.6864651906801854,0.18000060438276982,3,Y-dominant,True
1.12,2.4600000000000013,93.56249118781783,1.284987552698754,2.1473072556353614,4.760711724926243,0.7461918068927483,1.509401017479051,0.10558585109015316,0.026445096930621536,0.6878112214757555,0.1801578305034699,3,Y-dominant,True
1.1400000000000001,2.4600000000000013,93.46559970230818,1.4408784349795172,2.244712550752137,4.789338744361476,0.8350891013258489,1.5592415618617734,0.10525326907988176,0.025498670793033383,0.6897308820184692,0.17951717810861567,3,Y-dominant,True
1.1600000000000001,2.4600000000000013,93.36904763655687,1.6309310351525208,2.363463110994789,4.826294032717287,0.9272472412023828,1.6109103093758175,0.10508227649209281,0.02464207522961763,0.6924198283860445,0.17785581989224503,3,Y-dominant,True
1.1800000000000002,2.4600000000000013,93.26701256987937,1.827126698154306,2.486052040993285,4.871558071252572,1.0066795048854038,1.6554442548548107,0.10508164632192472,0.023871668409951828,0.6959586313303608,0.17508805393776258,3,Y-dominant,True
1.2000000000000002,2.4600000000000013,93.15164453600859,1.9990504311538884,2.593475141724998,4.924330318865195,1.0566094310151573,1.6834376231025785,0.10525064958754765,0.023181870075788553,0.700363081638619,0.1712043986980448,3,Y-dominant,True
1.2200000000000002,2.4600000000000013,93.01446373536899,2.1183508669108946,2.6680176292807634,4.984370940484846,1.066377714157798,1.6889142414025895,0.10558322660489732,0.022566374076069894,0.7056101285931509,0.16624027072588193,3,Y-dominant,True
1.2400000000000002,2.4600000000000013,92.84786971921788,2.1626092780568853,2.6956716109376933,5.054187685267755,1.0369342638351815,1.6724066794802277,0.10606976552178947,0.02201865239112833,0.711648623111035,0.16026295897604717,3,Y-dominant,True
1.2600000000000002,2.4600000000000013,92.64647111443375,2.1186686156110963,2.6682161681912073,5.138466687380115,0.97603227297697,1.6382617890454676,0.10669758970146334,0.021532107359988888,0.7184015708428485,0.15336873209569932,3,Y-dominant,True
1.2800000000000002,2.4600000000000013,92.40877616513907,1.9860574402602895,2.5853567316299086,5.238315489281117,0.8874253997410715,1.5885840702094747,0.10745084804730662,0.02110007408521088,0.7257641521172559,0.14568492575022665,3,Y-dominant,True
1.3000000000000003,2.4600000000000013,92.13993587245577,1.7823226647935695,2.4580571382249214,5.345132910310824,0.7688023936507603,1.5220777132099899,0.10831027271485809,0.020715789391854974,0.7336003158771395,0.13737362201614747,3,Y-dominant,True
1.3200000000000003,2.4600000000000013,91.85330460065379,1.55597458696931,2.3166280758126714,5.440458467978862,0.61845331294909,1.4377840338871362,0.10925317034808665,0.02037240222509688,0.7417400334653137,0.12863439396150278,3,Y-dominant,True
1.3400000000000003,2.4600000000000013,91.56027819124915,1.4280197544676765,2.2366780618086954,5.504097277965743,0.4852710253967511,1.363114970491285,0.11025397150126737,0.02006307910386515,0.7499787841974745,0.11970416519739296,3,Y-dominant,True
1.3600000000000003,2.4600000000000013,91.23313310756808,1.5854582529726982,2.3350503539226386,5.530982649093123,0.5862551065163467,1.4197320093909027,0.11128561316320193,0.01978124108186668,0.7580799905680825,0.11085315518684888,3,Y-dominant,True
1.3800000000000003,2.4600000000000013,90.75713667087469,1.9591451373393005,2.5685411182345734,5.5440141554280835,0.9202802790059614,1.607004260369739,0.112321935418013,0.019520948513951628,0.7657794372496025,0.10237767881843281,3,Y-dominant,True
1.4000000000000004,2.4600000000000013,89.9251066810412,2.213576747117778,2.727517613042487,5.575324592689468,1.1981606827007176,1.7627987722472613,0.11334116052316566,0.01927743154005663,0.7727878462716282,0.09459356166514948,3,Y-dominant,True
1.4200000000000004,2.4600000000000013,88.42686955997571,2.200406258301883,2.7192882969261416,5.636442641026052,1.224445384552907,1.7775353720234957,0.11433050926047372,0.019047766600535355,0.7787834498840385,0.08783827425495241,3,Y-dominant,True
1.4400000000000004,2.4600000000000013,85.78251907287355,1.9627148960633374,2.5707716104668537,5.7656892773177955,1.0337033052590057,1.6705952325139108,0.11529230776082754,0.018831752876352734,0.7833796895381949,0.08249624982462476,3,Y-dominant,True
1.4600000000000004,2.4600000000000013,81.20506918256132,1.9551595510407267,2.566050804471856,6.216618422301764,1.1069768272569314,1.7116762603281406,0.11625277844173172,0.01863317526820505,0.7860406019656847,0.07907344432437857,3,Y-dominant,True
1.4800000000000004,2.4600000000000013,72.9983891424125,3.5429604727792263,3.5581564049140924,7.5734679955778175,1.7440726918827474,2.0688660366809812,0.11727603959115859,0.018461833137253726,0.7858876733140657,0.078374453957522,3,Y-dominant,True
1.5000000000000004,2.4600000000000013,60.690345604802836,7.276946151535634,5.891262560192825,10.139945006598847,3.300188545297474,2.941307225711096,0.11848594173123404,0.01833669820266804,0.7812710721132896,0.08190628795280826,3,Y-dominant,True
1.5200000000000005,2.4600000000000013,47.772461145331285,10.390797605258888,7.836890266972063,12.978136264198492,4.10786227580247,3.3941320126598913,0.12008742429347488,0.018288895173828017,0.7688165474875843,0.09280713304511282,3,Y-dominant,True
1.5400000000000005,2.4600000000000013,37.15456096910391,11.240597802179911,8.367870897528162,15.253983103988208,3.572242939189541,3.0938353670877294,0.12231776744557608,0.01835424524716,0.7414353674399347,0.11789261986732931,3,Y-dominant,True
1.5600000000000005,2.4600000000000013,29.274860961797884,11.445547187291567,8.495929415439738,16.99319373146198,2.57721570806053,2.5359702577910275,0.12508493236032645,0.018520694981360587,0.6855554309618507,0.17083894169646233,3,Y-dominant,True
1.5800000000000005,2.4600000000000013,23.546600874537553,12.869445489323649,9.385623747119231,18.278723397742706,3.272921431609994,2.9260198336864454,0.12720798662526883,0.01862193962716654,0.5847229610632374,0.2694471126843272,3,Y-dominant,True
1.6000000000000005,2.4600000000000013,19.617891284796325,15.020920459560664,10.72992978571654,19.00636677197175,4.658684718347774,3.702952326818481,0.1272064004020024,0.01846078762062761,0.44505053313680376,0.4092822788405662,3,Y-dominant,True
1.6200000000000006,2.4600000000000013,17.270939630717017,16.52401485637,11.669108210827368,19.34552469251667,5.627278325918992,4.2459973429219104,0.1260934853036642,0.018210622884107883,0.30855286904007756,0.5471430227721504,4,Expanded,False
1.6400000000000006,2.4600000000000013,16.00527294533468,17.12152377739261,12.042449691327127,19.55686138543424,6.17618476982405,4.553743446488654,0.1254929984022444,0.018135752339783526,0.2074438009244703,0.6489274483335018,4,Expanded,False
1.6600000000000006,2.4600000000000013,15.321163492534101,17.207330508871078,12.096064308682443,19.74566419822356,6.442693270787896,4.703162265760565,0.12536230427032394,0.018274634788758067,0.1430005676194855,0.7133624933214324,4,Expanded,False
1.6800000000000006,2.4600000000000013,14.938905837387434,17.0572347819329,12.002280000297757,19.93145272422735,6.539632502614091,4.757511547333992,0.1252763578075227,0.01863801703689569,0.10443259446799218,0.7516530306875895,4,Expanded,False
1.7000000000000006,2.4600000000000013,14.732551522946327,16.758076522451432,11.815356954349935,20.114850377329162,6.53880034129567,4.757044993504781,0.1250917512382608,0.01932067349601573,0.08176903980640636,0.7738185354593171,4,Expanded,False
1.7200000000000006,2.4600000000000013,14.638872985386957,16.305330856906952,11.532467894258685,20.295451897718905,6.477919231163644,4.722911809914046,0.12481749702954388,0.020515852060515382,0.06851856515886887,0.7861480857510719,4,Expanded,False
1.7400000000000007,2.4600000000000013,14.616292765653077,15.675146808804055,11.13871001512375,20.473825534973788,6.3712530030157355,4.663109057625064,0.1244870775348865,0.022562996106643605,0.06091253165780185,0.792037394700668,4,Expanded,False
1.7600000000000007,2.4600000000000013,14.638565251420735,14.86941479595937,10.63526450665058,20.650079918095564,6.221525618565773,4.579163934237725,0.12411684480319413,0.026077777155244605,0.05682274679117782,0.7929826312503835,4,Expanded,False
1.7800000000000007,2.4600000000000013,14.705085743397188,13.939000175133119,10.053913568118322,20.820680204531605,6.03117233366808,4.472441773514598,0.1236887468606719,0.03223792733580633,0.055026098453351775,0.78904722735017,4,Expanded,False
1.8000000000000007,2.4600000000000013,14.850073845568085,12.962887516290492,9.444009125916578,20.97638262432845,5.808447662684688,4.347570494584632,0.1231193852051209,0.043382324612771396,0.054773607235706866,0.7787246829464008,4,Expanded,False
1.8200000000000007,2.4600000000000013,15.125708227801917,11.978962427327414,8.829223243246169,21.10759266676109,5.5686841378318945,4.2131463292825435,0.12219692189655579,0.0641215563078304,0.05553024411879348,0.7581512776768203,4,Expanded,False
1.8400000000000007,2.4600000000000013,15.551688566117225,10.951792862376616,8.187416915992168,21.21500566263158,5.337454165378158,4.0835065266520045,0.1205314037213778,0.10259995420497184,0.056812740251953237,0.7200559018216971,4,Expanded,False
1.8600000000000008,2.4600000000000013,16.080502220119783,9.82170162115755,7.481302040963268,21.30139249398516,5.134615498954154,3.9697843979763587,0.11780473405415315,0.16901843656183294,0.05821458618307627,0.6549622432009377,4,Expanded,False
1.8800000000000008,2.4600000000000013,16.648789943371092,8.534666830028868,6.677124132535866,21.336773952351084,4.910566477422193,3.844170617795763,0.11467060205180964,0.26660775242574464,0.05983197568873697,0.5588896698337087,4,Expanded,False
1.9000000000000008,2.4600000000000013,17.2809249907358,7.048644850097306,5.748613065130673,21.254705730125387,4.5475136686443784,3.640623932325152,0.11304957884186854,0.38211675687926944,0.06255142705623215,0.4422822372226299,4,Expanded,False
1.9200000000000008,2.4600000000000013,18.11485121022083,5.434222074197408,4.739873332382503,20.970651653119837,3.9615620025989595,3.312108309843027,0.11396058584149601,0.49211387720318944,0.06700920378546946,0.32691633316984514,2,Balanced,True
1.9400000000000008,2.4600000000000013,19.389692237388967,4.156984550504094,3.941817050261386,20.33084703332643,3.205493327328967,2.888216057480518,0.11615401140512467,0.5768660759911611,0.07261052197370255,0.2343693906300117,2,Balanced,True
1.9600000000000009,2.4600000000000013,21.494518884493694,3.617664799549122,3.6048339070813866,19.0437214421136,2.4846476985383577,2.484071715586438,0.1180624894158121,0.6294175563040036,0.07838589019323654,0.17413406408694768,2,Balanced,True
1.9800000000000009,2.4600000000000013,24.907104063272808,4.717598247591978,4.292105289139936,16.886860538841777,2.3949670086723174,2.4337919581197447,0.1192187008091551,0.6545355629716002,0.08389229511482556,0.14235344110441914,2,Balanced,True
2.000000000000001,2.4600000000000013,30.17949308815207,8.040659188918408,6.368453353537751,13.823755450873714,3.2815674129114423,2.930867229971507,0.11979704288552843,0.6603499970288654,0.08907813019979373,0.1307748298858124,2,Balanced,True
1.0,2.4800000000000013,94.02811780733857,1.441502944736013,2.245102763163824,4.679777829859355,0.5654069656143614,1.4080434344061534,0.10814360312066884,0.03521880080377673,0.6594599202741392,0.19717767580141518,3,Y-dominant,True
1.02,2.4800000000000013,93.9245666542366,1.367079585392359,2.1986008178647114,4.676315298690764,0.5593088537804298,1.4046245090558593,0.10853038560031884,0.03411194370598795,0.6676166691343185,0.18974100155937473,3,Y-dominant,True
1.04,2.4800000000000013,93.82055132261402,1.3018182498116089,2.1578235795878173,4.675565210222817,0.5634944441415798,1.4069711732990529,0.10846106755090536,0.0329135097369355,0.6727053267817787,0.18592009593038045,3,Y-dominant,True
1.06,2.4800000000000013,93.71709438567275,1.2570488662368033,2.1298503270441174,4.67828602922952,0.5828455913094411,1.4178204540946815,0.10803658511252025,0.03166647278235834,0.6752872387219507,0.1850097033831707,3,Y-dominant,True
1.08,2.4800000000000013,93.61543480318139,1.2472639004352448,2.1237363871673014,4.685401175274962,0.6217424079642883,1.4396280752286568,0.10743430990573136,0.030430057337210294,0.6764315628229204,0.185704069934138,3,Y-dominant,True
1.1,2.4800000000000013,93.5167131773783,1.2864170097096352,2.148200423214918,4.698025476256627,0.6823048894149104,1.4735826186589867,0.10681307263731439,0.0292506848723577,0.6771269263355623,0.18680931615476565,3,Y-dominant,True
1.12,2.4800000000000013,93.42135089263051,1.3813607838373532,2.207524138643989,4.717445649664306,0.7627337247096927,1.5186752951090774,0.10627724683830711,0.02815415644830404,0.678043807702638,0.18752478901075095,3,Y-dominant,True
1.1400000000000001,2.4800000000000013,93.3283048414447,1.526742162166895,2.298362780734477,4.74497576260107,0.8563822156605351,1.571179612584374,0.10588297248210447,0.027150297390459897,0.6795599076279154,0.18740682249952026,3,Y-dominant,True
1.1600000000000001,2.4800000000000013,93.23443155166126,1.7053973681191374,2.409991907501398,4.781602037446683,0.951834344355752,1.6246951451660707,0.10565535739291479,0.026239629926820884,0.6818597871344467,0.1862452255458176,3,Y-dominant,True
1.1800000000000002,2.4800000000000013,93.13441367714196,1.892990981135292,2.527206018875476,4.8275138955968355,1.0342577437695988,1.6709060801878577,0.10560236529971913,0.02541812692133789,0.6850182455847725,0.18396126219417047,3,Y-dominant,True
1.2000000000000002,2.4800000000000013,93.02134030719937,2.063333841615158,2.633641343079966,4.8820843997624666,1.088722517079723,1.7014419245998718,0.10572311429037846,0.024679852360226948,0.6890509516182846,0.1805460817311101,3,Y-dominant,True
1.2200000000000002,2.4800000000000013,92.88767708244897,2.1925421357158363,2.7143745574558062,4.945057936250222,1.1058313523408758,1.711034046256756,0.10601205424163264,0.024018218428400413,0.693940074524017,0.17602965280595,3,Y-dominant,True
1.2400000000000002,2.4800000000000013,92.72627030440464,2.26191873739055,2.757723137317929,5.018639889047277,1.0865195614696026,1.7002068306911138,0.10646071039662366,0.023426491647708308,0.6996447846333792,0.17046801332228886,3,Y-dominant,True
1.2600000000000002,2.4800000000000013,92.53129444635454,2.2600277313098074,2.756541580047436,5.107615583367425,1.0389255057265985,1.673523075434669,0.10705814119934308,0.022897934662468804,0.7061035181713629,0.16394040596682527,3,Y-dominant,True
1.2800000000000002,2.4800000000000013,92.29949784285563,2.184216919402835,2.7091727128064287,5.215001736098948,0.9691664334910609,1.6344124348012883,0.10779080401759386,0.0224257959108844,0.7132322228315071,0.1565511772400146,3,Y-dominant,True
1.3000000000000003,2.4800000000000013,92.03228683403525,2.0422681855713893,2.6204788898707,5.33640183846758,0.8787046821196034,1.5836947727743422,0.1086422673789579,0.02200326446565336,0.7209212463136471,0.14843322184174162,3,Y-dominant,True
1.3200000000000003,2.4800000000000013,91.73789722377089,1.8554743602592072,2.5037645098227674,5.458294155956144,0.7670309262199819,1.5210845344898805,0.10959309290028087,0.021623461177527066,0.7290327703204901,0.13975067560170196,3,Y-dominant,True
1.3400000000000003,2.4800000000000013,91.429686827474,1.6709360520226673,2.38845944443891,5.561371926445082,0.6401762774428553,1.4499630814372342,0.11062115709525255,0.021279513619724032,0.7374002312411357,0.13069909804388763,3,Y-dominant,True
1.3600000000000003,2.4800000000000013,91.11089609437808,1.5978882622772843,2.342816996249012,5.629009039512008,0.5715673032717693,1.4114972468577534,0.11170262994646667,0.020964744286301434,0.745830547582492,0.12150207818473993,3,Y-dominant,True
1.3800000000000003,2.4800000000000013,90.73795954080596,1.7717473749694603,2.451449380213728,5.660102705764425,0.7312167567026975,1.5010052090532684,0.11281373561685053,0.02067298081455034,0.7541088275469858,0.11240445602161327,3,Y-dominant,True
1.4000000000000004,2.4800000000000013,90.18452553021328,2.09871782699049,2.655750317559208,5.672586167925563,1.044764414726319,1.6767966779104593,0.11393329436941817,0.020398974897011684,0.7620033442389755,0.10366438649459461,3,Y-dominant,True
1.4200000000000004,2.4800000000000013,89.23379715504169,2.3214278162594213,2.7949061932128227,5.681904048707891,1.2575898726501342,1.7961179322756036,0.11504594293630957,0.02013890351264087,0.7692658552832223,0.09554929826782718,3,Y-dominant,True
1.4400000000000004,2.4800000000000013,87.5521332481209,2.377634197454994,2.8300256246234454,5.691654614397769,1.2277334660288934,1.7793788451211077,0.11614595763932022,0.01989093803124241,0.7756185045773156,0.0883445997521218,3,Y-dominant,True
1.4600000000000004,2.4800000000000013,84.67370046655932,2.1031308244082996,2.6585076905982366,5.786791179225316,1.1241623435312007,1.721311373433324,0.11724184459660497,0.019655912759527994,0.7807120363629338,0.08239020628093317,3,Y-dominant,True
1.4800000000000004,2.4800000000000013,79.6571802310943,2.1143788965339154,2.6655358231539115,6.312758682873118,1.2580707908552111,1.7963875605617896,0.11836218593460758,0.01943817767444262,0.7840257626412398,0.07817387374971003,3,Y-dominant,True
1.5000000000000004,2.4800000000000013,70.74283419589656,4.191520979467848,3.9633964460943973,7.879711978729193,2.014133892530391,2.2202766880710465,0.11956262814559235,0.019246618687168,0.7846434926553948,0.07654726051184489,3,Y-dominant,True
1.5200000000000005,2.4800000000000013,58.44605330731374,8.421743196307762,6.606566061997443,10.517725718888942,3.5819720648992037,3.099290031651255,0.12092777225322182,0.019094881656534807,0.780745623296523,0.0792317227937204,3,Y-dominant,True
1.5400000000000005,2.4800000000000013,46.39381863867548,11.005268371995003,8.220830017000333,13.162933783101172,4.218412024655826,3.45611207290088,0.12253258842522352,0.018995493848375358,0.7684382201562524,0.09003369757014866,3,Y-dominant,True
1.5600000000000005,2.4800000000000013,36.62715141198683,11.305456083390755,8.408396295355669,15.233507623155532,3.522542704854741,3.065970776258596,0.12423621690521618,0.018929366287220473,0.7393086289081138,0.11752578789944954,3,Y-dominant,True
1.5800000000000005,2.4800000000000013,29.126553940065566,11.583792667434508,8.582309334488698,16.89518222359619,2.6147265390188847,2.5570008217371507,0.12516062056300686,0.0187713063435626,0.6780697504154706,0.17799832267795998,3,Y-dominant,True
1.6000000000000005,2.4800000000000013,23.517767278227073,13.286036298035551,9.645922169142636,18.155062973533013,3.3547773139538655,2.9719125884993245,0.12395472309582464,0.01833756292494742,0.5726266580205919,0.2850810559586361,3,Y-dominant,True
1.6200000000000006,2.4800000000000013,19.740027610935496,15.59937579298987,11.09136601367416,18.87079099881968,4.660914942449026,3.7042027088915317,0.12175955979105468,0.017821461275041254,0.4416655165889166,0.41875346234498745,3,Y-dominant,True
1.6400000000000006,2.4800000000000013,17.563228876314994,17.182425282144703,12.080502776643234,19.225955533774464,5.6000588330737795,4.230736649670464,0.12134288153591415,0.017648807007140353,0.32168788953088007,0.5393204219260654,4,Expanded,False
1.6600000000000006,2.4800000000000013,16.419242103619446,17.91952101305807,12.541062279216474,19.460011357107753,6.1490035746345875,4.5385042249369185,0.12257711932811896,0.0178292243311995,0.2302862030308651,0.6293074533098164,4,Expanded,False
1.6800000000000006,2.4800000000000013,15.810076127955366,18.174568572163526,12.700423637623166,19.666970185836963,6.4303357062847715,4.6962339588193025,0.12399183085145492,0.018203164457214815,0.16780064285495275,0.6900043618363775,4,Expanded,False
1.7000000000000006,2.4800000000000013,15.463926471276404,18.17034265001543,12.697783154819083,19.86740071885435,6.548795463629618,4.762648789902328,0.1248950790283144,0.018755370487160417,0.12775785259417896,0.7285916978903462,4,Expanded,False
1.7200000000000006,2.4800000000000013,15.25873644253158,17.970312897229913,12.572798570620515,20.064565386142597,6.569216344082734,4.774097819988656,0.12526536770649108,0.019613815096664336,0.10290168754380427,0.7522191296530403,4,Expanded,False
1.7400000000000007,2.4800000000000013,15.138608896393418,17.559758492261363,12.31627187455993,20.259994852930674,6.52514734653475,4.749390399563783,0.125265666871182,0.021016210487282385,0.08772142080426869,0.765996701837267,4,Expanded,False
1.7600000000000007,2.4800000000000013,15.06916800541066,16.90605291714361,11.907817040433411,20.455321597960747,6.4283056643597405,4.69509580950544,0.12503931339106933,0.02335358266640412,0.07865154856695074,0.7729555553755758,4,Expanded,False
1.7800000000000007,2.4800000000000013,15.026926428112791,16.00440288009294,11.344439075885129,20.65122764003916,6.279734683290819,4.61179902726734,0.12466991395142901,0.0273118679288867,0.07351629392440565,0.7745019241952786,4,Expanded,False
1.8000000000000007,2.4800000000000013,15.012091389364667,14.91617834635731,10.664483774388227,20.844216533697647,6.083066427960028,4.5015363587463835,0.12417805522567674,0.03417584338389491,0.07098829615045463,0.7706578052399737,4,Expanded,False
1.8200000000000007,2.4800000000000013,15.0665810298045,13.76561771749826,9.945579012518214,21.023128236608255,5.852583314769167,4.372315285082529,0.12350512835588157,0.04643597224762257,0.07021377371668674,0.7598451256798091,4,Expanded,False
1.8400000000000007,2.4800000000000013,15.259796633174872,12.647534106536124,9.246966864728504,21.174254680403514,5.609319007677502,4.2359283953391245,0.12247695459541622,0.0688163451008195,0.07056808758954515,0.7381386127142191,4,Expanded,False
1.8600000000000008,2.4800000000000013,15.624163484937446,11.54080300288467,8.555448103727901,21.296747520597368,5.37655586833491,4.105429017927851,0.1208227855124544,0.10914699244722843,0.07152692369076294,0.6985032983495543,4,Expanded,False
1.8800000000000008,2.4800000000000013,16.112874875674837,10.358106527943558,7.816463902152023,21.39746823752006,5.170320474382753,3.989802503407816,0.11851789648762721,0.1762241234360088,0.0727845884171692,0.6324733916591948,4,Expanded,False
1.9000000000000008,2.4800000000000013,16.670236112642947,9.021728235931938,6.9814546956058425,21.445554487324962,4.944068975460552,3.8629538974339246,0.11650282520478845,0.2714725179997387,0.07469699252948996,0.5373276642659829,4,Expanded,False
1.9200000000000008,2.4800000000000013,17.33893255217902,7.480571087041223,6.018493522298321,21.36605521972909,4.574785810675167,3.6559141435061044,0.11633401197950131,0.38169627088968117,0.07817586516602813,0.4237938519647894,4,Expanded,False
1.9400000000000008,2.4800000000000013,18.26024063699926,5.78285971012017,4.957712575569993,21.069291306021135,3.978182288048879,3.3214265245300174,0.11807152611181801,0.4841500979772809,0.08331884690849276,0.3144595290024083,2,Balanced,True
1.9600000000000009,2.4800000000000013,19.656643720374777,4.378437500593125,4.080187490163402,20.38098584823234,3.222573400019982,2.897792053313072,0.12010207627003314,0.5597672679031032,0.08902982844903153,0.2311008273778322,2,Balanced,True
1.9800000000000009,2.4800000000000013,21.904413970335728,3.8823189787680383,3.7701977696341586,19.00869077565364,2.49967890105499,2.492499005988619,0.12133337034274826,0.6037771990513847,0.09439839676236199,0.1804910338435051,2,Balanced,True
2.000000000000001,2.4800000000000013,25.45345426099302,5.12068428770732,4.54396552702206,16.771058127016463,2.4180402457388372,2.4467280401838885,0.12177085491843752,0.6225409663673527,0.09924325391980791,0.15644492479440192,2,Balanced,True
1.0,2.5000000000000013,93.87575888674712,1.5055086221872616,2.2850954286107967,4.648938296836898,0.5562013150742847,1.402882257823217,0.10885640919568552,0.03721773360021384,0.650202184702038,0.2037236725020626,3,Y-dominant,True
1.02,2.5000000000000013,93.77779409625678,1.4401414536252302,2.244252062715508,4.643911695048964,0.5525140218880349,1.4008149654396485,0.10914506468603859,0.036056648440450645,0.6576211696261787,0.19717711724733208,3,Y-dominant,True
1.04,2.5000000000000013,93.67970213120525,1.3849737882562052,2.2097816520824125,4.641493630806942,0.5610508562571993,1.405601168157938,0.10901837731648764,0.034809972861637534,0.6622756793679633,0.19389597045391152,3,Y-dominant,True
1.06,2.5000000000000013,93.58234111790583,1.3502139493248757,2.188062663006324,4.642508332627317,0.5865425304443532,1.4198931545093434,0.10856661214886826,0.0335178941261881,0.664656539008561,0.1932589547163826,3,Y-dominant,True
1.08,2.5000000000000013,93.48665477097893,1.3484205066013988,2.1869420662453107,4.647981839563325,0.6325897557271143,1.445709674461295,0.10795086130352959,0.03223684973235708,0.6657147417974084,0.19409754716670485,3,Y-dominant,True
1.1,2.5000000000000013,93.39336299852424,1.3913276964935302,2.2137517643683053,4.659151935893528,0.7000600421498658,1.483537100216066,0.10731819262168082,0.031012059937856253,0.6663472059125358,0.19532254152792713,3,Y-dominant,True
1.12,2.5000000000000013,93.30243957186697,1.4845240219347926,2.271983621489082,4.677441269023293,0.7859167613745328,1.5316729366592348,0.1067673048074567,0.029869325616708284,0.6671752357492315,0.19618813382660347,3,Y-dominant,True
1.1400000000000001,2.5000000000000013,93.21251887434838,1.6231756749557043,2.3586173295247264,4.70428347295478,0.8828394741098325,1.5860129567530168,0.10635263461972155,0.028818922690221745,0.6685575422878092,0.19627090040224754,3,Y-dominant,True
1.1600000000000001,2.5000000000000013,93.1205060949028,1.7922467055315128,2.464257976289904,4.740737234855084,0.9796743751211251,1.640303744930849,0.10609954606724877,0.027861859088221502,0.6706759731471925,0.1953626216973372,3,Y-dominant,True
1.1800000000000002,2.5000000000000013,93.02161812408342,1.9706001985253376,2.5756985837584203,4.787037364010874,1.0628445432584934,1.68693335815815,0.10601711341439028,0.026994498293328433,0.673610537374144,0.19337785091813733,3,Y-dominant,True
1.2000000000000002,2.5000000000000013,92.90984583445501,2.135907928054668,2.6789878072480193,4.842597869633891,1.1191743811808135,1.7185148568408994,0.10610595311466023,0.02621119295205569,0.6773861690522995,0.1902966848809845,3,Y-dominant,True
1.2200000000000002,2.5000000000000013,92.77859530266923,2.2682808740042697,2.7616983909399884,4.9071286588174505,1.1404898596757143,1.7304654460994235,0.10636225572687429,0.025505568889777255,0.681996972619218,0.1861352027641305,3,Y-dominant,True
1.2400000000000002,2.5000000000000013,92.6213136739606,2.352423901699839,2.8142734763124913,4.982578683704551,1.1277465373872337,1.7233208628570131,0.10677952359073516,0.024871059998676944,0.6874165401875449,0.18093287622304294,3,Y-dominant,True
1.2600000000000002,2.5000000000000013,92.43219940705015,2.3789507327253236,2.830848235315372,5.073600690115828,1.0889308830858777,1.701558745648744,0.10734907476704773,0.024301072643327745,0.69360057568435,0.17474927690527453,3,Y-dominant,True
1.2800000000000002,2.5000000000000013,92.20727195542756,2.3450341617851036,2.809656145351886,5.184227849940279,1.0312826971005553,1.6692381110275507,0.1080599604123911,0.023788990619279565,0.7004856901112176,0.1676653588571117,3,Y-dominant,True
1.3000000000000003,2.5000000000000013,91.94599311358883,2.254492554616805,2.7530830357668648,5.3129254291095585,0.9584652844801885,1.628412802353263,0.10889869835787803,0.02332813688442702,0.7079867877367932,0.1597863770209017,3,Y-dominant,True
1.3200000000000003,2.5000000000000013,91.65297032788267,2.117613646177103,2.6675569916726456,5.450439869079981,0.8731583749094939,1.580585218401192,0.10984910689943372,0.02291176054527465,0.7159947264431871,0.15124440611210455,3,Y-dominant,True
1.3400000000000003,2.5000000000000013,91.33807144696262,1.9539325135118315,2.56528411465092,5.581273951728916,0.7779028678381624,1.5271799223439513,0.11089246376881506,0.02253309242201982,0.7243755040239117,0.14219893978525341,3,Y-dominant,True
1.3600000000000003,2.5000000000000013,91.01127630902121,1.808233421413193,2.47424695547599,5.6875346016426676,0.6896058576505049,1.4776759291888908,0.11200816109789723,0.022185494017843053,0.7329717269094892,0.1328346179747705,3,Y-dominant,True
1.3800000000000003,2.5000000000000013,90.66491492481632,1.7814993791471951,2.457542724680157,5.755647060338712,0.694011548695875,1.4801459935646808,0.1131749427211033,0.02186270455739881,0.7416062752486416,0.12335607747285621,3,Y-dominant,True
1.4000000000000004,2.5000000000000013,90.24067698152392,1.9685019808560114,2.5743875544774912,5.784469617821038,0.8906356703599809,1.5903839184082598,0.11437268839325476,0.021559168131813935,0.7500867302267576,0.11398141324817362,3,Y-dominant,True
1.4200000000000004,2.5000000000000013,89.60097806751564,2.262840262947428,2.7582989341029114,5.782691581281268,1.160852409662345,1.7418817730284486,0.11558457717244879,0.021270403418214696,0.7582072302754451,0.10493778913389136,3,Y-dominant,True
1.4400000000000004,2.5000000000000013,88.51049278719371,2.500596420839524,2.9068561068283882,5.752344808812626,1.2950366409075067,1.8171125792693386,0.11679936564651694,0.02099336975609373,0.7657418349968556,0.09646542960053382,3,Y-dominant,True
1.4600000000000004,2.5000000000000013,86.62753639808736,2.626387737278861,2.9854542911585904,5.708734369972642,1.2522850628156412,1.793143774156574,0.1180134665476776,0.02072678531685867,0.7724193792776529,0.08884036885781085,3,Y-dominant,True
1.4800000000000004,2.5000000000000013,83.47794709028047,2.263167881959901,2.7585036402802636,5.805434927500407,1.2558106437543473,1.7951204020660172,0.11923234486146332,0.020471335782112115,0.7778613654646653,0.08243495389175921,3,Y-dominant,True
1.5000000000000004,2.5000000000000013,77.8705855772901,2.593578676240502,2.964954206572566,6.467898643457795,1.4200713729024963,1.8872136903224743,0.12046971637950933,0.02022955552080146,0.7814437243727574,0.07785700372693173,3,Y-dominant,True
1.5200000000000005,2.5000000000000013,68.2936835890617,5.544922096196827,4.809042023678169,8.275335082476388,2.3651947975837158,2.4171000754522702,0.12173842900820482,0.02000445393937603,0.7819893744945218,0.07626774255789734,3,Y-dominant,True
1.5400000000000005,2.5000000000000013,56.28457455612693,9.765545968214417,7.446214306085036,10.920304709292637,3.907698609135916,3.2819096309111373,0.1230097685430024,0.01979337036701259,0.7770628767856527,0.08013398430433231,3,Y-dominant,True
1.5600000000000005,2.5000000000000013,45.191175317393245,11.434064970146652,8.488754982058952,13.33726689971947,4.280960064011323,3.491179825540933,0.1240685950235896,0.019566325915987545,0.7613907150617222,0.09497436399870068,3,Y-dominant,True
1.5800000000000005,2.5000000000000013,36.1447252831373,11.348928120652964,8.435558927043305,15.241235155093221,3.443895869230098,3.021877183461343,0.12416483822339469,0.019215476642676893,0.7243525687085371,0.1322671164253913,3,Y-dominant,True
1.6000000000000005,2.5000000000000013,28.929916443701728,11.85459728224552,8.751516173520788,16.847278090268894,2.6916436980209544,2.600124665960785,0.12203597622829308,0.01856584687998977,0.6522886513061866,0.20710952558553056,3,Y-dominant,True
1.6200000000000006,2.5000000000000013,23.47086540358512,13.867194379201901,10.00904715488462,18.06838491701044,3.462102026659039,3.0320845222016555,0.118247325696134,0.01772985684758487,0.5477484653315176,0.3162743521247636,3,Y-dominant,True
1.6400000000000006,2.5000000000000013,19.885670869165136,16.288902305747055,11.522202843149481,18.76398711867311,4.676430620627289,3.7129016220789706,0.1162066399312234,0.01723631950682172,0.43604258861464634,0.43051445194730853,3,Y-dominant,True
1.6600000000000006,2.5000000000000013,17.872348907210853,17.932619515851687,12.549246616308764,19.131832190303896,5.5832831012431425,4.221331283487057,0.11729062632436608,0.017302419716649,0.3364351448481814,0.5289718091108035,4,Expanded,False
1.6800000000000006,2.5000000000000013,16.823200967388686,18.79125940655963,13.085750552458231,19.384699580230233,6.13088078154287,4.528343624671335,0.1199025723034208,0.01772761501904021,0.25617533168132495,0.606194480996214,4,Expanded,False
1.7000000000000006,2.5000000000000013,16.26184356749533,19.1727552284016,13.324120574929516,19.607297887926645,6.425901512714449,4.693747914414323,0.12234988326845143,0.018330807838777677,0.1969473599558121,0.6623719489369587,4,Expanded,False
1.7200000000000006,2.5000000000000013,15.931368822575163,19.25772361439185,13.37721136889956,19.821019865483855,6.564641131833657,4.771532713023201,0.12398620570824342,0.019119279180544405,0.1561739117156165,0.7007206033955957,4,Expanded,False
1.7400000000000007,2.5000000000000013,15.716188170820894,19.104153830153763,13.281256365400449,20.03079642513293,6.605255013168221,4.79430301180584,0.12484409001326821,0.020252140621937063,0.12927824816694164,0.7256255211978531,4,Expanded,False
1.7600000000000007,2.5000000000000013,15.56743741858088,18.70246871060204,13.030271464670427,20.239245992843877,6.577474253483274,4.778727642556495,0.1251488451346939,0.022012589637635267,0.11197589508759118,0.7408626701400797,4,Expanded,False
1.7800000000000007,2.5000000000000013,15.456907928115985,18.018771353293285,12.603076866212268,20.448530274063724,6.4908388651207165,4.730155242841361,0.12510382950763058,0.024861581918798493,0.10110499851454449,0.7489295900590264,4,Expanded,False
1.8000000000000007,2.5000000000000013,15.362293635131042,17.03759363649303,11.990007624004724,20.659832877363606,6.3442772224283095,4.64798500240831,0.12484077090414995,0.029598550002168766,0.09454936338129985,0.7510113157123814,4,Expanded,False
1.8200000000000007,2.5000000000000013,15.281116792645747,15.815296934996793,11.226280014104645,20.870491038355738,6.141196808634603,4.5341273373185835,0.1244164054384239,0.037694795279182396,0.09092570497207714,0.7469630943103166,4,Expanded,False
1.8400000000000007,2.5000000000000013,15.257523409462781,14.506260119505711,10.40835458148063,21.069024491453398,5.901536397941305,4.399760983290455,0.12380547007127855,0.05191342477197259,0.08929852538240447,0.7349825797743443,4,Expanded,False
1.8600000000000008,2.5000000000000013,15.374704888730346,13.264237844922034,9.632301842363118,21.238448274568626,5.6540999360118604,4.261034961971786,0.12289353510246165,0.07720134577653427,0.08897829026433557,0.7109268288566685,4,Expanded,False
1.8800000000000008,2.5000000000000013,15.679236281998206,12.090678681159368,8.899026906646082,21.37499045916265,5.420278348972373,4.129942162569998,0.12156252669418718,0.12095878516411805,0.08945309094150979,0.668025597200185,4,Expanded,False
1.9000000000000008,2.5000000000000013,16.13000202774189,10.870692574680689,8.136743025758808,21.48709465394253,5.208711220863534,4.011326394726028,0.12004674175327264,0.18994649810452732,0.09057630866238607,0.599430451479814,4,Expanded,False
1.9200000000000008,2.5000000000000013,16.683028199697617,9.499370708863784,7.279900027080972,21.54319613257866,4.974401263493953,3.879959788981006,0.11926693357450471,0.2825768213052022,0.09282108659057146,0.5053351585297217,4,Expanded,False
1.9400000000000008,2.5000000000000013,17.39759583049146,7.9085666662207155,6.285917986697532,21.462175240807422,4.592398337275203,3.6657886612774133,0.1199858933137759,0.3841475930200735,0.09668018753998285,0.3991863261261678,4,Expanded,False
1.9600000000000009,2.5000000000000013,18.415122773359194,6.121218709759825,5.169129418769067,21.14667487454404,3.98419484354417,3.324797482453176,0.12153404068917917,0.47327897096303845,0.10158514334339573,0.3036018450043867,2,Balanced,True
1.9800000000000009,2.5000000000000013,19.941720339246906,4.588329147002686,4.211334081047711,20.399131245256306,3.2266639437559066,2.900085429370464,0.12268369824200155,0.5355468279889923,0.10643144219202992,0.23533803157697616,2,Balanced,True
2.000000000000001,2.5000000000000013,22.332614773038706,4.179924355240337,3.9561505277397586,18.940309262214978,2.5073580994170674,2.49680437241433,0.1230478415962732,0.5701597218061145,0.1107225296635362,0.19606990693407605,2,Balanced,True
