model,split,point,L0Bar,L0Y,true_Strength,pred_Strength,true_Toughness,pred_Toughness
NN,seed00,86,1.8,1.4,65.591960546395,66.74325834007277,19.04500294060005,19.751519570220527
NN,seed00,85,1.8,1.3,74.59685990483652,71.42758896588104,20.950188488929776,19.52218202527235
NN,seed00,94,1.9,1.1,68.81050163065262,67.37861268619994,12.446708860384476,11.429533524034584
NN,seed00,8,1.0,2.3,98.04053105918149,96.23232292036393,4.160788629019243,4.919068764402814
NN,seed00,89,1.8,1.7,15.251624701513725,15.450046409964251,16.0562316100248,15.571202342686345
NN,seed00,22,1.2,1.0,22.28778242646885,25.927852112221068,20.714414689313326,25.09685667503808
NN,seed00,7,1.0,2.2,100.54575565420733,98.35342584372167,4.83407354664049,5.231810776230546
NN,seed00,10,1.0,2.5,92.99204719253044,93.87095278222158,5.218291403010326,4.672816667460248
NN,seed00,45,1.4,1.7,54.98950678020617,52.116898027643124,6.403239343364375,5.038826860922562
NN,seed00,68,1.6,1.9,37.61040536196327,34.61887370741505,22.542665474583867,16.399412449918668
NN,seed00,33,1.3,1.1,20.551007181485623,24.586636874963496,17.6341476127744,21.555428924827297
NN,seed00,110,2.0,1.5,70.53891120146032,69.01280918906343,15.518504087807024,20.419731439833523
NN,seed00,2,1.0,1.4,20.89585714361514,23.143985973405208,16.56761127473616,25.20900514091001
NN,seed00,51,1.5,1.1,71.3828894764614,80.6176076862621,21.64499300940713,24.816394992574338
NN,seed00,117,2.0,2.5,26.151753430429398,28.01221581140862,19.496886376894068,16.723022732615178
NN,seed00,73,1.7,1.1,78.50919337690385,75.77082090935305,21.65198286684715,16.045306112141116
NN,seed00,30,1.2,2.4,93.48940821225624,92.80479430701425,3.98125478783674,4.951085978513559
NN,seed00,43,1.4,1.2,20.481919337918775,20.89144571692121,19.09315793183945,18.153873396662103
NN,seed00,84,1.8,1.2,73.50397660327812,71.69677808051107,16.233276031999672,15.008572947662014
NN,seed00,75,1.7,1.3,63.28835250491195,68.95584206700849,18.9934879839535,20.806378920928722
NN,seed00,62,1.6,1.1,71.4438364158991,80.92767739605662,20.77736434766016,22.760819733737005
NN,seed00,102,1.9,2.2,17.088880431403968,18.918880417873424,18.899387459468134,16.425690222849276
NN,seed00,16,1.1,2.0,61.38960058864802,63.05213239377071,22.726212344024198,21.042501464171245
NN,seed00,24,1.2,1.5,63.332813736939954,56.738656316072614,1.82898508052785,0.734552815764717
GPR,seed00,86,1.8,1.4,65.591960546395,70.43901967323171,19.04500294060005,14.970087942560008
GPR,seed00,85,1.8,1.3,74.59685990483652,75.33589934336047,20.950188488929776,13.991691621271931
GPR,seed00,94,1.9,1.1,68.81050163065262,68.14156311631805,12.446708860384476,13.208808306129178
GPR,seed00,8,1.0,2.3,98.04053105918149,99.96361943522163,4.160788629019243,11.558273428637373
GPR,seed00,89,1.8,1.7,15.251624701513725,19.10973556750738,16.0562316100248,14.954200058743705
GPR,seed00,22,1.2,1.0,22.28778242646885,36.97430684419651,20.714414689313326,17.396636824581634
GPR,seed00,7,1.0,2.2,100.54575565420733,106.01956000386514,4.83407354664049,12.079036289592494
GPR,seed00,10,1.0,2.5,92.99204719253044,83.99895765890462,5.218291403010326,10.52395512860215
GPR,seed00,45,1.4,1.7,54.98950678020617,34.30683561572609,6.403239343364375,15.162360827825005
GPR,seed00,68,1.6,1.9,37.61040536196327,33.884661438465756,22.542665474583867,13.497303484518751
GPR,seed00,33,1.3,1.1,20.551007181485623,38.24968261052289,17.6341476127744,14.946409684930483
GPR,seed00,110,2.0,1.5,70.53891120146032,74.0463838392055,15.518504087807024,14.533293793488475
GPR,seed00,2,1.0,1.4,20.89585714361514,50.082447618973546,16.56761127473616,12.52461970261777
GPR,seed00,51,1.5,1.1,71.3828894764614,69.19551062173375,21.64499300940713,14.738180475463649
GPR,seed00,117,2.0,2.5,26.151753430429398,40.318616284651526,19.496886376894068,13.579707600160557
GPR,seed00,73,1.7,1.1,78.50919337690385,76.15753239087621,21.65198286684715,13.823631787700357
GPR,seed00,30,1.2,2.4,93.48940821225624,98.17242790038749,3.98125478783674,9.941068670862515
GPR,seed00,43,1.4,1.2,20.481919337918775,37.02329910703697,19.09315793183945,16.823309441656292
GPR,seed00,84,1.8,1.2,73.50397660327812,75.36136457140714,16.233276031999672,15.477891229270387
GPR,seed00,75,1.7,1.3,63.28835250491195,68.36345849563519,18.9934879839535,14.024057806569788
GPR,seed00,62,1.6,1.1,71.4438364158991,75.54241254655386,20.77736434766016,14.297899973001146
GPR,seed00,102,1.9,2.2,17.088880431403968,33.784792289269774,18.899387459468134,11.951809335908838
GPR,seed00,16,1.1,2.0,61.38960058864802,59.660884858229316,22.726212344024198,12.424695017417642
GPR,seed00,24,1.2,1.5,63.332813736939954,29.74455460057421,1.82898508052785,15.754655757576575
k-NN,seed00,86,1.8,1.4,65.591960546395,55.57553168569914,19.04500294060005,15.544690248497872
k-NN,seed00,85,1.8,1.3,74.59685990483652,72.23304350080024,20.950188488929776,14.537512640781829
k-NN,seed00,94,1.9,1.1,68.81050163065262,67.59652556384202,12.446708860384476,11.448288695966705
k-NN,seed00,8,1.0,2.3,98.04053105918149,96.49849641140389,4.160788629019243,5.343338663867163
k-NN,seed00,89,1.8,1.7,15.251624701513725,42.52027917491766,16.0562316100248,15.326490820922421
k-NN,seed00,22,1.2,1.0,22.28778242646885,46.93379225327342,20.714414689313326,20.43754883271571
k-NN,seed00,7,1.0,2.2,100.54575565420733,98.51358003089905,4.83407354664049,5.520215390570478
k-NN,seed00,10,1.0,2.5,92.99204719253044,94.26916388062315,5.218291403010326,5.1410382621850115
k-NN,seed00,45,1.4,1.7,54.98950678020617,34.08405880219284,6.403239343364375,14.36642539189057
k-NN,seed00,68,1.6,1.9,37.61040536196327,30.59058089193616,22.542665474583867,13.756815167497356
k-NN,seed00,33,1.3,1.1,20.551007181485623,51.01678670828408,17.6341476127744,21.256761865989567
k-NN,seed00,110,2.0,1.5,70.53891120146032,70.37655033690797,15.518504087807024,16.128377630038454
k-NN,seed00,2,1.0,1.4,20.89585714361514,37.79778933310163,16.56761127473616,16.623836093108395
k-NN,seed00,51,1.5,1.1,71.3828894764614,62.563842323928085,21.64499300940713,21.155927061242824
k-NN,seed00,117,2.0,2.5,26.151753430429398,31.846402269231845,19.496886376894068,11.19943763598342
k-NN,seed00,73,1.7,1.1,78.50919337690385,70.40814403784312,21.65198286684715,16.623753315739794
k-NN,seed00,30,1.2,2.4,93.48940821225624,93.33320464097491,3.98125478783674,4.776511249031737
k-NN,seed00,43,1.4,1.2,20.481919337918775,50.14028778202682,19.09315793183945,21.134413440854612
k-NN,seed00,84,1.8,1.2,73.50397660327812,71.61421538247838,16.233276031999672,14.622872404191924
k-NN,seed00,75,1.7,1.3,63.28835250491195,45.56374841055492,18.9934879839535,17.13195464838418
k-NN,seed00,62,1.6,1.1,71.4438364158991,70.48652575149278,20.77736434766016,19.864387553948514
k-NN,seed00,102,1.9,2.2,17.088880431403968,31.84640226923185,18.899387459468134,11.19943763598342
k-NN,seed00,16,1.1,2.0,61.38960058864802,64.77289569930275,22.726212344024198,12.881808482328953
k-NN,seed00,24,1.2,1.5,63.332813736939954,35.21185622229055,1.82898508052785,14.874677084427937
PRSM,seed00,86,1.8,1.4,65.591960546395,46.19756492418352,19.04500294060005,15.827566605891352
PRSM,seed00,85,1.8,1.3,74.59685990483652,53.14994196220276,20.950188488929776,15.841696124602066
PRSM,seed00,94,1.9,1.1,68.81050163065262,79.27189924993621,12.446708860384476,14.16241211321799
PRSM,seed00,8,1.0,2.3,98.04053105918149,98.69030960561882,4.160788629019243,5.10563768485985
PRSM,seed00,89,1.8,1.7,15.251624701513725,32.062094473094376,16.0562316100248,15.381380134164246
PRSM,seed00,22,1.2,1.0,22.28778242646885,49.482475842538854,20.714414689313326,20.703727446899805
PRSM,seed00,7,1.0,2.2,100.54575565420733,88.18584177782694,4.83407354664049,6.709925742820087
PRSM,seed00,10,1.0,2.5,92.99204719253044,123.06007559268703,5.218291403010326,1.6951626111418765
PRSM,seed00,45,1.4,1.7,54.98950678020617,31.81811446541821,6.403239343364375,16.284490494110635
PRSM,seed00,68,1.6,1.9,37.61040536196327,29.193328343531505,22.542665474583867,15.139964771697915
PRSM,seed00,33,1.3,1.1,20.551007181485623,45.72133681730969,17.6341476127744,19.947155149494424
PRSM,seed00,110,2.0,1.5,70.53891120146032,52.009701542297925,15.518504087807024,13.50270281777107
PRSM,seed00,2,1.0,1.4,20.89585714361514,44.48006313330299,16.56761127473616,17.121442712932232
PRSM,seed00,51,1.5,1.1,71.3828894764614,51.68147766854853,21.64499300940713,18.885339873341394
PRSM,seed00,117,2.0,2.5,26.151753430429398,36.8680369992029,19.496886376894068,11.448084376361145
PRSM,seed00,73,1.7,1.1,78.50919337690385,62.864998479424045,21.65198286684715,16.957092194582582
PRSM,seed00,30,1.2,2.4,93.48940821225624,84.47347504044163,3.98125478783674,6.871383716091596
PRSM,seed00,43,1.4,1.2,20.481919337918775,42.54273109131156,19.09315793183945,19.152790515302705
PRSM,seed00,84,1.8,1.2,73.50397660327812,61.22259577738345,16.233276031999672,15.788525990713618
PRSM,seed00,75,1.7,1.3,63.28835250491195,47.44300253974082,18.9934879839535,16.884616698494373
PRSM,seed00,62,1.6,1.1,71.4438364158991,56.62031557903171,20.77736434766016,18.02952008428771
PRSM,seed00,102,1.9,2.2,17.088880431403968,29.625148904934164,18.899387459468134,13.139733662181301
PRSM,seed00,16,1.1,2.0,61.38960058864802,60.65120130938659,22.726212344024198,11.051342989235856
PRSM,seed00,24,1.2,1.5,63.332813736939954,36.77303378422902,1.82898508052785,17.277846869378006
RF,seed00,86,1.8,1.4,65.591960546395,52.61637804434228,19.04500294060005,15.153551227082174
RF,seed00,85,1.8,1.3,74.59685990483652,57.6740244880393,20.950188488929776,14.57047337356872
RF,seed00,94,1.9,1.1,68.81050163065262,68.03603292479853,12.446708860384476,12.101610219527545
RF,seed00,8,1.0,2.3,98.04053105918149,95.25854842441653,4.160788629019243,5.801028864491879
RF,seed00,89,1.8,1.7,15.251624701513725,36.271895429219526,16.0562316100248,15.481513197564059
RF,seed00,22,1.2,1.0,22.28778242646885,54.76367314817862,20.714414689313326,22.656909591920087
RF,seed00,7,1.0,2.2,100.54575565420733,94.69874520206923,4.83407354664049,6.213384960045647
RF,seed00,10,1.0,2.5,92.99204719253044,93.74684055318431,5.218291403010326,4.6959875782535985
RF,seed00,45,1.4,1.7,54.98950678020617,29.607326266009625,6.403239343364375,15.519330411213774
RF,seed00,68,1.6,1.9,37.61040536196327,30.159206606068196,22.542665474583867,15.17685397731448
RF,seed00,33,1.3,1.1,20.551007181485623,52.27266100936977,17.6341476127744,22.319687546120203
RF,seed00,110,2.0,1.5,70.53891120146032,56.98870334250106,15.518504087807024,15.728406420728202
RF,seed00,2,1.0,1.4,20.89585714361514,48.11653079726718,16.56761127473616,14.052706196258175
RF,seed00,51,1.5,1.1,71.3828894764614,64.59225472504778,21.64499300940713,22.15036299606074
RF,seed00,117,2.0,2.5,26.151753430429398,43.151868313537804,19.496886376894068,8.889817440598982
RF,seed00,73,1.7,1.1,78.50919337690385,70.15727180456551,21.65198286684715,17.755441252249685
RF,seed00,30,1.2,2.4,93.48940821225624,89.66734088543359,3.98125478783674,5.348297090755535
RF,seed00,43,1.4,1.2,20.481919337918775,60.47105582250082,19.09315793183945,22.04871161737027
RF,seed00,84,1.8,1.2,73.50397660327812,68.96762491212746,16.233276031999672,12.847673192198133
RF,seed00,75,1.7,1.3,63.28835250491195,49.0616127261031,18.9934879839535,15.335754669479073
RF,seed00,62,1.6,1.1,71.4438364158991,67.41417998021672,20.77736434766016,20.825107941105237
RF,seed00,102,1.9,2.2,17.088880431403968,38.677224327829215,18.899387459468134,10.23723307664271
RF,seed00,16,1.1,2.0,61.38960058864802,59.390444380808205,22.726212344024198,11.422621926869134
RF,seed00,24,1.2,1.5,63.332813736939954,31.65049167750019,1.82898508052785,15.491721560526193
NN,seed01,94,1.9,1.1,68.81050163065262,66.14709067396375,12.446708860384476,11.217473909803871
NN,seed01,54,1.5,1.4,17.02894957415735,12.982237065793164,16.996076659902027,15.455302960061621
NN,seed01,59,1.5,2.4,26.10144790045783,28.390725509910112,17.146073295989,19.40087792219093
NN,seed01,115,2.0,2.3,16.65625431634737,11.0687701453395,15.639161704669801,17.392687613614676
NN,seed01,74,1.7,1.2,79.99719446748381,83.61927236627506,20.5842603804155,22.959544009021272
NN,seed01,46,1.4,1.8,35.62523389249657,36.26263747282566,17.987320114985366,14.823275518265689
NN,seed01,31,1.2,2.5,92.37908589082757,92.4591223404529,5.06397086211145,4.167625288690694
NN,seed01,80,1.7,2.1,46.453384160498565,49.39981470402948,4.944878573759263,4.276582403372858
NN,seed01,48,1.4,2.4,87.35859796967429,82.18746932209923,6.664549674421354,5.20315107150676
NN,seed01,97,1.9,1.4,75.13777001557544,68.07464862707711,18.43361001536898,19.01009094485688
NN,seed01,96,1.9,1.3,66.38616410370926,74.05084265856614,16.596393354324523,16.428621362554633
NN,seed01,98,1.9,1.5,68.53814320899697,75.88999788699388,19.49220034806418,14.169854864463613
NN,seed01,2,1.0,1.4,20.89585714361514,24.776346903080537,16.56761127473616,21.980502550424223
NN,seed01,90,1.8,2.1,21.35579681348827,22.287172236662443,18.801330423732566,20.302556772489915
NN,seed01,111,2.0,1.6,67.36796029221762,82.28916203009449,20.69771237531105,12.382219629906379
NN,seed01,56,1.5,1.8,45.81819199191605,46.03466468870531,11.2627084006723,15.116236814947973
NN,seed01,104,1.9,2.4,21.4725090184733,19.472115822842795,20.378480371159398,19.81969496036928
NN,seed01,101,1.9,1.8,15.04936161152886,17.334872217500575,16.756088065827463,15.652788445600722
NN,seed01,67,1.6,1.8,18.70656102176115,17.03796006494821,16.475500264086424,15.256472123144736
NN,seed01,62,1.6,1.1,71.4438364158991,86.80967278989537,20.77736434766016,23.93203525744726
NN,seed01,78,1.7,1.6,15.7585522977264,15.51479345545117,16.120802777688827,15.40453106644973
NN,seed01,17,1.1,2.1,99.8683907227732,100.8628567127885,6.0320034789695995,4.3049663749987985
NN,seed01,82,1.8,1.0,69.86792006915198,66.76462874379393,12.97838453858875,11.561499709935985
NN,seed01,112,2.0,1.7,69.86265452997606,82.11503012517849,15.447604729134476,11.08934512931533
GPR,seed01,94,1.9,1.1,68.81050163065262,67.74433172942909,12.446708860384476,13.066124830029135
GPR,seed01,54,1.5,1.4,17.02894957415735,12.13695974374307,16.996076659902027,16.026575245072927
GPR,seed01,59,1.5,2.4,26.10144790045783,43.71716777704698,17.146073295989,12.253502407196013
GPR,seed01,115,2.0,2.3,16.65625431634737,40.25765796909968,15.639161704669801,11.174690595119143
GPR,seed01,74,1.7,1.2,79.99719446748381,73.91602726202909,20.5842603804155,17.217408676761494
GPR,seed01,46,1.4,1.8,35.62523389249657,39.279577708393234,17.987320114985366,14.252640455029063
GPR,seed01,31,1.2,2.5,92.37908589082757,93.95255421415054,5.06397086211145,5.697099195711042
GPR,seed01,80,1.7,2.1,46.453384160498565,28.334379318858716,4.944878573759263,14.133462736731436
GPR,seed01,48,1.4,2.4,87.35859796967429,68.33325160340225,6.664549674421354,10.614785438395504
GPR,seed01,97,1.9,1.4,75.13777001557544,78.00762348613982,18.43361001536898,14.54954378267433
GPR,seed01,96,1.9,1.3,66.38616410370926,76.09298993736112,16.596393354324523,14.065337361987332
GPR,seed01,98,1.9,1.5,68.53814320899697,71.85174938710585,19.49220034806418,14.956780840849078
GPR,seed01,2,1.0,1.4,20.89585714361514,48.729517903832544,16.56761127473616,14.824488027828087
GPR,seed01,90,1.8,2.1,21.35579681348827,28.698488304484684,18.801330423732566,13.273071824375771
GPR,seed01,111,2.0,1.6,67.36796029221762,62.92478277714841,20.69771237531105,14.96439758708871
GPR,seed01,56,1.5,1.8,45.81819199191605,37.637276105832896,11.2627084006723,14.424766275626139
GPR,seed01,104,1.9,2.4,21.4725090184733,36.48759687509876,20.378480371159398,11.316191076449504
GPR,seed01,101,1.9,1.8,15.04936161152886,21.2803280680306,16.756088065827463,15.06574393342423
GPR,seed01,67,1.6,1.8,18.70656102176115,28.113160079531117,16.475500264086424,14.827078194538974
GPR,seed01,62,1.6,1.1,71.4438364158991,77.25292546895345,20.77736434766016,19.347032303554904
GPR,seed01,78,1.7,1.6,15.7585522977264,16.30816456385378,16.120802777688827,15.395925716769195
GPR,seed01,17,1.1,2.1,99.8683907227732,79.75049951900984,6.0320034789695995,11.240083706705313
GPR,seed01,82,1.8,1.0,69.86792006915198,67.8479358480983,12.97838453858875,14.612330015827384
GPR,seed01,112,2.0,1.7,69.86265452997606,48.046710285738214,15.447604729134476,15.132778018723467
k-NN,seed01,94,1.9,1.1,68.81050163065262,68.89146287404044,12.446708860384476,12.288127335308374
k-NN,seed01,54,1.5,1.4,17.02894957415735,33.95319780416195,16.996076659902027,16.398492654173044
k-NN,seed01,59,1.5,2.4,26.10144790045783,63.06718281038472,17.146073295989,11.289777031058124
k-NN,seed01,115,2.0,2.3,16.65625431634737,31.569776420442263,15.639161704669801,12.022298691555072
k-NN,seed01,74,1.7,1.2,79.99719446748381,67.23556855434278,20.5842603804155,19.130137804068912
k-NN,seed01,46,1.4,1.8,35.62523389249657,34.30873843381579,17.987320114985366,13.761825510585293
k-NN,seed01,31,1.2,2.5,92.37908589082757,92.6918290301704,5.06397086211145,4.065758329002499
k-NN,seed01,80,1.7,2.1,46.453384160498565,30.686237164090336,4.944878573759263,11.908579994954126
k-NN,seed01,48,1.4,2.4,87.35859796967429,78.02721414983475,6.664549674421354,8.446980168428043
k-NN,seed01,97,1.9,1.4,75.13777001557544,70.15694353590405,18.43361001536898,15.913959771157021
k-NN,seed01,96,1.9,1.3,66.38616410370926,70.12297295153331,16.596393354324523,16.049196604906335
k-NN,seed01,98,1.9,1.5,68.53814320899697,61.56725907435162,19.49220034806418,14.42778727060625
k-NN,seed01,2,1.0,1.4,20.89585714361514,43.29269772723762,16.56761127473616,15.879916035595482
k-NN,seed01,90,1.8,2.1,21.35579681348827,25.4711887111524,18.801330423732566,14.76356204277687
k-NN,seed01,111,2.0,1.6,67.36796029221762,55.57182674868027,20.69771237531105,15.593964668590882
k-NN,seed01,56,1.5,1.8,45.81819199191605,34.47957116755519,11.2627084006723,14.498691772850663
k-NN,seed01,104,1.9,2.4,21.4725090184733,31.569776420442267,20.378480371159398,12.022298691555072
k-NN,seed01,101,1.9,1.8,15.04936161152886,34.15265457314777,16.756088065827463,15.360157727972469
k-NN,seed01,67,1.6,1.8,18.70656102176115,35.04505871993314,16.475500264086424,15.86095756951287
k-NN,seed01,62,1.6,1.1,71.4438364158991,72.6185867073464,20.77736434766016,20.03644974488419
k-NN,seed01,78,1.7,1.6,15.7585522977264,28.402587099975232,16.120802777688827,14.631168769869985
k-NN,seed01,17,1.1,2.1,99.8683907227732,79.29530659250602,6.0320034789695995,11.988056881171627
k-NN,seed01,82,1.8,1.0,69.86792006915198,72.73639155965114,12.97838453858875,14.748927190100677
k-NN,seed01,112,2.0,1.7,69.86265452997606,45.21011187313709,15.447604729134476,15.252612223528914
PRSM,seed01,94,1.9,1.1,68.81050163065262,78.47230492373848,12.446708860384476,14.372135047366122
PRSM,seed01,54,1.5,1.4,17.02894957415735,38.133960298717106,16.996076659902027,17.74394592689754
PRSM,seed01,59,1.5,2.4,26.10144790045783,56.780249546710415,17.146073295989,10.83633487504459
PRSM,seed01,115,2.0,2.3,16.65625431634737,27.350367116176713,15.639161704669801,11.985880195462242
PRSM,seed01,74,1.7,1.2,79.99719446748381,56.02732490499895,20.5842603804155,17.01181229253749
PRSM,seed01,46,1.4,1.8,35.62523389249657,35.61998881542051,17.987320114985366,15.261899741435542
PRSM,seed01,31,1.2,2.5,92.37908589082757,94.39389412373842,5.06397086211145,6.205832780293427
PRSM,seed01,80,1.7,2.1,46.453384160498565,32.325613765809265,4.944878573759263,13.731572560637579
PRSM,seed01,48,1.4,2.4,87.35859796967429,64.96167857631639,6.664549674421354,9.950712258561445
PRSM,seed01,97,1.9,1.4,75.13777001557544,52.41781833190872,18.43361001536898,14.445342655161816
PRSM,seed01,96,1.9,1.3,66.38616410370926,60.06721184963597,16.596393354324523,14.462662514823936
PRSM,seed01,98,1.9,1.5,68.53814320899697,45.80386016039745,19.49220034806418,14.386300399905679
PRSM,seed01,2,1.0,1.4,20.89585714361514,40.12029873574381,16.56761127473616,16.46402067632514
PRSM,seed01,90,1.8,2.1,21.35579681348827,29.654018895426084,18.801330423732566,13.563795212771396
PRSM,seed01,111,2.0,1.6,67.36796029221762,44.091311266288145,20.69771237531105,13.082515705972732
PRSM,seed01,56,1.5,1.8,45.81819199191605,33.16725184332245,11.2627084006723,15.48157025328458
PRSM,seed01,104,1.9,2.4,21.4725090184733,32.87282719651603,20.378480371159398,11.977412300869599
PRSM,seed01,101,1.9,1.8,15.04936161152886,32.17459772315965,16.756088065827463,13.95883926057315
PRSM,seed01,67,1.6,1.8,18.70656102176115,31.596344248047334,16.475500264086424,15.46109946112286
PRSM,seed01,62,1.6,1.1,71.4438364158991,57.84362924734851,20.77736434766016,18.20522761413521
PRSM,seed01,78,1.7,1.6,15.7585522977264,35.13887760319909,16.120802777688827,15.971151923188824
PRSM,seed01,17,1.1,2.1,99.8683907227732,66.87359990139014,6.0320034789695995,9.695269263608758
PRSM,seed01,82,1.8,1.0,69.86792006915198,80.51516786824283,12.97838453858875,15.893118563952324
PRSM,seed01,112,2.0,1.7,69.86265452997606,38.593441777624236,15.447604729134476,13.051020676967575
RF,seed01,94,1.9,1.1,68.81050163065262,67.25707380029213,12.446708860384476,12.421037610645795
RF,seed01,54,1.5,1.4,17.02894957415735,42.45691006265547,16.996076659902027,15.68047732200943
RF,seed01,59,1.5,2.4,26.10144790045783,70.1640008724714,17.146073295989,7.701821716031588
RF,seed01,115,2.0,2.3,16.65625431634737,39.50055784038322,15.639161704669801,8.437528901403436
RF,seed01,74,1.7,1.2,79.99719446748381,66.44095281997295,20.5842603804155,17.6433843516974
RF,seed01,46,1.4,1.8,35.62523389249657,32.338965894290055,17.987320114985366,14.866066180301969
RF,seed01,31,1.2,2.5,92.37908589082757,92.69913465627567,5.06397086211145,4.515800078823583
RF,seed01,80,1.7,2.1,46.453384160498565,29.849498733459157,4.944878573759263,15.256010529503042
RF,seed01,48,1.4,2.4,87.35859796967429,74.96559497171239,6.664549674421354,8.006970227883876
RF,seed01,97,1.9,1.4,75.13777001557544,58.3725184909883,18.43361001536898,14.187452893599756
RF,seed01,96,1.9,1.3,66.38616410370926,64.15774062615111,16.596393354324523,13.64548131686306
RF,seed01,98,1.9,1.5,68.53814320899697,48.647653795381984,19.49220034806418,14.162737788770093
RF,seed01,2,1.0,1.4,20.89585714361514,48.32019257250847,16.56761127473616,13.54203888794011
RF,seed01,90,1.8,2.1,21.35579681348827,32.526734467204264,18.801330423732566,14.275100683257255
RF,seed01,111,2.0,1.6,67.36796029221762,44.535363784515525,20.69771237531105,14.281869165127965
RF,seed01,56,1.5,1.8,45.81819199191605,31.162078428318722,11.2627084006723,15.168519152001815
RF,seed01,104,1.9,2.4,21.4725090184733,42.15316750346439,20.378480371159398,7.21551584741457
RF,seed01,101,1.9,1.8,15.04936161152886,32.95241338600527,16.756088065827463,15.538791982162689
RF,seed01,67,1.6,1.8,18.70656102176115,30.768601155062846,16.475500264086424,15.35206096730505
RF,seed01,62,1.6,1.1,71.4438364158991,63.5112698048562,20.77736434766016,19.93318004959581
RF,seed01,78,1.7,1.6,15.7585522977264,36.2917379415082,16.120802777688827,14.729918109409677
RF,seed01,17,1.1,2.1,99.8683907227732,56.44066102075524,6.0320034789695995,13.3577423937602
RF,seed01,82,1.8,1.0,69.86792006915198,69.3390729898209,12.97838453858875,15.506314182687076
RF,seed01,112,2.0,1.7,69.86265452997606,35.86719476236966,15.447604729134476,15.301398222629853
NN,seed02,24,1.2,1.5,63.332813736939954,58.485972202322586,1.82898508052785,2.4068639659277125
NN,seed02,91,1.8,2.2,48.83200749593603,54.47187736287881,1.8618713309090102,3.5075976578025045
NN,seed02,28,1.2,2.2,94.71421913113033,96.5721624916022,4.434601146470383,5.628439049196425
NN,seed02,56,1.5,1.8,45.81819199191605,45.67712478431787,11.2627084006723,13.237607041857343
NN,seed02,2,1.0,1.4,20.89585714361514,14.586805245449796,16.56761127473616,15.833052267143684
NN,seed02,53,1.5,1.3,20.781487856364,21.086635253239653,13.267190582608643,18.057465981926633
NN,seed02,45,1.4,1.7,54.98950678020617,55.977501630916315,6.403239343364375,4.401995528360393
NN,seed02,79,1.7,2.0,29.124210888826802,26.387849318758544,19.710073901690876,19.139875378230844
NN,seed02,61,1.6,1.0,78.60220609535597,73.22192051390093,17.989211690166634,19.98990609776137
NN,seed02,30,1.2,2.4,93.48940821225624,94.49681005680841,3.98125478783674,5.072057947408888
NN,seed02,44,1.4,1.6,18.632969188112835,22.539001471179915,15.479088510995524,18.311062941230873
NN,seed02,25,1.2,1.6,24.95659463756515,24.808174221867503,19.11475683793465,17.839231060983238
NN,seed02,108,2.0,1.3,66.91419695119404,68.58103124409752,11.52766858628333,12.694466176370321
NN,seed02,102,1.9,2.2,17.088880431403968,17.823053217496295,18.899387459468134,16.95644622125716
NN,seed02,13,1.1,1.5,20.16537021859946,19.129913525721783,21.981828240884,16.8619842997438
NN,seed02,14,1.1,1.8,25.870520205273934,7.070279362745218,14.0049283108389,13.39690006076169
NN,seed02,87,1.8,1.5,75.22236512124877,69.54080487755556,11.421824151342928,11.09761275814263
NN,seed02,93,1.9,1.0,68.1554204717836,68.57494212171045,9.81690258819314,11.551023472963282
NN,seed02,5,1.0,2.0,106.02724465602475,106.96940930392057,5.360247481788985,7.63334387198505
NN,seed02,73,1.7,1.1,78.50919337690385,70.49522624612109,21.65198286684715,17.35873765334101
NN,seed02,41,1.4,1.0,86.1572725747117,75.29422001412055,24.46021001385732,23.94993674588062
NN,seed02,60,1.5,2.5,77.430549346183,33.465713886879996,5.28813934914015,22.483651785349274
NN,seed02,29,1.2,2.3,94.19984376701287,94.78682711862027,4.6685111413823535,5.242744904774513
NN,seed02,11,1.1,1.3,32.1657926883108,31.05723822684114,22.335185977271397,20.463859276505037
GPR,seed02,24,1.2,1.5,63.332813736939954,39.78726341501944,1.82898508052785,12.705860104763843
GPR,seed02,91,1.8,2.2,48.83200749593603,27.249586573374987,1.8618713309090102,13.412692181269222
GPR,seed02,28,1.2,2.2,94.71421913113033,70.47203252641216,4.434601146470383,11.595114097279401
GPR,seed02,56,1.5,1.8,45.81819199191605,33.03844433231926,11.2627084006723,15.347610637150423
GPR,seed02,2,1.0,1.4,20.89585714361514,60.56193790758685,16.56761127473616,12.850712304262885
GPR,seed02,53,1.5,1.3,20.781487856364,32.3155871604137,13.267190582608643,18.661880878745677
GPR,seed02,45,1.4,1.7,54.98950678020617,40.07063758969331,6.403239343364375,15.07240437701992
GPR,seed02,79,1.7,2.0,29.124210888826802,36.7654855194087,19.710073901690876,13.841435446295076
GPR,seed02,61,1.6,1.0,78.60220609535597,79.3985449110426,17.989211690166634,19.4608461587088
GPR,seed02,30,1.2,2.4,93.48940821225624,96.48755590446072,3.98125478783674,6.592668944490487
GPR,seed02,44,1.4,1.6,18.632969188112835,34.2695463329757,15.479088510995524,14.67630188843699
GPR,seed02,25,1.2,1.6,24.95659463756515,38.29112384383019,19.11475683793465,13.21142413245233
GPR,seed02,108,2.0,1.3,66.91419695119404,65.31409421933918,11.52766858628333,14.594377967061158
GPR,seed02,102,1.9,2.2,17.088880431403968,27.56153250267861,18.899387459468134,12.829292254532461
GPR,seed02,13,1.1,1.5,20.16537021859946,48.60996826432848,21.981828240884,12.358583837724023
GPR,seed02,14,1.1,1.8,25.870520205273934,15.411318421895245,14.0049283108389,15.445361769542288
GPR,seed02,87,1.8,1.5,75.22236512124877,49.782429637239424,11.421824151342928,16.700956291616656
GPR,seed02,93,1.9,1.0,68.1554204717836,66.03169575368288,9.81690258819314,12.435605984065948
GPR,seed02,5,1.0,2.0,106.02724465602475,83.49333475615614,5.360247481788985,13.114245409433932
GPR,seed02,73,1.7,1.1,78.50919337690385,75.56252791418761,21.65198286684715,17.394170406723596
GPR,seed02,41,1.4,1.0,86.1572725747117,61.90243026812112,24.46021001385732,21.406305640774615
GPR,seed02,60,1.5,2.5,77.430549346183,53.088332469737956,5.28813934914015,13.078291079866961
GPR,seed02,29,1.2,2.3,94.19984376701287,88.98687920341573,4.6685111413823535,8.754969812647083
GPR,seed02,11,1.1,1.3,32.1657926883108,45.255465852442754,22.335185977271397,13.758466364061114
k-NN,seed02,24,1.2,1.5,63.332813736939954,40.16951127816116,1.82898508052785,11.784227074506024
k-NN,seed02,91,1.8,2.2,48.83200749593603,26.917799546900074,1.8618713309090102,13.457651046166115
k-NN,seed02,28,1.2,2.2,94.71421913113033,67.39408988868823,4.434601146470383,11.851450136751433
k-NN,seed02,56,1.5,1.8,45.81819199191605,30.917912218799525,11.2627084006723,15.481331676763018
k-NN,seed02,2,1.0,1.4,20.89585714361514,41.412357675669774,16.56761127473616,12.43734690338955
k-NN,seed02,53,1.5,1.3,20.781487856364,43.683323716813675,13.267190582608643,19.598409587215645
k-NN,seed02,45,1.4,1.7,54.98950678020617,33.76428188352856,6.403239343364375,14.49522193872556
k-NN,seed02,79,1.7,2.0,29.124210888826802,28.51444497048573,19.710073901690876,14.390761354047552
k-NN,seed02,61,1.6,1.0,78.60220609535597,71.3694749728909,17.989211690166634,21.28945886818091
k-NN,seed02,30,1.2,2.4,93.48940821225624,92.54963197122912,3.98125478783674,4.796809079096656
k-NN,seed02,44,1.4,1.6,18.632969188112835,29.441948369166898,15.479088510995524,14.91488376294774
k-NN,seed02,25,1.2,1.6,24.95659463756515,34.14590228335558,19.11475683793465,12.461618182521889
k-NN,seed02,108,2.0,1.3,66.91419695119404,68.50029694766815,11.52766858628333,14.473250258110994
k-NN,seed02,102,1.9,2.2,17.088880431403968,26.940191873920636,18.899387459468134,13.019340449276571
k-NN,seed02,13,1.1,1.5,20.16537021859946,41.412357675669774,21.981828240884,12.43734690338955
k-NN,seed02,14,1.1,1.8,25.870520205273934,45.30182433683326,14.0049283108389,16.044660075193203
k-NN,seed02,87,1.8,1.5,75.22236512124877,55.62399218941153,11.421824151342928,15.787764263127976
k-NN,seed02,93,1.9,1.0,68.1554204717836,68.48651257848769,9.81690258819314,12.684531799417982
k-NN,seed02,5,1.0,2.0,106.02724465602475,67.30675492130777,5.360247481788985,12.908342201206764
k-NN,seed02,73,1.7,1.1,78.50919337690385,71.59410570592935,21.65198286684715,17.275722204628263
k-NN,seed02,41,1.4,1.0,86.1572725747117,48.490017209260074,24.46021001385732,21.65567362623361
k-NN,seed02,60,1.5,2.5,77.430549346183,63.09162585554922,5.28813934914015,11.212595942592536
k-NN,seed02,29,1.2,2.3,94.19984376701287,77.85014541462071,4.6685111413823535,10.203274883260857
k-NN,seed02,11,1.1,1.3,32.1657926883108,35.80777248278075,22.335185977271397,15.626115797171497
PRSM,seed02,24,1.2,1.5,63.332813736939954,36.34713395922944,1.82898508052785,17.238481974586378
PRSM,seed02,91,1.8,2.2,48.83200749593603,28.7528071042496,1.8618713309090102,14.7053978167456
PRSM,seed02,28,1.2,2.2,94.71421913113033,63.92161458348318,4.434601146470383,10.624648637956641
PRSM,seed02,56,1.5,1.8,45.81819199191605,31.40493451008521,11.2627084006723,16.63671365259854
PRSM,seed02,2,1.0,1.4,20.89585714361514,42.065462974841616,16.56761127473616,16.35379085435156
PRSM,seed02,53,1.5,1.3,20.781487856364,40.00840295551792,13.267190582608643,18.6475753346333
PRSM,seed02,45,1.4,1.7,54.98950678020617,32.86627760313798,6.403239343364375,16.93085510482973
PRSM,seed02,79,1.7,2.0,29.124210888826802,29.040418493965575,19.710073901690876,15.767774713430423
PRSM,seed02,61,1.6,1.0,78.60220609535597,62.5956069626512,17.989211690166634,18.24058822426944
PRSM,seed02,30,1.2,2.4,93.48940821225624,79.79619804825874,3.98125478783674,8.10691389960991
PRSM,seed02,44,1.4,1.6,18.632969188112835,32.70033622327884,15.479088510995524,17.513914440369117
PRSM,seed02,25,1.2,1.6,24.95659463756515,37.6209586672218,19.11475683793465,16.50300466436154
PRSM,seed02,108,2.0,1.3,66.91419695119404,71.79308998894668,11.52766858628333,13.974000214847115
PRSM,seed02,102,1.9,2.2,17.088880431403968,27.420129371160485,18.899387459468134,14.524627727987987
PRSM,seed02,13,1.1,1.5,20.16537021859946,39.75018245936739,21.981828240884,16.47517376514084
PRSM,seed02,14,1.1,1.8,25.870520205273934,49.231561790181544,14.0049283108389,13.72608083706904
PRSM,seed02,87,1.8,1.5,75.22236512124877,43.10158403910056,11.421824151342928,16.652961519924958
PRSM,seed02,93,1.9,1.0,68.1554204717836,90.64997437394514,9.81690258819314,14.43652823094408
PRSM,seed02,5,1.0,2.0,106.02724465602475,69.68264524038592,5.360247481788985,9.979639026992775
PRSM,seed02,73,1.7,1.1,78.50919337690385,62.493772078217894,21.65198286684715,17.387495898185676
PRSM,seed02,41,1.4,1.0,86.1572725747117,50.362395612431136,24.46021001385732,19.54677828854953
PRSM,seed02,60,1.5,2.5,77.430549346183,56.67549402309379,5.28813934914015,10.890522967638107
PRSM,seed02,29,1.2,2.3,94.19984376701287,71.41467518091125,4.6685111413823535,9.400673939379848
PRSM,seed02,11,1.1,1.3,32.1657926883108,37.87157425508823,22.335185977271397,17.95897567788969
RF,seed02,24,1.2,1.5,63.332813736939954,32.71457659647736,1.82898508052785,15.652809834507439
RF,seed02,91,1.8,2.2,48.83200749593603,27.52440635046748,1.8618713309090102,14.96850229711498
RF,seed02,28,1.2,2.2,94.71421913113033,57.805281439317895,4.434601146470383,12.6098947351892
RF,seed02,56,1.5,1.8,45.81819199191605,28.129922485711997,11.2627084006723,15.910148384416974
RF,seed02,2,1.0,1.4,20.89585714361514,49.001530175820925,16.56761127473616,12.35482754376047
RF,seed02,53,1.5,1.3,20.781487856364,51.86289003591285,13.267190582608643,18.747641686052496
RF,seed02,45,1.4,1.7,54.98950678020617,30.46471516642974,6.403239343364375,16.160590333099677
RF,seed02,79,1.7,2.0,29.124210888826802,28.537264483624693,19.710073901690876,15.256106443992955
RF,seed02,61,1.6,1.0,78.60220609535597,61.10279971910492,17.989211690166634,20.091830048054447
RF,seed02,30,1.2,2.4,93.48940821225624,87.77608459075573,3.98125478783674,5.669060336122094
RF,seed02,44,1.4,1.6,18.632969188112835,33.99930597224798,15.479088510995524,14.754867268894873
RF,seed02,25,1.2,1.6,24.95659463756515,35.62604390108563,19.11475683793465,14.209630166023775
RF,seed02,108,2.0,1.3,66.91419695119404,68.05536813329186,11.52766858628333,15.835580886018114
RF,seed02,102,1.9,2.2,17.088880431403968,34.31844209489343,18.899387459468134,13.279834706955729
RF,seed02,13,1.1,1.5,20.16537021859946,47.017133167761784,21.981828240884,11.63244874399825
RF,seed02,14,1.1,1.8,25.870520205273934,40.0377152444445,14.0049283108389,15.518034975944353
RF,seed02,87,1.8,1.5,75.22236512124877,42.37044576393454,11.421824151342928,15.974584880769703
RF,seed02,93,1.9,1.0,68.1554204717836,68.60729216778867,9.81690258819314,13.934261093695167
RF,seed02,5,1.0,2.0,106.02724465602475,54.35750310782882,5.360247481788985,17.782254010681452
RF,seed02,73,1.7,1.1,78.50919337690385,66.9058134089395,21.65198286684715,16.037634004274793
RF,seed02,41,1.4,1.0,86.1572725747117,43.01391328227438,24.46021001385732,21.142221358137874
RF,seed02,60,1.5,2.5,77.430549346183,47.97042211086233,5.28813934914015,12.940708882870268
RF,seed02,29,1.2,2.3,94.19984376701287,71.06495418703712,4.6685111413823535,9.648422104390551
RF,seed02,11,1.1,1.3,32.1657926883108,49.202462937624205,22.335185977271397,11.979665256996073
NN,seed03,101,1.9,1.8,15.04936161152886,14.812926511751769,16.756088065827463,15.807610874980847
NN,seed03,94,1.9,1.1,68.81050163065262,66.33650284876308,12.446708860384476,11.749458946261415
NN,seed03,6,1.0,2.1,102.31586665053233,94.13733472811072,5.1165813362992765,5.106612734417062
NN,seed03,25,1.2,1.6,24.95659463756515,28.24705118201502,19.11475683793465,21.127596861012755
NN,seed03,80,1.7,2.1,46.453384160498565,47.80762807192467,4.944878573759263,4.996332939716053
NN,seed03,42,1.4,1.1,47.40972483928133,55.19404575316814,20.937048290013298,23.200434209433645
NN,seed03,5,1.0,2.0,106.02724465602475,93.89833317632527,5.360247481788985,6.125898356933758
NN,seed03,98,1.9,1.5,68.53814320899697,67.73366007401934,19.49220034806418,20.194220865104292
NN,seed03,108,2.0,1.3,66.91419695119404,67.33406615813664,11.52766858628333,12.708761739208622
NN,seed03,99,1.9,1.6,76.35579220454977,71.79064640986856,10.67473266747813,14.128672362390583
NN,seed03,83,1.8,1.1,71.7471677976817,69.421308027574,11.460708975733725,14.107528087584184
NN,seed03,40,1.3,2.5,90.27597041297177,94.33847668908078,3.51680282158692,4.741014613229064
NN,seed03,8,1.0,2.3,98.04053105918149,94.08272660761526,4.160788629019243,5.666430131866262
NN,seed03,113,2.0,1.8,35.91462169927672,55.39784031281841,17.810556668787925,10.994784654885613
NN,seed03,115,2.0,2.3,16.65625431634737,16.839714734551613,15.639161704669801,16.400123716165
NN,seed03,100,1.9,1.7,26.590473482268628,39.67941732119307,17.3409152302523,12.943706700267063
NN,seed03,17,1.1,2.1,99.8683907227732,93.60229285580212,6.0320034789695995,5.52052169627272
NN,seed03,110,2.0,1.5,70.53891120146032,74.68280359615646,15.518504087807024,19.338550819618852
NN,seed03,4,1.0,1.9,71.31737127271622,72.13126967380052,22.800199024423442,21.916808516103142
NN,seed03,12,1.1,1.4,61.933831883918,62.663464169830995,2.7615194056182433,4.451824602106035
NN,seed03,34,1.3,1.5,20.51884998427476,20.8428760110012,18.09916668244404,17.666397322882467
NN,seed03,45,1.4,1.7,54.98950678020617,58.84170705959649,6.403239343364375,2.869285617997008
NN,seed03,104,1.9,2.4,21.4725090184733,21.55071004002092,20.378480371159398,20.409158038588792
NN,seed03,77,1.7,1.5,16.484240804319526,16.23862307197804,16.613986733013075,16.108461962233925
GPR,seed03,101,1.9,1.8,15.04936161152886,22.57701136524475,16.756088065827463,15.917269655491653
GPR,seed03,94,1.9,1.1,68.81050163065262,67.47637321773239,12.446708860384476,13.559289261949372
GPR,seed03,6,1.0,2.1,102.31586665053233,82.75587138851961,5.1165813362992765,11.210790621601854
GPR,seed03,25,1.2,1.6,24.95659463756515,47.82258789640092,19.11475683793465,13.727811941300786
GPR,seed03,80,1.7,2.1,46.453384160498565,26.779125657068235,4.944878573759263,14.796584079801752
GPR,seed03,42,1.4,1.1,47.40972483928133,51.31966335840016,20.937048290013298,20.598586442639917
GPR,seed03,5,1.0,2.0,106.02724465602475,61.38327793816058,5.360247481788985,13.010138364635926
GPR,seed03,98,1.9,1.5,68.53814320899697,67.36104796362667,19.49220034806418,16.443149422189812
GPR,seed03,108,2.0,1.3,66.91419695119404,66.33706851026074,11.52766858628333,14.551700455437308
GPR,seed03,99,1.9,1.6,76.35579220454977,55.276330662217845,10.67473266747813,16.5835951265616
GPR,seed03,83,1.8,1.1,71.7471677976817,72.67298295818122,11.460708975733725,15.537445310010968
GPR,seed03,40,1.3,2.5,90.27597041297177,100.37033835389636,3.51680282158692,7.304457161729221
GPR,seed03,8,1.0,2.3,98.04053105918149,99.50086618037528,4.160788629019243,7.465848545621054
GPR,seed03,113,2.0,1.8,35.91462169927672,40.682864055516944,17.810556668787925,15.812657108544503
GPR,seed03,115,2.0,2.3,16.65625431634737,38.78206175971444,15.639161704669801,11.143995864135718
GPR,seed03,100,1.9,1.7,26.590473482268628,38.49171558584348,17.3409152302523,16.41254301572762
GPR,seed03,17,1.1,2.1,99.8683907227732,74.08431050443566,6.0320034789695995,11.870189509611805
GPR,seed03,110,2.0,1.5,70.53891120146032,73.07769378058731,15.518504087807024,16.21507090120791
GPR,seed03,4,1.0,1.9,71.31737127271622,38.928344540501755,22.800199024423442,14.285814942457826
GPR,seed03,12,1.1,1.4,61.933831883918,30.448602480820547,2.7615194056182433,15.733931525299685
GPR,seed03,34,1.3,1.5,20.51884998427476,42.94726197197005,18.09916668244404,13.289198814502006
GPR,seed03,45,1.4,1.7,54.98950678020617,34.58991879817453,6.403239343364375,13.798825371381373
GPR,seed03,104,1.9,2.4,21.4725090184733,38.5772689418793,20.378480371159398,11.479729835552309
GPR,seed03,77,1.7,1.5,16.484240804319526,36.73045142239674,16.613986733013075,16.29939084406126
k-NN,seed03,101,1.9,1.8,15.04936161152886,37.85205331998832,16.756088065827463,16.51975473671853
k-NN,seed03,94,1.9,1.1,68.81050163065262,68.5156133283345,12.446708860384476,12.59166244787938
k-NN,seed03,6,1.0,2.1,102.31586665053233,74.40819026183382,5.1165813362992765,11.105755824118638
k-NN,seed03,25,1.2,1.6,24.95659463756515,40.871303702111696,19.11475683793465,12.26642576658249
k-NN,seed03,80,1.7,2.1,46.453384160498565,25.190995027600792,4.944878573759263,15.296471813518837
k-NN,seed03,42,1.4,1.1,47.40972483928133,47.202781667573916,20.937048290013298,21.597868785139156
k-NN,seed03,5,1.0,2.0,106.02724465602475,44.70323520168131,5.360247481788985,14.082907975918786
k-NN,seed03,98,1.9,1.5,68.53814320899697,60.689464454708215,19.49220034806418,17.015404397685227
k-NN,seed03,108,2.0,1.3,66.91419695119404,69.58405773734417,11.52766858628333,14.870869123014689
k-NN,seed03,99,1.9,1.6,76.35579220454977,49.56637418861208,10.67473266747813,15.820449074323275
k-NN,seed03,83,1.8,1.1,71.7471677976817,72.00887625461608,11.460708975733725,14.634078600469511
k-NN,seed03,40,1.3,2.5,90.27597041297177,91.3273669018053,3.51680282158692,5.376940263541616
k-NN,seed03,8,1.0,2.3,98.04053105918149,96.38586276823406,4.160788629019243,5.393349796715194
k-NN,seed03,113,2.0,1.8,35.91462169927672,37.85205331998832,17.810556668787925,16.51975473671853
k-NN,seed03,115,2.0,2.3,16.65625431634737,31.56977642044227,15.639161704669801,12.022298691555074
k-NN,seed03,100,1.9,1.7,26.590473482268628,49.56637418861208,17.3409152302523,15.820449074323275
k-NN,seed03,17,1.1,2.1,99.8683907227732,61.7743988227525,6.0320034789695995,13.807510001149263
k-NN,seed03,110,2.0,1.5,70.53891120146032,69.44277681946485,15.518504087807024,17.56008703255361
k-NN,seed03,4,1.0,1.9,71.31737127271622,44.70323520168131,22.800199024423442,14.082907975918786
k-NN,seed03,12,1.1,1.4,61.933831883918,31.944855169084704,2.7615194056182433,16.113225241853222
k-NN,seed03,34,1.3,1.5,20.51884998427476,40.56482349601438,18.09916668244404,10.965877820604796
k-NN,seed03,45,1.4,1.7,54.98950678020617,34.450273927831816,6.403239343364375,14.240620532023529
k-NN,seed03,104,1.9,2.4,21.4725090184733,31.569776420442267,20.378480371159398,12.022298691555074
k-NN,seed03,77,1.7,1.5,16.484240804319526,38.51388014688726,16.613986733013075,14.29922404334964
PRSM,seed03,101,1.9,1.8,15.04936161152886,32.325127910927975,16.756088065827463,14.66489962006517
PRSM,seed03,94,1.9,1.1,68.81050163065262,80.86053664169955,12.446708860384476,14.907966047992044
PRSM,seed03,6,1.0,2.1,102.31586665053233,68.09918443444433,5.1165813362992765,8.480888167548757
PRSM,seed03,25,1.2,1.6,24.95659463756515,33.67258182145076,19.11475683793465,16.48398069209361
PRSM,seed03,80,1.7,2.1,46.453384160498565,32.78615835323563,4.944878573759263,14.281842170848135
PRSM,seed03,42,1.4,1.1,47.40972483928133,48.57253051950266,20.937048290013298,20.000779473356253
PRSM,seed03,5,1.0,2.0,106.02724465602475,59.67857987198761,5.360247481788985,9.840618319353776
PRSM,seed03,98,1.9,1.5,68.53814320899697,46.524409742345945,19.49220034806418,15.073158180341224
PRSM,seed03,108,2.0,1.3,66.91419695119404,67.78168876894529,11.52766858628333,13.58731696375807
PRSM,seed03,99,1.9,1.6,76.35579220454977,40.69104786110211,10.67473266747813,14.98775319925282
PRSM,seed03,83,1.8,1.1,71.7471677976817,73.21814982027854,11.460708975733725,16.401805931199473
PRSM,seed03,40,1.3,2.5,90.27597041297177,82.42560222421898,3.51680282158692,7.808335765454436
PRSM,seed03,8,1.0,2.3,98.04053105918149,88.24119737167118,4.160788629019243,5.609384246927888
PRSM,seed03,113,2.0,1.8,35.91462169927672,33.752308942442106,17.810556668787925,13.727469359630051
PRSM,seed03,115,2.0,2.3,16.65625431634737,27.229627551884757,15.639161704669801,12.600591613745031
PRSM,seed03,100,1.9,1.7,26.590473482268628,35.95795391729614,17.3409152302523,14.851667012494135
PRSM,seed03,17,1.1,2.1,99.8683907227732,61.27728802737061,6.0320034789695995,10.022511679507698
PRSM,seed03,110,2.0,1.5,70.53891120146032,50.86913302603052,15.518504087807024,13.795421539117703
PRSM,seed03,4,1.0,1.9,71.31737127271622,52.35824324696875,22.800199024423442,11.149667265488514
PRSM,seed03,12,1.1,1.4,61.933831883918,32.24628136476598,2.7615194056182433,17.682269201227324
PRSM,seed03,34,1.3,1.5,20.51884998427476,32.89631880854571,18.09916668244404,17.749167447269166
PRSM,seed03,45,1.4,1.7,54.98950678020617,32.84537031680372,6.403239343364375,16.541416629974307
PRSM,seed03,104,1.9,2.4,21.4725090184733,33.63379855891357,20.378480371159398,12.479989946415497
PRSM,seed03,77,1.7,1.5,16.484240804319526,39.61214157044925,16.613986733013075,16.915715665586383
RF,seed03,101,1.9,1.8,15.04936161152886,35.998621780017224,16.756088065827463,15.929521425698598
RF,seed03,94,1.9,1.1,68.81050163065262,68.33917188728812,12.446708860384476,13.825315867515531
RF,seed03,6,1.0,2.1,102.31586665053233,39.06655441081712,5.1165813362992765,16.5055222051879
RF,seed03,25,1.2,1.6,24.95659463756515,34.780714681341976,19.11475683793465,13.91328963537436
RF,seed03,80,1.7,2.1,46.453384160498565,28.369776881911857,4.944878573759263,16.379796946946694
RF,seed03,42,1.4,1.1,47.40972483928133,52.77660368048273,20.937048290013298,20.878479829151736
RF,seed03,5,1.0,2.0,106.02724465602475,37.98821025921757,5.360247481788985,16.15628152390746
RF,seed03,98,1.9,1.5,68.53814320899697,53.706892690447035,19.49220034806418,15.209339234901387
RF,seed03,108,2.0,1.3,66.91419695119404,67.21477973953469,11.52766858628333,14.931870033774437
RF,seed03,99,1.9,1.6,76.35579220454977,42.80800110078122,10.67473266747813,15.8981285914246
RF,seed03,83,1.8,1.1,71.7471677976817,69.69925935885651,11.460708975733725,16.017508727370608
RF,seed03,40,1.3,2.5,90.27597041297177,88.2258250743212,3.51680282158692,5.787272019068002
RF,seed03,8,1.0,2.3,98.04053105918149,92.98767318541313,4.160788629019243,6.146891097660568
RF,seed03,113,2.0,1.8,35.91462169927672,45.14411146172193,17.810556668787925,16.33706045731211
RF,seed03,115,2.0,2.3,16.65625431634737,39.06586267107928,15.639161704669801,9.02009326406706
RF,seed03,100,1.9,1.7,26.590473482268628,38.65974855881576,17.3409152302523,16.07289662567407
RF,seed03,17,1.1,2.1,99.8683907227732,35.69710600279929,6.0320034789695995,17.156386809277848
RF,seed03,110,2.0,1.5,70.53891120146032,59.46499738770644,15.518504087807024,15.590333702535888
RF,seed03,4,1.0,1.9,71.31737127271622,33.82561691675669,22.800199024423442,15.631382032898241
RF,seed03,12,1.1,1.4,61.933831883918,32.002716085304876,2.7615194056182433,16.28139830184258
RF,seed03,34,1.3,1.5,20.51884998427476,36.438797510247305,18.09916668244404,13.684489154503412
RF,seed03,45,1.4,1.7,54.98950678020617,29.866998520826552,6.403239343364375,15.508205123648361
RF,seed03,104,1.9,2.4,21.4725090184733,39.07907252650258,20.378480371159398,8.549374448965393
RF,seed03,77,1.7,1.5,16.484240804319526,43.6699923337242,16.613986733013075,15.08536166343551
NN,seed04,13,1.1,1.5,20.16537021859946,26.935778954736204,21.981828240884,15.996030839856202
NN,seed04,2,1.0,1.4,20.89585714361514,27.13908454076318,16.56761127473616,15.545482495722835
NN,seed04,25,1.2,1.6,24.95659463756515,27.525824586862626,19.11475683793465,17.129399753476495
NN,seed04,16,1.1,2.0,61.38960058864802,63.27412624141282,22.726212344024198,21.355472009306034
NN,seed04,19,1.1,2.3,96.78376589038817,96.14340349680118,7.355559882552597,4.640998651581153
NN,seed04,41,1.4,1.0,86.1572725747117,71.72746787462056,24.46021001385732,23.595169355595708
NN,seed04,5,1.0,2.0,106.02724465602475,99.71664091814779,5.360247481788985,5.841302249998746
NN,seed04,24,1.2,1.5,63.332813736939954,65.39682458168178,1.82898508052785,4.677493920811989
NN,seed04,81,1.7,2.2,14.488534728757534,19.166479089131784,14.601191023961066,17.2538150973971
NN,seed04,20,1.1,2.4,93.87229119248633,94.3977718880591,4.1169070132174665,4.394969777914842
NN,seed04,64,1.6,1.3,58.043875247217635,59.080092072791196,14.45764646727391,16.313985654110432
NN,seed04,78,1.7,1.6,15.7585522977264,15.24366786394878,16.120802777688827,16.424200513068914
NN,seed04,34,1.3,1.5,20.51884998427476,23.69155871385927,18.09916668244404,18.24178480241617
NN,seed04,85,1.8,1.3,74.59685990483652,71.63743534161438,20.950188488929776,19.90004622415149
NN,seed04,76,1.7,1.4,67.1327722479398,64.40718541202662,10.775944631568295,14.423949273748667
NN,seed04,114,2.0,1.9,16.65076077812998,15.40527263403181,14.91835246331919,16.209643623393895
NN,seed04,10,1.0,2.5,92.99204719253044,94.82528990128603,5.218291403010326,4.328406482203873
NN,seed04,12,1.1,1.4,61.933831883918,64.68269893854178,2.7615194056182433,6.46815059488549
NN,seed04,91,1.8,2.2,48.83200749593603,48.91283926920727,1.8618713309090102,3.155122011771244
NN,seed04,26,1.2,2.0,14.711327801764734,19.498830807860948,14.213846936187466,13.597466711961665
NN,seed04,96,1.9,1.3,66.38616410370926,69.31822829643968,16.596393354324523,14.713036403251474
NN,seed04,100,1.9,1.7,26.590473482268628,27.00910892004441,17.3409152302523,15.542405380808376
NN,seed04,61,1.6,1.0,78.60220609535597,75.35752854998088,17.989211690166634,21.324304305079515
NN,seed04,68,1.6,1.9,37.61040536196327,34.576718185050666,22.542665474583867,17.30930382983972
GPR,seed04,13,1.1,1.5,20.16537021859946,37.77061126644884,21.981828240884,14.733233804297443
GPR,seed04,2,1.0,1.4,20.89585714361514,48.482069634724525,16.56761127473616,15.67756934643393
GPR,seed04,25,1.2,1.6,24.95659463756515,40.50259191825735,19.11475683793465,13.41743886057271
GPR,seed04,16,1.1,2.0,61.38960058864802,59.37529304684942,22.726212344024198,12.99047743637309
GPR,seed04,19,1.1,2.3,96.78376589038817,101.04031358373851,7.355559882552597,5.902872694497658
GPR,seed04,41,1.4,1.0,86.1572725747117,57.90441537127912,24.46021001385732,21.253581372874834
GPR,seed04,5,1.0,2.0,106.02724465602475,78.61869180266638,5.360247481788985,12.328954308258309
GPR,seed04,24,1.2,1.5,63.332813736939954,36.59913388946713,1.82898508052785,14.32162037495741
GPR,seed04,81,1.7,2.2,14.488534728757534,25.142005712340456,14.601191023961066,14.42820399953782
GPR,seed04,20,1.1,2.4,93.87229119248633,97.46638925026161,4.1169070132174665,5.000978117874194
GPR,seed04,64,1.6,1.3,58.043875247217635,43.26559666331871,14.45764646727391,18.508811789573013
GPR,seed04,78,1.7,1.6,15.7585522977264,15.29010198487422,16.120802777688827,15.31222257145445
GPR,seed04,34,1.3,1.5,20.51884998427476,34.859125644683616,18.09916668244404,14.030390537245356
GPR,seed04,85,1.8,1.3,74.59685990483652,71.59529308006317,20.950188488929776,16.616972175978955
GPR,seed04,76,1.7,1.4,67.1327722479398,43.86368696401199,10.775944631568295,17.074445656422792
GPR,seed04,114,2.0,1.9,16.65076077812998,27.76613509460306,14.91835246331919,15.959608579366048
GPR,seed04,10,1.0,2.5,92.99204719253044,86.77421100808519,5.218291403010326,5.851255898064451
GPR,seed04,12,1.1,1.4,61.933831883918,37.124573046634474,2.7615194056182433,15.982488618232335
GPR,seed04,91,1.8,2.2,48.83200749593603,24.785111861971462,1.8618713309090102,14.469757066638257
GPR,seed04,26,1.2,2.0,14.711327801764734,37.205366168410805,14.213846936187466,13.944593266117877
GPR,seed04,96,1.9,1.3,66.38616410370926,72.6982061114802,16.596393354324523,15.102150476649852
GPR,seed04,100,1.9,1.7,26.590473482268628,41.67766033097389,17.3409152302523,15.967600417766242
GPR,seed04,61,1.6,1.0,78.60220609535597,79.444150327475,17.989211690166634,19.36113834765914
GPR,seed04,68,1.6,1.9,37.61040536196327,32.586458089614354,22.542665474583867,14.063315755013386
k-NN,seed04,13,1.1,1.5,20.16537021859946,40.8323311376193,21.981828240884,13.245714284463048
k-NN,seed04,2,1.0,1.4,20.89585714361514,35.204300492879796,16.56761127473616,17.311632280387887
k-NN,seed04,25,1.2,1.6,24.95659463756515,33.07236478968117,19.11475683793465,13.401066466667006
k-NN,seed04,16,1.1,2.0,61.38960058864802,66.53433948746596,22.726212344024198,14.119712991665246
k-NN,seed04,19,1.1,2.3,96.78376589038817,95.30966113159988,7.355559882552597,4.611635321722371
k-NN,seed04,41,1.4,1.0,86.1572725747117,52.49265725543899,24.46021001385732,22.28129597739226
k-NN,seed04,5,1.0,2.0,106.02724465602475,61.8423856412598,5.360247481788985,12.559621903556533
k-NN,seed04,24,1.2,1.5,63.332813736939954,34.33141928628854,1.82898508052785,15.067117999953505
k-NN,seed04,81,1.7,2.2,14.488534728757534,26.2113786041627,14.601191023961066,15.551010255573447
k-NN,seed04,20,1.1,2.4,93.87229119248633,93.32263896106508,4.1169070132174665,4.536606964691723
k-NN,seed04,64,1.6,1.3,58.043875247217635,49.28555047219871,14.45764646727391,19.350370884846026
k-NN,seed04,78,1.7,1.6,15.7585522977264,28.40258709997523,16.120802777688827,14.631168769869985
k-NN,seed04,34,1.3,1.5,20.51884998427476,38.89616210466762,18.09916668244404,11.8807286731721
k-NN,seed04,85,1.8,1.3,74.59685990483652,69.50598608442468,20.950188488929776,17.03904478972821
k-NN,seed04,76,1.7,1.4,67.1327722479398,35.96405298462956,10.775944631568295,17.566005262742955
k-NN,seed04,114,2.0,1.9,16.65076077812998,52.91007806750981,14.91835246331919,16.277338901307807
k-NN,seed04,10,1.0,2.5,92.99204719253044,95.50204590788903,5.218291403010326,4.605626213979852
k-NN,seed04,12,1.1,1.4,61.933831883918,44.22136813540726,2.7615194056182433,14.89730299566368
k-NN,seed04,91,1.8,2.2,48.83200749593603,30.57923583922525,1.8618713309090102,12.496822336568135
k-NN,seed04,26,1.2,2.0,14.711327801764734,55.92463977009711,14.213846936187466,12.224262810982559
k-NN,seed04,96,1.9,1.3,66.38616410370926,70.2311549736811,16.596393354324523,15.545880910194175
k-NN,seed04,100,1.9,1.7,26.590473482268628,39.32933986913453,17.3409152302523,14.882705915653599
k-NN,seed04,61,1.6,1.0,78.60220609535597,75.75619276610945,17.989211690166634,20.937912265718627
k-NN,seed04,68,1.6,1.9,37.61040536196327,36.368073437978175,22.542665474583867,13.28648737585127
PRSM,seed04,13,1.1,1.5,20.16537021859946,38.22537160910891,21.981828240884,17.116624032898187
PRSM,seed04,2,1.0,1.4,20.89585714361514,38.467526430130256,16.56761127473616,17.91220382942816
PRSM,seed04,25,1.2,1.6,24.95659463756515,37.80247591497313,19.11475683793465,16.42361649474482
PRSM,seed04,16,1.1,2.0,61.38960058864802,62.63568653948749,22.726212344024198,10.778652295970266
PRSM,seed04,19,1.1,2.3,96.78376589038817,87.43827455027,7.355559882552597,6.406902082385888
PRSM,seed04,41,1.4,1.0,86.1572725747117,46.761862012824,24.46021001385732,20.400326195818554
PRSM,seed04,5,1.0,2.0,106.02724465602475,71.64721446797294,5.360247481788985,9.50934036042917
PRSM,seed04,24,1.2,1.5,63.332813736939954,35.68421441841118,1.82898508052785,17.439793117302067
PRSM,seed04,81,1.7,2.2,14.488534728757534,34.8180037999779,14.601191023961066,13.979451785974708
PRSM,seed04,20,1.1,2.4,93.87229119248633,97.3985370626234,4.1169070132174665,4.854824149286488
PRSM,seed04,64,1.6,1.3,58.043875247217635,43.54100061182178,14.45764646727391,17.73792663859979
PRSM,seed04,78,1.7,1.6,15.7585522977264,36.4667859012705,16.120802777688827,16.374508183604586
PRSM,seed04,34,1.3,1.5,20.51884998427476,34.25808639506181,18.09916668244404,17.599768665187398
PRSM,seed04,85,1.8,1.3,74.59685990483652,55.008280327609754,20.950188488929776,15.96277645400854
PRSM,seed04,76,1.7,1.4,67.1327722479398,43.78731263673828,10.775944631568295,16.793548868529463
PRSM,seed04,114,2.0,1.9,16.65076077812998,34.773066379083815,14.91835246331919,14.811864015481817
PRSM,seed04,10,1.0,2.5,92.99204719253044,122.57203566161459,5.218291403010326,1.2030710350750287
PRSM,seed04,12,1.1,1.4,61.933831883918,35.88240838617204,2.7615194056182433,18.241976587426866
PRSM,seed04,91,1.8,2.2,48.83200749593603,31.46954341475521,1.8618713309090102,14.419588691733393
PRSM,seed04,26,1.2,2.0,14.711327801764734,54.739187778350406,14.213846936187466,11.884770694992806
PRSM,seed04,96,1.9,1.3,66.38616410370926,62.414463936526275,16.596393354324523,14.830411056935088
PRSM,seed04,100,1.9,1.7,26.590473482268628,39.20486395288774,17.3409152302523,15.245048590475195
PRSM,seed04,61,1.6,1.0,78.60220609535597,60.19543494374579,17.989211690166634,18.338410979759125
PRSM,seed04,68,1.6,1.9,37.61040536196327,33.084029816223364,22.542665474583867,15.256781820568968
RF,seed04,13,1.1,1.5,20.16537021859946,34.55689575152559,21.981828240884,15.207431695342683
RF,seed04,2,1.0,1.4,20.89585714361514,42.17383044612474,16.56761127473616,15.831938096151898
RF,seed04,25,1.2,1.6,24.95659463756515,36.528344255724704,19.11475683793465,13.656226914993718
RF,seed04,16,1.1,2.0,61.38960058864802,44.94967201256657,22.726212344024198,14.153474282142106
RF,seed04,19,1.1,2.3,96.78376589038817,92.63251598079543,7.355559882552597,5.172262640481318
RF,seed04,41,1.4,1.0,86.1572725747117,41.007282408404,24.46021001385732,21.13798191236222
RF,seed04,5,1.0,2.0,106.02724465602475,57.17499379150739,5.360247481788985,14.747250608105626
RF,seed04,24,1.2,1.5,63.332813736939954,33.71830177736062,1.82898508052785,15.191556170722382
RF,seed04,81,1.7,2.2,14.488534728757534,29.23274977244056,14.601191023961066,14.740512727702678
RF,seed04,20,1.1,2.4,93.87229119248633,93.73767644283426,4.1169070132174665,4.73809305192499
RF,seed04,64,1.6,1.3,58.043875247217635,41.28881373771784,14.45764646727391,17.584075770497613
RF,seed04,78,1.7,1.6,15.7585522977264,37.819393360080994,16.120802777688827,15.545714474854798
RF,seed04,34,1.3,1.5,20.51884998427476,34.633722779511054,18.09916668244404,14.304284304695635
RF,seed04,85,1.8,1.3,74.59685990483652,61.49770550819135,20.950188488929776,14.656462679547205
RF,seed04,76,1.7,1.4,67.1327722479398,47.62928557521188,10.775944631568295,16.97231178126733
RF,seed04,114,2.0,1.9,16.65076077812998,41.030670492611364,14.91835246331919,16.355111977236763
RF,seed04,10,1.0,2.5,92.99204719253044,94.88690706775031,5.218291403010326,4.502328695440637
RF,seed04,12,1.1,1.4,61.933831883918,33.701908423006344,2.7615194056182433,16.28989945063322
RF,seed04,91,1.8,2.2,48.83200749593603,27.03757359653234,1.8618713309090102,15.497938977480711
RF,seed04,26,1.2,2.0,14.711327801764734,40.97598217689048,14.213846936187466,14.810517810972929
RF,seed04,96,1.9,1.3,66.38616410370926,64.91913797537006,16.596393354324523,13.990569400900744
RF,seed04,100,1.9,1.7,26.590473482268628,40.2912062347579,17.3409152302523,15.713572458961124
RF,seed04,61,1.6,1.0,78.60220609535597,63.921893246271836,17.989211690166634,21.559702176181414
RF,seed04,68,1.6,1.9,37.61040536196327,31.02772863963434,22.542665474583867,14.969543635121113
NN,seed05,70,1.6,2.1,16.3011911471622,15.582349850685112,15.553481880829267,13.943960530018034
NN,seed05,59,1.5,2.4,26.10144790045783,23.318715843436316,17.146073295989,20.266570269291442
NN,seed05,39,1.3,2.4,93.89981601357904,89.65610480108589,4.59171662750557,4.035763877763648
NN,seed05,10,1.0,2.5,92.99204719253044,92.96783002958198,5.218291403010326,4.601249666531707
NN,seed05,96,1.9,1.3,66.38616410370926,71.17898557969798,16.596393354324523,14.988218096889906
NN,seed05,23,1.2,1.4,23.16444205795815,25.088229046777688,17.8525156358467,18.95404628203713
NN,seed05,57,1.5,1.9,43.50616172761773,39.819146101660316,11.167872475426345,12.541819766947663
NN,seed05,42,1.4,1.1,47.40972483928133,47.78320989164816,20.937048290013298,24.433940533788828
NN,seed05,56,1.5,1.8,45.81819199191605,41.090007833114726,11.2627084006723,17.45501124869053
NN,seed05,115,2.0,2.3,16.65625431634737,16.613890241211223,15.639161704669801,16.6889777758298
NN,seed05,28,1.2,2.2,94.71421913113033,94.7953877484913,4.434601146470383,5.079878135851766
NN,seed05,35,1.3,1.6,63.5781120854075,59.959003218930505,1.977766810996525,1.8491035710088717
NN,seed05,17,1.1,2.1,99.8683907227732,100.73426131791079,6.0320034789695995,4.899714601686773
NN,seed05,91,1.8,2.2,48.83200749593603,51.50609223315238,1.8618713309090102,1.8855802301592046
NN,seed05,63,1.6,1.2,62.83244503940233,67.6253053605234,24.314295670270337,18.645117518825625
NN,seed05,6,1.0,2.1,102.31586665053233,102.32300722109471,5.1165813362992765,5.1072409661798694
NN,seed05,101,1.9,1.8,15.04936161152886,15.246228647017254,16.756088065827463,15.45023113238275
NN,seed05,85,1.8,1.3,74.59685990483652,73.2967179016714,20.950188488929776,20.033727798323348
NN,seed05,97,1.9,1.4,75.13777001557544,72.30260776192878,18.43361001536898,18.571202964480726
NN,seed05,87,1.8,1.5,75.22236512124877,71.29955777089853,11.421824151342928,9.624234352509935
NN,seed05,20,1.1,2.4,93.87229119248633,94.52248737324834,4.1169070132174665,4.84305274788834
NN,seed05,49,1.4,2.5,89.50992642268943,87.65386926991508,6.58320936583297,4.085950918747091
NN,seed05,43,1.4,1.2,20.481919337918775,23.157616546972175,19.09315793183945,16.75486017775752
NN,seed05,94,1.9,1.1,68.81050163065262,67.19754240964429,12.446708860384476,11.584721382706594
GPR,seed05,70,1.6,2.1,16.3011911471622,30.603215343019137,15.553481880829267,13.84539434862739
GPR,seed05,59,1.5,2.4,26.10144790045783,52.617880746340454,17.146073295989,12.087230448463638
GPR,seed05,39,1.3,2.4,93.89981601357904,87.60447086945479,4.59171662750557,10.821220012802575
GPR,seed05,10,1.0,2.5,92.99204719253044,85.79946039999899,5.218291403010326,11.012638156701588
GPR,seed05,96,1.9,1.3,66.38616410370926,72.18401977669764,16.596393354324523,14.480854290932852
GPR,seed05,23,1.2,1.4,23.16444205795815,40.56086691860825,17.8525156358467,13.169714750857358
GPR,seed05,57,1.5,1.9,43.50616172761773,29.693807121461187,11.167872475426345,16.357799957195844
GPR,seed05,42,1.4,1.1,47.40972483928133,53.80548456209803,20.937048290013298,16.957131089050723
GPR,seed05,56,1.5,1.8,45.81819199191605,30.235408068632804,11.2627084006723,15.50624381209455
GPR,seed05,115,2.0,2.3,16.65625431634737,39.16406587738862,15.639161704669801,12.742235927633859
GPR,seed05,28,1.2,2.2,94.71421913113033,67.80172479999413,4.434601146470383,13.554223181981568
GPR,seed05,35,1.3,1.6,63.5781120854075,32.42760422342843,1.977766810996525,15.549215495687104
GPR,seed05,17,1.1,2.1,99.8683907227732,75.38626881354567,6.0320034789695995,15.870686112306881
GPR,seed05,91,1.8,2.2,48.83200749593603,23.326147056016747,1.8618713309090102,15.475820741379755
GPR,seed05,63,1.6,1.2,62.83244503940233,65.42103032085622,24.314295670270337,16.55043007159155
GPR,seed05,6,1.0,2.1,102.31586665053233,98.27795659412241,5.1165813362992765,15.621233364655492
GPR,seed05,101,1.9,1.8,15.04936161152886,25.673687714934008,16.756088065827463,15.440734438580597
GPR,seed05,85,1.8,1.3,74.59685990483652,72.58182719628064,20.950188488929776,14.78063240865197
GPR,seed05,97,1.9,1.4,75.13777001557544,70.89590048980591,18.43361001536898,15.503451139008654
GPR,seed05,87,1.8,1.5,75.22236512124877,47.86228278553043,11.421824151342928,15.553891357210958
GPR,seed05,20,1.1,2.4,93.87229119248633,97.2402934734358,4.1169070132174665,10.635653267498089
GPR,seed05,49,1.4,2.5,89.50992642268943,82.91346876848502,6.58320936583297,10.563659973918373
GPR,seed05,43,1.4,1.2,20.481919337918775,38.30941302372645,19.09315793183945,16.66353168204819
GPR,seed05,94,1.9,1.1,68.81050163065262,68.55661052569255,12.446708860384476,14.77099201570059
k-NN,seed05,70,1.6,2.1,16.3011911471622,27.39744752735437,15.553481880829267,16.068157148482356
k-NN,seed05,59,1.5,2.4,26.10144790045783,50.88334650077294,17.146073295989,11.700901974856265
k-NN,seed05,39,1.3,2.4,93.89981601357904,79.64821524975028,4.59171662750557,8.580118672062127
k-NN,seed05,10,1.0,2.5,92.99204719253044,94.83635213104927,5.218291403010326,4.8363280607161006
k-NN,seed05,96,1.9,1.3,66.38616410370926,68.42735896219382,16.596393354324523,14.40416053197644
k-NN,seed05,23,1.2,1.4,23.16444205795815,35.801868653750844,17.8525156358467,14.807240886420983
k-NN,seed05,57,1.5,1.9,43.50616172761773,30.978169107277818,11.167872475426345,15.648488408262294
k-NN,seed05,42,1.4,1.1,47.40972483928133,55.081106165642,20.937048290013298,20.876790048538858
k-NN,seed05,56,1.5,1.8,45.81819199191605,29.558491875864128,11.2627084006723,15.035973903009806
k-NN,seed05,115,2.0,2.3,16.65625431634737,27.826986760155897,15.639161704669801,13.375572631370684
k-NN,seed05,28,1.2,2.2,94.71421913113033,72.15148467201688,4.434601146470383,11.313819929817422
k-NN,seed05,35,1.3,1.6,63.5781120854075,31.850691311661105,1.977766810996525,15.065824034511493
k-NN,seed05,17,1.1,2.1,99.8683907227732,72.69724416969538,6.0320034789695995,10.578204198413237
k-NN,seed05,91,1.8,2.2,48.83200749593603,30.927680584159553,1.8618713309090102,12.686684321256488
k-NN,seed05,63,1.6,1.2,62.83244503940233,59.80622227831359,24.314295670270337,19.00488347001493
k-NN,seed05,6,1.0,2.1,102.31586665053233,78.40018390165625,5.1165813362992765,11.454707056824827
k-NN,seed05,101,1.9,1.8,15.04936161152886,41.8015094008522,16.756088065827463,16.671850902190773
k-NN,seed05,85,1.8,1.3,74.59685990483652,65.48008723098737,20.950188488929776,16.7340697868914
k-NN,seed05,97,1.9,1.4,75.13777001557544,64.79666015814146,18.43361001536898,14.729459941341545
k-NN,seed05,87,1.8,1.5,75.22236512124877,43.5119178296726,11.421824151342928,16.059217742844627
k-NN,seed05,20,1.1,2.4,93.87229119248633,94.6802385976313,4.1169070132174665,4.965707373741086
k-NN,seed05,49,1.4,2.5,89.50992642268943,71.19673760820699,6.58320936583297,9.686489952977698
k-NN,seed05,43,1.4,1.2,20.481919337918775,52.49938979559702,19.09315793183945,20.151799723308457
k-NN,seed05,94,1.9,1.1,68.81050163065262,69.21030458782701,12.446708860384476,12.955094835689708
PRSM,seed05,70,1.6,2.1,16.3011911471622,33.27306363691615,15.553481880829267,14.834552130458524
PRSM,seed05,59,1.5,2.4,26.10144790045783,54.61743212624313,17.146073295989,11.555114698368289
PRSM,seed05,39,1.3,2.4,93.89981601357904,72.00478024244168,4.59171662750557,9.191110773532449
PRSM,seed05,10,1.0,2.5,92.99204719253044,119.26088052965945,5.218291403010326,2.2393579815945426
PRSM,seed05,96,1.9,1.3,66.38616410370926,61.302280025795255,16.596393354324523,14.882703209219011
PRSM,seed05,23,1.2,1.4,23.16444205795815,34.39031919364768,17.8525156358467,18.198805105243668
PRSM,seed05,57,1.5,1.9,43.50616172761773,31.40430540672904,11.167872475426345,15.861587205385794
PRSM,seed05,42,1.4,1.1,47.40972483928133,47.143225314470385,20.937048290013298,19.31893622609211
PRSM,seed05,56,1.5,1.8,45.81819199191605,30.071488438447542,11.2627084006723,16.49038173778499
PRSM,seed05,115,2.0,2.3,16.65625431634737,28.677864167943426,15.639161704669801,13.942055033510195
PRSM,seed05,28,1.2,2.2,94.71421913113033,63.94931027481297,4.434601146470383,10.399758604475839
PRSM,seed05,35,1.3,1.6,63.5781120854075,32.56332221432106,1.977766810996525,17.203927042241013
PRSM,seed05,17,1.1,2.1,99.8683907227732,64.9618062466868,6.0320034789695995,10.291870812670323
PRSM,seed05,91,1.8,2.2,48.83200749593603,30.135225830625572,1.8618713309090102,14.6159783648134
PRSM,seed05,63,1.6,1.2,62.83244503940233,49.877636114513685,24.314295670270337,17.944194282932983
PRSM,seed05,6,1.0,2.1,102.31586665053233,74.64615142857635,5.1165813362992765,8.715111092089364
PRSM,seed05,101,1.9,1.8,15.04936161152886,31.992712014866996,16.756088065827463,15.466805559116754
PRSM,seed05,85,1.8,1.3,74.59685990483652,54.29252305816541,20.950188488929776,16.114102774115782
PRSM,seed05,97,1.9,1.4,75.13777001557544,53.23382750652873,18.43361001536898,15.154523658534762
PRSM,seed05,87,1.8,1.5,75.22236512124877,41.20134857559571,11.421824151342928,16.32368616639196
PRSM,seed05,20,1.1,2.4,93.87229119248633,93.85425723855408,4.1169070132174665,5.936142239332192
PRSM,seed05,49,1.4,2.5,89.50992642268943,71.67700434258879,6.58320936583297,9.262410083369506
PRSM,seed05,43,1.4,1.2,20.481919337918775,41.72438662168028,19.09315793183945,19.10436286302601
PRSM,seed05,94,1.9,1.1,68.81050163065262,80.74899343994961,12.446708860384476,14.106562341583206
RF,seed05,70,1.6,2.1,16.3011911471622,31.323061404727543,15.553481880829267,15.424223785972643
RF,seed05,59,1.5,2.4,26.10144790045783,66.3233463473714,17.146073295989,9.325790635768545
RF,seed05,39,1.3,2.4,93.89981601357904,86.26548453948982,4.59171662750557,5.654786278808411
RF,seed05,10,1.0,2.5,92.99204719253044,94.79101670940437,5.218291403010326,4.65962117556054
RF,seed05,96,1.9,1.3,66.38616410370926,61.433614850966194,16.596393354324523,14.17508861221848
RF,seed05,23,1.2,1.4,23.16444205795815,36.9563675369604,17.8525156358467,14.697723535786018
RF,seed05,57,1.5,1.9,43.50616172761773,30.021231892569368,11.167872475426345,16.267420442023543
RF,seed05,42,1.4,1.1,47.40972483928133,67.82955991790257,20.937048290013298,21.18170990447894
RF,seed05,56,1.5,1.8,45.81819199191605,29.104352978112647,11.2627084006723,16.010781137543063
RF,seed05,115,2.0,2.3,16.65625431634737,40.03597821347621,15.639161704669801,8.599220051069953
RF,seed05,28,1.2,2.2,94.71421913113033,57.99795145394987,4.434601146470383,12.104824381781285
RF,seed05,35,1.3,1.6,63.5781120854075,31.2457918145131,1.977766810996525,15.843741996700249
RF,seed05,17,1.1,2.1,99.8683907227732,49.628186114235284,6.0320034789695995,14.770562962850466
RF,seed05,91,1.8,2.2,48.83200749593603,28.166640742607566,1.8618713309090102,16.000862446813436
RF,seed05,63,1.6,1.2,62.83244503940233,69.52806895530104,24.314295670270337,19.47603857011667
RF,seed05,6,1.0,2.1,102.31586665053233,74.58461815825366,5.1165813362992765,11.118258405522631
RF,seed05,101,1.9,1.8,15.04936161152886,37.81487968889344,16.756088065827463,16.261991448236945
RF,seed05,85,1.8,1.3,74.59685990483652,54.53566104192566,20.950188488929776,15.106626676501534
RF,seed05,97,1.9,1.4,75.13777001557544,56.08399650587482,18.43361001536898,15.495584028870994
RF,seed05,87,1.8,1.5,75.22236512124877,37.07997930772471,11.421824151342928,15.960713814781258
RF,seed05,20,1.1,2.4,93.87229119248633,94.08411304069921,4.1169070132174665,5.055819916448556
RF,seed05,49,1.4,2.5,89.50992642268943,71.47753378520056,6.58320936583297,8.672774211070138
RF,seed05,43,1.4,1.2,20.481919337918775,66.68202512554137,19.09315793183945,20.969854983247238
RF,seed05,94,1.9,1.1,68.81050163065262,68.37217248794562,12.446708860384476,12.540295980516543
NN,seed06,72,1.7,1.0,71.7661995486084,69.41850906276463,14.581765487729701,15.095032179571549
NN,seed06,16,1.1,2.0,61.38960058864802,71.85973427229239,22.726212344024198,21.760569899554874
NN,seed06,0,1.0,1.2,42.81570519421375,42.914601124665914,22.26287186684205,16.76093233307973
NN,seed06,104,1.9,2.4,21.4725090184733,21.008524051880222,20.378480371159398,19.05248755760064
NN,seed06,20,1.1,2.4,93.87229119248633,93.95896582082617,4.1169070132174665,4.827909761297208
NN,seed06,34,1.3,1.5,20.51884998427476,19.742775921127652,18.09916668244404,17.729689708888685
NN,seed06,98,1.9,1.5,68.53814320899697,73.09459044110338,19.49220034806418,21.918623961795035
NN,seed06,23,1.2,1.4,23.16444205795815,23.01880068650642,17.8525156358467,19.04576152790314
NN,seed06,61,1.6,1.0,78.60220609535597,71.651975423511,17.989211690166634,19.27772595187657
NN,seed06,39,1.3,2.4,93.89981601357904,92.77486121182815,4.59171662750557,5.570333124789039
NN,seed06,55,1.5,1.7,20.299274061488774,18.78767929292451,18.06789415848285,17.527203205486806
NN,seed06,53,1.5,1.3,20.781487856364,18.979579328127663,13.267190582608643,17.538244748562438
NN,seed06,58,1.5,2.0,15.99250790650005,19.044709545584894,14.311787412395875,15.334589573322253
NN,seed06,46,1.4,1.8,35.62523389249657,39.167835587754894,17.987320114985366,15.126217940774506
NN,seed06,64,1.6,1.3,58.043875247217635,58.7331073045896,14.45764646727391,14.184398114202397
NN,seed06,32,1.3,1.0,37.440819767292076,36.3465946067223,25.156835357817474,16.071050863799346
NN,seed06,78,1.7,1.6,15.7585522977264,18.657106716282478,16.120802777688827,17.54235703614951
NN,seed06,47,1.4,2.3,27.735522821141263,24.27776560831897,22.732576075377967,18.805412767440046
NN,seed06,54,1.5,1.4,17.02894957415735,18.64710139918688,16.996076659902027,17.5367810529806
NN,seed06,44,1.4,1.6,18.632969188112835,18.997431821127144,15.479088510995524,17.5485767634427
NN,seed06,93,1.9,1.0,68.1554204717836,67.49396483870603,9.81690258819314,11.491233534030743
NN,seed06,27,1.2,2.1,41.95254310380097,57.296887836049784,21.849868675161133,24.480594008271915
NN,seed06,38,1.3,2.3,88.71483507879226,92.77515657174243,4.810595951836794,5.791336277916447
NN,seed06,30,1.2,2.4,93.48940821225624,93.48638995800843,3.98125478783674,5.051694640859443
GPR,seed06,72,1.7,1.0,71.7661995486084,75.67737402287032,14.581765487729701,18.224553651766655
GPR,seed06,16,1.1,2.0,61.38960058864802,62.93934524742082,22.726212344024198,11.264247907886944
GPR,seed06,0,1.0,1.2,42.81570519421375,51.09747606544938,22.26287186684205,14.459459684870044
GPR,seed06,104,1.9,2.4,21.4725090184733,36.97301507304398,20.378480371159398,11.817084710961213
GPR,seed06,20,1.1,2.4,93.87229119248633,98.2712885497199,4.1169070132174665,5.367423604393942
GPR,seed06,34,1.3,1.5,20.51884998427476,58.64640978873138,18.09916668244404,12.034213174231144
GPR,seed06,98,1.9,1.5,68.53814320899697,72.55569431296779,19.49220034806418,15.785436097062746
GPR,seed06,23,1.2,1.4,23.16444205795815,50.628908057697494,17.8525156358467,13.097323787685408
GPR,seed06,61,1.6,1.0,78.60220609535597,83.44909316841138,17.989211690166634,20.57666201431532
GPR,seed06,39,1.3,2.4,93.89981601357904,88.72890843483793,4.59171662750557,8.095989171107277
GPR,seed06,55,1.5,1.7,20.299274061488774,38.61270724406393,18.06789415848285,12.68422790330523
GPR,seed06,53,1.5,1.3,20.781487856364,33.16164248755186,13.267190582608643,18.00240952084612
GPR,seed06,58,1.5,2.0,15.99250790650005,32.94217279516495,14.311787412395875,13.798826142056562
GPR,seed06,46,1.4,1.8,35.62523389249657,42.02682041824676,17.987320114985366,12.389382300764618
GPR,seed06,64,1.6,1.3,58.043875247217635,46.72510580751121,14.45764646727391,18.52064454663083
GPR,seed06,32,1.3,1.0,37.440819767292076,42.64095131265809,25.156835357817474,19.566880765415814
GPR,seed06,78,1.7,1.6,15.7585522977264,12.046598986273786,16.120802777688827,15.373139075831622
GPR,seed06,47,1.4,2.3,27.735522821141263,49.650565646313815,22.732576075377967,11.117590504959928
GPR,seed06,54,1.5,1.4,17.02894957415735,25.91201509580568,16.996076659902027,15.82766337068069
GPR,seed06,44,1.4,1.6,18.632969188112835,53.72932860274215,15.479088510995524,11.812285978376266
GPR,seed06,93,1.9,1.0,68.1554204717836,65.50487634286571,9.81690258819314,13.025022304344873
GPR,seed06,27,1.2,2.1,41.95254310380097,52.84918153888759,21.849868675161133,10.491484788393121
GPR,seed06,38,1.3,2.3,88.71483507879226,71.975627769711,4.810595951836794,9.245123725223205
GPR,seed06,30,1.2,2.4,93.48940821225624,96.05493255770628,3.98125478783674,6.32172338037205
k-NN,seed06,72,1.7,1.0,71.7661995486084,73.37739698895894,14.581765487729701,18.81254302982559
k-NN,seed06,16,1.1,2.0,61.38960058864802,64.66395434889112,22.726212344024198,10.662475429697153
k-NN,seed06,0,1.0,1.2,42.81570519421375,34.61537579059679,22.26287186684205,15.20897817382612
k-NN,seed06,104,1.9,2.4,21.4725090184733,30.56348596172391,20.378480371159398,11.595992651480707
k-NN,seed06,20,1.1,2.4,93.87229119248633,95.23044090089255,4.1169070132174665,5.051811554721805
k-NN,seed06,34,1.3,1.5,20.51884998427476,39.62707289620049,18.09916668244404,13.082162030586826
k-NN,seed06,98,1.9,1.5,68.53814320899697,61.17779984213749,19.49220034806418,16.183268201691714
k-NN,seed06,23,1.2,1.4,23.16444205795815,40.107794863864115,17.8525156358467,13.195100899276232
k-NN,seed06,61,1.6,1.0,78.60220609535597,73.41016790800771,17.989211690166634,20.499573298456358
k-NN,seed06,39,1.3,2.4,93.89981601357904,78.2376869866215,4.59171662750557,8.360667266813648
k-NN,seed06,55,1.5,1.7,20.299274061488774,37.74656720078158,18.06789415848285,12.851461632731578
k-NN,seed06,53,1.5,1.3,20.781487856364,49.49125657790428,13.267190582608643,19.080391808569484
k-NN,seed06,58,1.5,2.0,15.99250790650005,37.08183177746008,14.311787412395875,13.876195728044243
k-NN,seed06,46,1.4,1.8,35.62523389249657,38.26778833796243,17.987320114985366,12.866567144528974
k-NN,seed06,64,1.6,1.3,58.043875247217635,53.06286607740885,14.45764646727391,18.797894883471066
k-NN,seed06,32,1.3,1.0,37.440819767292076,51.40439848029189,25.156835357817474,21.472005505391998
k-NN,seed06,78,1.7,1.6,15.7585522977264,38.93282940133533,16.120802777688827,14.971964416006497
k-NN,seed06,47,1.4,2.3,27.735522821141263,70.1894295122989,22.732576075377967,9.180459466641315
k-NN,seed06,54,1.5,1.4,17.02894957415735,46.3987081744081,16.996076659902027,18.64808565286946
k-NN,seed06,44,1.4,1.6,18.632969188112835,38.345943346058846,15.479088510995524,11.909941093381399
k-NN,seed06,93,1.9,1.0,68.1554204717836,69.22300941896543,9.81690258819314,13.724947939712962
k-NN,seed06,27,1.2,2.1,41.95254310380097,75.55659509304317,21.849868675161133,9.067953987967588
k-NN,seed06,38,1.3,2.3,88.71483507879226,80.10506240084504,4.810595951836794,8.413155422289947
k-NN,seed06,30,1.2,2.4,93.48940821225624,87.19841066205319,3.98125478783674,6.937156959320556
PRSM,seed06,72,1.7,1.0,71.7661995486084,74.05481480606832,14.581765487729701,18.10495744854632
PRSM,seed06,16,1.1,2.0,61.38960058864802,62.35080951220727,22.726212344024198,9.869762727964707
PRSM,seed06,0,1.0,1.2,42.81570519421375,37.25082463564178,22.26287186684205,17.50615819845565
PRSM,seed06,104,1.9,2.4,21.4725090184733,29.60835436636615,20.378480371159398,12.674975663246594
PRSM,seed06,20,1.1,2.4,93.87229119248633,94.40998935756087,4.1169070132174665,5.290564038592368
PRSM,seed06,34,1.3,1.5,20.51884998427476,39.26011873762314,18.09916668244404,16.393815734681986
PRSM,seed06,98,1.9,1.5,68.53814320899697,49.97037629631323,19.49220034806418,15.12797577247645
PRSM,seed06,23,1.2,1.4,23.16444205795815,39.12412993250803,17.8525156358467,16.78333790233165
PRSM,seed06,61,1.6,1.0,78.60220609535597,66.8155313304014,17.989211690166634,18.934498837314106
PRSM,seed06,39,1.3,2.4,93.89981601357904,74.1527219045075,4.59171662750557,8.372803084496567
PRSM,seed06,55,1.5,1.7,20.299274061488774,37.930768661217314,18.06789415848285,15.558547360207333
PRSM,seed06,53,1.5,1.3,20.781487856364,45.66668991184734,13.267190582608643,17.957606948125566
PRSM,seed06,58,1.5,2.0,15.99250790650005,40.912587845701836,14.311787412395875,13.560368566329544
PRSM,seed06,46,1.4,1.8,35.62523389249657,40.38703295042142,17.987320114985366,14.504034367431137
PRSM,seed06,64,1.6,1.3,58.043875247217635,49.160128875703414,14.45764646727391,17.643422279367638
PRSM,seed06,32,1.3,1.0,37.440819767292076,49.1545396086553,25.156835357817474,20.18698686387683
PRSM,seed06,78,1.7,1.6,15.7585522977264,40.133544355955856,16.120802777688827,15.971000304526026
PRSM,seed06,47,1.4,2.3,27.735522821141263,58.83838641258778,22.732576075377967,10.46876622950909
PRSM,seed06,54,1.5,1.4,17.02894957415735,42.477886724553116,16.996076659902027,17.386254065851595
PRSM,seed06,44,1.4,1.6,18.632969188112835,38.8623316471929,15.479088510995524,15.985552220640546
PRSM,seed06,93,1.9,1.0,68.1554204717836,90.56181111002954,9.81690258819314,15.827806601140425
PRSM,seed06,27,1.2,2.1,41.95254310380097,61.713777707879466,21.849868675161133,10.088171908204606
PRSM,seed06,38,1.3,2.3,88.71483507879226,66.92957166471132,4.810595951836794,9.339792084843182
PRSM,seed06,30,1.2,2.4,93.48940821225624,83.94328407226298,3.98125478783674,6.934694906522852
RF,seed06,72,1.7,1.0,71.7661995486084,67.98748015656636,14.581765487729701,18.44636034100276
RF,seed06,16,1.1,2.0,61.38960058864802,58.26181973757721,22.726212344024198,11.175974070203544
RF,seed06,0,1.0,1.2,42.81570519421375,42.29496351791518,22.26287186684205,15.300393611899183
RF,seed06,104,1.9,2.4,21.4725090184733,37.27998384557125,20.378480371159398,11.055433922651867
RF,seed06,20,1.1,2.4,93.87229119248633,89.01348827449976,4.1169070132174665,6.211113888916696
RF,seed06,34,1.3,1.5,20.51884998427476,44.18500930417372,18.09916668244404,12.453749662043505
RF,seed06,98,1.9,1.5,68.53814320899697,53.355273244389274,19.49220034806418,14.648844994630538
RF,seed06,23,1.2,1.4,23.16444205795815,44.33868093784009,17.8525156358467,12.73999354368695
RF,seed06,61,1.6,1.0,78.60220609535597,65.49017503924577,17.989211690166634,20.787749402377912
RF,seed06,39,1.3,2.4,93.89981601357904,76.11164222384456,4.59171662750557,7.898759840373183
RF,seed06,55,1.5,1.7,20.299274061488774,41.62886216829432,18.06789415848285,14.307883650709572
RF,seed06,53,1.5,1.3,20.781487856364,58.3917959079293,13.267190582608643,18.822164083074533
RF,seed06,58,1.5,2.0,15.99250790650005,40.78861797785406,14.311787412395875,13.465879997135236
RF,seed06,46,1.4,1.8,35.62523389249657,44.73464522620916,17.987320114985366,13.494216211588327
RF,seed06,64,1.6,1.3,58.043875247217635,55.86638465220933,14.45764646727391,18.63257539693726
RF,seed06,32,1.3,1.0,37.440819767292076,47.4371407451412,25.156835357817474,17.91078688852757
RF,seed06,78,1.7,1.6,15.7585522977264,43.51830352892992,16.120802777688827,15.110417263312794
RF,seed06,47,1.4,2.3,27.735522821141263,68.99257712219024,22.732576075377967,9.405006337771518
RF,seed06,54,1.5,1.4,17.02894957415735,52.184584412171816,16.996076659902027,17.16953212154318
RF,seed06,44,1.4,1.6,18.632969188112835,47.39789013532243,15.479088510995524,13.816322312638523
RF,seed06,93,1.9,1.0,68.1554204717836,67.08775748992255,9.81690258819314,15.25849802491379
RF,seed06,27,1.2,2.1,41.95254310380097,70.86670251330563,21.849868675161133,8.962948448377286
RF,seed06,38,1.3,2.3,88.71483507879226,70.45340640493856,4.810595951836794,9.194150465474646
RF,seed06,30,1.2,2.4,93.48940821225624,84.11242882318147,3.98125478783674,6.463836276726455
NN,seed07,79,1.7,2.0,29.124210888826802,27.03149881617184,19.710073901690876,21.479136051702884
NN,seed07,105,2.0,1.0,64.4252724511907,69.6358904103693,11.742895108603914,11.345606919803389
NN,seed07,71,1.6,2.5,26.760099448330866,24.017807578647407,17.253243737433966,14.037008636305265
NN,seed07,22,1.2,1.0,22.28778242646885,17.593736199187965,20.714414689313326,17.854649060451024
NN,seed07,26,1.2,2.0,14.711327801764734,22.75203202260621,14.213846936187466,13.175675204053352
NN,seed07,40,1.3,2.5,90.27597041297177,92.03342557314838,3.51680282158692,4.944332717345574
NN,seed07,5,1.0,2.0,106.02724465602475,100.28458412940111,5.360247481788985,8.717059939635007
NN,seed07,43,1.4,1.2,20.481919337918775,19.27559412204416,19.09315793183945,16.975708248944436
NN,seed07,13,1.1,1.5,20.16537021859946,22.817457243959126,21.981828240884,18.045575387503767
NN,seed07,77,1.7,1.5,16.484240804319526,20.39579807149991,16.613986733013075,15.657542734054031
NN,seed07,62,1.6,1.1,71.4438364158991,79.84592887102951,20.77736434766016,23.609021982210766
NN,seed07,58,1.5,2.0,15.99250790650005,16.39183712632851,14.311787412395875,14.129350635186631
NN,seed07,93,1.9,1.0,68.1554204717836,70.00454878413247,9.81690258819314,11.563564279898706
NN,seed07,91,1.8,2.2,48.83200749593603,47.72784454321713,1.8618713309090102,2.49034203218058
NN,seed07,65,1.6,1.4,19.528272492831448,19.784962694786017,19.59261980698215,15.784225485925202
NN,seed07,102,1.9,2.2,17.088880431403968,19.443940330999297,18.899387459468134,18.17272194602956
NN,seed07,74,1.7,1.2,79.99719446748381,75.59561748109877,20.5842603804155,22.422309121190995
NN,seed07,117,2.0,2.5,26.151753430429398,22.15434950859229,19.496886376894068,19.639567672927853
NN,seed07,109,2.0,1.4,68.4593351558459,65.41418013883325,16.625114688629026,12.869248312967006
NN,seed07,115,2.0,2.3,16.65625431634737,18.132677519745577,15.639161704669801,17.177499286591274
NN,seed07,15,1.1,1.9,17.2175256875071,20.36207796588684,14.799912443472774,13.550634293497607
NN,seed07,54,1.5,1.4,17.02894957415735,17.42621815759172,16.996076659902027,15.722442309743688
NN,seed07,20,1.1,2.4,93.87229119248633,93.79692971188707,4.1169070132174665,4.799509883627962
NN,seed07,86,1.8,1.4,65.591960546395,69.64120502767247,19.04500294060005,18.61641336957996
GPR,seed07,79,1.7,2.0,29.124210888826802,32.4328098726983,19.710073901690876,14.200587197313922
GPR,seed07,105,2.0,1.0,64.4252724511907,61.6352826812038,11.742895108603914,12.787840284321307
GPR,seed07,71,1.6,2.5,26.760099448330866,48.91406874595417,17.253243737433966,10.627329665897637
GPR,seed07,22,1.2,1.0,22.28778242646885,36.42583436358984,20.714414689313326,20.56076992750076
GPR,seed07,26,1.2,2.0,14.711327801764734,47.698523048880176,14.213846936187466,15.356744702751884
GPR,seed07,40,1.3,2.5,90.27597041297177,94.55733138291296,3.51680282158692,6.976758212497233
GPR,seed07,5,1.0,2.0,106.02724465602475,79.57124945213432,5.360247481788985,14.007315540391234
GPR,seed07,43,1.4,1.2,20.481919337918775,35.31490972609972,19.09315793183945,19.093140241287028
GPR,seed07,13,1.1,1.5,20.16537021859946,41.71341810463346,21.981828240884,12.215401466302076
GPR,seed07,77,1.7,1.5,16.484240804319526,40.43808071605055,16.613986733013075,14.71737477889456
GPR,seed07,62,1.6,1.1,71.4438364158991,74.88847078848927,20.77736434766016,19.278344505039662
GPR,seed07,58,1.5,2.0,15.99250790650005,35.508205221104035,14.311787412395875,14.710660034535834
GPR,seed07,93,1.9,1.0,68.1554204717836,65.54973190076853,9.81690258819314,13.685402244282072
GPR,seed07,91,1.8,2.2,48.83200749593603,25.633544737154715,1.8618713309090102,12.931263601064432
GPR,seed07,65,1.6,1.4,19.528272492831448,38.07540981483481,19.59261980698215,15.083088641223808
GPR,seed07,102,1.9,2.2,17.088880431403968,33.65212270489094,18.899387459468134,12.307215761970639
GPR,seed07,74,1.7,1.2,79.99719446748381,71.72276999784837,20.5842603804155,17.404500089203697
GPR,seed07,117,2.0,2.5,26.151753430429398,43.26992562889331,19.496886376894068,10.953524730155115
GPR,seed07,109,2.0,1.4,68.4593351558459,71.62709549778583,16.625114688629026,15.159367740988484
GPR,seed07,115,2.0,2.3,16.65625431634737,43.86351912806991,15.639161704669801,10.927247244232507
GPR,seed07,15,1.1,1.9,17.2175256875071,47.033291757387516,14.799912443472774,15.925618621563729
GPR,seed07,54,1.5,1.4,17.02894957415735,23.147438113334125,16.996076659902027,14.82871486380346
GPR,seed07,20,1.1,2.4,93.87229119248633,97.11736793787216,4.1169070132174665,5.497446483719719
GPR,seed07,86,1.8,1.4,65.591960546395,71.06478715188281,19.04500294060005,15.523106733153305
k-NN,seed07,79,1.7,2.0,29.124210888826802,27.618121123336927,19.710073901690876,14.670472006163926
k-NN,seed07,105,2.0,1.0,64.4252724511907,69.08066852175904,11.742895108603914,13.633245849689166
k-NN,seed07,71,1.6,2.5,26.760099448330866,42.46739735258751,17.253243737433966,13.26378661083257
k-NN,seed07,22,1.2,1.0,22.28778242646885,49.67002298509921,20.714414689313326,18.94919644643516
k-NN,seed07,26,1.2,2.0,14.711327801764734,72.13561220651862,14.213846936187466,13.033118149012173
k-NN,seed07,40,1.3,2.5,90.27597041297177,83.66392448417147,3.51680282158692,6.850663423031113
k-NN,seed07,5,1.0,2.0,106.02724465602475,71.58976566183222,5.360247481788985,12.138708948389699
k-NN,seed07,43,1.4,1.2,20.481919337918775,54.676328184459734,19.09315793183945,20.899590018580604
k-NN,seed07,13,1.1,1.5,20.16537021859946,39.57996030744095,21.981828240884,12.460061070357618
k-NN,seed07,77,1.7,1.5,16.484240804319526,47.28872501071859,16.613986733013075,15.733212781381534
k-NN,seed07,62,1.6,1.1,71.4438364158991,64.73704090076068,20.77736434766016,19.402410694004054
k-NN,seed07,58,1.5,2.0,15.99250790650005,33.67411677458147,14.311787412395875,14.855117925558407
k-NN,seed07,93,1.9,1.0,68.1554204717836,69.9571021287072,9.81690258819314,14.00883497762554
k-NN,seed07,91,1.8,2.2,48.83200749593603,31.697531103049023,1.8618713309090102,12.6353529206819
k-NN,seed07,65,1.6,1.4,19.528272492831448,50.906906364404406,19.59261980698215,16.497638716763674
k-NN,seed07,102,1.9,2.2,17.088880431403968,28.599321705053118,18.899387459468134,12.992609721196004
k-NN,seed07,74,1.7,1.2,79.99719446748381,70.00230483661362,20.5842603804155,17.14085082944727
k-NN,seed07,117,2.0,2.5,26.151753430429398,28.72450465861645,19.496886376894068,12.872349102696184
k-NN,seed07,109,2.0,1.4,68.4593351558459,69.02188361347896,16.625114688629026,14.707995109528461
k-NN,seed07,115,2.0,2.3,16.65625431634737,28.599321705053118,15.639161704669801,12.992609721196004
k-NN,seed07,15,1.1,1.9,17.2175256875071,63.69821836736288,14.799912443472774,13.594158529264229
k-NN,seed07,54,1.5,1.4,17.02894957415735,45.38064190462954,16.996076659902027,17.167554742856073
k-NN,seed07,20,1.1,2.4,93.87229119248633,94.52480615669742,4.1169070132174665,4.966529678841431
k-NN,seed07,86,1.8,1.4,65.591960546395,65.3941540760564,19.04500294060005,16.086564448807383
PRSM,seed07,79,1.7,2.0,29.124210888826802,32.843180039084984,19.710073901690876,14.202694225882011
PRSM,seed07,105,2.0,1.0,64.4252724511907,105.61897089169511,11.742895108603914,13.610700132512406
PRSM,seed07,71,1.6,2.5,26.760099448330866,56.69565428794337,17.253243737433966,10.191290025229437
PRSM,seed07,22,1.2,1.0,22.28778242646885,49.034707051096966,20.714414689313326,19.70859612051536
PRSM,seed07,26,1.2,2.0,14.711327801764734,54.61836351326964,14.213846936187466,11.896680745774102
PRSM,seed07,40,1.3,2.5,90.27597041297177,84.81743479220277,3.51680282158692,7.417118823746086
PRSM,seed07,5,1.0,2.0,106.02724465602475,69.81645407998018,5.360247481788985,9.591086465486384
PRSM,seed07,43,1.4,1.2,20.481919337918775,46.47912494187593,19.09315793183945,18.582098310438404
PRSM,seed07,13,1.1,1.5,20.16537021859946,41.06496426858294,21.981828240884,15.84333646834289
PRSM,seed07,77,1.7,1.5,16.484240804319526,42.26750614890001,16.613986733013075,16.422221655454262
PRSM,seed07,62,1.6,1.1,71.4438364158991,61.81902904279946,20.77736434766016,18.057283695379382
PRSM,seed07,58,1.5,2.0,15.99250790650005,38.77267463860027,14.311787412395875,13.87308407165794
PRSM,seed07,93,1.9,1.0,68.1554204717836,95.30192932310199,9.81690258819314,15.064531575135051
PRSM,seed07,91,1.8,2.2,48.83200749593603,32.70328159537476,1.8618713309090102,13.015241165887803
PRSM,seed07,65,1.6,1.4,19.528272492831448,43.72181183044458,19.59261980698215,17.204864532431472
PRSM,seed07,102,1.9,2.2,17.088880431403968,30.04812723144945,18.899387459468134,12.871458626606408
PRSM,seed07,74,1.7,1.2,79.99719446748381,60.28526631912151,20.5842603804155,17.148010179214285
PRSM,seed07,117,2.0,2.5,26.151753430429398,32.17598130300419,19.496886376894068,11.123807184051469
PRSM,seed07,109,2.0,1.4,68.4593351558459,63.368372076768004,16.625114688629026,14.058396558558924
PRSM,seed07,115,2.0,2.3,16.65625431634737,28.574951701802803,15.639161704669801,12.111814838994865
PRSM,seed07,15,1.1,1.9,17.2175256875071,55.55564863493995,14.799912443472774,11.943801532212541
PRSM,seed07,54,1.5,1.4,17.02894957415735,41.12732076066253,16.996076659902027,17.497485494383696
PRSM,seed07,20,1.1,2.4,93.87229119248633,96.84993753850961,4.1169070132174665,5.933267985830862
PRSM,seed07,86,1.8,1.4,65.591960546395,51.69137276016724,19.04500294060005,16.026827370707927
RF,seed07,79,1.7,2.0,29.124210888826802,34.46491151283471,19.710073901690876,14.952552542075662
RF,seed07,105,2.0,1.0,64.4252724511907,68.73805780776746,11.742895108603914,13.423711308634354
RF,seed07,71,1.6,2.5,26.760099448330866,61.50046037639371,17.253243737433966,9.289453258377986
RF,seed07,22,1.2,1.0,22.28778242646885,47.261511765837945,20.714414689313326,20.806531352531614
RF,seed07,26,1.2,2.0,14.711327801764734,49.8551347111302,14.213846936187466,15.977712635666178
RF,seed07,40,1.3,2.5,90.27597041297177,88.64484184589259,3.51680282158692,5.647015702579688
RF,seed07,5,1.0,2.0,106.02724465602475,66.165497455593,5.360247481788985,14.675307260373582
RF,seed07,43,1.4,1.2,20.481919337918775,57.41585832810721,19.09315793183945,20.823366933302893
RF,seed07,13,1.1,1.5,20.16537021859946,42.80652691874305,21.981828240884,12.108740540481028
RF,seed07,77,1.7,1.5,16.484240804319526,50.447822245632395,16.613986733013075,14.832440733122668
RF,seed07,62,1.6,1.1,71.4438364158991,64.73962623382107,20.77736434766016,19.541818034414984
RF,seed07,58,1.5,2.0,15.99250790650005,36.6140226593994,14.311787412395875,15.293258295397228
RF,seed07,93,1.9,1.0,68.1554204717836,69.84888860055277,9.81690258819314,14.167775806535037
RF,seed07,91,1.8,2.2,48.83200749593603,27.7283925716004,1.8618713309090102,15.505450975830994
RF,seed07,65,1.6,1.4,19.528272492831448,48.348092868327505,19.59261980698215,15.145133894318008
RF,seed07,102,1.9,2.2,17.088880431403968,34.85341280126556,18.899387459468134,12.669006420588637
RF,seed07,74,1.7,1.2,79.99719446748381,68.10203526871676,20.5842603804155,17.080219013256915
RF,seed07,117,2.0,2.5,26.151753430429398,54.62551406599871,19.496886376894068,6.919372225141607
RF,seed07,109,2.0,1.4,68.4593351558459,64.30845781479141,16.625114688629026,14.805815487537332
RF,seed07,115,2.0,2.3,16.65625431634737,40.7878954975436,15.639161704669801,8.498053555491278
RF,seed07,15,1.1,1.9,17.2175256875071,48.170853921001886,14.799912443472774,16.343620015551107
RF,seed07,54,1.5,1.4,17.02894957415735,45.277446577893,16.996076659902027,15.197735478809093
RF,seed07,20,1.1,2.4,93.87229119248633,94.3029997116878,4.1169070132174665,5.032720903321739
RF,seed07,86,1.8,1.4,65.591960546395,58.124177422501646,19.04500294060005,14.8158544674066
NN,seed08,99,1.9,1.6,76.35579220454977,67.32641611991394,10.67473266747813,13.657585929869997
NN,seed08,29,1.2,2.3,94.19984376701287,94.17129275478536,4.6685111413823535,5.486352955814505
NN,seed08,17,1.1,2.1,99.8683907227732,101.22461899854682,6.0320034789695995,4.868047415274857
NN,seed08,57,1.5,1.9,43.50616172761773,39.873604395798345,11.167872475426345,13.200876853979125
NN,seed08,86,1.8,1.4,65.591960546395,75.358553411932,19.04500294060005,20.005912901678307
NN,seed08,101,1.9,1.8,15.04936161152886,18.01981657123973,16.756088065827463,16.10337699250873
NN,seed08,70,1.6,2.1,16.3011911471622,16.19187844951506,15.553481880829267,14.897475811766771
NN,seed08,107,2.0,1.2,67.92914865962737,67.40303459313262,10.209380580032068,11.635401024023217
NN,seed08,30,1.2,2.4,93.48940821225624,93.5145246876231,3.98125478783674,5.324729107607109
NN,seed08,1,1.0,1.3,59.38278865114611,59.24769872797518,10.058174687361719,5.918655674431362
NN,seed08,75,1.7,1.3,63.28835250491195,76.41939602699355,18.9934879839535,21.39718251856837
NN,seed08,40,1.3,2.5,90.27597041297177,91.44473641823213,3.51680282158692,5.605445573559418
NN,seed08,0,1.0,1.2,42.81570519421375,30.042558629659876,22.26287186684205,23.278098307787694
NN,seed08,110,2.0,1.5,70.53891120146032,74.33725215668656,15.518504087807024,19.09720548263352
NN,seed08,12,1.1,1.4,61.933831883918,60.01235060953362,2.7615194056182433,3.122061068535377
NN,seed08,62,1.6,1.1,71.4438364158991,77.8697854778342,20.77736434766016,23.26388395890097
NN,seed08,33,1.3,1.1,20.551007181485623,21.547778835581173,17.6341476127744,19.588047403689163
NN,seed08,87,1.8,1.5,75.22236512124877,65.3139310310718,11.421824151342928,13.794800758512958
NN,seed08,55,1.5,1.7,20.299274061488774,19.246344529544707,18.06789415848285,16.808299010924998
NN,seed08,80,1.7,2.1,46.453384160498565,49.422252506424314,4.944878573759263,3.8141865978778835
NN,seed08,89,1.8,1.7,15.251624701513725,18.012224492679643,16.0562316100248,16.127101803434883
NN,seed08,35,1.3,1.6,63.5781120854075,60.44580364884605,1.977766810996525,3.0486487904941875
NN,seed08,111,2.0,1.6,67.36796029221762,73.95259944488643,20.69771237531105,18.2035780371896
NN,seed08,116,2.0,2.4,46.6101304496425,46.396251565667775,1.8767043955324498,2.8613513347722197
GPR,seed08,99,1.9,1.6,76.35579220454977,48.71558064460768,10.67473266747813,16.542349281618844
GPR,seed08,29,1.2,2.3,94.19984376701287,95.00636782391292,4.6685111413823535,8.557215195869187
GPR,seed08,17,1.1,2.1,99.8683907227732,80.1051160003642,6.0320034789695995,11.662367847500608
GPR,seed08,57,1.5,1.9,43.50616172761773,33.95508670676449,11.167872475426345,15.675309924762784
GPR,seed08,86,1.8,1.4,65.591960546395,64.63115344395729,19.04500294060005,16.433480218421238
GPR,seed08,101,1.9,1.8,15.04936161152886,22.296585142644705,16.756088065827463,16.3037142278573
GPR,seed08,70,1.6,2.1,16.3011911471622,22.494180084631246,15.553481880829267,15.181039323493591
GPR,seed08,107,2.0,1.2,67.92914865962737,63.49408771062765,10.209380580032068,13.556547502233043
GPR,seed08,30,1.2,2.4,93.48940821225624,99.5914227692459,3.98125478783674,6.878337270798285
GPR,seed08,1,1.0,1.3,59.38278865114611,27.901967658144763,10.058174687361719,18.245844530693052
GPR,seed08,75,1.7,1.3,63.28835250491195,69.16947310012091,18.9934879839535,17.116461349875234
GPR,seed08,40,1.3,2.5,90.27597041297177,98.94746321864775,3.51680282158692,7.6419209105677615
GPR,seed08,0,1.0,1.2,42.81570519421375,29.73322467068675,22.26287186684205,18.986558507829535
GPR,seed08,110,2.0,1.5,70.53891120146032,72.81474735222173,15.518504087807024,16.22828983398791
GPR,seed08,12,1.1,1.4,61.933831883918,28.97244586519564,2.7615194056182433,17.312570906624188
GPR,seed08,62,1.6,1.1,71.4438364158991,76.92013027114477,20.77736434766016,19.300441035539684
GPR,seed08,33,1.3,1.1,20.551007181485623,30.293204203785177,17.6341476127744,21.37509098544076
GPR,seed08,87,1.8,1.5,75.22236512124877,45.194813945789356,11.421824151342928,16.37020004080185
GPR,seed08,55,1.5,1.7,20.299274061488774,33.38161742255387,18.06789415848285,14.842378501434498
GPR,seed08,80,1.7,2.1,46.453384160498565,27.357083703329916,4.944878573759263,14.933789499181138
GPR,seed08,89,1.8,1.7,15.251624701513725,15.557688368116096,16.0562316100248,16.254178030972827
GPR,seed08,35,1.3,1.6,63.5781120854075,32.705873930937116,1.977766810996525,15.006211591966004
GPR,seed08,111,2.0,1.6,67.36796029221762,68.45438082145662,20.69771237531105,16.462912747859995
GPR,seed08,116,2.0,2.4,46.6101304496425,24.717672911833272,1.8767043955324498,15.27622460649061
k-NN,seed08,99,1.9,1.6,76.35579220454977,46.32592215957992,10.67473266747813,16.996005705106644
k-NN,seed08,29,1.2,2.3,94.19984376701287,82.39659822438615,4.6685111413823535,8.504360658627363
k-NN,seed08,17,1.1,2.1,99.8683907227732,73.17621526524222,6.0320034789695995,10.650392469650043
k-NN,seed08,57,1.5,1.9,43.50616172761773,33.53006090032055,11.167872475426345,14.96796983248124
k-NN,seed08,86,1.8,1.4,65.591960546395,61.19122584062065,19.04500294060005,16.764857946620598
k-NN,seed08,101,1.9,1.8,15.04936161152886,37.90602500123695,16.756088065827463,17.355431906384243
k-NN,seed08,70,1.6,2.1,16.3011911471622,30.27149056693761,15.553481880829267,14.452948336540139
k-NN,seed08,107,2.0,1.2,67.92914865962737,68.28433868806884,10.209380580032068,13.73523183144024
k-NN,seed08,30,1.2,2.4,93.48940821225624,82.39659822438615,3.98125478783674,8.504360658627363
k-NN,seed08,1,1.0,1.3,59.38278865114611,27.18507969717764,10.058174687361719,16.65488059644146
k-NN,seed08,75,1.7,1.3,63.28835250491195,54.55562687589029,18.9934879839535,17.875912992646587
k-NN,seed08,40,1.3,2.5,90.27597041297177,77.64457471898116,3.51680282158692,8.685903044295882
k-NN,seed08,0,1.0,1.2,42.81570519421375,28.342109653379453,22.26287186684205,17.770071301139318
k-NN,seed08,110,2.0,1.5,70.53891120146032,56.79384961969102,15.518504087807024,16.12427831033667
k-NN,seed08,12,1.1,1.4,61.933831883918,27.18507969717764,2.7615194056182433,16.65488059644146
k-NN,seed08,62,1.6,1.1,71.4438364158991,66.40792509701787,20.77736434766016,19.561487933650252
k-NN,seed08,33,1.3,1.1,20.551007181485623,48.265440303078435,17.6341476127744,21.931789408714963
k-NN,seed08,87,1.8,1.5,75.22236512124877,50.42562189667549,11.421824151342928,16.803619011701276
k-NN,seed08,55,1.5,1.7,20.299274061488774,29.344754470345677,18.06789415848285,15.273434809480914
k-NN,seed08,80,1.7,2.1,46.453384160498565,26.57064562192439,4.944878573759263,15.376537562606348
k-NN,seed08,89,1.8,1.7,15.251624701513725,41.425305560594495,16.0562316100248,16.398999390376762
k-NN,seed08,35,1.3,1.6,63.5781120854075,32.13720811130804,1.977766810996525,15.044286182247879
k-NN,seed08,111,2.0,1.6,67.36796029221762,51.45813862230772,20.69771237531105,16.367128858996704
k-NN,seed08,116,2.0,2.4,46.6101304496425,25.069461480370137,1.8767043955324498,14.443517637999395
PRSM,seed08,99,1.9,1.6,76.35579220454977,38.971944200545344,10.67473266747813,15.392943086043209
PRSM,seed08,29,1.2,2.3,94.19984376701287,73.60347157868944,4.6685111413823535,8.88728267878827
PRSM,seed08,17,1.1,2.1,99.8683907227732,64.47540216079115,6.0320034789695995,10.41264855590569
PRSM,seed08,57,1.5,1.9,43.50616172761773,33.533413968001895,11.167872475426345,15.328155594663302
PRSM,seed08,86,1.8,1.4,65.591960546395,47.38287641726476,19.04500294060005,15.955231341248465
PRSM,seed08,101,1.9,1.8,15.04936161152886,29.891598782594155,16.756088065827463,15.645766610316986
PRSM,seed08,70,1.6,2.1,16.3011911471622,34.501696770226815,15.553481880829267,14.571667684892143
PRSM,seed08,107,2.0,1.2,67.92914865962737,76.79633675526264,10.209380580032068,13.063112283898644
PRSM,seed08,30,1.2,2.4,93.48940821225624,83.29534082567528,3.98125478783674,7.549357248090891
PRSM,seed08,1,1.0,1.3,59.38278865114611,29.916204794090866,10.058174687361719,21.025780202855284
PRSM,seed08,75,1.7,1.3,63.28835250491195,49.17319739949571,18.9934879839535,16.907846838285444
PRSM,seed08,40,1.3,2.5,90.27597041297177,83.01971938351889,3.51680282158692,7.827321165610124
PRSM,seed08,0,1.0,1.2,42.81570519421375,29.172471896486073,22.26287186684205,22.343427343106697
PRSM,seed08,110,2.0,1.5,70.53891120146032,49.267711645130355,15.518504087807024,14.333116860277451
PRSM,seed08,12,1.1,1.4,61.933831883918,31.49361281307468,2.7615194056182433,19.587739460162407
PRSM,seed08,62,1.6,1.1,71.4438364158991,57.2292363737376,20.77736434766016,18.29166987252817
PRSM,seed08,33,1.3,1.1,20.551007181485623,40.58059444748196,17.6341476127744,21.446049089676247
PRSM,seed08,87,1.8,1.5,75.22236512124877,41.40533681218498,11.421824151342928,15.989428167981993
PRSM,seed08,55,1.5,1.7,20.299274061488774,31.8435518451534,18.06789415848285,16.563648144876257
PRSM,seed08,80,1.7,2.1,46.453384160498565,30.343295771175203,4.944878573759263,15.078980893908877
PRSM,seed08,89,1.8,1.7,15.251624701513725,32.48695888061175,16.0562316100248,15.955467740822707
PRSM,seed08,35,1.3,1.6,63.5781120854075,32.96216519238331,1.977766810996525,17.349873292921632
PRSM,seed08,111,2.0,1.6,67.36796029221762,42.11597079414381,20.69771237531105,14.688215665319492
PRSM,seed08,116,2.0,2.4,46.6101304496425,21.342459329287625,1.8767043955324498,16.300757138139698
RF,seed08,99,1.9,1.6,76.35579220454977,42.20853873521075,10.67473266747813,15.873874261617022
RF,seed08,29,1.2,2.3,94.19984376701287,77.57917536742593,4.6685111413823535,8.308171373395204
RF,seed08,17,1.1,2.1,99.8683907227732,56.32043719169304,6.0320034789695995,14.404590076432697
RF,seed08,57,1.5,1.9,43.50616172761773,34.77584095395785,11.167872475426345,16.132847778133904
RF,seed08,86,1.8,1.4,65.591960546395,51.833783221297,19.04500294060005,15.894256598524418
RF,seed08,101,1.9,1.8,15.04936161152886,37.31178101005936,16.756088065827463,15.848441686896773
RF,seed08,70,1.6,2.1,16.3011911471622,34.111590410759405,15.553481880829267,16.03162341873019
RF,seed08,107,2.0,1.2,67.92914865962737,64.97155626450234,10.209380580032068,14.895636834941872
RF,seed08,30,1.2,2.4,93.48940821225624,83.02674430909295,3.98125478783674,6.873063471182118
RF,seed08,1,1.0,1.3,59.38278865114611,33.764275841707516,10.058174687361719,16.97560278800819
RF,seed08,75,1.7,1.3,63.28835250491195,53.48208370910231,18.9934879839535,16.64048200560722
RF,seed08,40,1.3,2.5,90.27597041297177,79.5700171096738,3.51680282158692,7.561154863957152
RF,seed08,0,1.0,1.2,42.81570519421375,35.68408429406212,22.26287186684205,17.97904261181345
RF,seed08,110,2.0,1.5,70.53891120146032,49.21730039724687,15.518504087807024,15.601784342165441
RF,seed08,12,1.1,1.4,61.933831883918,33.44429429155099,2.7615194056182433,17.511999598188474
RF,seed08,62,1.6,1.1,71.4438364158991,61.42431352330502,20.77736434766016,18.87026740699311
RF,seed08,33,1.3,1.1,20.551007181485623,48.38676665673909,17.6341476127744,20.140888751457403
RF,seed08,87,1.8,1.5,75.22236512124877,42.99698137996215,11.421824151342928,15.819035313468698
RF,seed08,55,1.5,1.7,20.299274061488774,34.38654383895762,18.06789415848285,15.710673259626997
RF,seed08,80,1.7,2.1,46.453384160498565,33.77560084248664,4.944878573759263,16.0486469284411
RF,seed08,89,1.8,1.7,15.251624701513725,37.27148189948316,16.0562316100248,15.693950327252418
RF,seed08,35,1.3,1.6,63.5781120854075,33.84444718073985,1.977766810996525,16.460755716024913
RF,seed08,111,2.0,1.6,67.36796029221762,44.27725367427638,20.69771237531105,15.716081049713786
RF,seed08,116,2.0,2.4,46.6101304496425,33.336127089648336,1.8767043955324498,15.627798611406295
NN,seed09,70,1.6,2.1,16.3011911471622,14.54354068506293,15.553481880829267,14.513288352563604
NN,seed09,3,1.0,1.8,18.49277387277017,24.076937906796235,14.049413234617568,16.495650845841748
NN,seed09,28,1.2,2.2,94.71421913113033,95.10123752578414,4.434601146470383,5.131331804038103
NN,seed09,100,1.9,1.7,26.590473482268628,29.419780571153755,17.3409152302523,14.02518843163464
NN,seed09,10,1.0,2.5,92.99204719253044,95.2800230673775,5.218291403010326,4.79294576871092
NN,seed09,47,1.4,2.3,27.735522821141263,29.837507244474942,22.732576075377967,19.67052013367728
NN,seed09,21,1.1,2.5,91.92165931955867,94.6634402536605,4.122110394865796,4.786900115893268
NN,seed09,61,1.6,1.0,78.60220609535597,83.03294731499841,17.989211690166634,22.979765463021987
NN,seed09,113,2.0,1.8,35.91462169927672,59.29901582076119,17.810556668787925,9.884645017965093
NN,seed09,48,1.4,2.4,87.35859796967429,81.48302627725737,6.664549674421354,5.573064713837203
NN,seed09,78,1.7,1.6,15.7585522977264,14.830093489314379,16.120802777688827,16.01446961720676
NN,seed09,87,1.8,1.5,75.22236512124877,69.48324159438314,11.421824151342928,9.626920843566445
NN,seed09,64,1.6,1.3,58.043875247217635,62.468513586342134,14.45764646727391,16.474914604037775
NN,seed09,89,1.8,1.7,15.251624701513725,14.390467860195805,16.0562316100248,16.08265136549912
NN,seed09,20,1.1,2.4,93.87229119248633,95.18063384563293,4.1169070132174665,4.876647824076745
NN,seed09,35,1.3,1.6,63.5781120854075,58.02499153917996,1.977766810996525,2.606190987624574
NN,seed09,39,1.3,2.4,93.89981601357904,91.37037423695236,4.59171662750557,4.8350277122268395
NN,seed09,36,1.3,1.7,34.115780411653425,29.487353736185383,17.691033064657375,20.935958240220437
NN,seed09,26,1.2,2.0,14.711327801764734,12.662865568811327,14.213846936187466,13.127043864887707
NN,seed09,79,1.7,2.0,29.124210888826802,29.3340097987078,19.710073901690876,22.088445347278213
NN,seed09,23,1.2,1.4,23.16444205795815,24.445591544498384,17.8525156358467,18.983316588289817
NN,seed09,25,1.2,1.6,24.95659463756515,26.58742084215317,19.11475683793465,22.41357562960707
NN,seed09,75,1.7,1.3,63.28835250491195,67.72866029200648,18.9934879839535,21.03030294975638
NN,seed09,96,1.9,1.3,66.38616410370926,71.64510677520123,16.596393354324523,16.023351784855155
GPR,seed09,70,1.6,2.1,16.3011911471622,31.874846950021304,15.553481880829267,12.81338337918339
GPR,seed09,3,1.0,1.8,18.49277387277017,46.814264431417655,14.049413234617568,14.616654889893923
GPR,seed09,28,1.2,2.2,94.71421913113033,71.16678650256246,4.434601146470383,10.415796596573141
GPR,seed09,100,1.9,1.7,26.590473482268628,43.630810798862164,17.3409152302523,15.73132598419769
GPR,seed09,10,1.0,2.5,92.99204719253044,86.53716473254636,5.218291403010326,6.92193288046788
GPR,seed09,47,1.4,2.3,27.735522821141263,51.1197367464556,22.732576075377967,10.814807029879224
GPR,seed09,21,1.1,2.5,91.92165931955867,90.66669207717771,4.122110394865796,6.574913696752893
GPR,seed09,61,1.6,1.0,78.60220609535597,80.0086732624648,17.989211690166634,19.17037474438203
GPR,seed09,113,2.0,1.8,35.91462169927672,38.22302529949624,17.810556668787925,15.381459471692947
GPR,seed09,48,1.4,2.4,87.35859796967429,68.8093745492742,6.664549674421354,9.591140100434593
GPR,seed09,78,1.7,1.6,15.7585522977264,14.742440677157234,16.120802777688827,15.649365819128182
GPR,seed09,87,1.8,1.5,75.22236512124877,48.010408268597814,11.421824151342928,16.284654003500165
GPR,seed09,64,1.6,1.3,58.043875247217635,45.98967628618234,14.45764646727391,17.94603295393317
GPR,seed09,89,1.8,1.7,15.251624701513725,23.01441443961827,16.0562316100248,15.597614064260028
GPR,seed09,20,1.1,2.4,93.87229119248633,95.97835585173036,4.1169070132174665,6.345922219545427
GPR,seed09,35,1.3,1.6,63.5781120854075,33.82153563471895,1.977766810996525,13.864892460109953
GPR,seed09,39,1.3,2.4,93.89981601357904,87.79465067013152,4.59171662750557,8.032405546931198
GPR,seed09,36,1.3,1.7,34.115780411653425,36.14490165399452,17.691033064657375,14.062247254795034
GPR,seed09,26,1.2,2.0,14.711327801764734,35.59488947414075,14.213846936187466,14.20928128522239
GPR,seed09,79,1.7,2.0,29.124210888826802,35.49708448620198,19.710073901690876,13.51969953314919
GPR,seed09,23,1.2,1.4,23.16444205795815,41.52687903723455,17.8525156358467,14.600018400425002
GPR,seed09,25,1.2,1.6,24.95659463756515,37.96909221660392,19.11475683793465,13.710917980499785
GPR,seed09,75,1.7,1.3,63.28835250491195,66.34196601436955,18.9934879839535,17.484950118586422
GPR,seed09,96,1.9,1.3,66.38616410370926,72.95075813970848,16.596393354324523,15.420362086753316
k-NN,seed09,70,1.6,2.1,16.3011911471622,31.84601474349771,15.553481880829267,12.843360864416095
k-NN,seed09,3,1.0,1.8,18.49277387277017,56.364452482034004,14.049413234617568,15.93829992090966
k-NN,seed09,28,1.2,2.2,94.71421913113033,72.53278387690006,4.434601146470383,12.514443146329704
k-NN,seed09,100,1.9,1.7,26.590473482268628,49.75260698727531,17.3409152302523,15.811002068710849
k-NN,seed09,10,1.0,2.5,92.99204719253044,96.47446722205493,5.218291403010326,5.252316111517212
k-NN,seed09,47,1.4,2.3,27.735522821141263,65.64512858995822,22.732576075377967,10.988387312778997
k-NN,seed09,21,1.1,2.5,91.92165931955867,94.29506027523098,4.122110394865796,5.183296862229083
k-NN,seed09,61,1.6,1.0,78.60220609535597,75.75619276610945,17.989211690166634,20.937912265718627
k-NN,seed09,113,2.0,1.8,35.91462169927672,49.057305883280456,17.810556668787925,15.698898060214061
k-NN,seed09,48,1.4,2.4,87.35859796967429,74.40654583221885,6.664549674421354,7.468964156877168
k-NN,seed09,78,1.7,1.6,15.7585522977264,27.475655789362918,16.120802777688827,14.585846596727384
k-NN,seed09,87,1.8,1.5,75.22236512124877,49.17587617467824,11.421824151342928,17.812734508569882
k-NN,seed09,64,1.6,1.3,58.043875247217635,50.05443442080428,14.45764646727391,17.706862214368986
k-NN,seed09,89,1.8,1.7,15.251624701513725,39.310960825499876,16.0562316100248,15.803176064037194
k-NN,seed09,20,1.1,2.4,93.87229119248633,94.29506027523098,4.1169070132174665,5.183296862229083
k-NN,seed09,35,1.3,1.6,63.5781120854075,38.61987471640606,1.977766810996525,11.95955994646343
k-NN,seed09,39,1.3,2.4,93.89981601357904,90.87384520350746,4.59171662750557,4.791166757840973
k-NN,seed09,36,1.3,1.7,34.115780411653425,38.61987471640606,17.691033064657375,11.95955994646343
k-NN,seed09,26,1.2,2.0,14.711327801764734,49.25971606160064,14.213846936187466,15.882585050493322
k-NN,seed09,79,1.7,2.0,29.124210888826802,32.918672524895356,19.710073901690876,13.741269466683434
k-NN,seed09,23,1.2,1.4,23.16444205795815,39.6233317024086,17.8525156358467,13.401337077349107
k-NN,seed09,25,1.2,1.6,24.95659463756515,38.36427720580122,19.11475683793465,11.735285544062606
k-NN,seed09,75,1.7,1.3,63.28835250491195,60.81750883049878,18.9934879839535,19.243461795633213
k-NN,seed09,96,1.9,1.3,66.38616410370926,70.44973163399277,16.596393354324523,16.489263401580196
PRSM,seed09,70,1.6,2.1,16.3011911471622,35.93950804048233,15.553481880829267,13.89610558759637
PRSM,seed09,3,1.0,1.8,18.49277387277017,61.58099520664038,14.049413234617568,11.944622184326828
PRSM,seed09,28,1.2,2.2,94.71421913113033,69.90967476035917,4.434601146470383,9.535332874517605
PRSM,seed09,100,1.9,1.7,26.590473482268628,39.043263080454544,17.3409152302523,14.84473855190722
PRSM,seed09,10,1.0,2.5,92.99204719253044,125.63582590770251,5.218291403010326,1.8593657553803329
PRSM,seed09,47,1.4,2.3,27.735522821141263,57.56997878647638,22.732576075377967,10.819755891968162
PRSM,seed09,21,1.1,2.5,91.92165931955867,110.25434138888228,4.122110394865796,3.894316009800823
PRSM,seed09,61,1.6,1.0,78.60220609535597,61.596055512088164,17.989211690166634,18.5658117068735
PRSM,seed09,113,2.0,1.8,35.91462169927672,38.61465316958173,17.810556668787925,13.97540906108199
PRSM,seed09,48,1.4,2.4,87.35859796967429,64.19231316318584,6.664549674421354,9.801624006676594
PRSM,seed09,78,1.7,1.6,15.7585522977264,36.49582683340338,16.120802777688827,16.290624777579325
PRSM,seed09,87,1.8,1.5,75.22236512124877,43.91867207964714,11.421824151342928,15.886416460860202
PRSM,seed09,64,1.6,1.3,58.043875247217635,44.34472206389538,14.45764646727391,17.801993666672903
PRSM,seed09,89,1.8,1.7,15.251624701513725,35.870981774130286,16.0562316100248,15.502476198936332
PRSM,seed09,20,1.1,2.4,93.87229119248633,99.5994707969528,4.1169070132174665,5.335607622886853
PRSM,seed09,35,1.3,1.6,63.5781120854075,37.20762112512097,1.977766810996525,16.493460817851886
PRSM,seed09,39,1.3,2.4,93.89981601357904,74.73482112835333,4.59171662750557,8.522644017556052
PRSM,seed09,36,1.3,1.7,34.115780411653425,38.90774393383137,17.691033064657375,15.645782351941325
PRSM,seed09,26,1.2,2.0,14.711327801764734,56.70017359066395,14.213846936187466,11.866781134693174
PRSM,seed09,79,1.7,2.0,29.124210888826802,31.473879636365233,19.710073901690876,14.675343408812466
PRSM,seed09,23,1.2,1.4,23.16444205795815,37.57985653890614,17.8525156358467,17.841649566924453
PRSM,seed09,25,1.2,1.6,24.95659463756515,40.53526447993744,19.11475683793465,16.019939480896596
PRSM,seed09,75,1.7,1.3,63.28835250491195,49.234618806262915,18.9934879839535,17.056064901775223
PRSM,seed09,96,1.9,1.3,66.38616410370926,62.79404602926246,16.596393354324523,14.935130955551742
RF,seed09,70,1.6,2.1,16.3011911471622,34.894996719915284,15.553481880829267,13.931585786165662
RF,seed09,3,1.0,1.8,18.49277387277017,58.60298095887699,14.049413234617568,15.493628628687492
RF,seed09,28,1.2,2.2,94.71421913113033,71.70211184773676,4.434601146470383,10.08178785880187
RF,seed09,100,1.9,1.7,26.590473482268628,52.36959076261099,17.3409152302523,15.048017176821917
RF,seed09,10,1.0,2.5,92.99204719253044,94.28360608335326,5.218291403010326,5.050408738336301
RF,seed09,47,1.4,2.3,27.735522821141263,64.21080516864501,22.732576075377967,9.823295250604811
RF,seed09,21,1.1,2.5,91.92165931955867,91.02847163799814,4.122110394865796,6.101381454717156
RF,seed09,61,1.6,1.0,78.60220609535597,62.211558886892895,17.989211690166634,20.70802157747729
RF,seed09,113,2.0,1.8,35.91462169927672,40.471019332577455,17.810556668787925,15.02378767982343
RF,seed09,48,1.4,2.4,87.35859796967429,63.7767233000079,6.664549674421354,9.801940704449969
RF,seed09,78,1.7,1.6,15.7585522977264,44.256941770636516,16.120802777688827,15.191975339290515
RF,seed09,87,1.8,1.5,75.22236512124877,49.91591752217172,11.421824151342928,15.551652887158108
RF,seed09,64,1.6,1.3,58.043875247217635,44.00392156699288,14.45764646727391,17.191121377448162
RF,seed09,89,1.8,1.7,15.251624701513725,46.73312321209748,16.0562316100248,15.22393611801093
RF,seed09,20,1.1,2.4,93.87229119248633,90.10131835911889,4.1169070132174665,6.34239832012486
RF,seed09,35,1.3,1.6,63.5781120854075,36.70340412177556,1.977766810996525,15.859664530560046
RF,seed09,39,1.3,2.4,93.89981601357904,71.21244261385394,4.59171662750557,8.783869618782713
RF,seed09,36,1.3,1.7,34.115780411653425,37.168617382247234,17.691033064657375,15.537349478057337
RF,seed09,26,1.2,2.0,14.711327801764734,57.21206291397084,14.213846936187466,13.728845890239636
RF,seed09,79,1.7,2.0,29.124210888826802,36.430802846903944,19.710073901690876,13.502016588374762
RF,seed09,23,1.2,1.4,23.16444205795815,43.680393501021015,17.8525156358467,13.179534083656591
RF,seed09,25,1.2,1.6,24.95659463756515,42.8521755270087,19.11475683793465,13.093714540919823
RF,seed09,75,1.7,1.3,63.28835250491195,57.36762945663388,18.9934879839535,16.364780841691722
RF,seed09,96,1.9,1.3,66.38616410370926,62.79315459304794,16.596393354324523,15.268128652638339
NN,seed10,45,1.4,1.7,54.98950678020617,38.259154699322984,6.403239343364375,11.24053775528818
NN,seed10,95,1.9,1.2,70.00787075196287,67.62634719435849,12.489846976718844,12.724977836733613
NN,seed10,56,1.5,1.8,45.81819199191605,26.297264782757573,11.2627084006723,16.920417296530477
NN,seed10,84,1.8,1.2,73.50397660327812,73.92448538454866,16.233276031999672,17.80912443926816
NN,seed10,98,1.9,1.5,68.53814320899697,65.60165012686709,19.49220034806418,19.687098891195816
NN,seed10,41,1.4,1.0,86.1572725747117,72.55209439502883,24.46021001385732,24.32377763988626
NN,seed10,80,1.7,2.1,46.453384160498565,48.14273377604938,4.944878573759263,4.141191642174457
NN,seed10,108,2.0,1.3,66.91419695119404,67.06621418184122,11.52766858628333,12.540244685062289
NN,seed10,48,1.4,2.4,87.35859796967429,83.67151720864452,6.664549674421354,4.85062783133375
NN,seed10,2,1.0,1.4,20.89585714361514,23.296458216182742,16.56761127473616,22.72346512000102
NN,seed10,53,1.5,1.3,20.781487856364,22.17500745181595,13.267190582608643,17.971207997049206
NN,seed10,52,1.5,1.2,56.484914849706776,56.508002908021226,21.09007756483452,17.06861488163261
NN,seed10,110,2.0,1.5,70.53891120146032,73.18145694234593,15.518504087807024,19.103457214116528
NN,seed10,43,1.4,1.2,20.481919337918775,23.554969720100495,19.09315793183945,18.134124638843424
NN,seed10,79,1.7,2.0,29.124210888826802,22.274732798757057,19.710073901690876,18.73515190667199
NN,seed10,1,1.0,1.3,59.38278865114611,68.97214199478692,10.058174687361719,7.04444051520661
NN,seed10,10,1.0,2.5,92.99204719253044,93.1352840756897,5.218291403010326,4.365048242576135
NN,seed10,35,1.3,1.6,63.5781120854075,53.60600032040826,1.977766810996525,4.360325998390623
NN,seed10,47,1.4,2.3,27.735522821141263,19.936989950533693,22.732576075377967,18.182209512434113
NN,seed10,26,1.2,2.0,14.711327801764734,9.942508219346742,14.213846936187466,15.244186131828199
NN,seed10,68,1.6,1.9,37.61040536196327,23.206739253630953,22.542665474583867,18.473752134565412
NN,seed10,81,1.7,2.2,14.488534728757534,17.144638787576305,14.601191023961066,17.403600350276974
NN,seed10,37,1.3,2.2,33.62346313487976,21.81850453432383,22.885255128649302,19.588701847535827
NN,seed10,19,1.1,2.3,96.78376589038817,95.62944014817467,7.355559882552597,4.4552263587524905
GPR,seed10,45,1.4,1.7,54.98950678020617,28.779218617377726,6.403239343364375,16.049461575711437
GPR,seed10,95,1.9,1.2,70.00787075196287,69.65789183137005,12.489846976718844,15.099924545146768
GPR,seed10,56,1.5,1.8,45.81819199191605,31.51222615528482,11.2627084006723,15.63183539842829
GPR,seed10,84,1.8,1.2,73.50397660327812,76.73595949366994,16.233276031999672,16.504045049270957
GPR,seed10,98,1.9,1.5,68.53814320899697,88.00233968093033,19.49220034806418,15.867985743101219
GPR,seed10,41,1.4,1.0,86.1572725747117,62.368553764397234,24.46021001385732,20.652461912916806
GPR,seed10,80,1.7,2.1,46.453384160498565,28.943267481052242,4.944878573759263,13.123270815680488
GPR,seed10,108,2.0,1.3,66.91419695119404,65.59529042356904,11.52766858628333,15.018204300222017
GPR,seed10,48,1.4,2.4,87.35859796967429,67.37832704188537,6.664549674421354,8.185425142817849
GPR,seed10,2,1.0,1.4,20.89585714361514,53.143143392583575,16.56761127473616,15.659719614564146
GPR,seed10,53,1.5,1.3,20.781487856364,40.0149588728338,13.267190582608643,18.216857998313465
GPR,seed10,52,1.5,1.2,56.484914849706776,53.90621805595128,21.09007756483452,19.524180649193525
GPR,seed10,110,2.0,1.5,70.53891120146032,71.4124615692721,15.518504087807024,15.807771559036896
GPR,seed10,43,1.4,1.2,20.481919337918775,37.353752834463805,19.09315793183945,19.64458636463627
GPR,seed10,79,1.7,2.0,29.124210888826802,37.691630340128086,19.710073901690876,13.962460637612335
GPR,seed10,1,1.0,1.3,59.38278865114611,48.22898014866822,10.058174687361719,17.069604327912675
GPR,seed10,10,1.0,2.5,92.99204719253044,83.56247277059246,5.218291403010326,5.483468466279607
GPR,seed10,35,1.3,1.6,63.5781120854075,25.18699746677417,1.977766810996525,15.714089724628057
GPR,seed10,47,1.4,2.3,27.735522821141263,55.52892358289482,22.732576075377967,8.805536801239437
GPR,seed10,26,1.2,2.0,14.711327801764734,24.378624688945557,14.213846936187466,13.426978177948826
GPR,seed10,68,1.6,1.9,37.61040536196327,41.619962198037605,22.542665474583867,14.68334587788386
GPR,seed10,81,1.7,2.2,14.488534728757534,32.53438213312481,14.601191023961066,12.321782249766734
GPR,seed10,37,1.3,2.2,33.62346313487976,69.31220011448174,22.885255128649302,9.153561821119936
GPR,seed10,19,1.1,2.3,96.78376589038817,94.66242115653424,7.355559882552597,5.656642942797408
k-NN,seed10,45,1.4,1.7,54.98950678020617,28.236409129029887,6.403239343364375,16.80101883498945
k-NN,seed10,95,1.9,1.2,70.00787075196287,68.3811630448267,12.489846976718844,13.274312135927742
k-NN,seed10,56,1.5,1.8,45.81819199191605,28.206849908249467,11.2627084006723,14.472249253393256
k-NN,seed10,84,1.8,1.2,73.50397660327812,71.90506196945424,16.233276031999672,17.526247272941234
k-NN,seed10,98,1.9,1.5,68.53814320899697,64.0374928048481,19.49220034806418,16.05383847779047
k-NN,seed10,41,1.4,1.0,86.1572725747117,51.907610685574255,24.46021001385732,21.444300895205892
k-NN,seed10,80,1.7,2.1,46.453384160498565,26.011133623585327,4.944878573759263,13.71277526322436
k-NN,seed10,108,2.0,1.3,66.91419695119404,68.90895117367758,11.52766858628333,15.243042584509334
k-NN,seed10,48,1.4,2.4,87.35859796967429,79.91742191241852,6.664549674421354,6.559684599961164
k-NN,seed10,2,1.0,1.4,20.89585714361514,38.36207863107218,16.56761127473616,15.448237577846413
k-NN,seed10,53,1.5,1.3,20.781487856364,41.59337074914877,13.267190582608643,18.789658393287837
k-NN,seed10,52,1.5,1.2,56.484914849706776,59.117223657870525,21.09007756483452,20.737268580210838
k-NN,seed10,110,2.0,1.5,70.53891120146032,64.3085928263061,15.518504087807024,16.545154722928356
k-NN,seed10,43,1.4,1.2,20.481919337918775,48.90352584153638,19.09315793183945,21.81669317387624
k-NN,seed10,79,1.7,2.0,29.124210888826802,29.911352524604936,19.710073901690876,12.28401794639427
k-NN,seed10,1,1.0,1.3,59.38278865114611,38.36207863107218,10.058174687361719,15.448237577846413
k-NN,seed10,10,1.0,2.5,92.99204719253044,94.98170413488396,5.218291403010326,4.4466132672790675
k-NN,seed10,35,1.3,1.6,63.5781120854075,31.478097701285833,1.977766810996525,15.436123703913072
k-NN,seed10,47,1.4,2.3,27.735522821141263,80.01891270595517,22.732576075377967,6.657864079039109
k-NN,seed10,26,1.2,2.0,14.711327801764734,62.44530041822172,14.213846936187466,12.808649614691447
k-NN,seed10,68,1.6,1.9,37.61040536196327,27.87373875954223,22.542665474583867,14.482876877655219
k-NN,seed10,81,1.7,2.2,14.488534728757534,30.89446217692787,14.601191023961066,11.824409736885729
k-NN,seed10,37,1.3,2.2,33.62346313487976,86.15356697071289,22.885255128649302,7.164224176299445
k-NN,seed10,19,1.1,2.3,96.78376589038817,95.852336072099,7.355559882552597,4.57273673835283
PRSM,seed10,45,1.4,1.7,54.98950678020617,34.23230441279895,6.403239343364375,16.24868469436561
PRSM,seed10,95,1.9,1.2,70.00787075196287,70.24913737487094,12.489846976718844,14.814242436633167
PRSM,seed10,56,1.5,1.8,45.81819199191605,33.30140936181088,11.2627084006723,15.648549684292744
PRSM,seed10,84,1.8,1.2,73.50397660327812,62.30274706722835,16.233276031999672,16.025397759516682
PRSM,seed10,98,1.9,1.5,68.53814320899697,47.160850489784856,19.49220034806418,15.364603802565433
PRSM,seed10,41,1.4,1.0,86.1572725747117,49.57512256808799,24.46021001385732,20.286696103813995
PRSM,seed10,80,1.7,2.1,46.453384160498565,31.944006022044224,4.944878573759263,14.12484575834101
PRSM,seed10,108,2.0,1.3,66.91419695119404,69.41866337088848,11.52766858628333,13.869727411707707
PRSM,seed10,48,1.4,2.4,87.35859796967429,66.16936512814158,6.664549674421354,8.78629043882896
PRSM,seed10,2,1.0,1.4,20.89585714361514,37.649159006209786,16.56761127473616,18.418898844607657
PRSM,seed10,53,1.5,1.3,20.781487856364,40.11587477878059,13.267190582608643,18.471384628820847
PRSM,seed10,52,1.5,1.2,56.484914849706776,44.37345432364178,21.09007756483452,18.82629552510882
PRSM,seed10,110,2.0,1.5,70.53891120146032,52.789661815991884,15.518504087807024,14.470874649358974
PRSM,seed10,43,1.4,1.2,20.481919337918775,40.366982802226666,19.09315793183945,19.482405379286728
PRSM,seed10,79,1.7,2.0,29.124210888826802,30.684127454987717,19.710073901690876,14.734714543707074
PRSM,seed10,1,1.0,1.3,59.38278865114611,35.4375786005945,10.058174687361719,19.60400766652394
PRSM,seed10,10,1.0,2.5,92.99204719253044,125.65964562025744,5.218291403010326,0.7702677659402539
PRSM,seed10,35,1.3,1.6,63.5781120854075,34.911368862171344,1.977766810996525,16.944297997625164
PRSM,seed10,47,1.4,2.3,27.735522821141263,58.71224142162538,22.732576075377967,10.062002853666131
PRSM,seed10,26,1.2,2.0,14.711327801764734,54.68588555447805,14.213846936187466,11.93276332321718
PRSM,seed10,68,1.6,1.9,37.61040536196327,32.11868370920713,22.542665474583867,15.143892967406567
PRSM,seed10,81,1.7,2.2,14.488534728757534,34.16878007625648,14.601191023961066,13.445091608769062
PRSM,seed10,37,1.3,2.2,33.62346313487976,60.207050304048174,22.885255128649302,10.264553268454062
PRSM,seed10,19,1.1,2.3,96.78376589038817,88.93085049463811,7.355559882552597,6.1797013077534135
RF,seed10,45,1.4,1.7,54.98950678020617,31.455026900185004,6.403239343364375,16.195555814485317
RF,seed10,95,1.9,1.2,70.00787075196287,65.32296298158343,12.489846976718844,15.446745905336625
RF,seed10,56,1.5,1.8,45.81819199191605,30.443212462497357,11.2627084006723,15.873730581753001
RF,seed10,84,1.8,1.2,73.50397660327812,65.10975429306757,16.233276031999672,16.65580243571424
RF,seed10,98,1.9,1.5,68.53814320899697,50.469704989563574,19.49220034806418,14.96355978766574
RF,seed10,41,1.4,1.0,86.1572725747117,47.7394199215505,24.46021001385732,19.90971539344144
RF,seed10,80,1.7,2.1,46.453384160498565,31.525050064030246,4.944878573759263,15.161943608346448
RF,seed10,108,2.0,1.3,66.91419695119404,64.7692095128925,11.52766858628333,15.382910686777867
RF,seed10,48,1.4,2.4,87.35859796967429,73.27523456101682,6.664549674421354,8.011937560677765
RF,seed10,2,1.0,1.4,20.89585714361514,41.82498219341158,16.56761127473616,16.65596780935481
RF,seed10,53,1.5,1.3,20.781487856364,53.316943328364744,13.267190582608643,18.878751260037024
RF,seed10,52,1.5,1.2,56.484914849706776,56.540446533488996,21.09007756483452,19.537935631285396
RF,seed10,110,2.0,1.5,70.53891120146032,54.0171095229704,15.518504087807024,15.290655901083015
RF,seed10,43,1.4,1.2,20.481919337918775,46.97588230389495,19.09315793183945,19.508498555082557
RF,seed10,79,1.7,2.0,29.124210888826802,33.00843778627228,19.710073901690876,15.01011458869795
RF,seed10,1,1.0,1.3,59.38278865114611,41.88230496380374,10.058174687361719,19.0337896787973
RF,seed10,10,1.0,2.5,92.99204719253044,93.85142157094862,5.218291403010326,4.824709295207731
RF,seed10,35,1.3,1.6,63.5781120854075,32.96213601700724,1.977766810996525,16.327476391909393
RF,seed10,47,1.4,2.3,27.735522821141263,73.12348532554223,22.732576075377967,7.925588223307337
RF,seed10,26,1.2,2.0,14.711327801764734,50.86969539772894,14.213846936187466,14.985098052400108
RF,seed10,68,1.6,1.9,37.61040536196327,31.211124193428336,22.542665474583867,15.678133269390248
RF,seed10,81,1.7,2.2,14.488534728757534,37.058229857152085,14.601191023961066,11.789470277197816
RF,seed10,37,1.3,2.2,33.62346313487976,79.14625990519562,22.885255128649302,7.3475827485372065
RF,seed10,19,1.1,2.3,96.78376589038817,90.78554684937367,7.355559882552597,5.394116339691191
NN,seed11,105,2.0,1.0,64.4252724511907,64.82449713923674,11.742895108603914,10.054314442177468
NN,seed11,16,1.1,2.0,61.38960058864802,60.370604135475915,22.726212344024198,22.21012727849334
NN,seed11,99,1.9,1.6,76.35579220454977,71.90392644517112,10.67473266747813,13.489740004862744
NN,seed11,36,1.3,1.7,34.115780411653425,30.292202606585466,17.691033064657375,18.48093991816791
NN,seed11,0,1.0,1.2,42.81570519421375,37.53733068174812,22.26287186684205,23.224181741967833
NN,seed11,39,1.3,2.4,93.89981601357904,89.29345293548474,4.59171662750557,4.766467756138184
NN,seed11,9,1.0,2.4,94.62319761567007,94.09236002843923,4.847187637262277,4.645732667859967
NN,seed11,2,1.0,1.4,20.89585714361514,19.569808526762202,16.56761127473616,20.626879658226937
NN,seed11,42,1.4,1.1,47.40972483928133,40.313376720071076,20.937048290013298,24.158909040395343
NN,seed11,35,1.3,1.6,63.5781120854075,58.95485666602603,1.977766810996525,2.7107875151656575
NN,seed11,6,1.0,2.1,102.31586665053233,103.34716871591115,5.1165813362992765,5.925843286434533
NN,seed11,52,1.5,1.2,56.484914849706776,42.007514203841424,21.09007756483452,21.536022778272304
NN,seed11,30,1.2,2.4,93.48940821225624,92.94200072776698,3.98125478783674,4.872185842669586
NN,seed11,73,1.7,1.1,78.50919337690385,73.9886808367276,21.65198286684715,16.84766264551603
NN,seed11,72,1.7,1.0,71.7661995486084,70.86373892897703,14.581765487729701,13.776239570576498
NN,seed11,90,1.8,2.1,21.35579681348827,25.563890251786482,18.801330423732566,19.796775746121234
NN,seed11,77,1.7,1.5,16.484240804319526,20.832476127804213,16.613986733013075,17.487401433586154
NN,seed11,78,1.7,1.6,15.7585522977264,12.94241929913349,16.120802777688827,15.472927623070031
NN,seed11,85,1.8,1.3,74.59685990483652,72.30976478266122,20.950188488929776,18.809969127426392
NN,seed11,60,1.5,2.5,77.430549346183,70.41053008011943,5.28813934914015,17.70002147320143
NN,seed11,29,1.2,2.3,94.19984376701287,93.66044489978634,4.6685111413823535,5.143636754514809
NN,seed11,15,1.1,1.9,17.2175256875071,17.248369376272592,14.799912443472774,13.328555049037432
NN,seed11,58,1.5,2.0,15.99250790650005,15.65380084306085,14.311787412395875,14.618513337480513
NN,seed11,54,1.5,1.4,17.02894957415735,16.06180227828883,16.996076659902027,13.19917352750997
GPR,seed11,105,2.0,1.0,64.4252724511907,61.75178289595247,11.742895108603914,13.735110745048713
GPR,seed11,16,1.1,2.0,61.38960058864802,66.94316303595264,22.726212344024198,12.85907984836434
GPR,seed11,99,1.9,1.6,76.35579220454977,50.880956304237415,10.67473266747813,15.271861533140761
GPR,seed11,36,1.3,1.7,34.115780411653425,34.52297581014401,17.691033064657375,13.491902280910029
GPR,seed11,0,1.0,1.2,42.81570519421375,47.92387990117891,22.26287186684205,14.537331543917531
GPR,seed11,39,1.3,2.4,93.89981601357904,92.05033896572634,4.59171662750557,12.408345265737816
GPR,seed11,9,1.0,2.4,94.62319761567007,92.89221177604027,4.847187637262277,12.404626742517603
GPR,seed11,2,1.0,1.4,20.89585714361514,51.012395693083576,16.56761127473616,12.950929258823304
GPR,seed11,42,1.4,1.1,47.40972483928133,49.51575650735284,20.937048290013298,15.978072289757181
GPR,seed11,35,1.3,1.6,63.5781120854075,31.884608444616315,1.977766810996525,15.061439192724412
GPR,seed11,6,1.0,2.1,102.31586665053233,105.81850126590966,5.1165813362992765,13.731313738148556
GPR,seed11,52,1.5,1.2,56.484914849706776,45.31256293310544,21.09007756483452,16.531473104052914
GPR,seed11,30,1.2,2.4,93.48940821225624,98.23384056382578,3.98125478783674,12.153547047880478
GPR,seed11,73,1.7,1.1,78.50919337690385,75.8220751327053,21.65198286684715,15.054963475579044
GPR,seed11,72,1.7,1.0,71.7661995486084,74.91232941000777,14.581765487729701,15.71691202415672
GPR,seed11,90,1.8,2.1,21.35579681348827,34.50838362961139,18.801330423732566,13.029550830308377
GPR,seed11,77,1.7,1.5,16.484240804319526,39.91264419167407,16.613986733013075,14.229092178063585
GPR,seed11,78,1.7,1.6,15.7585522977264,21.14624688227305,16.120802777688827,14.939373020304265
GPR,seed11,85,1.8,1.3,74.59685990483652,73.63922945142534,20.950188488929776,14.763705252998479
GPR,seed11,60,1.5,2.5,77.430549346183,52.35387220373416,5.28813934914015,12.223862334941316
GPR,seed11,29,1.2,2.3,94.19984376701287,94.13512343720382,4.6685111413823535,12.080149587132981
GPR,seed11,15,1.1,1.9,17.2175256875071,43.42790588240044,14.799912443472774,15.50967773078097
GPR,seed11,58,1.5,2.0,15.99250790650005,31.481145228809645,14.311787412395875,13.636082739589494
GPR,seed11,54,1.5,1.4,17.02894957415735,12.153585142836022,16.996076659902027,14.73250013346112
k-NN,seed11,105,2.0,1.0,64.4252724511907,68.43652457845374,11.742895108603914,12.519917259615502
k-NN,seed11,16,1.1,2.0,61.38960058864802,66.960444990888,22.726212344024198,11.33922027390011
k-NN,seed11,99,1.9,1.6,76.35579220454977,50.36865304628906,10.67473266747813,16.664356311893634
k-NN,seed11,36,1.3,1.7,34.115780411653425,32.475528228003895,17.691033064657375,13.646193437643332
k-NN,seed11,0,1.0,1.2,42.81570519421375,36.53812432496842,22.26287186684205,15.943836352534976
k-NN,seed11,39,1.3,2.4,93.89981601357904,72.42853599550509,4.59171662750557,9.79545413354936
k-NN,seed11,9,1.0,2.4,94.62319761567007,95.7222049541502,4.847187637262277,5.115132726076046
k-NN,seed11,2,1.0,1.4,20.89585714361514,34.99837779367565,16.56761127473616,14.208647409334507
k-NN,seed11,42,1.4,1.1,47.40972483928133,49.903830508867834,20.937048290013298,21.309606483249723
k-NN,seed11,35,1.3,1.6,63.5781120854075,30.755557476291575,1.977766810996525,15.081972291630425
k-NN,seed11,6,1.0,2.1,102.31586665053233,82.38468988514111,5.1165813362992765,9.668977600354658
k-NN,seed11,52,1.5,1.2,56.484914849706776,57.49330495488369,21.09007756483452,20.163014513701473
k-NN,seed11,30,1.2,2.4,93.48940821225624,86.57481915091276,3.98125478783674,6.87833737796152
k-NN,seed11,73,1.7,1.1,78.50919337690385,69.81374758710352,21.65198286684715,17.023534494644668
k-NN,seed11,72,1.7,1.0,71.7661995486084,72.5117364477623,14.581765487729701,17.918134782393043
k-NN,seed11,90,1.8,2.1,21.35579681348827,30.6444077221563,18.801330423732566,12.360416160503814
k-NN,seed11,77,1.7,1.5,16.484240804319526,46.76520709438494,16.613986733013075,15.889875929477894
k-NN,seed11,78,1.7,1.6,15.7585522977264,38.63670869916646,16.120802777688827,15.876532797377957
k-NN,seed11,85,1.8,1.3,74.59685990483652,70.80155941601868,20.950188488929776,15.603435544202602
k-NN,seed11,60,1.5,2.5,77.430549346183,50.08695890648572,5.28813934914015,13.17469789559186
k-NN,seed11,29,1.2,2.3,94.19984376701287,82.99345569530557,4.6685111413823535,8.648389343773767
k-NN,seed11,15,1.1,1.9,17.2175256875071,59.40152888922379,14.799912443472774,12.767288603029527
k-NN,seed11,58,1.5,2.0,15.99250790650005,33.81298558135002,14.311787412395875,14.552867708189696
k-NN,seed11,54,1.5,1.4,17.02894957415735,37.404334352242685,16.996076659902027,17.02777596185943
PRSM,seed11,105,2.0,1.0,64.4252724511907,104.37154297963164,11.742895108603914,12.898795809951054
PRSM,seed11,16,1.1,2.0,61.38960058864802,61.248290470394195,22.726212344024198,10.596396801956471
PRSM,seed11,99,1.9,1.6,76.35579220454977,44.07560535005679,10.67473266747813,15.062261710093718
PRSM,seed11,36,1.3,1.7,34.115780411653425,37.35903288982372,17.691033064657375,15.49127407988173
PRSM,seed11,0,1.0,1.2,42.81570519421375,38.840070219012986,22.26287186684205,17.612879689954468
PRSM,seed11,39,1.3,2.4,93.89981601357904,70.97916402592574,4.59171662750557,9.293535571533933
PRSM,seed11,9,1.0,2.4,94.62319761567007,107.42676813704185,4.847187637262277,3.8711153309409454
PRSM,seed11,2,1.0,1.4,20.89585714361514,41.39350194448591,16.56761127473616,15.67335732828547
PRSM,seed11,42,1.4,1.1,47.40972483928133,46.865766812335586,20.937048290013298,19.258973549070657
PRSM,seed11,35,1.3,1.6,63.5781120854075,36.10723085091714,1.977766810996525,16.236356616093353
PRSM,seed11,6,1.0,2.1,102.31586665053233,78.2952194553666,5.1165813362992765,7.780098213219217
PRSM,seed11,52,1.5,1.2,56.484914849706776,46.430563079544335,21.09007756483452,18.505020947710467
PRSM,seed11,30,1.2,2.4,93.48940821225624,81.98947918101696,3.98125478783674,7.725312364057997
PRSM,seed11,73,1.7,1.1,78.50919337690385,64.80214189798107,21.65198286684715,17.293557710247516
PRSM,seed11,72,1.7,1.0,71.7661995486084,73.05308852465946,14.581765487729701,17.364912242250938
PRSM,seed11,90,1.8,2.1,21.35579681348827,28.936160252401496,18.801330423732566,14.675291488516477
PRSM,seed11,77,1.7,1.5,16.484240804319526,40.676039985466105,16.613986733013075,16.657367884067227
PRSM,seed11,78,1.7,1.6,15.7585522977264,36.863935655887,16.120802777688827,16.41062750298051
PRSM,seed11,85,1.8,1.3,74.59685990483652,57.13204919412775,20.950188488929776,16.14361060439364
PRSM,seed11,60,1.5,2.5,77.430549346183,58.64107312131821,5.28813934914015,10.918163966229843
PRSM,seed11,29,1.2,2.3,94.19984376701287,73.47926344890493,4.6685111413823535,8.831751335313292
PRSM,seed11,15,1.1,1.9,17.2175256875071,55.24511409869513,14.799912443472774,11.678343340272194
PRSM,seed11,58,1.5,2.0,15.99250790650005,36.189353916854245,14.311787412395875,14.537729278517103
PRSM,seed11,54,1.5,1.4,17.02894957415735,38.54365003235269,16.996076659902027,17.723661049312078
RF,seed11,105,2.0,1.0,64.4252724511907,67.62017432369636,11.742895108603914,14.612479420853575
RF,seed11,16,1.1,2.0,61.38960058864802,74.19877729824117,22.726212344024198,9.579928671176205
RF,seed11,99,1.9,1.6,76.35579220454977,44.66057486927345,10.67473266747813,15.56571695449643
RF,seed11,36,1.3,1.7,34.115780411653425,35.5272314590106,17.691033064657375,15.82395677382158
RF,seed11,0,1.0,1.2,42.81570519421375,47.532755465912224,22.26287186684205,14.481384071106595
RF,seed11,39,1.3,2.4,93.89981601357904,69.57261247990976,4.59171662750557,9.150384014261023
RF,seed11,9,1.0,2.4,94.62319761567007,92.43874416720405,4.847187637262277,5.435470055769983
RF,seed11,2,1.0,1.4,20.89585714361514,48.824995020469366,16.56761127473616,12.986991318844565
RF,seed11,42,1.4,1.1,47.40972483928133,51.48185798243636,20.937048290013298,18.924241380999746
RF,seed11,35,1.3,1.6,63.5781120854075,35.0562161887963,1.977766810996525,16.05356968187337
RF,seed11,6,1.0,2.1,102.31586665053233,91.97754685263234,5.1165813362992765,7.17949102504602
RF,seed11,52,1.5,1.2,56.484914849706776,53.24325285418986,21.09007756483452,18.596167652285942
RF,seed11,30,1.2,2.4,93.48940821225624,76.24813458587067,3.98125478783674,8.016571544761682
RF,seed11,73,1.7,1.1,78.50919337690385,64.55865540131607,21.65198286684715,16.714133986635442
RF,seed11,72,1.7,1.0,71.7661995486084,67.00775020013845,14.581765487729701,17.046077356006172
RF,seed11,90,1.8,2.1,21.35579681348827,36.897213114538054,18.801330423732566,13.070812299326565
RF,seed11,77,1.7,1.5,16.484240804319526,51.639220101388155,16.613986733013075,15.354957235481422
RF,seed11,78,1.7,1.6,15.7585522977264,41.36460313306098,16.120802777688827,15.47174884195351
RF,seed11,85,1.8,1.3,74.59685990483652,61.57126448973288,20.950188488929776,15.182097041240016
RF,seed11,60,1.5,2.5,77.430549346183,51.124394236566,5.28813934914015,12.6569268914134
RF,seed11,29,1.2,2.3,94.19984376701287,72.85151591276812,4.6685111413823535,8.94710691245238
RF,seed11,15,1.1,1.9,17.2175256875071,44.497550561992114,14.799912443472774,14.654713681746756
RF,seed11,58,1.5,2.0,15.99250790650005,35.339311207803874,14.311787412395875,14.788126117455436
RF,seed11,54,1.5,1.4,17.02894957415735,43.31043504318417,16.996076659902027,16.357253325874176
NN,seed12,66,1.6,1.5,14.9274385746899,16.64833206909406,13.584928849166,16.22623575455261
NN,seed12,70,1.6,2.1,16.3011911471622,12.312716373883319,15.553481880829267,15.780475398155778
NN,seed12,17,1.1,2.1,99.8683907227732,98.6226312015116,6.0320034789695995,5.416641542843621
NN,seed12,69,1.6,2.0,44.68524155976913,42.64367323365514,7.816281837380406,9.611807663855727
NN,seed12,11,1.1,1.3,32.1657926883108,31.605577909229986,22.335185977271397,21.259884536576468
NN,seed12,8,1.0,2.3,98.04053105918149,94.63823106467254,4.160788629019243,4.508374049235577
NN,seed12,19,1.1,2.3,96.78376589038817,94.51551484191808,7.355559882552597,4.8159928145109365
NN,seed12,21,1.1,2.5,91.92165931955867,92.8612886335318,4.122110394865796,4.611809957321588
NN,seed12,14,1.1,1.8,25.870520205273934,5.736849279531164,14.0049283108389,11.697695223432527
NN,seed12,26,1.2,2.0,14.711327801764734,15.238449772020594,14.213846936187466,13.485830113206813
NN,seed12,100,1.9,1.7,26.590473482268628,24.521930422609724,17.3409152302523,17.280540656951175
NN,seed12,97,1.9,1.4,75.13777001557544,71.24880714907778,18.43361001536898,18.48423062145058
NN,seed12,7,1.0,2.2,100.54575565420733,96.83698689994438,4.83407354664049,4.557035382949687
NN,seed12,107,2.0,1.2,67.92914865962737,65.99551230455837,10.209380580032068,11.793637806270617
NN,seed12,40,1.3,2.5,90.27597041297177,92.47974459151408,3.51680282158692,5.1828708485582045
NN,seed12,93,1.9,1.0,68.1554204717836,66.12735140434751,9.81690258819314,11.437390990308279
NN,seed12,71,1.6,2.5,26.760099448330866,25.41330546322675,17.253243737433966,13.666971053310597
NN,seed12,39,1.3,2.4,93.89981601357904,92.60394634328908,4.59171662750557,5.49342161631669
NN,seed12,31,1.2,2.5,92.37908589082757,92.77014950717773,5.06397086211145,4.8075683385272185
NN,seed12,57,1.5,1.9,43.50616172761773,37.84870731318925,11.167872475426345,14.52409762768323
NN,seed12,9,1.0,2.4,94.62319761567007,93.52404588039849,4.847187637262277,4.500427920013889
NN,seed12,55,1.5,1.7,20.299274061488774,17.294172213924888,18.06789415848285,16.487968061747967
NN,seed12,87,1.8,1.5,75.22236512124877,79.25728449420374,11.421824151342928,9.059348114666216
NN,seed12,85,1.8,1.3,74.59685990483652,72.55794240473102,20.950188488929776,19.566470819946936
GPR,seed12,66,1.6,1.5,14.9274385746899,16.65041191665076,13.584928849166,14.794363548230342
GPR,seed12,70,1.6,2.1,16.3011911471622,21.9040012853708,15.553481880829267,14.794363548230342
GPR,seed12,17,1.1,2.1,99.8683907227732,82.4348507167015,6.0320034789695995,14.794363548230342
GPR,seed12,69,1.6,2.0,44.68524155976913,29.94508055255649,7.816281837380406,14.794363548230342
GPR,seed12,11,1.1,1.3,32.1657926883108,44.401059413497805,22.335185977271397,14.794363548230342
GPR,seed12,8,1.0,2.3,98.04053105918149,103.59978848942606,4.160788629019243,14.794363548230342
GPR,seed12,19,1.1,2.3,96.78376589038817,101.75361226086751,7.355559882552597,14.794363548230342
GPR,seed12,21,1.1,2.5,91.92165931955867,89.66195845583675,4.122110394865796,14.794363548230342
GPR,seed12,14,1.1,1.8,25.870520205273934,15.086195094339253,14.0049283108389,14.794363548230342
GPR,seed12,26,1.2,2.0,14.711327801764734,31.12568581093711,14.213846936187466,14.794363548230342
GPR,seed12,100,1.9,1.7,26.590473482268628,40.76547797098916,17.3409152302523,14.794363548230342
GPR,seed12,97,1.9,1.4,75.13777001557544,71.43891342900628,18.43361001536898,14.794363548230342
GPR,seed12,7,1.0,2.2,100.54575565420733,108.88606849821144,4.83407354664049,14.794363548230342
GPR,seed12,107,2.0,1.2,67.92914865962737,62.01213623628578,10.209380580032068,14.794363548230342
GPR,seed12,40,1.3,2.5,90.27597041297177,99.44356833704676,3.51680282158692,14.794363548230342
GPR,seed12,93,1.9,1.0,68.1554204717836,65.60798156151408,9.81690258819314,14.794363548230342
GPR,seed12,71,1.6,2.5,26.760099448330866,42.17690969450313,17.253243737433966,14.794363548230342
GPR,seed12,39,1.3,2.4,93.89981601357904,91.76192958106746,4.59171662750557,14.794363548230342
GPR,seed12,31,1.2,2.5,92.37908589082757,95.69947412457137,5.06397086211145,14.794363548230342
GPR,seed12,57,1.5,1.9,43.50616172761773,33.15004268262254,11.167872475426345,14.794363548230342
GPR,seed12,9,1.0,2.4,94.62319761567007,95.00261039054111,4.847187637262277,14.794363548230342
GPR,seed12,55,1.5,1.7,20.299274061488774,32.23701236464026,18.06789415848285,14.794363548230342
GPR,seed12,87,1.8,1.5,75.22236512124877,48.613641819782224,11.421824151342928,14.794363548230342
GPR,seed12,85,1.8,1.3,74.59685990483652,72.7124322108519,20.950188488929776,14.794363548230342
k-NN,seed12,66,1.6,1.5,14.9274385746899,27.186557483394903,13.584928849166,16.019886121830876
k-NN,seed12,70,1.6,2.1,16.3011911471622,28.73380860930925,15.553481880829267,15.222119277278189
k-NN,seed12,17,1.1,2.1,99.8683907227732,79.29530659250602,6.0320034789695995,11.988056881171627
k-NN,seed12,69,1.6,2.0,44.68524155976913,29.577413867909968,7.816281837380406,15.59698112530326
k-NN,seed12,11,1.1,1.3,32.1657926883108,41.63852498617023,22.335185977271397,13.900538574080974
k-NN,seed12,8,1.0,2.3,98.04053105918149,95.89687045819608,4.160788629019243,4.986662359562514
k-NN,seed12,19,1.1,2.3,96.78376589038817,94.47601315826086,7.355559882552597,4.602858998562015
k-NN,seed12,21,1.1,2.5,91.92165931955867,94.13157877054087,4.122110394865796,4.759597049870004
k-NN,seed12,14,1.1,1.8,25.870520205273934,38.67477321184133,14.0049283108389,18.698098776894525
k-NN,seed12,26,1.2,2.0,14.711327801764734,62.27563839990098,14.213846936187466,13.924723102606325
k-NN,seed12,100,1.9,1.7,26.590473482268628,39.32933986913453,17.3409152302523,14.882705915653599
k-NN,seed12,97,1.9,1.4,75.13777001557544,67.17795999322823,18.43361001536898,16.65727598358022
k-NN,seed12,7,1.0,2.2,100.54575565420733,91.94186131522198,4.83407354664049,8.626593815846615
k-NN,seed12,107,2.0,1.2,67.92914865962737,66.63232243660293,10.209380580032068,12.900103976321533
k-NN,seed12,40,1.3,2.5,90.27597041297177,77.3616581009107,3.51680282158692,8.954437171061166
k-NN,seed12,93,1.9,1.0,68.1554204717836,67.17874813883458,9.81690258819314,12.01371991744147
k-NN,seed12,71,1.6,2.5,26.760099448330866,58.97781127355242,17.253243737433966,10.056632541868908
k-NN,seed12,39,1.3,2.4,93.89981601357904,77.3616581009107,4.59171662750557,8.954437171061166
k-NN,seed12,31,1.2,2.5,92.37908589082757,92.65368508861562,5.06397086211145,4.559112059456735
k-NN,seed12,57,1.5,1.9,43.50616172761773,30.75058003492742,11.167872475426345,16.515996333344766
k-NN,seed12,9,1.0,2.4,94.62319761567007,95.75478334724475,4.847187637262277,4.849211088853389
k-NN,seed12,55,1.5,1.7,20.299274061488774,34.75449257489855,18.06789415848285,13.521571326820798
k-NN,seed12,87,1.8,1.5,75.22236512124877,49.4194806124731,11.421824151342928,16.26095903899171
k-NN,seed12,85,1.8,1.3,74.59685990483652,67.75566490205144,20.950188488929776,16.67160145751932
PRSM,seed12,66,1.6,1.5,14.9274385746899,37.549646486765084,13.584928849166,17.104644120956333
PRSM,seed12,70,1.6,2.1,16.3011911471622,36.20587049734085,15.553481880829267,14.13647031322446
PRSM,seed12,17,1.1,2.1,99.8683907227732,68.52436461166575,6.0320034789695995,9.963976408759002
PRSM,seed12,69,1.6,2.0,44.68524155976913,33.922646441687064,7.816281837380406,14.734350563738417
PRSM,seed12,11,1.1,1.3,32.1657926883108,37.18607892419383,22.335185977271397,17.748093423318714
PRSM,seed12,8,1.0,2.3,98.04053105918149,97.7701801455255,4.160788629019243,5.979516567539374
PRSM,seed12,19,1.1,2.3,96.78376589038817,86.387682915765,7.355559882552597,7.6052086915511685
PRSM,seed12,21,1.1,2.5,91.92165931955867,108.26249997275679,4.122110394865796,5.0813455889161645
PRSM,seed12,14,1.1,1.8,25.870520205273934,49.25094731719031,14.0049283108389,13.192574136894827
PRSM,seed12,26,1.2,2.0,14.711327801764734,53.754710494384014,14.213846936187466,12.200933849474398
PRSM,seed12,100,1.9,1.7,26.590473482268628,37.4896180143006,17.3409152302523,15.20339693650019
PRSM,seed12,97,1.9,1.4,75.13777001557544,54.942487685996284,18.43361001536898,15.442662883291598
PRSM,seed12,7,1.0,2.2,100.54575565420733,87.3082590365521,4.83407354664049,7.283455917032641
PRSM,seed12,107,2.0,1.2,67.92914865962737,80.1101286298963,10.209380580032068,14.128323538802826
PRSM,seed12,40,1.3,2.5,90.27597041297177,84.24335624325792,3.51680282158692,8.165047900086778
PRSM,seed12,93,1.9,1.0,68.1554204717836,92.2532262167143,9.81690258819314,15.183850296685065
PRSM,seed12,71,1.6,2.5,26.760099448330866,55.36751360218726,17.253243737433966,11.332210847600727
PRSM,seed12,39,1.3,2.4,93.89981601357904,74.86215959627492,4.59171662750557,9.239779239160766
PRSM,seed12,31,1.2,2.5,92.37908589082757,95.77606991112886,5.06397086211145,6.7204227791176
PRSM,seed12,57,1.5,1.9,43.50616172761773,35.14091388398288,11.167872475426345,15.053199460888928
PRSM,seed12,9,1.0,2.4,94.62319761567007,109.23497594272209,4.847187637262277,4.634303371689311
PRSM,seed12,55,1.5,1.7,20.299274061488774,33.5311899881665,18.06789415848285,16.250427865554798
PRSM,seed12,87,1.8,1.5,75.22236512124877,43.64415895108107,11.421824151342928,16.16545438558521
PRSM,seed12,85,1.8,1.3,74.59685990483652,56.23038023792311,20.950188488929776,16.408980613131018
RF,seed12,66,1.6,1.5,14.9274385746899,39.1064918779627,13.584928849166,16.403997977023387
RF,seed12,70,1.6,2.1,16.3011911471622,37.483684111492394,15.553481880829267,15.189216747631976
RF,seed12,17,1.1,2.1,99.8683907227732,68.99702929707973,6.0320034789695995,11.564723507028296
RF,seed12,69,1.6,2.0,44.68524155976913,35.189979566097534,7.816281837380406,16.398182420256674
RF,seed12,11,1.1,1.3,32.1657926883108,42.57160987071454,22.335185977271397,14.195640577292307
RF,seed12,8,1.0,2.3,98.04053105918149,90.67221169831315,4.160788629019243,6.256372982579457
RF,seed12,19,1.1,2.3,96.78376589038817,83.80075583472123,7.355559882552597,7.127531560505492
RF,seed12,21,1.1,2.5,91.92165931955867,88.74560173821072,4.122110394865796,6.000752046506232
RF,seed12,14,1.1,1.8,25.870520205273934,38.42635011724525,14.0049283108389,15.4263686054265
RF,seed12,26,1.2,2.0,14.711327801764734,53.133868664807366,14.213846936187466,14.453940244866244
RF,seed12,100,1.9,1.7,26.590473482268628,42.19649847668868,17.3409152302523,15.28562645170416
RF,seed12,97,1.9,1.4,75.13777001557544,55.10218717756703,18.43361001536898,15.486835911780904
RF,seed12,7,1.0,2.2,100.54575565420733,88.98050538064558,4.83407354664049,7.244822377936137
RF,seed12,107,2.0,1.2,67.92914865962737,65.60242361650342,10.209380580032068,15.164697059538321
RF,seed12,40,1.3,2.5,90.27597041297177,74.00364576972311,3.51680282158692,8.573191344840502
RF,seed12,93,1.9,1.0,68.1554204717836,67.41749110549566,9.81690258819314,15.021955741303891
RF,seed12,71,1.6,2.5,26.760099448330866,58.39431046030498,17.253243737433966,10.655937577910713
RF,seed12,39,1.3,2.4,93.89981601357904,67.82393506924181,4.59171662750557,9.607368170928908
RF,seed12,31,1.2,2.5,92.37908589082757,85.86379433378417,5.06397086211145,6.257736528819944
RF,seed12,57,1.5,1.9,43.50616172761773,35.40097794328872,11.167872475426345,15.966318918780397
RF,seed12,9,1.0,2.4,94.62319761567007,91.95758798626774,4.847187637262277,5.576156452063303
RF,seed12,55,1.5,1.7,20.299274061488774,36.853682723994716,18.06789415848285,15.508409140068885
RF,seed12,87,1.8,1.5,75.22236512124877,45.46896331122609,11.421824151342928,15.659773516093429
RF,seed12,85,1.8,1.3,74.59685990483652,55.86955585004588,20.950188488929776,15.382183022121385
NN,seed13,96,1.9,1.3,66.38616410370926,69.2962870900189,16.596393354324523,16.26630509635604
NN,seed13,15,1.1,1.9,17.2175256875071,16.724002020232263,14.799912443472774,14.463187888073179
NN,seed13,113,2.0,1.8,35.91462169927672,47.64511185006438,17.810556668787925,11.964878751471392
NN,seed13,105,2.0,1.0,64.4252724511907,67.53925959754537,11.742895108603914,9.772535889444239
NN,seed13,23,1.2,1.4,23.16444205795815,31.57737886307123,17.8525156358467,20.58731631705749
NN,seed13,56,1.5,1.8,45.81819199191605,30.996492624907496,11.2627084006723,16.04725637294733
NN,seed13,84,1.8,1.2,73.50397660327812,71.58945341965811,16.233276031999672,17.93603519847731
NN,seed13,60,1.5,2.5,77.430549346183,60.06953822671493,5.28813934914015,12.8031886773283
NN,seed13,63,1.6,1.2,62.83244503940233,74.19073352133302,24.314295670270337,21.124550224973675
NN,seed13,14,1.1,1.8,25.870520205273934,11.603539800967319,14.0049283108389,14.204492427407795
NN,seed13,44,1.4,1.6,18.632969188112835,24.254127447192722,15.479088510995524,18.900617451395604
NN,seed13,80,1.7,2.1,46.453384160498565,54.37000378351871,4.944878573759263,2.539205474622646
NN,seed13,31,1.2,2.5,92.37908589082757,92.08724261955928,5.06397086211145,4.513915183477289
NN,seed13,83,1.8,1.1,71.7471677976817,70.91393460367831,11.460708975733725,14.74501484346237
NN,seed13,55,1.5,1.7,20.299274061488774,21.457350941564087,18.06789415848285,18.136773828613446
NN,seed13,12,1.1,1.4,61.933831883918,65.51656549360693,2.7615194056182433,5.3613555373576816
NN,seed13,69,1.6,2.0,44.68524155976913,52.24586049375181,7.816281837380406,4.725510621859749
NN,seed13,116,2.0,2.4,46.6101304496425,47.594616422894205,1.8767043955324498,3.989814151494274
NN,seed13,59,1.5,2.4,26.10144790045783,30.310598694642387,17.146073295989,21.539553874318145
NN,seed13,104,1.9,2.4,21.4725090184733,23.432879817159854,20.378480371159398,18.242901975748396
NN,seed13,50,1.5,1.0,85.67884501267451,78.87392003537742,26.033455616949,22.014114564024094
NN,seed13,88,1.8,1.6,20.127266298104225,17.993072129504355,15.478872505803125,15.610830683805595
NN,seed13,9,1.0,2.4,94.62319761567007,94.44988479308816,4.847187637262277,4.624852807422892
NN,seed13,39,1.3,2.4,93.89981601357904,92.01176040159875,4.59171662750557,5.007761478988147
GPR,seed13,96,1.9,1.3,66.38616410370926,72.8733353137526,16.596393354324523,15.384197053059587
GPR,seed13,15,1.1,1.9,17.2175256875071,42.098473162880296,14.799912443472774,15.092845771016526
GPR,seed13,113,2.0,1.8,35.91462169927672,36.42296163647356,17.810556668787925,16.041410221627427
GPR,seed13,105,2.0,1.0,64.4252724511907,61.66395132094788,11.742895108603914,12.311143947289585
GPR,seed13,23,1.2,1.4,23.16444205795815,34.864650555562804,17.8525156358467,15.571058226915241
GPR,seed13,56,1.5,1.8,45.81819199191605,37.13238525636446,11.2627084006723,15.173712369503455
GPR,seed13,84,1.8,1.2,73.50397660327812,75.93513233181729,16.233276031999672,16.135391575117566
GPR,seed13,60,1.5,2.5,77.430549346183,57.3235961612608,5.28813934914015,11.26442113044483
GPR,seed13,63,1.6,1.2,62.83244503940233,66.18544134060154,24.314295670270337,18.470302154643658
GPR,seed13,14,1.1,1.8,25.870520205273934,24.590639318423282,14.0049283108389,15.320659632708423
GPR,seed13,44,1.4,1.6,18.632969188112835,41.44434986302859,15.479088510995524,13.163041540022899
GPR,seed13,80,1.7,2.1,46.453384160498565,23.157995491991276,4.944878573759263,15.50254915774791
GPR,seed13,31,1.2,2.5,92.37908589082757,92.78311544737923,5.06397086211145,6.156452435133993
GPR,seed13,83,1.8,1.1,71.7471677976817,74.16763050639321,11.460708975733725,15.471416384115134
GPR,seed13,55,1.5,1.7,20.299274061488774,34.486335915187944,18.06789415848285,14.157860754025592
GPR,seed13,12,1.1,1.4,61.933831883918,31.91721256670095,2.7615194056182433,15.98385033228248
GPR,seed13,69,1.6,2.0,44.68524155976913,26.29324759694609,7.816281837380406,16.447664085015703
GPR,seed13,116,2.0,2.4,46.6101304496425,26.68539043532531,1.8767043955324498,14.277382227623386
GPR,seed13,59,1.5,2.4,26.10144790045783,46.18671874782419,17.146073295989,12.05487394495301
GPR,seed13,104,1.9,2.4,21.4725090184733,32.05171156903036,20.378480371159398,13.874229804244653
GPR,seed13,50,1.5,1.0,85.67884501267451,80.56383526254726,26.033455616949,19.891618907731296
GPR,seed13,88,1.8,1.6,20.127266298104225,41.2623521570362,15.478872505803125,15.688816431146074
GPR,seed13,9,1.0,2.4,94.62319761567007,93.9183472102935,4.847187637262277,5.515267334211563
GPR,seed13,39,1.3,2.4,93.89981601357904,90.45904278275728,4.59171662750557,8.130882360046993
k-NN,seed13,96,1.9,1.3,66.38616410370926,70.12081519463356,16.596393354324523,15.264154563635365
k-NN,seed13,15,1.1,1.9,17.2175256875071,63.7136016795014,14.799912443472774,13.707615025330945
k-NN,seed13,113,2.0,1.8,35.91462169927672,49.466501716648786,17.810556668787925,16.352745626584763
k-NN,seed13,105,2.0,1.0,64.4252724511907,69.09219023561262,11.742895108603914,13.691770742702488
k-NN,seed13,23,1.2,1.4,23.16444205795815,35.96629667389979,17.8525156358467,14.728865626958811
k-NN,seed13,56,1.5,1.8,45.81819199191605,33.5352898909458,11.2627084006723,13.769559569049141
k-NN,seed13,84,1.8,1.2,73.50397660327812,71.39630437396576,16.233276031999672,16.739037564000018
k-NN,seed13,60,1.5,2.5,77.430549346183,56.825754937665565,5.28813934914015,11.858216044776634
k-NN,seed13,63,1.6,1.2,62.83244503940233,59.80622227831359,24.314295670270337,19.00488347001493
k-NN,seed13,14,1.1,1.8,25.870520205273934,49.29969972863161,14.0049283108389,16.581940931864843
k-NN,seed13,44,1.4,1.6,18.632969188112835,37.25794414050085,15.479088510995524,12.485114591940455
k-NN,seed13,80,1.7,2.1,46.453384160498565,23.732240580663692,4.944878573759263,16.150257566951236
k-NN,seed13,31,1.2,2.5,92.37908589082757,92.64739666198165,5.06397086211145,4.880784390859235
k-NN,seed13,83,1.8,1.1,71.7471677976817,70.60423914717916,11.460708975733725,15.593343027565732
k-NN,seed13,55,1.5,1.7,20.299274061488774,33.60806573364531,18.06789415848285,13.913819046956418
k-NN,seed13,12,1.1,1.4,61.933831883918,36.83628915215582,2.7615194056182433,15.186049507177279
k-NN,seed13,69,1.6,2.0,44.68524155976913,28.154261098450963,7.816281837380406,15.301309430260066
k-NN,seed13,116,2.0,2.4,46.6101304496425,25.598220523355888,1.8767043955324498,14.13099397462685
k-NN,seed13,59,1.5,2.4,26.10144790045783,49.07606490708994,17.146073295989,12.891269307232548
k-NN,seed13,104,1.9,2.4,21.4725090184733,26.84556553442557,20.378480371159398,14.61016611846402
k-NN,seed13,50,1.5,1.0,85.67884501267451,56.195127076159956,26.033455616949,19.899785427593432
k-NN,seed13,88,1.8,1.6,20.127266298104225,44.998028399412306,15.478872505803125,16.195539453966074
k-NN,seed13,9,1.0,2.4,94.62319761567007,96.02654724265723,4.847187637262277,4.938709903872743
k-NN,seed13,39,1.3,2.4,93.89981601357904,79.34940781430346,4.59171662750557,8.439426310661226
PRSM,seed13,96,1.9,1.3,66.38616410370926,65.2448652874186,16.596393354324523,14.872092959820055
PRSM,seed13,15,1.1,1.9,17.2175256875071,57.612032276192984,14.799912443472774,12.312105877433595
PRSM,seed13,113,2.0,1.8,35.91462169927672,38.086373807276104,17.810556668787925,15.222262452390401
PRSM,seed13,105,2.0,1.0,64.4252724511907,105.73744001263523,11.742895108603914,12.179879452693456
PRSM,seed13,23,1.2,1.4,23.16444205795815,35.97612587605233,17.8525156358467,18.092677559068655
PRSM,seed13,56,1.5,1.8,45.81819199191605,33.965136115522725,11.2627084006723,15.827538932052873
PRSM,seed13,84,1.8,1.2,73.50397660327812,64.83387058868814,16.233276031999672,15.769681951697557
PRSM,seed13,60,1.5,2.5,77.430549346183,58.292660266770994,5.28813934914015,10.646331948544772
PRSM,seed13,63,1.6,1.2,62.83244503940233,50.500448561239295,24.314295670270337,17.695938133863773
PRSM,seed13,14,1.1,1.8,25.870520205273934,51.975047382478195,14.0049283108389,13.523611549611172
PRSM,seed13,44,1.4,1.6,18.632969188112835,34.8136478060586,15.479088510995524,16.84571177988545
PRSM,seed13,80,1.7,2.1,46.453384160498565,30.631727023586,4.944878573759263,15.032485852323271
PRSM,seed13,31,1.2,2.5,92.37908589082757,94.29464506718958,5.06397086211145,5.932407343045071
PRSM,seed13,83,1.8,1.1,71.7471677976817,73.02986069116113,11.460708975733725,15.577823700274294
PRSM,seed13,55,1.5,1.7,20.299274061488774,33.771451431058345,18.06789415848285,16.378803360499468
PRSM,seed13,12,1.1,1.4,61.933831883918,37.63129757904672,2.7615194056182433,17.897364243899364
PRSM,seed13,69,1.6,2.0,44.68524155976913,32.959135847025735,7.816281837380406,15.07857518817513
PRSM,seed13,116,2.0,2.4,46.6101304496425,21.80567119325321,1.8767043955324498,15.520515725590183
PRSM,seed13,59,1.5,2.4,26.10144790045783,52.3560427423072,17.146073295989,11.528185373086853
PRSM,seed13,104,1.9,2.4,21.4725090184733,25.548312011913108,20.378480371159398,15.031843940219703
PRSM,seed13,50,1.5,1.0,85.67884501267451,55.38738999980535,26.033455616949,18.915298375243665
PRSM,seed13,88,1.8,1.6,20.127266298104225,40.25409995022388,15.478872505803125,16.064844962968483
PRSM,seed13,9,1.0,2.4,94.62319761567007,112.49933293074757,4.847187637262277,3.6634264564561914
PRSM,seed13,39,1.3,2.4,93.89981601357904,72.86220858095697,4.59171662750557,8.846973234129868
RF,seed13,96,1.9,1.3,66.38616410370926,62.50932560190166,16.596393354324523,15.034276756816583
RF,seed13,15,1.1,1.9,17.2175256875071,51.274924784280415,14.799912443472774,17.5293246708628
RF,seed13,113,2.0,1.8,35.91462169927672,35.96116057044095,17.810556668787925,15.895991368662944
RF,seed13,105,2.0,1.0,64.4252724511907,66.26843110294129,11.742895108603914,14.244567720838106
RF,seed13,23,1.2,1.4,23.16444205795815,40.05238934339353,17.8525156358467,14.59875013803482
RF,seed13,56,1.5,1.8,45.81819199191605,32.26117654492573,11.2627084006723,16.048260707030884
RF,seed13,84,1.8,1.2,73.50397660327812,62.923575590959686,16.233276031999672,16.17435794271421
RF,seed13,60,1.5,2.5,77.430549346183,44.48091540983548,5.28813934914015,13.703298974040234
RF,seed13,63,1.6,1.2,62.83244503940233,55.80613235397878,24.314295670270337,17.910670462260583
RF,seed13,14,1.1,1.8,25.870520205273934,45.709821950769786,14.0049283108389,17.367343241150497
RF,seed13,44,1.4,1.6,18.632969188112835,40.710794971321256,15.479088510995524,15.308836806665022
RF,seed13,80,1.7,2.1,46.453384160498565,31.303951756187402,4.944878573759263,16.21765471487125
RF,seed13,31,1.2,2.5,92.37908589082757,88.75205639716063,5.06397086211145,5.3249071160080295
RF,seed13,83,1.8,1.1,71.7471677976817,63.63238626580088,11.460708975733725,16.267116108644682
RF,seed13,55,1.5,1.7,20.299274061488774,34.60424423114796,18.06789415848285,15.716511179988956
RF,seed13,12,1.1,1.4,61.933831883918,37.9572905428034,2.7615194056182433,18.153930504007622
RF,seed13,69,1.6,2.0,44.68524155976913,31.465808219330416,7.816281837380406,16.480565996732974
RF,seed13,116,2.0,2.4,46.6101304496425,42.003088345875625,1.8767043955324498,13.039319259458376
RF,seed13,59,1.5,2.4,26.10144790045783,50.5753555048412,17.146073295989,12.30871546734087
RF,seed13,104,1.9,2.4,21.4725090184733,44.117026169080326,20.378480371159398,11.793284212761503
RF,seed13,50,1.5,1.0,85.67884501267451,56.60026040477678,26.033455616949,18.916876044660718
RF,seed13,88,1.8,1.6,20.127266298104225,48.28741004333853,15.478872505803125,15.576887434186778
RF,seed13,9,1.0,2.4,94.62319761567007,94.95734971012561,4.847187637262277,4.864298669657904
RF,seed13,39,1.3,2.4,93.89981601357904,79.78201742441792,4.59171662750557,7.399501053043062
NN,seed14,58,1.5,2.0,15.99250790650005,16.327324199885354,14.311787412395875,14.34327692175437
NN,seed14,69,1.6,2.0,44.68524155976913,47.83112838119417,7.816281837380406,7.662026782208069
NN,seed14,54,1.5,1.4,17.02894957415735,18.347887080641748,16.996076659902027,16.275374876555258
NN,seed14,20,1.1,2.4,93.87229119248633,94.04662190752391,4.1169070132174665,5.047279887803395
NN,seed14,39,1.3,2.4,93.89981601357904,92.5833455748581,4.59171662750557,5.2661206237613385
NN,seed14,29,1.2,2.3,94.19984376701287,95.4782181294828,4.6685111413823535,5.530347663068239
NN,seed14,7,1.0,2.2,100.54575565420733,98.00562360177798,4.83407354664049,5.7103907293083065
NN,seed14,108,2.0,1.3,66.91419695119404,67.29248925964644,11.52766858628333,12.892838882629071
NN,seed14,82,1.8,1.0,69.86792006915198,68.70083881683843,12.97838453858875,11.613834698604713
NN,seed14,85,1.8,1.3,74.59685990483652,72.19505740488057,20.950188488929776,19.039076360940992
NN,seed14,15,1.1,1.9,17.2175256875071,19.03306946472241,14.799912443472774,14.06084300377684
NN,seed14,95,1.9,1.2,70.00787075196287,68.57610674744372,12.489846976718844,13.244673693353521
NN,seed14,105,2.0,1.0,64.4252724511907,63.65238887149416,11.742895108603914,9.443245369721105
NN,seed14,94,1.9,1.1,68.81050163065262,66.53054472336513,12.446708860384476,11.356901382410166
NN,seed14,89,1.8,1.7,15.251624701513725,17.77979018043836,16.0562316100248,16.207548334063148
NN,seed14,2,1.0,1.4,20.89585714361514,23.329369816805126,16.56761127473616,21.934924844629464
NN,seed14,34,1.3,1.5,20.51884998427476,19.62775637024346,18.09916668244404,15.815462211619598
NN,seed14,6,1.0,2.1,102.31586665053233,100.22250326049853,5.1165813362992765,5.3155583680427405
NN,seed14,38,1.3,2.3,88.71483507879226,90.41257071293158,4.810595951836794,6.284776466522025
NN,seed14,75,1.7,1.3,63.28835250491195,66.9304616356739,18.9934879839535,20.862447037008447
NN,seed14,64,1.6,1.3,58.043875247217635,62.22048900630166,14.45764646727391,16.02524811423908
NN,seed14,55,1.5,1.7,20.299274061488774,18.51209930036812,18.06789415848285,15.604855855908065
NN,seed14,66,1.6,1.5,14.9274385746899,18.117261882260358,13.584928849166,16.20683961425846
NN,seed14,53,1.5,1.3,20.781487856364,16.88459115808989,13.267190582608643,18.310296599160985
GPR,seed14,58,1.5,2.0,15.99250790650005,29.07337680462892,14.311787412395875,15.302084106575164
GPR,seed14,69,1.6,2.0,44.68524155976913,31.52365697740598,7.816281837380406,15.41214987435075
GPR,seed14,54,1.5,1.4,17.02894957415735,21.95882519584934,16.996076659902027,14.89926248231125
GPR,seed14,20,1.1,2.4,93.87229119248633,96.60806818576185,4.1169070132174665,11.448475593869066
GPR,seed14,39,1.3,2.4,93.89981601357904,82.9414346718202,4.59171662750557,11.803980977181594
GPR,seed14,29,1.2,2.3,94.19984376701287,86.50187386174682,4.6685111413823535,13.348906592997817
GPR,seed14,7,1.0,2.2,100.54575565420733,105.85569969827743,4.83407354664049,12.874288513728581
GPR,seed14,108,2.0,1.3,66.91419695119404,67.09159839249523,11.52766858628333,14.881293781416584
GPR,seed14,82,1.8,1.0,69.86792006915198,70.03398075648859,12.97838453858875,15.435434649025208
GPR,seed14,85,1.8,1.3,74.59685990483652,73.25204909055132,20.950188488929776,14.950158928924088
GPR,seed14,15,1.1,1.9,17.2175256875071,42.127509260768605,14.799912443472774,15.891131430209606
GPR,seed14,95,1.9,1.2,70.00787075196287,69.54001919880254,12.489846976718844,15.555558215104224
GPR,seed14,105,2.0,1.0,64.4252724511907,61.642202949078,11.742895108603914,14.427823858239703
GPR,seed14,94,1.9,1.1,68.81050163065262,67.88128707366377,12.446708860384476,15.110884911778184
GPR,seed14,89,1.8,1.7,15.251624701513725,19.843317573714224,16.0562316100248,14.63784154920988
GPR,seed14,2,1.0,1.4,20.89585714361514,49.30745184011146,16.56761127473616,13.31135729896523
GPR,seed14,34,1.3,1.5,20.51884998427476,40.30741958797237,18.09916668244404,13.698395660386742
GPR,seed14,6,1.0,2.1,102.31586665053233,105.01070809189054,5.1165813362992765,14.072231661242004
GPR,seed14,38,1.3,2.3,88.71483507879226,63.71214317433092,4.810595951836794,13.998043912797485
GPR,seed14,75,1.7,1.3,63.28835250491195,65.42738071186193,18.9934879839535,14.957492759890009
GPR,seed14,64,1.6,1.3,58.043875247217635,48.37213100995881,14.45764646727391,14.975545426833206
GPR,seed14,55,1.5,1.7,20.299274061488774,32.208305399846964,18.06789415848285,13.94723597844705
GPR,seed14,66,1.6,1.5,14.9274385746899,17.71482748051171,13.584928849166,14.371842189543816
GPR,seed14,53,1.5,1.3,20.781487856364,33.42088504924605,13.267190582608643,15.017277872397194
k-NN,seed14,58,1.5,2.0,15.99250790650005,35.58703697935898,14.311787412395875,14.878031650477604
k-NN,seed14,69,1.6,2.0,44.68524155976913,32.21964453379276,7.816281837380406,13.692157374965099
k-NN,seed14,54,1.5,1.4,17.02894957415735,45.18139846918733,16.996076659902027,19.031857649658395
k-NN,seed14,20,1.1,2.4,93.87229119248633,95.09166085227346,4.1169070132174665,5.102878912600154
k-NN,seed14,39,1.3,2.4,93.89981601357904,73.19714077864167,4.59171662750557,10.036385304082868
k-NN,seed14,29,1.2,2.3,94.19984376701287,83.11128093070052,4.6685111413823535,8.505444808210706
k-NN,seed14,7,1.0,2.2,100.54575565420733,91.18606716174811,4.83407354664049,8.87481119314242
k-NN,seed14,108,2.0,1.3,66.91419695119404,68.44962485326019,11.52766858628333,16.429109652603305
k-NN,seed14,82,1.8,1.0,69.86792006915198,72.11542376261997,12.97838453858875,16.11317678269667
k-NN,seed14,85,1.8,1.3,74.59685990483652,72.17667074892127,20.950188488929776,16.5695203696265
k-NN,seed14,15,1.1,1.9,17.2175256875071,56.06906703497556,14.799912443472774,14.596449722784907
k-NN,seed14,95,1.9,1.2,70.00787075196287,69.79510165668762,12.489846976718844,15.044455165919317
k-NN,seed14,105,2.0,1.0,64.4252724511907,70.26372544785096,11.742895108603914,14.704903669275447
k-NN,seed14,94,1.9,1.1,68.81050163065262,71.41751137901474,12.446708860384476,15.100818238454094
k-NN,seed14,89,1.8,1.7,15.251624701513725,44.95808101051142,16.0562316100248,15.839203014920455
k-NN,seed14,2,1.0,1.4,20.89585714361514,37.22806331466955,16.56761127473616,14.625017927774309
k-NN,seed14,34,1.3,1.5,20.51884998427476,38.535134033827944,18.09916668244404,12.418389086266469
k-NN,seed14,6,1.0,2.1,102.31586665053233,78.45997222703915,5.1165813362992765,11.499450129172219
k-NN,seed14,38,1.3,2.3,88.71483507879226,74.78225029897598,4.810595951836794,10.50676484200008
k-NN,seed14,75,1.7,1.3,63.28835250491195,60.677105979213465,18.9934879839535,18.104944238509013
k-NN,seed14,64,1.6,1.3,58.043875247217635,60.2397965266304,14.45764646727391,19.503473670116495
k-NN,seed14,55,1.5,1.7,20.299274061488774,36.834147475886105,18.06789415848285,13.710799723745692
k-NN,seed14,66,1.6,1.5,14.9274385746899,38.00174050578415,13.584928849166,16.531793799235075
k-NN,seed14,53,1.5,1.3,20.781487856364,58.23728141795993,13.267190582608643,20.484321724993983
PRSM,seed14,58,1.5,2.0,15.99250790650005,37.196727940805175,14.311787412395875,14.577529621702054
PRSM,seed14,69,1.6,2.0,44.68524155976913,33.92934722512841,7.816281837380406,14.924441438245646
PRSM,seed14,54,1.5,1.4,17.02894957415735,40.97933119593765,16.996076659902027,18.008934254957904
PRSM,seed14,20,1.1,2.4,93.87229119248633,92.46835690887966,4.1169070132174665,6.490716399533394
PRSM,seed14,39,1.3,2.4,93.89981601357904,70.39058214325873,4.59171662750557,9.46887050218622
PRSM,seed14,29,1.2,2.3,94.19984376701287,72.65036889128513,4.6685111413823535,9.189100451868729
PRSM,seed14,7,1.0,2.2,100.54575565420733,85.25771696966073,4.83407354664049,7.3065194181161095
PRSM,seed14,108,2.0,1.3,66.91419695119404,75.09791637874144,11.52766858628333,14.410279154343542
PRSM,seed14,82,1.8,1.0,69.86792006915198,85.7573814392394,12.97838453858875,16.85188416209947
PRSM,seed14,85,1.8,1.3,74.59685990483652,59.85031121790338,20.950188488929776,16.643919509113378
PRSM,seed14,15,1.1,1.9,17.2175256875071,54.83622022205315,14.799912443472774,12.234504181527374
PRSM,seed14,95,1.9,1.2,70.00787075196287,75.7454177690389,12.489846976718844,15.624058970594268
PRSM,seed14,105,2.0,1.0,64.4252724511907,107.24433985800167,11.742895108603914,13.975110289038266
PRSM,seed14,94,1.9,1.1,68.81050163065262,85.42100005247158,12.446708860384476,15.586191601874404
PRSM,seed14,89,1.8,1.7,15.251624701513725,37.74357164378075,16.0562316100248,15.90587431077635
PRSM,seed14,2,1.0,1.4,20.89585714361514,41.599202035490116,16.56761127473616,16.432573238317165
PRSM,seed14,34,1.3,1.5,20.51884998427476,37.35996537916193,18.09916668244404,17.285883533586976
PRSM,seed14,6,1.0,2.1,102.31586665053233,76.69139742264139,5.1165813362992765,8.562465894230135
PRSM,seed14,38,1.3,2.3,88.71483507879226,63.16736483648833,4.810595951836794,10.469072932633928
PRSM,seed14,75,1.7,1.3,63.28835250491195,53.774481992563295,18.9934879839535,17.45499273396033
PRSM,seed14,64,1.6,1.3,58.043875247217635,48.73063500394253,14.45764646727391,18.06223465711531
PRSM,seed14,55,1.5,1.7,20.299274061488774,35.09073719376683,18.06789415848285,16.441333043658556
PRSM,seed14,66,1.6,1.5,14.9274385746899,40.06025966678419,13.584928849166,17.330279092565256
PRSM,seed14,53,1.5,1.3,20.781487856364,44.71877025204107,13.267190582608643,18.465645278578318
RF,seed14,58,1.5,2.0,15.99250790650005,34.8145402207132,14.311787412395875,15.778730647799522
RF,seed14,69,1.6,2.0,44.68524155976913,30.835399416193187,7.816281837380406,16.236200885338572
RF,seed14,54,1.5,1.4,17.02894957415735,50.301770095972515,16.996076659902027,17.60261977587401
RF,seed14,20,1.1,2.4,93.87229119248633,92.54841923766026,4.1169070132174665,5.30548235218547
RF,seed14,39,1.3,2.4,93.89981601357904,75.51459630472343,4.59171662750557,8.115066737819685
RF,seed14,29,1.2,2.3,94.19984376701287,78.48352250342596,4.6685111413823535,8.37004101660812
RF,seed14,7,1.0,2.2,100.54575565420733,92.99982180168473,4.83407354664049,6.444037900316495
RF,seed14,108,2.0,1.3,66.91419695119404,67.03180755308125,11.52766858628333,15.010502665247484
RF,seed14,82,1.8,1.0,69.86792006915198,69.84016151665752,12.97838453858875,14.632893474220575
RF,seed14,85,1.8,1.3,74.59685990483652,66.0204191368444,20.950188488929776,15.580335856773345
RF,seed14,15,1.1,1.9,17.2175256875071,51.867057994016164,14.799912443472774,16.32342136366639
RF,seed14,95,1.9,1.2,70.00787075196287,68.71568970035686,12.489846976718844,14.524844245512584
RF,seed14,105,2.0,1.0,64.4252724511907,68.580908861731,11.742895108603914,13.544298941992498
RF,seed14,94,1.9,1.1,68.81050163065262,68.68029938290697,12.446708860384476,13.909917727805773
RF,seed14,89,1.8,1.7,15.251624701513725,38.72997286944626,16.0562316100248,15.402247517200529
RF,seed14,2,1.0,1.4,20.89585714361514,48.11857845753054,16.56761127473616,12.45524062768687
RF,seed14,34,1.3,1.5,20.51884998427476,41.85731920524148,18.09916668244404,13.846093506285849
RF,seed14,6,1.0,2.1,102.31586665053233,83.71841628578315,5.1165813362992765,9.638101912113573
RF,seed14,38,1.3,2.3,88.71483507879226,59.602733024663564,4.810595951836794,12.144362328427373
RF,seed14,75,1.7,1.3,63.28835250491195,64.00654801843034,18.9934879839535,17.165791271521016
RF,seed14,64,1.6,1.3,58.043875247217635,58.192517739522636,14.45764646727391,19.22889662704538
RF,seed14,55,1.5,1.7,20.299274061488774,38.772035395471214,18.06789415848285,14.724493968259637
RF,seed14,66,1.6,1.5,14.9274385746899,47.54035128092118,13.584928849166,16.632318002362545
RF,seed14,53,1.5,1.3,20.781487856364,56.37275763405875,13.267190582608643,19.365808409692477
NN,seed15,101,1.9,1.8,15.04936161152886,17.800521641836248,16.756088065827463,16.034700200458477
NN,seed15,97,1.9,1.4,75.13777001557544,69.71246831802083,18.43361001536898,18.822990416939817
NN,seed15,8,1.0,2.3,98.04053105918149,95.97778830071832,4.160788629019243,5.507334451743308
NN,seed15,57,1.5,1.9,43.50616172761773,40.562370166537505,11.167872475426345,13.084311976942049
NN,seed15,11,1.1,1.3,32.1657926883108,31.59428528099787,22.335185977271397,20.672314266191755
NN,seed15,81,1.7,2.2,14.488534728757534,16.96140046284001,14.601191023961066,17.08954225145159
NN,seed15,87,1.8,1.5,75.22236512124877,71.6265626758755,11.421824151342928,11.341478786278715
NN,seed15,36,1.3,1.7,34.115780411653425,31.506264935585058,17.691033064657375,20.927224385131208
NN,seed15,108,2.0,1.3,66.91419695119404,67.56450559392748,11.52766858628333,12.313702174338092
NN,seed15,25,1.2,1.6,24.95659463756515,27.5896652616774,19.11475683793465,21.65841860808537
NN,seed15,52,1.5,1.2,56.484914849706776,52.89259431271078,21.09007756483452,17.29617545390661
NN,seed15,112,2.0,1.7,69.86265452997606,76.5344730632614,15.447604729134476,10.22768043202996
NN,seed15,94,1.9,1.1,68.81050163065262,67.86966249182947,12.446708860384476,11.643666637200242
NN,seed15,51,1.5,1.1,71.3828894764614,76.42368169077258,21.64499300940713,23.34946930287476
NN,seed15,90,1.8,2.1,21.35579681348827,22.350783566219814,18.801330423732566,18.225198168290973
NN,seed15,102,1.9,2.2,17.088880431403968,18.145738428362115,18.899387459468134,17.208961265144694
NN,seed15,61,1.6,1.0,78.60220609535597,77.30512491591544,17.989211690166634,21.397214590624618
NN,seed15,64,1.6,1.3,58.043875247217635,60.3916889585884,14.45764646727391,14.48212611637788
NN,seed15,21,1.1,2.5,91.92165931955867,93.02258859082121,4.122110394865796,4.721539293671803
NN,seed15,30,1.2,2.4,93.48940821225624,93.59092000377031,3.98125478783674,4.950831253686184
NN,seed15,43,1.4,1.2,20.481919337918775,18.939711562624723,19.09315793183945,17.304956470443635
NN,seed15,14,1.1,1.8,25.870520205273934,18.140667255416936,14.0049283108389,10.617743106161305
NN,seed15,86,1.8,1.4,65.591960546395,69.65507541162117,19.04500294060005,19.927941892007503
NN,seed15,38,1.3,2.3,88.71483507879226,91.05757870553973,4.810595951836794,5.63856095078766
GPR,seed15,101,1.9,1.8,15.04936161152886,22.98004597765643,16.756088065827463,15.911349578398294
GPR,seed15,97,1.9,1.4,75.13777001557544,70.3231624847726,18.43361001536898,16.187221469859228
GPR,seed15,8,1.0,2.3,98.04053105918149,97.71720594894512,4.160788629019243,6.2708106406579285
GPR,seed15,57,1.5,1.9,43.50616172761773,32.785306399071445,11.167872475426345,15.496022815169388
GPR,seed15,11,1.1,1.3,32.1657926883108,43.66566394149252,22.335185977271397,14.651592696074406
GPR,seed15,81,1.7,2.2,14.488534728757534,30.98356143683181,14.601191023961066,11.79758780770892
GPR,seed15,87,1.8,1.5,75.22236512124877,48.198720431433,11.421824151342928,16.169757085991204
GPR,seed15,36,1.3,1.7,34.115780411653425,47.54551602395324,17.691033064657375,12.465623793372455
GPR,seed15,108,2.0,1.3,66.91419695119404,66.7923539725115,11.52766858628333,14.572859728611073
GPR,seed15,25,1.2,1.6,24.95659463756515,46.02482042631634,19.11475683793465,11.776304567618112
GPR,seed15,52,1.5,1.2,56.484914849706776,44.66132339922368,21.09007756483452,19.543348287462237
GPR,seed15,112,2.0,1.7,69.86265452997606,49.46625047157899,15.447604729134476,16.35887927929002
GPR,seed15,94,1.9,1.1,68.81050163065262,68.19154375445935,12.446708860384476,13.239313810169067
GPR,seed15,51,1.5,1.1,71.3828894764614,66.45676777610801,21.64499300940713,20.838062515258038
GPR,seed15,90,1.8,2.1,21.35579681348827,42.872931714229175,18.801330423732566,11.227307419130813
GPR,seed15,102,1.9,2.2,17.088880431403968,40.00248043430616,18.899387459468134,10.348307294997147
GPR,seed15,61,1.6,1.0,78.60220609535597,80.23081008812497,17.989211690166634,19.302168449602952
GPR,seed15,64,1.6,1.3,58.043875247217635,45.15664191809972,14.45764646727391,17.999117708021785
GPR,seed15,21,1.1,2.5,91.92165931955867,91.24025992494646,4.122110394865796,6.051208496782814
GPR,seed15,30,1.2,2.4,93.48940821225624,96.12787960190373,3.98125478783674,6.5909712940942935
GPR,seed15,43,1.4,1.2,20.481919337918775,29.091696514216046,19.09315793183945,18.986812435668632
GPR,seed15,14,1.1,1.8,25.870520205273934,18.72993924846169,14.0049283108389,14.626544924312329
GPR,seed15,86,1.8,1.4,65.591960546395,64.26331348086235,19.04500294060005,16.548031305345965
GPR,seed15,38,1.3,2.3,88.71483507879226,67.80755129292734,4.810595951836794,10.927023952721877
k-NN,seed15,101,1.9,1.8,15.04936161152886,34.15265457314777,16.756088065827463,15.360157727972469
k-NN,seed15,97,1.9,1.4,75.13777001557544,69.7038827149698,18.43361001536898,17.836480193550905
k-NN,seed15,8,1.0,2.3,98.04053105918149,96.38586276823406,4.160788629019243,5.393349796715194
k-NN,seed15,57,1.5,1.9,43.50616172761773,30.75058003492742,11.167872475426345,16.515996333344766
k-NN,seed15,11,1.1,1.3,32.1657926883108,41.63852498617023,22.335185977271397,13.900538574080974
k-NN,seed15,81,1.7,2.2,14.488534728757534,31.706620740652255,14.601191023961066,12.163118437008736
k-NN,seed15,87,1.8,1.5,75.22236512124877,49.727642952782055,11.421824151342928,14.607147377185361
k-NN,seed15,36,1.3,1.7,34.115780411653425,38.668934386099565,17.691033064657375,11.989316292557167
k-NN,seed15,108,2.0,1.3,66.91419695119404,66.76507948332826,11.52766858628333,13.47212754072019
k-NN,seed15,25,1.2,1.6,24.95659463756515,38.15191761663596,19.11475683793465,12.348052490139823
k-NN,seed15,52,1.5,1.2,56.484914849706776,43.89928874502082,21.09007756483452,19.258395110090895
k-NN,seed15,112,2.0,1.7,69.86265452997606,55.353551775954614,15.447604729134476,16.408484205927287
k-NN,seed15,94,1.9,1.1,68.81050163065262,68.89146287404043,12.446708860384476,12.288127335308374
k-NN,seed15,51,1.5,1.1,71.3828894764614,70.7044247763938,21.64499300940713,23.304474787750024
k-NN,seed15,90,1.8,2.1,21.35579681348827,38.48154406719937,18.801330423732566,9.271067806447972
k-NN,seed15,102,1.9,2.2,17.088880431403968,30.991777724298434,18.899387459468134,11.543605726523785
k-NN,seed15,61,1.6,1.0,78.60220609535597,74.04610387869764,17.989211690166634,21.47177279789127
k-NN,seed15,64,1.6,1.3,58.043875247217635,46.7126660282899,14.45764646727391,17.388707735076586
k-NN,seed15,21,1.1,2.5,91.92165931955867,94.13007755638051,4.122110394865796,5.3203833596308225
k-NN,seed15,30,1.2,2.4,93.48940821225624,94.22696055085879,3.98125478783674,5.159333105353888
k-NN,seed15,43,1.4,1.2,20.481919337918775,42.468062443826945,19.09315793183945,20.291086371414227
k-NN,seed15,14,1.1,1.8,25.870520205273934,36.62571984468125,14.0049283108389,17.71791679654509
k-NN,seed15,86,1.8,1.4,65.591960546395,67.9884583940789,19.04500294060005,17.361642961368055
k-NN,seed15,38,1.3,2.3,88.71483507879226,67.36344874125744,4.810595951836794,12.308521729467309
PRSM,seed15,101,1.9,1.8,15.04936161152886,33.15214227118362,16.756088065827463,14.597905532729655
PRSM,seed15,97,1.9,1.4,75.13777001557544,53.079675041260586,18.43361001536898,15.065341691324566
PRSM,seed15,8,1.0,2.3,98.04053105918149,98.24558542700385,4.160788629019243,5.6889434982369185
PRSM,seed15,57,1.5,1.9,43.50616172761773,34.16639701949073,11.167872475426345,14.725149539135678
PRSM,seed15,11,1.1,1.3,32.1657926883108,38.20889389633568,22.335185977271397,17.473532116733345
PRSM,seed15,81,1.7,2.2,14.488534728757534,33.93789971609479,14.601191023961066,13.544942444757877
PRSM,seed15,87,1.8,1.5,75.22236512124877,41.96954422641927,11.421824151342928,15.800351644826414
PRSM,seed15,36,1.3,1.7,34.115780411653425,36.99082700372068,17.691033064657375,15.279177381708045
PRSM,seed15,108,2.0,1.3,66.91419695119404,68.22194718163843,11.52766858628333,13.886123744083708
PRSM,seed15,25,1.2,1.6,24.95659463756515,38.544262805729154,19.11475683793465,15.511823176556515
PRSM,seed15,52,1.5,1.2,56.484914849706776,44.80322143567581,21.09007756483452,18.328673506274345
PRSM,seed15,112,2.0,1.7,69.86265452997606,40.55116211989325,15.447604729134476,13.966909982402088
PRSM,seed15,94,1.9,1.1,68.81050163065262,78.01412732222761,12.446708860384476,15.065236780672262
PRSM,seed15,51,1.5,1.1,71.3828894764614,50.12802595357246,21.64499300940713,18.709869490304254
PRSM,seed15,90,1.8,2.1,21.35579681348827,29.40101076789722,18.801330423732566,14.076474080364973
PRSM,seed15,102,1.9,2.2,17.088880431403968,28.44564219201613,18.899387459468134,13.596096757603712
PRSM,seed15,61,1.6,1.0,78.60220609535597,62.6924243022236,17.989211690166634,18.34809432342117
PRSM,seed15,64,1.6,1.3,58.043875247217635,43.76451515932796,14.45764646727391,17.51547830341684
PRSM,seed15,21,1.1,2.5,91.92165931955867,107.1854779952318,4.122110394865796,4.917783427020986
PRSM,seed15,30,1.2,2.4,93.48940821225624,84.26318031256625,3.98125478783674,7.703396227377161
PRSM,seed15,43,1.4,1.2,20.481919337918775,41.59576893045788,19.09315793183945,18.627436663448332
PRSM,seed15,14,1.1,1.8,25.870520205273934,50.301132765193515,14.0049283108389,12.826440212017344
PRSM,seed15,86,1.8,1.4,65.591960546395,47.39390070397606,19.04500294060005,15.970770562370491
PRSM,seed15,38,1.3,2.3,88.71483507879226,65.37302395543719,4.810595951836794,10.04480103399433
RF,seed15,101,1.9,1.8,15.04936161152886,36.43332999429121,16.756088065827463,16.05943735267415
RF,seed15,97,1.9,1.4,75.13777001557544,55.268922549153714,18.43361001536898,15.850868304969778
RF,seed15,8,1.0,2.3,98.04053105918149,95.81822031347807,4.160788629019243,5.944800814675173
RF,seed15,57,1.5,1.9,43.50616172761773,30.972943959813136,11.167872475426345,15.686803538524659
RF,seed15,11,1.1,1.3,32.1657926883108,41.85034955857541,22.335185977271397,14.423475823238817
RF,seed15,81,1.7,2.2,14.488534728757534,36.95574691080271,14.601191023961066,10.141148663497802
RF,seed15,87,1.8,1.5,75.22236512124877,37.272688129377705,11.421824151342928,15.515564055744505
RF,seed15,36,1.3,1.7,34.115780411653425,34.734905483982004,17.691033064657375,13.632219965619203
RF,seed15,108,2.0,1.3,66.91419695119404,65.75214257792622,11.52766858628333,15.488973468636656
RF,seed15,25,1.2,1.6,24.95659463756515,37.48252678218365,19.11475683793465,12.727816958398785
RF,seed15,52,1.5,1.2,56.484914849706776,62.594018197362196,21.09007756483452,21.46677991420445
RF,seed15,112,2.0,1.7,69.86265452997606,42.48593895787667,15.447604729134476,16.232796387666586
RF,seed15,94,1.9,1.1,68.81050163065262,68.23797941526713,12.446708860384476,12.8449480153422
RF,seed15,51,1.5,1.1,71.3828894764614,63.4467234093446,21.64499300940713,21.68386646868685
RF,seed15,90,1.8,2.1,21.35579681348827,34.976027650987064,18.801330423732566,11.437263428287917
RF,seed15,102,1.9,2.2,17.088880431403968,39.96164441781193,18.899387459468134,9.402500037086664
RF,seed15,61,1.6,1.0,78.60220609535597,68.22615951964865,17.989211690166634,21.837857494768727
RF,seed15,64,1.6,1.3,58.043875247217635,51.89508586658012,14.45764646727391,18.061822039707202
RF,seed15,21,1.1,2.5,91.92165931955867,94.00367881480344,4.122110394865796,5.029567229394891
RF,seed15,30,1.2,2.4,93.48940821225624,89.6164552282025,3.98125478783674,5.494069967077614
RF,seed15,43,1.4,1.2,20.481919337918775,58.10632807037139,19.09315793183945,21.183808232349435
RF,seed15,14,1.1,1.8,25.870520205273934,36.573518134438515,14.0049283108389,14.874924645534351
RF,seed15,86,1.8,1.4,65.591960546395,41.175983460878946,19.04500294060005,15.430748846128639
RF,seed15,38,1.3,2.3,88.71483507879226,62.86512957288555,4.810595951836794,12.091076656671731
NN,seed16,92,1.8,2.3,17.822310010837665,20.202663281190155,18.745286497855265,17.208856137698685
NN,seed16,101,1.9,1.8,15.04936161152886,15.135273772649953,16.756088065827463,15.711324528871563
NN,seed16,82,1.8,1.0,69.86792006915198,68.76806845269198,12.97838453858875,11.757789350590635
NN,seed16,7,1.0,2.2,100.54575565420733,101.09093515704052,4.83407354664049,7.177698435327669
NN,seed16,113,2.0,1.8,35.91462169927672,30.710847409562604,17.810556668787925,15.159588568288106
NN,seed16,102,1.9,2.2,17.088880431403968,18.665157844076738,18.899387459468134,16.549484653600995
NN,seed16,13,1.1,1.5,20.16537021859946,23.91161520073836,21.981828240884,16.538052393419658
NN,seed16,26,1.2,2.0,14.711327801764734,19.880410792433068,14.213846936187466,14.2434985366559
NN,seed16,55,1.5,1.7,20.299274061488774,17.225559298424358,18.06789415848285,16.383455685582756
NN,seed16,51,1.5,1.1,71.3828894764614,76.18299461624959,21.64499300940713,24.206048387613677
NN,seed16,9,1.0,2.4,94.62319761567007,95.73958084433258,4.847187637262277,3.7417786844306544
NN,seed16,104,1.9,2.4,21.4725090184733,22.811415824827655,20.378480371159398,18.730602702622402
NN,seed16,97,1.9,1.4,75.13777001557544,69.13290515069892,18.43361001536898,17.839192062656657
NN,seed16,61,1.6,1.0,78.60220609535597,80.12526621977007,17.989211690166634,22.385661018289095
NN,seed16,106,2.0,1.1,61.0428787454959,67.82128916913112,11.43990210389649,10.797550946984547
NN,seed16,56,1.5,1.8,45.81819199191605,43.39283486780403,11.2627084006723,19.058829243684215
NN,seed16,99,1.9,1.6,76.35579220454977,73.62811122870534,10.67473266747813,13.416354664862316
NN,seed16,60,1.5,2.5,77.430549346183,32.55883587988373,5.28813934914015,23.242567667995047
NN,seed16,29,1.2,2.3,94.19984376701287,92.20680614469383,4.6685111413823535,6.913756128391076
NN,seed16,25,1.2,1.6,24.95659463756515,28.363627738207075,19.11475683793465,17.796831569150022
NN,seed16,67,1.6,1.8,18.70656102176115,16.122029130460326,16.475500264086424,15.8842184103473
NN,seed16,39,1.3,2.4,93.89981601357904,89.7324743825221,4.59171662750557,6.2525380167113145
NN,seed16,86,1.8,1.4,65.591960546395,64.84063102758653,19.04500294060005,18.590787748418578
NN,seed16,10,1.0,2.5,92.99204719253044,94.55843730887739,5.218291403010326,4.100500779526179
GPR,seed16,92,1.8,2.3,17.822310010837665,43.63835391773309,18.745286497855265,14.063880660207536
GPR,seed16,101,1.9,1.8,15.04936161152886,19.46790596342339,16.756088065827463,14.063880660207536
GPR,seed16,82,1.8,1.0,69.86792006915198,68.28730301180109,12.97838453858875,14.063880660207536
GPR,seed16,7,1.0,2.2,100.54575565420733,107.657531942211,4.83407354664049,14.063880660207536
GPR,seed16,113,2.0,1.8,35.91462169927672,39.110647626834904,17.810556668787925,14.063880660207536
GPR,seed16,102,1.9,2.2,17.088880431403968,34.558941342861914,18.899387459468134,14.063880660207536
GPR,seed16,13,1.1,1.5,20.16537021859946,45.94461157842363,21.981828240884,14.063880660207536
GPR,seed16,26,1.2,2.0,14.711327801764734,31.266567953279814,14.213846936187466,14.063880660207536
GPR,seed16,55,1.5,1.7,20.299274061488774,33.10236860921717,18.06789415848285,14.063880660207536
GPR,seed16,51,1.5,1.1,71.3828894764614,70.40405030909676,21.64499300940713,14.063880660207536
GPR,seed16,9,1.0,2.4,94.62319761567007,85.8800637670704,4.847187637262277,14.063880660207536
GPR,seed16,104,1.9,2.4,21.4725090184733,46.23168578223533,20.378480371159398,14.063880660207536
GPR,seed16,97,1.9,1.4,75.13777001557544,72.63746658571618,18.43361001536898,14.063880660207536
GPR,seed16,61,1.6,1.0,78.60220609535597,80.3385697699932,17.989211690166634,14.063880660207536
GPR,seed16,106,2.0,1.1,61.0428787454959,64.73556873524234,11.43990210389649,14.063880660207536
GPR,seed16,56,1.5,1.8,45.81819199191605,41.14137903890406,11.2627084006723,14.063880660207536
GPR,seed16,99,1.9,1.6,76.35579220454977,52.25160199936246,10.67473266747813,14.063880660207536
GPR,seed16,60,1.5,2.5,77.430549346183,51.548615567265635,5.28813934914015,14.063880660207536
GPR,seed16,29,1.2,2.3,94.19984376701287,92.58725709519297,4.6685111413823535,14.063880660207536
GPR,seed16,25,1.2,1.6,24.95659463756515,49.01547747812586,19.11475683793465,14.063880660207536
GPR,seed16,67,1.6,1.8,18.70656102176115,32.8592640168127,16.475500264086424,14.063880660207536
GPR,seed16,39,1.3,2.4,93.89981601357904,91.2609785395439,4.59171662750557,14.063880660207536
GPR,seed16,86,1.8,1.4,65.591960546395,68.68239960120236,19.04500294060005,14.063880660207536
GPR,seed16,10,1.0,2.5,92.99204719253044,76.7714630964164,5.218291403010326,14.063880660207536
k-NN,seed16,92,1.8,2.3,17.822310010837665,34.93884510636687,18.745286497855265,8.40262374008423
k-NN,seed16,101,1.9,1.8,15.04936161152886,40.626983327315315,16.756088065827463,17.061698465987018
k-NN,seed16,82,1.8,1.0,69.86792006915198,71.78576145441016,12.97838453858875,14.097313112515243
k-NN,seed16,7,1.0,2.2,100.54575565420733,99.00177052282925,4.83407354664049,5.4221583893929
k-NN,seed16,113,2.0,1.8,35.91462169927672,47.82864688493761,17.810556668787925,17.067360120559
k-NN,seed16,102,1.9,2.2,17.088880431403968,34.93884510636687,18.899387459468134,8.40262374008423
k-NN,seed16,13,1.1,1.5,20.16537021859946,40.19919659230899,21.981828240884,12.786165534829445
k-NN,seed16,26,1.2,2.0,14.711327801764734,62.44530041822172,14.213846936187466,12.808649614691447
k-NN,seed16,55,1.5,1.7,20.299274061488774,34.2010708481057,18.06789415848285,14.979449690454121
k-NN,seed16,51,1.5,1.1,71.3828894764614,61.49842258137065,21.64499300940713,22.386515633632012
k-NN,seed16,9,1.0,2.4,94.62319761567007,96.07540368754596,4.847187637262277,4.952317563956322
k-NN,seed16,104,1.9,2.4,21.4725090184733,32.038612144928415,20.378480371159398,10.481481997674916
k-NN,seed16,97,1.9,1.4,75.13777001557544,70.09371080675598,18.43361001536898,16.01884195791154
k-NN,seed16,61,1.6,1.0,78.60220609535597,72.38751838723982,17.989211690166634,21.290457419243765
k-NN,seed16,106,2.0,1.1,61.0428787454959,67.51836786001721,11.43990210389649,12.118542293505756
k-NN,seed16,56,1.5,1.8,45.81819199191605,35.86314663095225,11.2627084006723,13.672607881304536
k-NN,seed16,99,1.9,1.6,76.35579220454977,48.99435537633229,10.67473266747813,16.56219442141898
k-NN,seed16,60,1.5,2.5,77.430549346183,62.350914293436816,5.28813934914015,11.243864417496996
k-NN,seed16,29,1.2,2.3,94.19984376701287,85.32889801833593,4.6685111413823535,7.628170687780917
k-NN,seed16,25,1.2,1.6,24.95659463756515,41.78776433791796,19.11475683793465,10.602273570132805
k-NN,seed16,67,1.6,1.8,18.70656102176115,31.757473376414275,16.475500264086424,15.665257713450224
k-NN,seed16,39,1.3,2.4,93.89981601357904,81.35190668690755,4.59171662750557,7.621851362714884
k-NN,seed16,86,1.8,1.4,65.591960546395,61.664128270851826,19.04500294060005,16.406289384456613
k-NN,seed16,10,1.0,2.5,92.99204719253044,94.65586357901671,5.218291403010326,4.944801781929488
PRSM,seed16,92,1.8,2.3,17.822310010837665,32.48923666278755,18.745286497855265,12.680106497717793
PRSM,seed16,101,1.9,1.8,15.04936161152886,35.00686091157087,16.756088065827463,14.132755531531634
PRSM,seed16,82,1.8,1.0,69.86792006915198,80.96441857904557,12.97838453858875,16.572500974429854
PRSM,seed16,7,1.0,2.2,100.54575565420733,91.03037408423907,4.83407354664049,6.708302554003504
PRSM,seed16,113,2.0,1.8,35.91462169927672,38.82544028956663,17.810556668787925,13.23619077035247
PRSM,seed16,102,1.9,2.2,17.088880431403968,28.953266152034487,18.899387459468134,12.894686239858258
PRSM,seed16,13,1.1,1.5,20.16537021859946,40.68994575024658,21.981828240884,15.639244085637396
PRSM,seed16,26,1.2,2.0,14.711327801764734,54.60619995590096,14.213846936187466,11.79731870074654
PRSM,seed16,55,1.5,1.7,20.299274061488774,32.45120576064382,18.06789415848285,15.950301387307254
PRSM,seed16,51,1.5,1.1,71.3828894764614,49.96868347419444,21.64499300940713,19.036396870471943
PRSM,seed16,9,1.0,2.4,94.62319761567007,112.43038024057822,4.847187637262277,4.155903568962476
PRSM,seed16,104,1.9,2.4,21.4725090184733,31.51821744804664,20.378480371159398,12.09172056130096
PRSM,seed16,97,1.9,1.4,75.13777001557544,55.97178547318817,18.43361001536898,14.880342069283373
PRSM,seed16,61,1.6,1.0,78.60220609535597,63.11545690426476,17.989211690166634,18.725504555495966
PRSM,seed16,106,2.0,1.1,61.0428787454959,92.62436201180634,11.43990210389649,13.542252729413267
PRSM,seed16,56,1.5,1.8,45.81819199191605,32.79347953592392,11.2627084006723,15.328659037692782
PRSM,seed16,99,1.9,1.6,76.35579220454977,43.625406967119396,10.67473266747813,14.567859144647707
PRSM,seed16,60,1.5,2.5,77.430549346183,61.2842231165262,5.28813934914015,10.118817771028613
PRSM,seed16,29,1.2,2.3,94.19984376701287,76.23404606346543,4.6685111413823535,8.689812933220033
PRSM,seed16,25,1.2,1.6,24.95659463756515,38.816485389302464,19.11475683793465,15.511487314433786
PRSM,seed16,67,1.6,1.8,18.70656102176115,31.387684459385245,16.475500264086424,15.388236491935821
PRSM,seed16,39,1.3,2.4,93.89981601357904,73.70481678703186,4.59171662750557,8.952495884441923
PRSM,seed16,86,1.8,1.4,65.591960546395,49.27373196208669,19.04500294060005,15.92663423360337
PRSM,seed16,10,1.0,2.5,92.99204719253044,124.52832048769288,5.218291403010326,2.833721318261807
RF,seed16,92,1.8,2.3,17.822310010837665,38.77465977189006,18.745286497855265,10.799310310684694
RF,seed16,101,1.9,1.8,15.04936161152886,40.86860091255885,16.756088065827463,15.038479457322474
RF,seed16,82,1.8,1.0,69.86792006915198,66.21326202382899,12.97838453858875,15.67977576227457
RF,seed16,7,1.0,2.2,100.54575565420733,91.94704884230325,4.83407354664049,6.697335451447409
RF,seed16,113,2.0,1.8,35.91462169927672,40.900840889252216,17.810556668787925,15.194190180506611
RF,seed16,102,1.9,2.2,17.088880431403968,40.457254786878885,18.899387459468134,10.172625427437094
RF,seed16,13,1.1,1.5,20.16537021859946,43.07564086658673,21.981828240884,12.951795162922515
RF,seed16,26,1.2,2.0,14.711327801764734,56.77153185749139,14.213846936187466,13.360530910796323
RF,seed16,55,1.5,1.7,20.299274061488774,33.85441627855285,18.06789415848285,15.323701009292455
RF,seed16,51,1.5,1.1,71.3828894764614,55.29619981581325,21.64499300940713,19.602660108847047
RF,seed16,9,1.0,2.4,94.62319761567007,93.97232272752149,4.847187637262277,5.221606549613691
RF,seed16,104,1.9,2.4,21.4725090184733,41.94804040615553,20.378480371159398,9.385353259578181
RF,seed16,97,1.9,1.4,75.13777001557544,57.91070752521173,18.43361001536898,15.00214114832993
RF,seed16,61,1.6,1.0,78.60220609535597,63.32378882368993,17.989211690166634,19.615265873058338
RF,seed16,106,2.0,1.1,61.0428787454959,66.8757448897377,11.43990210389649,14.428422257694002
RF,seed16,56,1.5,1.8,45.81819199191605,33.344437662570066,11.2627084006723,15.371235937532175
RF,seed16,99,1.9,1.6,76.35579220454977,47.79850698137791,10.67473266747813,15.439546868391343
RF,seed16,60,1.5,2.5,77.430549346183,50.8242205671191,5.28813934914015,12.316962291117981
RF,seed16,29,1.2,2.3,94.19984376701287,83.66476184366125,4.6685111413823535,6.898696543226448
RF,seed16,25,1.2,1.6,24.95659463756515,43.28315418337706,19.11475683793465,12.430940975963354
RF,seed16,67,1.6,1.8,18.70656102176115,33.60190989732274,16.475500264086424,15.538844238924234
RF,seed16,39,1.3,2.4,93.89981601357904,77.76039750612846,4.59171662750557,7.38902358210669
RF,seed16,86,1.8,1.4,65.591960546395,51.07434003815272,19.04500294060005,14.987291933941117
RF,seed16,10,1.0,2.5,92.99204719253044,94.22401787484769,5.218291403010326,5.093895278624032
NN,seed17,46,1.4,1.8,35.62523389249657,37.205504091848454,17.987320114985366,14.336566287388877
NN,seed17,9,1.0,2.4,94.62319761567007,94.52084214839033,4.847187637262277,4.644904432592671
NN,seed17,59,1.5,2.4,26.10144790045783,29.904066006095547,17.146073295989,20.896630300142263
NN,seed17,117,2.0,2.5,26.151753430429398,22.333722046849196,19.496886376894068,18.714694884486136
NN,seed17,37,1.3,2.2,33.62346313487976,34.32833736704117,22.885255128649302,21.699594064116482
NN,seed17,92,1.8,2.3,17.822310010837665,21.077364337482315,18.745286497855265,21.187749372444912
NN,seed17,67,1.6,1.8,18.70656102176115,14.925297500149235,16.475500264086424,16.126847019437744
NN,seed17,55,1.5,1.7,20.299274061488774,15.632812829755466,18.06789415848285,16.416334589934134
NN,seed17,16,1.1,2.0,61.38960058864802,54.021787169201176,22.726212344024198,23.524664459681553
NN,seed17,11,1.1,1.3,32.1657926883108,31.367283113740793,22.335185977271397,20.100788919053347
NN,seed17,106,2.0,1.1,61.0428787454959,67.09918621867621,11.43990210389649,10.650737206747653
NN,seed17,48,1.4,2.4,87.35859796967429,83.30453372935966,6.664549674421354,5.019946722808081
NN,seed17,76,1.7,1.4,67.1327722479398,63.90002244412132,10.775944631568295,12.333556569824296
NN,seed17,23,1.2,1.4,23.16444205795815,24.627863441875473,17.8525156358467,18.648333061015883
NN,seed17,110,2.0,1.5,70.53891120146032,70.02584064623623,15.518504087807024,17.34458761761813
NN,seed17,83,1.8,1.1,71.7471677976817,70.66430941969594,11.460708975733725,14.08760626176119
NN,seed17,109,2.0,1.4,68.4593351558459,67.5360740152272,16.625114688629026,13.476423585110924
NN,seed17,58,1.5,2.0,15.99250790650005,20.443026212351086,14.311787412395875,21.367198321115758
NN,seed17,28,1.2,2.2,94.71421913113033,93.8742889153992,4.434601146470383,5.320511118067802
NN,seed17,89,1.8,1.7,15.251624701513725,15.94511386654463,16.0562316100248,16.018868899893416
NN,seed17,42,1.4,1.1,47.40972483928133,49.00178156128299,20.937048290013298,22.97425685031635
NN,seed17,81,1.7,2.2,14.488534728757534,20.97555620141877,14.601191023961066,21.5440456419063
NN,seed17,66,1.6,1.5,14.9274385746899,15.641277655934246,13.584928849166,16.023958405528088
NN,seed17,70,1.6,2.1,16.3011911471622,20.80384735252688,15.553481880829267,21.57415855024479
GPR,seed17,46,1.4,1.8,35.62523389249657,44.161143414179335,17.987320114985366,13.267514986999414
GPR,seed17,9,1.0,2.4,94.62319761567007,94.06686804874116,4.847187637262277,5.6258967538900535
GPR,seed17,59,1.5,2.4,26.10144790045783,52.06648254875133,17.146073295989,9.937535061033472
GPR,seed17,117,2.0,2.5,26.151753430429398,42.299744290016726,19.496886376894068,11.300754920593038
GPR,seed17,37,1.3,2.2,33.62346313487976,55.25662386106858,22.885255128649302,10.227543310358797
GPR,seed17,92,1.8,2.3,17.822310010837665,41.58554406648392,18.745286497855265,11.09331360346058
GPR,seed17,67,1.6,1.8,18.70656102176115,31.763152338089096,16.475500264086424,14.390119653850812
GPR,seed17,55,1.5,1.7,20.299274061488774,35.46430746672874,18.06789415848285,13.68072436894325
GPR,seed17,16,1.1,2.0,61.38960058864802,59.3884091710009,22.726212344024198,11.839961008542554
GPR,seed17,11,1.1,1.3,32.1657926883108,50.68201819589716,22.335185977271397,14.957933551613499
GPR,seed17,106,2.0,1.1,61.0428787454959,65.8018233251776,11.43990210389649,12.873758403940448
GPR,seed17,48,1.4,2.4,87.35859796967429,68.10465060772732,6.664549674421354,8.747131606874586
GPR,seed17,76,1.7,1.4,67.1327722479398,44.71137970480052,10.775944631568295,17.075751794888852
GPR,seed17,23,1.2,1.4,23.16444205795815,47.63256531726036,17.8525156358467,13.861627732112177
GPR,seed17,110,2.0,1.5,70.53891120146032,73.958362864197,15.518504087807024,15.900503820220694
GPR,seed17,83,1.8,1.1,71.7471677976817,73.58531852043522,11.460708975733725,15.990872363464046
GPR,seed17,109,2.0,1.4,68.4593351558459,71.62909568086258,16.625114688629026,15.373034771915101
GPR,seed17,58,1.5,2.0,15.99250790650005,41.010831318182156,14.311787412395875,13.095223460734454
GPR,seed17,28,1.2,2.2,94.71421913113033,74.71136728249678,4.434601146470383,9.053435110665706
GPR,seed17,89,1.8,1.7,15.251624701513725,18.599005617694786,16.0562316100248,15.755861605196896
GPR,seed17,42,1.4,1.1,47.40972483928133,50.84776529971607,20.937048290013298,20.392912962259786
GPR,seed17,81,1.7,2.2,14.488534728757534,45.0775737832852,14.601191023961066,11.525873643021917
GPR,seed17,66,1.6,1.5,14.9274385746899,14.231962074383844,13.584928849166,15.747486690064575
GPR,seed17,70,1.6,2.1,16.3011911471622,43.363871805921406,15.553481880829267,12.384028697009379
k-NN,seed17,46,1.4,1.8,35.62523389249657,42.60730393526814,17.987320114985366,12.360624868670902
k-NN,seed17,9,1.0,2.4,94.62319761567007,95.75147911382442,4.847187637262277,5.088678824744152
k-NN,seed17,59,1.5,2.4,26.10144790045783,70.61810279195538,17.146073295989,9.25375484695919
k-NN,seed17,117,2.0,2.5,26.151753430429398,31.741626615027037,19.496886376894068,11.221452059070973
k-NN,seed17,37,1.3,2.2,33.62346313487976,64.95761382833534,22.885255128649302,10.978338599326861
k-NN,seed17,92,1.8,2.3,17.822310010837665,31.71923428800647,18.745286497855265,11.659762655960517
k-NN,seed17,67,1.6,1.8,18.70656102176115,38.784610086860795,16.475500264086424,13.574806315829571
k-NN,seed17,55,1.5,1.7,20.299274061488774,35.957423576518124,18.06789415848285,14.50609770422883
k-NN,seed17,16,1.1,2.0,61.38960058864802,64.77289569930275,22.726212344024198,12.881808482328953
k-NN,seed17,11,1.1,1.3,32.1657926883108,41.54487846498589,22.335185977271397,13.739343606469049
k-NN,seed17,106,2.0,1.1,61.0428787454959,67.51836786001721,11.43990210389649,12.118542293505756
k-NN,seed17,48,1.4,2.4,87.35859796967429,80.15086118680186,6.664549674421354,7.357756425588159
k-NN,seed17,76,1.7,1.4,67.1327722479398,53.250846660251554,10.775944631568295,17.29639379601363
k-NN,seed17,23,1.2,1.4,23.16444205795815,39.34020424147428,17.8525156358467,11.761662047591638
k-NN,seed17,110,2.0,1.5,70.53891120146032,70.0803830437456,15.518504087807024,16.124274582280666
k-NN,seed17,83,1.8,1.1,71.7471677976817,72.69315391017383,11.460708975733725,15.171623177592505
k-NN,seed17,109,2.0,1.4,68.4593351558459,68.89732199761194,16.625114688629026,15.635258890871853
k-NN,seed17,58,1.5,2.0,15.99250790650005,39.2761597873904,14.311787412395875,14.31100810555586
k-NN,seed17,28,1.2,2.2,94.71421913113033,87.30187003763459,4.434601146470383,7.787259260234622
k-NN,seed17,89,1.8,1.7,15.251624701513725,42.52027917491766,16.0562316100248,15.326490820922421
k-NN,seed17,42,1.4,1.1,47.40972483928133,54.02538117146441,20.937048290013298,22.158982443925616
k-NN,seed17,81,1.7,2.2,14.488534728757534,36.81647558997437,14.601191023961066,10.446721750709386
k-NN,seed17,66,1.6,1.5,14.9274385746899,30.130532968218326,13.584928849166,16.577401573060307
k-NN,seed17,70,1.6,2.1,16.3011911471622,38.79531542972855,15.553481880829267,12.406424859640333
PRSM,seed17,46,1.4,1.8,35.62523389249657,39.925863975101976,17.987320114985366,14.693632983249742
PRSM,seed17,9,1.0,2.4,94.62319761567007,107.45901876123558,4.847187637262277,3.180064158302523
PRSM,seed17,59,1.5,2.4,26.10144790045783,59.61950661281892,17.146073295989,9.82279408935634
PRSM,seed17,117,2.0,2.5,26.151753430429398,30.87853005329037,19.496886376894068,11.016821366639162
PRSM,seed17,37,1.3,2.2,33.62346313487976,61.74628669781855,22.885255128649302,10.078878664864535
PRSM,seed17,92,1.8,2.3,17.822310010837665,36.473097185994945,18.745286497855265,12.145893378939519
PRSM,seed17,67,1.6,1.8,18.70656102176115,36.510945170971105,16.475500264086424,15.18444017939124
PRSM,seed17,55,1.5,1.7,20.299274061488774,37.38536490647901,18.06789415848285,15.738825429551229
PRSM,seed17,16,1.1,2.0,61.38960058864802,62.09470321110297,22.726212344024198,10.148744732903909
PRSM,seed17,11,1.1,1.3,32.1657926883108,36.43713491922266,22.335185977271397,17.49082016151911
PRSM,seed17,106,2.0,1.1,61.0428787454959,89.1847284738906,11.43990210389649,14.262004113657955
PRSM,seed17,48,1.4,2.4,87.35859796967429,67.79294102338876,6.664549674421354,8.88673069736518
PRSM,seed17,76,1.7,1.4,67.1327722479398,47.45189006696435,10.775944631568295,16.865144167404512
PRSM,seed17,23,1.2,1.4,23.16444205795815,37.34107875542993,17.8525156358467,17.12265341882795
PRSM,seed17,110,2.0,1.5,70.53891120146032,54.57992599763739,15.518504087807024,14.291336607332623
PRSM,seed17,83,1.8,1.1,71.7471677976817,72.74793985954007,11.460708975733725,16.72371863358106
PRSM,seed17,109,2.0,1.4,68.4593351558459,61.885184968565994,16.625114688629026,14.355743051232816
PRSM,seed17,58,1.5,2.0,15.99250790650005,41.53051618808588,14.311787412395875,13.490341695886
PRSM,seed17,28,1.2,2.2,94.71421913113033,69.27506979292653,4.434601146470383,8.947845727108938
PRSM,seed17,89,1.8,1.7,15.251624701513725,38.459218745151105,16.0562316100248,15.295680814086609
PRSM,seed17,42,1.4,1.1,47.40972483928133,48.241170745519966,20.937048290013298,19.292252108109643
PRSM,seed17,81,1.7,2.2,14.488534728757534,38.60349441295406,14.601191023961066,12.640597444788884
PRSM,seed17,66,1.6,1.5,14.9274385746899,40.80823948376606,13.584928849166,16.849696071098272
PRSM,seed17,70,1.6,2.1,16.3011911471622,40.28930074698437,15.553481880829267,13.088746883771046
RF,seed17,46,1.4,1.8,35.62523389249657,38.38691279820787,17.987320114985366,14.408717065218449
RF,seed17,9,1.0,2.4,94.62319761567007,94.94429885826267,4.847187637262277,4.78008967174752
RF,seed17,59,1.5,2.4,26.10144790045783,57.950313256027314,17.146073295989,10.717288896779873
RF,seed17,117,2.0,2.5,26.151753430429398,42.32978858737672,19.496886376894068,10.766848638646527
RF,seed17,37,1.3,2.2,33.62346313487976,76.47290030001835,22.885255128649302,7.543089662445567
RF,seed17,92,1.8,2.3,17.822310010837665,38.903825718016556,18.745286497855265,11.572103627020752
RF,seed17,67,1.6,1.8,18.70656102176115,37.095236283861425,16.475500264086424,15.778419809195285
RF,seed17,55,1.5,1.7,20.299274061488774,40.257180622327425,18.06789415848285,14.619119201381679
RF,seed17,16,1.1,2.0,61.38960058864802,66.10252793275001,22.726212344024198,10.025002230137833
RF,seed17,11,1.1,1.3,32.1657926883108,42.19744423634674,22.335185977271397,12.437628347296263
RF,seed17,106,2.0,1.1,61.0428787454959,65.5098013188034,11.43990210389649,14.976827326430676
RF,seed17,48,1.4,2.4,87.35859796967429,61.1607224588495,6.664549674421354,10.789602149567635
RF,seed17,76,1.7,1.4,67.1327722479398,48.754045256375214,10.775944631568295,16.72274296916973
RF,seed17,23,1.2,1.4,23.16444205795815,38.815953802274464,17.8525156358467,13.55985478109999
RF,seed17,110,2.0,1.5,70.53891120146032,55.79538226342766,15.518504087807024,15.194833097728784
RF,seed17,83,1.8,1.1,71.7471677976817,66.01438436631324,11.460708975733725,16.526519121112056
RF,seed17,109,2.0,1.4,68.4593351558459,57.964599733777504,16.625114688629026,15.16710973275177
RF,seed17,58,1.5,2.0,15.99250790650005,40.70025065232732,14.311787412395875,14.067388652800927
RF,seed17,28,1.2,2.2,94.71421913113033,79.97649989082126,4.434601146470383,7.47412399302363
RF,seed17,89,1.8,1.7,15.251624701513725,44.08931106951535,16.0562316100248,15.184036077409171
RF,seed17,42,1.4,1.1,47.40972483928133,54.82451856162261,20.937048290013298,19.524757179317675
RF,seed17,81,1.7,2.2,14.488534728757534,39.51937707674538,14.601191023961066,12.205495136351988
RF,seed17,66,1.6,1.5,14.9274385746899,42.717729919941135,13.584928849166,16.388924916535288
RF,seed17,70,1.6,2.1,16.3011911471622,39.08318928483935,15.553481880829267,13.988617952163622
NN,seed18,109,2.0,1.4,68.4593351558459,68.00726063367101,16.625114688629026,12.975594383061118
NN,seed18,107,2.0,1.2,67.92914865962737,67.17467988476545,10.209380580032068,11.448614300563785
NN,seed18,53,1.5,1.3,20.781487856364,20.3611203773252,13.267190582608643,18.264902027988132
NN,seed18,41,1.4,1.0,86.1572725747117,69.22234645429117,24.46021001385732,23.202436634689533
NN,seed18,111,2.0,1.6,67.36796029221762,73.91243530090948,20.69771237531105,19.752465358151536
NN,seed18,61,1.6,1.0,78.60220609535597,75.17494716529922,17.989211690166634,23.48748658011447
NN,seed18,43,1.4,1.2,20.481919337918775,20.699587105790123,19.09315793183945,18.82947437165739
NN,seed18,93,1.9,1.0,68.1554204717836,67.259405904431,9.81690258819314,11.688649162982921
NN,seed18,37,1.3,2.2,33.62346313487976,38.44627054555128,22.885255128649302,22.00155931382845
NN,seed18,23,1.2,1.4,23.16444205795815,26.03869130057702,17.8525156358467,20.02104205470293
NN,seed18,0,1.0,1.2,42.81570519421375,43.47761246463316,22.26287186684205,21.303238346004303
NN,seed18,102,1.9,2.2,17.088880431403968,18.520757801299695,18.899387459468134,16.654518079489954
NN,seed18,72,1.7,1.0,71.7661995486084,72.02387250072489,14.581765487729701,18.732155114762392
NN,seed18,56,1.5,1.8,45.81819199191605,41.068006863717116,11.2627084006723,18.76111360626362
NN,seed18,54,1.5,1.4,17.02894957415735,16.087549397802597,16.996076659902027,16.041140518601416
NN,seed18,83,1.8,1.1,71.7471677976817,69.22331638416412,11.460708975733725,14.90889905352056
NN,seed18,76,1.7,1.4,67.1327722479398,65.99591529262402,10.775944631568295,11.95792082472117
NN,seed18,45,1.4,1.7,54.98950678020617,58.98552625638718,6.403239343364375,8.98340225893286
NN,seed18,12,1.1,1.4,61.933831883918,60.95361272510057,2.7615194056182433,4.7470569601670825
NN,seed18,71,1.6,2.5,26.760099448330866,15.697094428147516,17.253243737433966,12.763502912530008
NN,seed18,100,1.9,1.7,26.590473482268628,26.130933395003506,17.3409152302523,16.537852407462807
NN,seed18,96,1.9,1.3,66.38616410370926,68.96401180491173,16.596393354324523,14.442337714501733
NN,seed18,57,1.5,1.9,43.50616172761773,43.947624609485395,11.167872475426345,12.951418603366632
NN,seed18,60,1.5,2.5,77.430549346183,42.45656728737782,5.28813934914015,17.566016400949668
GPR,seed18,109,2.0,1.4,68.4593351558459,72.2770076017018,16.625114688629026,14.442277771394748
GPR,seed18,107,2.0,1.2,67.92914865962737,62.66145987097658,10.209380580032068,13.235314390636049
GPR,seed18,53,1.5,1.3,20.781487856364,36.88252975389089,13.267190582608643,18.715123397753782
GPR,seed18,41,1.4,1.0,86.1572725747117,58.03749343633453,24.46021001385732,21.233732762265767
GPR,seed18,111,2.0,1.6,67.36796029221762,72.53581402209451,20.69771237531105,15.252548178318916
GPR,seed18,61,1.6,1.0,78.60220609535597,81.39007957667637,17.989211690166634,20.484605287012407
GPR,seed18,43,1.4,1.2,20.481919337918775,37.60260184555287,19.09315793183945,19.418746033476882
GPR,seed18,93,1.9,1.0,68.1554204717836,65.7328482888909,9.81690258819314,13.872934092508924
GPR,seed18,37,1.3,2.2,33.62346313487976,54.43330248137517,22.885255128649302,11.104887359140609
GPR,seed18,23,1.2,1.4,23.16444205795815,37.57817011145484,17.8525156358467,15.42766254528775
GPR,seed18,0,1.0,1.2,42.81570519421375,52.32144360966019,22.26287186684205,15.84968596564329
GPR,seed18,102,1.9,2.2,17.088880431403968,32.08927209586982,18.899387459468134,12.13473041671663
GPR,seed18,72,1.7,1.0,71.7661995486084,76.06265576944938,14.581765487729701,18.564093360035585
GPR,seed18,56,1.5,1.8,45.81819199191605,28.890131534733143,11.2627084006723,15.817867115500661
GPR,seed18,54,1.5,1.4,17.02894957415735,20.625682734961416,16.996076659902027,17.357652499354934
GPR,seed18,83,1.8,1.1,71.7471677976817,73.78732075423481,11.460708975733725,16.500099445494193
GPR,seed18,76,1.7,1.4,67.1327722479398,46.31134635561206,10.775944631568295,17.574388530215483
GPR,seed18,45,1.4,1.7,54.98950678020617,32.00137224138511,6.403239343364375,15.325577539453796
GPR,seed18,12,1.1,1.4,61.933831883918,33.92696784844074,2.7615194056182433,15.479364115655287
GPR,seed18,71,1.6,2.5,26.760099448330866,27.72042708125537,17.253243737433966,12.955506527892247
GPR,seed18,100,1.9,1.7,26.590473482268628,41.46607654802669,17.3409152302523,15.494441885603337
GPR,seed18,96,1.9,1.3,66.38616410370926,74.39821522897937,16.596393354324523,15.119210692253326
GPR,seed18,57,1.5,1.9,43.50616172761773,29.982160415219195,11.167872475426345,15.807055487304915
GPR,seed18,60,1.5,2.5,77.430549346183,52.453156209051826,5.28813934914015,11.629790868622631
k-NN,seed18,109,2.0,1.4,68.4593351558459,69.85870380604429,16.625114688629026,15.501926094428129
k-NN,seed18,107,2.0,1.2,67.92914865962737,69.35163814646435,10.209380580032068,15.027480060805669
k-NN,seed18,53,1.5,1.3,20.781487856364,55.10205944530764,13.267190582608643,20.142591760651
k-NN,seed18,41,1.4,1.0,86.1572725747117,53.35561402558896,24.46021001385732,21.276027862631356
k-NN,seed18,111,2.0,1.6,67.36796029221762,51.50894784987924,20.69771237531105,15.605819013787382
k-NN,seed18,61,1.6,1.0,78.60220609535597,68.16508387941826,17.989211690166634,20.446950875225976
k-NN,seed18,43,1.4,1.2,20.481919337918775,53.178720781369556,19.09315793183945,21.014503061944424
k-NN,seed18,93,1.9,1.0,68.1554204717836,70.76758649521504,9.81690258819314,15.20451139426679
k-NN,seed18,37,1.3,2.2,33.62346313487976,73.28804173875704,22.885255128649302,9.37605419200829
k-NN,seed18,23,1.2,1.4,23.16444205795815,35.96629667389979,17.8525156358467,14.728865626958811
k-NN,seed18,0,1.0,1.2,42.81570519421375,32.1697676435698,22.26287186684205,17.3491106441065
k-NN,seed18,102,1.9,2.2,17.088880431403968,31.00184882043084,18.899387459468134,11.743901942649833
k-NN,seed18,72,1.7,1.0,71.7661995486084,72.53151545968197,14.581765487729701,19.56582093064757
k-NN,seed18,56,1.5,1.8,45.81819199191605,25.689660312559727,11.2627084006723,15.950998156756295
k-NN,seed18,54,1.5,1.4,17.02894957415735,40.190467223914254,16.996076659902027,18.3839018754379
k-NN,seed18,83,1.8,1.1,71.7471677976817,71.10685844705768,11.460708975733725,16.854540257939433
k-NN,seed18,76,1.7,1.4,67.1327722479398,48.3439111961661,10.775944631568295,17.136474857936573
k-NN,seed18,45,1.4,1.7,54.98950678020617,31.575869692620017,6.403239343364375,14.103329893750647
k-NN,seed18,12,1.1,1.4,61.933831883918,35.141770653261844,2.7615194056182433,14.360255151576965
k-NN,seed18,71,1.6,2.5,26.760099448330866,46.48788930701266,17.253243737433966,11.234992054052208
k-NN,seed18,100,1.9,1.7,26.590473482268628,46.35115013547854,17.3409152302523,15.357496729758925
k-NN,seed18,96,1.9,1.3,66.38616410370926,70.88625559356007,16.596393354324523,15.755883048749926
k-NN,seed18,57,1.5,1.9,43.50616172761773,27.10933754397342,11.167872475426345,16.563512662008783
k-NN,seed18,60,1.5,2.5,77.430549346183,62.67649283860532,5.28813934914015,10.126416757945236
PRSM,seed18,109,2.0,1.4,68.4593351558459,62.334712667402925,16.625114688629026,14.107248961150185
PRSM,seed18,107,2.0,1.2,67.92914865962737,81.14377131757043,10.209380580032068,13.836537145662609
PRSM,seed18,53,1.5,1.3,20.781487856364,41.23140432709845,13.267190582608643,19.08483937904492
PRSM,seed18,41,1.4,1.0,86.1572725747117,50.936066461123886,24.46021001385732,20.873936062036368
PRSM,seed18,111,2.0,1.6,67.36796029221762,47.44081465252028,20.69771237531105,14.154456197478126
PRSM,seed18,61,1.6,1.0,78.60220609535597,64.99050980939228,17.989211690166634,19.305174062023536
PRSM,seed18,43,1.4,1.2,20.481919337918775,41.279808217671,19.09315793183945,19.944193966767372
PRSM,seed18,93,1.9,1.0,68.1554204717836,92.8025461424784,9.81690258819314,15.186200242640243
PRSM,seed18,37,1.3,2.2,33.62346313487976,59.11274015968157,22.885255128649302,10.950171149245252
PRSM,seed18,23,1.2,1.4,23.16444205795815,33.785772654932146,17.8525156358467,18.468627195413273
PRSM,seed18,0,1.0,1.2,42.81570519421375,32.651489646227624,22.26287186684205,19.307082995866416
PRSM,seed18,102,1.9,2.2,17.088880431403968,28.25260100103677,18.899387459468134,13.374971433212771
PRSM,seed18,72,1.7,1.0,71.7661995486084,73.36380574566317,14.581765487729701,18.167626898144313
PRSM,seed18,56,1.5,1.8,45.81819199191605,33.66855352444382,11.2627084006723,16.096586920564565
PRSM,seed18,54,1.5,1.4,17.02894957415735,37.761253848925094,16.996076659902027,18.598941176928665
PRSM,seed18,83,1.8,1.1,71.7471677976817,72.96097330822168,11.460708975733725,16.832355479749072
PRSM,seed18,76,1.7,1.4,67.1327722479398,44.89848885204279,10.775944631568295,17.508596618362894
PRSM,seed18,45,1.4,1.7,54.98950678020617,34.267990388410055,6.403239343364375,16.642006194771476
PRSM,seed18,12,1.1,1.4,61.933831883918,34.25537793978346,2.7615194056182433,17.95430098307773
PRSM,seed18,71,1.6,2.5,26.760099448330866,55.330710863565585,17.253243737433966,10.444080455280467
PRSM,seed18,100,1.9,1.7,26.590473482268628,38.01958369726614,17.3409152302523,15.107482637630959
PRSM,seed18,96,1.9,1.3,66.38616410370926,63.45139271303156,16.596393354324523,15.487720994947146
PRSM,seed18,57,1.5,1.9,43.50616172761773,35.09235384037655,11.167872475426345,15.331307994498767
PRSM,seed18,60,1.5,2.5,77.430549346183,64.1897490712185,5.28813934914015,9.566235397515893
RF,seed18,109,2.0,1.4,68.4593351558459,62.10863963869092,16.625114688629026,15.177327524377976
RF,seed18,107,2.0,1.2,67.92914865962737,65.49181391164153,10.209380580032068,14.823726489544628
RF,seed18,53,1.5,1.3,20.781487856364,56.684212297514534,13.267190582608643,19.057857202851032
RF,seed18,41,1.4,1.0,86.1572725747117,50.94083880568985,24.46021001385732,20.298044439899073
RF,seed18,111,2.0,1.6,67.36796029221762,48.92198001107075,20.69771237531105,14.606880238714995
RF,seed18,61,1.6,1.0,78.60220609535597,61.188642097687094,17.989211690166634,19.990740093172313
RF,seed18,43,1.4,1.2,20.481919337918775,51.18284499736988,19.09315793183945,19.268396434549835
RF,seed18,93,1.9,1.0,68.1554204717836,66.51283494821948,9.81690258819314,15.131730086015054
RF,seed18,37,1.3,2.2,33.62346313487976,82.02293890694513,22.885255128649302,6.73299964359516
RF,seed18,23,1.2,1.4,23.16444205795815,37.48354228450444,17.8525156358467,15.86255303282511
RF,seed18,0,1.0,1.2,42.81570519421375,44.37045196821591,22.26287186684205,15.909623002094293
RF,seed18,102,1.9,2.2,17.088880431403968,38.32885747156088,18.899387459468134,10.429607751062777
RF,seed18,72,1.7,1.0,71.7661995486084,63.40684448889871,14.581765487729701,19.162832109956057
RF,seed18,56,1.5,1.8,45.81819199191605,29.695002067236448,11.2627084006723,16.619963449204153
RF,seed18,54,1.5,1.4,17.02894957415735,43.32429230752193,16.996076659902027,17.96011034897588
RF,seed18,83,1.8,1.1,71.7471677976817,65.04171185379109,11.460708975733725,16.64371319176445
RF,seed18,76,1.7,1.4,67.1327722479398,46.4667793740442,10.775944631568295,17.411291418604936
RF,seed18,45,1.4,1.7,54.98950678020617,32.77815312786237,6.403239343364375,16.228709088915416
RF,seed18,12,1.1,1.4,61.933831883918,35.455148934883965,2.7615194056182433,17.192872780672193
RF,seed18,71,1.6,2.5,26.760099448330866,45.87851366317058,17.253243737433966,12.93977378626282
RF,seed18,100,1.9,1.7,26.590473482268628,44.67840892601305,17.3409152302523,15.144362001958914
RF,seed18,96,1.9,1.3,66.38616410370926,66.24191311461654,16.596393354324523,15.383895996669358
RF,seed18,57,1.5,1.9,43.50616172761773,30.575205282706786,11.167872475426345,16.757767661685968
RF,seed18,60,1.5,2.5,77.430549346183,50.38706802620254,5.28813934914015,12.72794630580494
NN,seed19,112,2.0,1.7,69.86265452997606,83.75987224436443,15.447604729134476,16.62175697606753
NN,seed19,77,1.7,1.5,16.484240804319526,15.52356722543476,16.613986733013075,14.918767754484211
NN,seed19,101,1.9,1.8,15.04936161152886,18.199479003028685,16.756088065827463,15.692177423780262
NN,seed19,2,1.0,1.4,20.89585714361514,32.82021023032497,16.56761127473616,18.03193714643793
NN,seed19,89,1.8,1.7,15.251624701513725,16.73979831232397,16.0562316100248,15.40940389272718
NN,seed19,16,1.1,2.0,61.38960058864802,67.23847577212243,22.726212344024198,21.918735418711336
NN,seed19,72,1.7,1.0,71.7661995486084,77.08686887975936,14.581765487729701,18.56721333854053
NN,seed19,37,1.3,2.2,33.62346313487976,36.2341572418799,22.885255128649302,18.817602094367466
NN,seed19,99,1.9,1.6,76.35579220454977,79.82217213853474,10.67473266747813,14.635313286845978
NN,seed19,18,1.1,2.2,96.10430348841847,99.71366950146114,5.813020903903137,5.1836618859618575
NN,seed19,104,1.9,2.4,21.4725090184733,23.221278347548743,20.378480371159398,17.127950382417236
NN,seed19,27,1.2,2.1,41.95254310380097,52.89967908886019,21.849868675161133,21.112860399326397
NN,seed19,8,1.0,2.3,98.04053105918149,95.97636776956455,4.160788629019243,5.027264497475828
NN,seed19,107,2.0,1.2,67.92914865962737,66.6532445046434,10.209380580032068,11.499959739299623
NN,seed19,94,1.9,1.1,68.81050163065262,66.94737563148176,12.446708860384476,11.259147542894743
NN,seed19,61,1.6,1.0,78.60220609535597,82.85109475632645,17.989211690166634,24.114678490765975
NN,seed19,13,1.1,1.5,20.16537021859946,30.33173424299066,21.981828240884,18.06810736031379
NN,seed19,30,1.2,2.4,93.48940821225624,93.34560381905952,3.98125478783674,4.916156501449194
NN,seed19,47,1.4,2.3,27.735522821141263,28.0760036576712,22.732576075377967,17.513118765025673
NN,seed19,65,1.6,1.4,19.528272492831448,12.375815421089769,19.59261980698215,14.267744982099734
NN,seed19,28,1.2,2.2,94.71421913113033,95.51497440983917,4.434601146470383,5.423970884449403
NN,seed19,46,1.4,1.8,35.62523389249657,37.055102164741704,17.987320114985366,15.117912477505017
NN,seed19,115,2.0,2.3,16.65625431634737,16.82725448052134,15.639161704669801,18.73140121032445
NN,seed19,92,1.8,2.3,17.822310010837665,17.920842885150982,18.745286497855265,15.988196830308802
GPR,seed19,112,2.0,1.7,69.86265452997606,47.01085394327447,15.447604729134476,17.204236210550057
GPR,seed19,77,1.7,1.5,16.484240804319526,40.31413632119166,16.613986733013075,15.352674963131431
GPR,seed19,101,1.9,1.8,15.04936161152886,19.903623349668003,16.756088065827463,16.888296621833824
GPR,seed19,2,1.0,1.4,20.89585714361514,62.41837039850036,16.56761127473616,12.523589098411806
GPR,seed19,89,1.8,1.7,15.251624701513725,15.17076513185701,16.0562316100248,16.509212279185125
GPR,seed19,16,1.1,2.0,61.38960058864802,60.45472218814355,22.726212344024198,11.249588436147988
GPR,seed19,72,1.7,1.0,71.7661995486084,76.73130576295979,14.581765487729701,17.557458536363022
GPR,seed19,37,1.3,2.2,33.62346313487976,62.87894356717732,22.885255128649302,7.8648441800867
GPR,seed19,99,1.9,1.6,76.35579220454977,49.04660793441245,10.67473266747813,16.750974612095128
GPR,seed19,18,1.1,2.2,96.10430348841847,97.36874974458792,5.813020903903137,6.58680046159049
GPR,seed19,104,1.9,2.4,21.4725090184733,41.424572857045085,20.378480371159398,10.237589665043807
GPR,seed19,27,1.2,2.1,41.95254310380097,57.148458225205275,21.849868675161133,9.112580810506874
GPR,seed19,8,1.0,2.3,98.04053105918149,97.50135553446643,4.160788629019243,5.4688036502075
GPR,seed19,107,2.0,1.2,67.92914865962737,63.349213579608445,10.209380580032068,14.012587017100117
GPR,seed19,94,1.9,1.1,68.81050163065262,67.49795638631767,12.446708860384476,14.364327251771618
GPR,seed19,61,1.6,1.0,78.60220609535597,82.64800084719835,17.989211690166634,19.430405423083585
GPR,seed19,13,1.1,1.5,20.16537021859946,54.190626728296046,21.981828240884,11.527247660160207
GPR,seed19,30,1.2,2.4,93.48940821225624,96.45879645008472,3.98125478783674,5.557027299352475
GPR,seed19,47,1.4,2.3,27.735522821141263,60.564014432541704,22.732576075377967,7.719728151916382
GPR,seed19,65,1.6,1.4,19.528272492831448,36.86736045619464,19.59261980698215,15.620159173800017
GPR,seed19,28,1.2,2.2,94.71421913113033,81.24579359704609,4.434601146470383,7.0856022237439555
GPR,seed19,46,1.4,1.8,35.62523389249657,41.5353196452156,17.987320114985366,14.290113687271377
GPR,seed19,115,2.0,2.3,16.65625431634737,41.102299690435586,15.639161704669801,10.007737814248575
GPR,seed19,92,1.8,2.3,17.822310010837665,36.580010450119204,18.745286497855265,9.748146800161358
k-NN,seed19,112,2.0,1.7,69.86265452997606,52.45476072531246,15.447604729134476,16.773766253468573
k-NN,seed19,77,1.7,1.5,16.484240804319526,53.4686637210554,16.613986733013075,16.141295917674192
k-NN,seed19,101,1.9,1.8,15.04936161152886,41.80648511929179,16.756088065827463,16.76010710321091
k-NN,seed19,2,1.0,1.4,20.89585714361514,37.26341129123708,16.56761127473616,14.236751771930312
k-NN,seed19,89,1.8,1.7,15.251624701513725,46.895567398357095,16.0562316100248,17.23169972773058
k-NN,seed19,16,1.1,2.0,61.38960058864802,65.3150542413958,22.726212344024198,10.85667656757911
k-NN,seed19,72,1.7,1.0,71.7661995486084,72.5024351759171,14.581765487729701,18.284411900061095
k-NN,seed19,37,1.3,2.2,33.62346313487976,84.77015599704734,22.885255128649302,6.350076674238705
k-NN,seed19,99,1.9,1.6,76.35579220454977,57.348880702138956,10.67473266747813,17.18643130119666
k-NN,seed19,18,1.1,2.2,96.10430348841847,89.48693432704184,5.813020903903137,6.06670288491663
k-NN,seed19,104,1.9,2.4,21.4725090184733,32.704060562721175,20.378480371159398,11.853879595140684
k-NN,seed19,27,1.2,2.1,41.95254310380097,81.4256847101489,21.849868675161133,7.1308239212347795
k-NN,seed19,8,1.0,2.3,98.04053105918149,97.31500626611842,4.160788629019243,5.167147331598917
k-NN,seed19,107,2.0,1.2,67.92914865962737,68.45717964514961,10.209380580032068,14.042411354182494
k-NN,seed19,94,1.9,1.1,68.81050163065262,68.66477278502848,12.446708860384476,13.523616675327217
k-NN,seed19,61,1.6,1.0,78.60220609535597,72.03983865296131,17.989211690166634,20.79926704761038
k-NN,seed19,13,1.1,1.5,20.16537021859946,41.77194511250081,21.981828240884,13.029587129568208
k-NN,seed19,30,1.2,2.4,93.48940821225624,92.4029063150961,3.98125478783674,4.975791200674259
k-NN,seed19,47,1.4,2.3,27.735522821141263,75.58625807086881,22.732576075377967,7.264535650220243
k-NN,seed19,65,1.6,1.4,19.528272492831448,45.62759826595999,19.59261980698215,17.018471156768157
k-NN,seed19,28,1.2,2.2,94.71421913113033,87.72909786623639,4.434601146470383,6.080376677670306
k-NN,seed19,46,1.4,1.8,35.62523389249657,35.3249470536627,17.987320114985366,13.537955591566146
k-NN,seed19,115,2.0,2.3,16.65625431634737,32.372167776746075,15.639161704669801,11.430438744438911
k-NN,seed19,92,1.8,2.3,17.822310010837665,31.658169732604314,18.745286497855265,11.683903409480214
PRSM,seed19,112,2.0,1.7,69.86265452997606,42.59590503768594,15.447604729134476,14.116868615220962
PRSM,seed19,77,1.7,1.5,16.484240804319526,41.796444216267005,16.613986733013075,16.071311998938015
PRSM,seed19,101,1.9,1.8,15.04936161152886,35.86533041366907,16.756088065827463,14.273111298113935
PRSM,seed19,2,1.0,1.4,20.89585714361514,41.0478313713355,16.56761127473616,15.975776035532697
PRSM,seed19,89,1.8,1.7,15.251624701513725,37.16149652897907,16.0562316100248,14.90795761133378
PRSM,seed19,16,1.1,2.0,61.38960058864802,61.55884591901837,22.726212344024198,9.665584575876796
PRSM,seed19,72,1.7,1.0,71.7661995486084,72.96981076104987,14.581765487729701,18.19782642487094
PRSM,seed19,37,1.3,2.2,33.62346313487976,59.672603015967816,22.885255128649302,9.501068730605555
PRSM,seed19,99,1.9,1.6,76.35579220454977,43.923546039535054,10.67473266747813,14.87618968531115
PRSM,seed19,18,1.1,2.2,96.10430348841847,76.41596509666849,5.813020903903137,7.241066620134422
PRSM,seed19,104,1.9,2.4,21.4725090184733,33.814242866091845,20.378480371159398,12.010423389699739
PRSM,seed19,27,1.2,2.1,41.95254310380097,60.68094787785612,21.849868675161133,9.560064855318682
PRSM,seed19,8,1.0,2.3,98.04053105918149,95.9057392514654,4.160788629019243,4.551019817560739
PRSM,seed19,107,2.0,1.2,67.92914865962737,79.12063594929168,10.209380580032068,14.866426073534246
PRSM,seed19,94,1.9,1.1,68.81050163065262,80.2008471156735,12.446708860384476,16.053243025412748
PRSM,seed19,61,1.6,1.0,78.60220609535597,65.67935014631551,17.989211690166634,18.965700655284362
PRSM,seed19,13,1.1,1.5,20.16537021859946,40.54780998636658,21.981828240884,15.396236837341284
PRSM,seed19,30,1.2,2.4,93.48940821225624,84.20089120117717,3.98125478783674,6.151444654101703
PRSM,seed19,47,1.4,2.3,27.735522821141263,58.53381133335345,22.732576075377967,9.488596201737415
PRSM,seed19,65,1.6,1.4,19.528272492831448,42.78223072303146,19.59261980698215,16.884704680205495
PRSM,seed19,28,1.2,2.2,94.71421913113033,67.59911401354563,4.434601146470383,8.442751986030627
PRSM,seed19,46,1.4,1.8,35.62523389249657,38.26506490710355,17.987320114985366,13.936760817836959
PRSM,seed19,115,2.0,2.3,16.65625431634737,29.18612202253757,15.639161704669801,12.59390213836402
PRSM,seed19,92,1.8,2.3,17.822310010837665,35.40732478396258,18.745286497855265,12.132274644773608
RF,seed19,112,2.0,1.7,69.86265452997606,38.74489727506312,15.447604729134476,15.740697038165017
RF,seed19,77,1.7,1.5,16.484240804319526,50.733996084864756,16.613986733013075,15.480235075728288
RF,seed19,101,1.9,1.8,15.04936161152886,37.01233086936091,16.756088065827463,15.61740175508621
RF,seed19,2,1.0,1.4,20.89585714361514,47.85589451749382,16.56761127473616,13.846157512130047
RF,seed19,89,1.8,1.7,15.251624701513725,37.49883216806177,16.0562316100248,15.347734328638694
RF,seed19,16,1.1,2.0,61.38960058864802,65.15586771023148,22.726212344024198,9.963221793321305
RF,seed19,72,1.7,1.0,71.7661995486084,64.3707117709225,14.581765487729701,17.625839662942944
RF,seed19,37,1.3,2.2,33.62346313487976,70.79936535553995,22.885255128649302,8.127388765783923
RF,seed19,99,1.9,1.6,76.35579220454977,44.67741815034427,10.67473266747813,15.81764282936324
RF,seed19,18,1.1,2.2,96.10430348841847,87.25886740551276,5.813020903903137,6.619149503066297
RF,seed19,104,1.9,2.4,21.4725090184733,42.36911987219981,20.378480371159398,9.12077511825292
RF,seed19,27,1.2,2.1,41.95254310380097,61.987849096548736,21.849868675161133,9.796842939085858
RF,seed19,8,1.0,2.3,98.04053105918149,96.1723647865748,4.160788629019243,5.337747468856254
RF,seed19,107,2.0,1.2,67.92914865962737,64.98126211747848,10.209380580032068,15.67459753764136
RF,seed19,94,1.9,1.1,68.81050163065262,65.39463752961649,12.446708860384476,15.580510829017388
RF,seed19,61,1.6,1.0,78.60220609535597,60.72027392011826,17.989211690166634,19.54411252271904
RF,seed19,13,1.1,1.5,20.16537021859946,43.06746059799875,21.981828240884,11.680769959634208
RF,seed19,30,1.2,2.4,93.48940821225624,86.72961642890297,3.98125478783674,5.696674661536094
RF,seed19,47,1.4,2.3,27.735522821141263,81.34451944465322,22.732576075377967,6.707779628603094
RF,seed19,65,1.6,1.4,19.528272492831448,47.58021026289299,19.59261980698215,16.11353719976508
RF,seed19,28,1.2,2.2,94.71421913113033,73.66387737666916,4.434601146470383,7.74920586585132
RF,seed19,46,1.4,1.8,35.62523389249657,38.71695899880943,17.987320114985366,13.725347173766528
RF,seed19,115,2.0,2.3,16.65625431634737,44.76708837618395,15.639161704669801,7.733785925348527
RF,seed19,92,1.8,2.3,17.822310010837665,45.19393438217871,18.745286497855265,7.435446630453236
NN ensemble,seed00,86,1.8,1.4,65.591960546395,71.81154703004569,19.04500294060005,18.63852512484882
NN ensemble,seed00,85,1.8,1.3,74.59685990483652,72.7951120635197,20.950188488929776,18.03896847249498
NN ensemble,seed00,94,1.9,1.1,68.81050163065262,66.95475825829776,12.446708860384476,11.529787329831368
NN ensemble,seed00,8,1.0,2.3,98.04053105918149,95.98697249847616,4.160788629019243,5.799343742068542
NN ensemble,seed00,89,1.8,1.7,15.251624701513725,15.766522805455116,16.0562316100248,15.860662365447388
NN ensemble,seed00,22,1.2,1.0,22.28778242646885,32.41785302847343,20.714414689313326,22.45882321844487
NN ensemble,seed00,7,1.0,2.2,100.54575565420733,98.0223184093073,4.83407354664049,6.151527209795278
NN ensemble,seed00,10,1.0,2.5,92.99204719253044,93.8207232155113,5.218291403010326,4.759657204759236
NN ensemble,seed00,45,1.4,1.7,54.98950678020617,52.79635379138955,6.403239343364375,7.472622711601249
NN ensemble,seed00,68,1.6,1.9,37.61040536196327,32.266529466916055,22.542665474583867,15.548757096562221
NN ensemble,seed00,33,1.3,1.1,20.551007181485623,29.332708982999186,17.6341476127744,21.08933537515791
NN ensemble,seed00,110,2.0,1.5,70.53891120146032,72.60613108278508,15.518504087807024,19.44947447832952
NN ensemble,seed00,2,1.0,1.4,20.89585714361514,29.855076484981954,16.56761127473616,18.135898070209958
NN ensemble,seed00,51,1.5,1.1,71.3828894764614,78.19565641559436,21.64499300940713,24.707296880132883
NN ensemble,seed00,117,2.0,2.5,26.151753430429398,25.449590824832775,19.496886376894068,16.343193973442087
NN ensemble,seed00,73,1.7,1.1,78.50919337690385,73.08808224372305,21.65198286684715,16.345183974319728
NN ensemble,seed00,30,1.2,2.4,93.48940821225624,93.35440805716514,3.98125478783674,4.853989239327033
NN ensemble,seed00,43,1.4,1.2,20.481919337918775,23.765866203144473,19.09315793183945,18.31614562991173
NN ensemble,seed00,84,1.8,1.2,73.50397660327812,70.60104163579507,16.233276031999672,14.733207614799948
NN ensemble,seed00,75,1.7,1.3,63.28835250491195,71.27471191420547,18.9934879839535,19.612250087304083
NN ensemble,seed00,62,1.6,1.1,71.4438364158991,77.70574669722598,20.77736434766016,22.23950081425206
NN ensemble,seed00,102,1.9,2.2,17.088880431403968,21.48496087673916,18.899387459468134,16.433168801676945
NN ensemble,seed00,16,1.1,2.0,61.38960058864802,58.26977936045398,22.726212344024198,21.730653380379145
NN ensemble,seed00,24,1.2,1.5,63.332813736939954,55.67564586247751,1.82898508052785,4.973019569028599
NN ensemble,seed01,94,1.9,1.1,68.81050163065262,67.6090120329665,12.446708860384476,11.284063571990306
NN ensemble,seed01,54,1.5,1.4,17.02894957415735,12.543504871738516,16.996076659902027,17.037192223013054
NN ensemble,seed01,59,1.5,2.4,26.10144790045783,25.822934905441066,17.146073295989,20.969222149055575
NN ensemble,seed01,115,2.0,2.3,16.65625431634737,24.748419200504397,15.639161704669801,14.834978057429677
NN ensemble,seed01,74,1.7,1.2,79.99719446748381,74.75633189108545,20.5842603804155,21.831926206720738
NN ensemble,seed01,46,1.4,1.8,35.62523389249657,39.8988302356985,17.987320114985366,12.701464308993582
NN ensemble,seed01,31,1.2,2.5,92.37908589082757,92.42148349886138,5.06397086211145,4.305169199387861
NN ensemble,seed01,80,1.7,2.1,46.453384160498565,45.845281792801266,4.944878573759263,6.197345163005533
NN ensemble,seed01,48,1.4,2.4,87.35859796967429,77.38099977730845,6.664549674421354,7.282691898327485
NN ensemble,seed01,97,1.9,1.4,75.13777001557544,70.87188219985146,18.43361001536898,17.789796639007328
NN ensemble,seed01,96,1.9,1.3,66.38616410370926,71.13659432325326,16.596393354324523,15.49863576960195
NN ensemble,seed01,98,1.9,1.5,68.53814320899697,70.3870782185713,19.49220034806418,14.918628814364471
NN ensemble,seed01,2,1.0,1.4,20.89585714361514,28.223721930223014,16.56761127473616,20.493152297594314
NN ensemble,seed01,90,1.8,2.1,21.35579681348827,27.19261805125105,18.801330423732566,17.184425636726036
NN ensemble,seed01,111,2.0,1.6,67.36796029221762,71.80078405384954,20.69771237531105,13.287907173684179
NN ensemble,seed01,56,1.5,1.8,45.81819199191605,42.64239309008763,11.2627084006723,15.245884147522322
NN ensemble,seed01,104,1.9,2.4,21.4725090184733,24.176215263831814,20.378480371159398,15.89885810645605
NN ensemble,seed01,101,1.9,1.8,15.04936161152886,17.125480367865613,16.756088065827463,16.196019559897973
NN ensemble,seed01,67,1.6,1.8,18.70656102176115,20.267833124779752,16.475500264086424,18.077541874148874
NN ensemble,seed01,62,1.6,1.1,71.4438364158991,75.92758163531789,20.77736434766016,23.53847341116194
NN ensemble,seed01,78,1.7,1.6,15.7585522977264,14.214315016314478,16.120802777688827,16.000028249102733
NN ensemble,seed01,17,1.1,2.1,99.8683907227732,100.00358408781968,6.0320034789695995,5.520379674940663
NN ensemble,seed01,82,1.8,1.0,69.86792006915198,69.0668479980346,12.97838453858875,11.824099956956044
NN ensemble,seed01,112,2.0,1.7,69.86265452997606,63.89853496626614,15.447604729134476,13.398979091743678
NN ensemble,seed02,24,1.2,1.5,63.332813736939954,59.06782572548766,1.82898508052785,4.713056088529383
NN ensemble,seed02,91,1.8,2.2,48.83200749593603,45.916839008021434,1.8618713309090102,4.119785973414844
NN ensemble,seed02,28,1.2,2.2,94.71421913113033,92.87168642698943,4.434601146470383,7.453969637249331
NN ensemble,seed02,56,1.5,1.8,45.81819199191605,38.580080443615905,11.2627084006723,16.626476546869377
NN ensemble,seed02,2,1.0,1.4,20.89585714361514,46.29151864618116,16.56761127473616,10.06192722214077
NN ensemble,seed02,53,1.5,1.3,20.781487856364,19.091563128479116,13.267190582608643,19.36805575894386
NN ensemble,seed02,45,1.4,1.7,54.98950678020617,47.661775457125394,6.403239343364375,11.606519702858218
NN ensemble,seed02,79,1.7,2.0,29.124210888826802,29.604435818570913,19.710073901690876,17.446291458080257
NN ensemble,seed02,61,1.6,1.0,78.60220609535597,77.29494904829399,17.989211690166634,18.548777269292778
NN ensemble,seed02,30,1.2,2.4,93.48940821225624,93.29046397701639,3.98125478783674,4.880214575565523
NN ensemble,seed02,44,1.4,1.6,18.632969188112835,21.327177107117087,15.479088510995524,17.93960309379116
NN ensemble,seed02,25,1.2,1.6,24.95659463756515,40.96882841891339,19.11475683793465,11.725710947279428
NN ensemble,seed02,108,2.0,1.3,66.91419695119404,67.84165457608614,11.52766858628333,12.761201818858678
NN ensemble,seed02,102,1.9,2.2,17.088880431403968,22.051669295604764,18.899387459468134,14.9846245994724
NN ensemble,seed02,13,1.1,1.5,20.16537021859946,45.277536207123354,21.981828240884,9.613786974844135
NN ensemble,seed02,14,1.1,1.8,25.870520205273934,17.143102389880156,14.0049283108389,12.322110401008231
NN ensemble,seed02,87,1.8,1.5,75.22236512124877,68.95858634826253,11.421824151342928,10.480353312642665
NN ensemble,seed02,93,1.9,1.0,68.1554204717836,66.87408859088906,9.81690258819314,11.332835927434033
NN ensemble,seed02,5,1.0,2.0,106.02724465602475,95.20638113223215,5.360247481788985,8.477531749903525
NN ensemble,seed02,73,1.7,1.1,78.50919337690385,74.23056890016912,21.65198286684715,16.60349902166106
NN ensemble,seed02,41,1.4,1.0,86.1572725747117,72.48051985325947,24.46021001385732,24.925541581973953
NN ensemble,seed02,60,1.5,2.5,77.430549346183,63.5678702220991,5.28813934914015,12.359659493956105
NN ensemble,seed02,29,1.2,2.3,94.19984376701287,95.35173992164941,4.6685111413823535,5.5471243537855175
NN ensemble,seed02,11,1.1,1.3,32.1657926883108,37.692327240745165,22.335185977271397,15.661258948884063
NN ensemble,seed03,101,1.9,1.8,15.04936161152886,20.950864458745265,16.756088065827463,14.895563599208952
NN ensemble,seed03,94,1.9,1.1,68.81050163065262,67.52299673020588,12.446708860384476,12.025565011711093
NN ensemble,seed03,6,1.0,2.1,102.31586665053233,91.7441595337963,5.1165813362992765,7.468368443892041
NN ensemble,seed03,25,1.2,1.6,24.95659463756515,28.661696745820983,19.11475683793465,17.677791006873278
NN ensemble,seed03,80,1.7,2.1,46.453384160498565,46.06339697148647,4.944878573759263,6.024625623035396
NN ensemble,seed03,42,1.4,1.1,47.40972483928133,50.188911003829425,20.937048290013298,21.811397561710542
NN ensemble,seed03,5,1.0,2.0,106.02724465602475,83.19938791998295,5.360247481788985,10.662688031781677
NN ensemble,seed03,98,1.9,1.5,68.53814320899697,68.9118580798592,19.49220034806418,19.507274002558933
NN ensemble,seed03,108,2.0,1.3,66.91419695119404,67.57876971642699,11.52766858628333,13.420730086938155
NN ensemble,seed03,99,1.9,1.6,76.35579220454977,69.07067608736511,10.67473266747813,13.645952046032168
NN ensemble,seed03,83,1.8,1.1,71.7471677976817,71.24879431672397,11.460708975733725,14.513141861868428
NN ensemble,seed03,40,1.3,2.5,90.27597041297177,92.92737216480336,3.51680282158692,4.498301707372898
NN ensemble,seed03,8,1.0,2.3,98.04053105918149,96.19017843603525,4.160788629019243,6.089125024742838
NN ensemble,seed03,113,2.0,1.8,35.91462169927672,43.76008379449733,17.810556668787925,12.76000365537667
NN ensemble,seed03,115,2.0,2.3,16.65625431634737,26.696124573569513,15.639161704669801,13.334927717286837
NN ensemble,seed03,100,1.9,1.7,26.590473482268628,37.111942660685585,17.3409152302523,13.322077619158938
NN ensemble,seed03,17,1.1,2.1,99.8683907227732,88.11759503213624,6.0320034789695995,8.67767383526991
NN ensemble,seed03,110,2.0,1.5,70.53891120146032,71.54717592342159,15.518504087807024,18.832520018896957
NN ensemble,seed03,4,1.0,1.9,71.31737127271622,50.874740725110286,22.800199024423442,22.342486132582792
NN ensemble,seed03,12,1.1,1.4,61.933831883918,55.50536303871648,2.7615194056182433,8.196091253317872
NN ensemble,seed03,34,1.3,1.5,20.51884998427476,32.19744392886992,18.09916668244404,14.06748774921356
NN ensemble,seed03,45,1.4,1.7,54.98950678020617,50.154874696345246,6.403239343364375,7.7589194238091626
NN ensemble,seed03,104,1.9,2.4,21.4725090184733,24.117017050031322,20.378480371159398,16.795609327473638
NN ensemble,seed03,77,1.7,1.5,16.484240804319526,24.8178256826687,16.613986733013075,14.870397139800389
NN ensemble,seed04,13,1.1,1.5,20.16537021859946,38.729750168308314,21.981828240884,15.4723174444274
NN ensemble,seed04,2,1.0,1.4,20.89585714361514,42.181681270470804,16.56761127473616,15.699015687736559
NN ensemble,seed04,25,1.2,1.6,24.95659463756515,35.389932852583435,19.11475683793465,15.568577077256094
NN ensemble,seed04,16,1.1,2.0,61.38960058864802,55.87846261188658,22.726212344024198,20.945060873397612
NN ensemble,seed04,19,1.1,2.3,96.78376589038817,95.56175960644465,7.355559882552597,4.584367497329957
NN ensemble,seed04,41,1.4,1.0,86.1572725747117,70.22897497145243,24.46021001385732,24.642321360472746
NN ensemble,seed04,5,1.0,2.0,106.02724465602475,95.71436253405709,5.360247481788985,9.033502191685965
NN ensemble,seed04,24,1.2,1.5,63.332813736939954,55.01686192070937,1.82898508052785,7.596262808657211
NN ensemble,seed04,81,1.7,2.2,14.488534728757534,18.62782949688227,14.601191023961066,15.567983731714785
NN ensemble,seed04,20,1.1,2.4,93.87229119248633,94.33448304901003,4.1169070132174665,4.491993155812892
NN ensemble,seed04,64,1.6,1.3,58.043875247217635,51.09768265957739,14.45764646727391,17.978948361036228
NN ensemble,seed04,78,1.7,1.6,15.7585522977264,17.29341915477637,16.120802777688827,16.480807392620207
NN ensemble,seed04,34,1.3,1.5,20.51884998427476,21.970193132580086,18.09916668244404,15.961581678074008
NN ensemble,seed04,85,1.8,1.3,74.59685990483652,72.97277044130675,20.950188488929776,19.535290856126693
NN ensemble,seed04,76,1.7,1.4,67.1327722479398,53.6936947216703,10.775944631568295,15.629284326821793
NN ensemble,seed04,114,2.0,1.9,16.65076077812998,20.139851990274273,14.91835246331919,16.69948597191157
NN ensemble,seed04,10,1.0,2.5,92.99204719253044,94.4298906784321,5.218291403010326,4.4630299927994415
NN ensemble,seed04,12,1.1,1.4,61.933831883918,55.31116205983968,2.7615194056182433,10.663626624304872
NN ensemble,seed04,91,1.8,2.2,48.83200749593603,46.634076208272845,1.8618713309090102,4.034239749013833
NN ensemble,seed04,26,1.2,2.0,14.711327801764734,11.470232334190637,14.213846936187466,18.217880354836993
NN ensemble,seed04,96,1.9,1.3,66.38616410370926,70.637470970925,16.596393354324523,14.872772584210562
NN ensemble,seed04,100,1.9,1.7,26.590473482268628,35.56570221088666,17.3409152302523,15.330863944592352
NN ensemble,seed04,61,1.6,1.0,78.60220609535597,78.28671849626767,17.989211690166634,21.957279292525776
NN ensemble,seed04,68,1.6,1.9,37.61040536196327,33.87232096184421,22.542665474583867,15.495479087619348
NN ensemble,seed05,70,1.6,2.1,16.3011911471622,18.178383985463007,15.553481880829267,15.384071765267702
NN ensemble,seed05,59,1.5,2.4,26.10144790045783,33.11747471685821,17.146073295989,17.828099287689753
NN ensemble,seed05,39,1.3,2.4,93.89981601357904,92.22005729355377,4.59171662750557,3.8440554870758206
NN ensemble,seed05,10,1.0,2.5,92.99204719253044,94.54374400373506,5.218291403010326,4.503687714533713
NN ensemble,seed05,96,1.9,1.3,66.38616410370926,69.55059332195836,16.596393354324523,14.465839921391176
NN ensemble,seed05,23,1.2,1.4,23.16444205795815,30.767551553125394,17.8525156358467,17.478919403536192
NN ensemble,seed05,57,1.5,1.9,43.50616172761773,40.076307483258894,11.167872475426345,12.931160396512254
NN ensemble,seed05,42,1.4,1.1,47.40972483928133,49.83559093294197,20.937048290013298,22.459134650195693
NN ensemble,seed05,56,1.5,1.8,45.81819199191605,39.16365778872735,11.2627084006723,16.514868899615088
NN ensemble,seed05,115,2.0,2.3,16.65625431634737,21.938334461249454,15.639161704669801,16.63468485719944
NN ensemble,seed05,28,1.2,2.2,94.71421913113033,92.1223260584465,4.434601146470383,6.517888553899574
NN ensemble,seed05,35,1.3,1.6,63.5781120854075,57.90040582540958,1.977766810996525,4.401597738565588
NN ensemble,seed05,17,1.1,2.1,99.8683907227732,98.84067922394868,6.0320034789695995,6.497769429936751
NN ensemble,seed05,91,1.8,2.2,48.83200749593603,44.730193469069754,1.8618713309090102,4.677825343026022
NN ensemble,seed05,63,1.6,1.2,62.83244503940233,69.71062803333743,24.314295670270337,20.754681473209793
NN ensemble,seed05,6,1.0,2.1,102.31586665053233,101.9572521639691,5.1165813362992765,4.988086801698375
NN ensemble,seed05,101,1.9,1.8,15.04936161152886,16.270674808959104,16.756088065827463,16.305505066867294
NN ensemble,seed05,85,1.8,1.3,74.59685990483652,71.92132872914013,20.950188488929776,19.21713772123596
NN ensemble,seed05,97,1.9,1.4,75.13777001557544,70.97791461007051,18.43361001536898,18.022852694648588
NN ensemble,seed05,87,1.8,1.5,75.22236512124877,67.47462484119866,11.421824151342928,11.072424982527185
NN ensemble,seed05,20,1.1,2.4,93.87229119248633,94.51383851378925,4.1169070132174665,5.176981156715397
NN ensemble,seed05,49,1.4,2.5,89.50992642268943,90.74844594075327,6.58320936583297,3.344673199771267
NN ensemble,seed05,43,1.4,1.2,20.481919337918775,23.112195518306628,19.09315793183945,17.659481162701148
NN ensemble,seed05,94,1.9,1.1,68.81050163065262,67.19047055550278,12.446708860384476,11.35482068660844
NN ensemble,seed06,72,1.7,1.0,71.7661995486084,75.65985078798906,14.581765487729701,17.444343880232246
NN ensemble,seed06,16,1.1,2.0,61.38960058864802,72.90140873686319,22.726212344024198,16.368136491352107
NN ensemble,seed06,0,1.0,1.2,42.81570519421375,43.37581844789452,22.26287186684205,16.237427501858853
NN ensemble,seed06,104,1.9,2.4,21.4725090184733,19.22323565030668,20.378480371159398,17.324492272678096
NN ensemble,seed06,20,1.1,2.4,93.87229119248633,94.66486426864086,4.1169070132174665,4.98303416125695
NN ensemble,seed06,34,1.3,1.5,20.51884998427476,41.348951658754665,18.09916668244404,12.805087235555183
NN ensemble,seed06,98,1.9,1.5,68.53814320899697,70.2707708505466,19.49220034806418,19.239402516172312
NN ensemble,seed06,23,1.2,1.4,23.16444205795815,41.07485454319628,17.8525156358467,14.50889265539784
NN ensemble,seed06,61,1.6,1.0,78.60220609535597,78.75779206897211,17.989211690166634,21.793419748129452
NN ensemble,seed06,39,1.3,2.4,93.89981601357904,93.09902744427262,4.59171662750557,4.8405870566263385
NN ensemble,seed06,55,1.5,1.7,20.299274061488774,30.620409574864045,18.06789415848285,16.24578421295437
NN ensemble,seed06,53,1.5,1.3,20.781487856364,20.33280677230437,13.267190582608643,18.771590797691665
NN ensemble,seed06,58,1.5,2.0,15.99250790650005,18.76064194568217,14.311787412395875,16.627689614289306
NN ensemble,seed06,46,1.4,1.8,35.62523389249657,36.86797930371241,17.987320114985366,14.123880674725218
NN ensemble,seed06,64,1.6,1.3,58.043875247217635,59.58762895232918,14.45764646727391,16.95175533046595
NN ensemble,seed06,32,1.3,1.0,37.440819767292076,43.794247559316666,25.156835357817474,21.234254522210875
NN ensemble,seed06,78,1.7,1.6,15.7585522977264,14.784046286942214,16.120802777688827,15.122424226256722
NN ensemble,seed06,47,1.4,2.3,27.735522821141263,43.046768057481486,22.732576075377967,15.425759668504824
NN ensemble,seed06,54,1.5,1.4,17.02894957415735,18.2574564749318,16.996076659902027,15.713240674838426
NN ensemble,seed06,44,1.4,1.6,18.632969188112835,37.724319869264896,15.479088510995524,14.156801353753133
NN ensemble,seed06,93,1.9,1.0,68.1554204717836,67.7101080911899,9.81690258819314,11.323778002942761
NN ensemble,seed06,27,1.2,2.1,41.95254310380097,68.00012301888891,21.849868675161133,15.430411728100239
NN ensemble,seed06,38,1.3,2.3,88.71483507879226,92.10165222597874,4.810595951836794,5.887748492317833
NN ensemble,seed06,30,1.2,2.4,93.48940821225624,93.652648053746,3.98125478783674,4.802434683980164
NN ensemble,seed07,79,1.7,2.0,29.124210888826802,30.02215202319055,19.710073901690876,21.056460852299196
NN ensemble,seed07,105,2.0,1.0,64.4252724511907,66.74094422968592,11.742895108603914,10.75931265045335
NN ensemble,seed07,71,1.6,2.5,26.760099448330866,28.027658955860552,17.253243737433966,14.817935417176614
NN ensemble,seed07,22,1.2,1.0,22.28778242646885,26.057863453121104,20.714414689313326,22.679101860275445
NN ensemble,seed07,26,1.2,2.0,14.711327801764734,21.131099421590335,14.213846936187466,20.423321649209257
NN ensemble,seed07,40,1.3,2.5,90.27597041297177,92.59884868618224,3.51680282158692,5.028284461786645
NN ensemble,seed07,5,1.0,2.0,106.02724465602475,97.49833161331537,5.360247481788985,10.296012490165989
NN ensemble,seed07,43,1.4,1.2,20.481919337918775,21.07541934988561,19.09315793183945,17.707913485905713
NN ensemble,seed07,13,1.1,1.5,20.16537021859946,29.5800663628598,21.981828240884,14.875566997648694
NN ensemble,seed07,77,1.7,1.5,16.484240804319526,25.19213055324387,16.613986733013075,13.503532548662921
NN ensemble,seed07,62,1.6,1.1,71.4438364158991,78.54163570759617,20.77736434766016,24.038802263751855
NN ensemble,seed07,58,1.5,2.0,15.99250790650005,20.458430265829925,14.311787412395875,15.843018886183334
NN ensemble,seed07,93,1.9,1.0,68.1554204717836,67.69707143376175,9.81690258819314,11.262003075026447
NN ensemble,seed07,91,1.8,2.2,48.83200749593603,43.63768879928891,1.8618713309090102,7.493131866014126
NN ensemble,seed07,65,1.6,1.4,19.528272492831448,23.586814938870837,19.59261980698215,12.674128432182018
NN ensemble,seed07,102,1.9,2.2,17.088880431403968,30.77799355403235,18.899387459468134,13.31722237349056
NN ensemble,seed07,74,1.7,1.2,79.99719446748381,74.97022934540325,20.5842603804155,22.550144261848175
NN ensemble,seed07,117,2.0,2.5,26.151753430429398,25.656627086633573,19.496886376894068,17.71693655548505
NN ensemble,seed07,109,2.0,1.4,68.4593351558459,69.3055347361989,16.625114688629026,14.971151987359011
NN ensemble,seed07,115,2.0,2.3,16.65625431634737,31.69482173079616,15.639161704669801,10.97440067842317
NN ensemble,seed07,15,1.1,1.9,17.2175256875071,28.361880025779538,14.799912443472774,18.596673596542953
NN ensemble,seed07,54,1.5,1.4,17.02894957415735,13.625980350781541,16.996076659902027,15.688166059830476
NN ensemble,seed07,20,1.1,2.4,93.87229119248633,93.78195243562148,4.1169070132174665,4.953402122917213
NN ensemble,seed07,86,1.8,1.4,65.591960546395,69.90966819301465,19.04500294060005,18.864852446504266
NN ensemble,seed08,99,1.9,1.6,76.35579220454977,62.76863346504873,10.67473266747813,15.221110804880604
NN ensemble,seed08,29,1.2,2.3,94.19984376701287,95.58181846601406,4.6685111413823535,5.298655091613168
NN ensemble,seed08,17,1.1,2.1,99.8683907227732,97.65094934526171,6.0320034789695995,5.398341627920705
NN ensemble,seed08,57,1.5,1.9,43.50616172761773,41.07460059602126,11.167872475426345,10.9622578868598
NN ensemble,seed08,86,1.8,1.4,65.591960546395,70.91782143064606,19.04500294060005,19.47419906545209
NN ensemble,seed08,101,1.9,1.8,15.04936161152886,16.439875723442373,16.756088065827463,15.906046386318096
NN ensemble,seed08,70,1.6,2.1,16.3011911471622,21.931528076285105,15.553481880829267,14.154463874211382
NN ensemble,seed08,107,2.0,1.2,67.92914865962737,66.47231132024372,10.209380580032068,11.33213803885252
NN ensemble,seed08,30,1.2,2.4,93.48940821225624,94.41787910157329,3.98125478783674,5.0857739377274305
NN ensemble,seed08,1,1.0,1.3,59.38278865114611,41.429882898457706,10.058174687361719,13.176859775859702
NN ensemble,seed08,75,1.7,1.3,63.28835250491195,70.19643374253718,18.9934879839535,20.26626901671625
NN ensemble,seed08,40,1.3,2.5,90.27597041297177,93.76256913279452,3.51680282158692,5.279141035282846
NN ensemble,seed08,0,1.0,1.2,42.81570519421375,29.96928753188896,22.26287186684205,18.825094994074533
NN ensemble,seed08,110,2.0,1.5,70.53891120146032,72.36698653423184,15.518504087807024,18.62049614011595
NN ensemble,seed08,12,1.1,1.4,61.933831883918,44.189721699997754,2.7615194056182433,11.837820332125196
NN ensemble,seed08,62,1.6,1.1,71.4438364158991,78.26445529116003,20.77736434766016,23.549336297218357
NN ensemble,seed08,33,1.3,1.1,20.551007181485623,21.629371684039292,17.6341476127744,19.840152329565154
NN ensemble,seed08,87,1.8,1.5,75.22236512124877,58.36891907152981,11.421824151342928,14.648058453808853
NN ensemble,seed08,55,1.5,1.7,20.299274061488774,23.322143613043284,18.06789415848285,16.29896370814567
NN ensemble,seed08,80,1.7,2.1,46.453384160498565,46.89380307067556,4.944878573759263,7.047295741902721
NN ensemble,seed08,89,1.8,1.7,15.251624701513725,16.015322926973383,16.0562316100248,15.722912039701598
NN ensemble,seed08,35,1.3,1.6,63.5781120854075,45.98658782679639,1.977766810996525,10.53763898528339
NN ensemble,seed08,111,2.0,1.6,67.36796029221762,72.3967771081345,20.69771237531105,17.80848520572787
NN ensemble,seed08,116,2.0,2.4,46.6101304496425,43.946988111829604,1.8767043955324498,6.576714559312878
NN ensemble,seed09,70,1.6,2.1,16.3011911471622,16.12493128437575,15.553481880829267,15.309647864798375
NN ensemble,seed09,3,1.0,1.8,18.49277387277017,31.206435569879584,14.049413234617568,18.041286793284737
NN ensemble,seed09,28,1.2,2.2,94.71421913113033,92.16395060403259,4.434601146470383,6.2650198162940764
NN ensemble,seed09,100,1.9,1.7,26.590473482268628,35.931647958765204,17.3409152302523,12.950173389186554
NN ensemble,seed09,10,1.0,2.5,92.99204719253044,95.51329298616967,5.218291403010326,4.982057862439187
NN ensemble,seed09,47,1.4,2.3,27.735522821141263,34.36684833535274,22.732576075377967,17.24697659970452
NN ensemble,seed09,21,1.1,2.5,91.92165931955867,94.41826964845708,4.122110394865796,5.071796373462137
NN ensemble,seed09,61,1.6,1.0,78.60220609535597,78.21044017326844,17.989211690166634,21.416124426009993
NN ensemble,seed09,113,2.0,1.8,35.91462169927672,44.58843848939354,17.810556668787925,11.366884898259606
NN ensemble,seed09,48,1.4,2.4,87.35859796967429,76.9390919301994,6.664549674421354,7.299174598137623
NN ensemble,seed09,78,1.7,1.6,15.7585522977264,16.843161324194824,16.120802777688827,15.730821977795689
NN ensemble,seed09,87,1.8,1.5,75.22236512124877,66.54783966984493,11.421824151342928,11.44237136794908
NN ensemble,seed09,64,1.6,1.3,58.043875247217635,54.416812182560385,14.45764646727391,17.705512647777322
NN ensemble,seed09,89,1.8,1.7,15.251624701513725,17.202187571255696,16.0562316100248,15.512922687734193
NN ensemble,seed09,20,1.1,2.4,93.87229119248633,94.89866317512337,4.1169070132174665,5.3795185624417075
NN ensemble,seed09,35,1.3,1.6,63.5781120854075,57.80432991691155,1.977766810996525,3.474534405628728
NN ensemble,seed09,39,1.3,2.4,93.89981601357904,91.08961729131235,4.59171662750557,4.407350076827357
NN ensemble,seed09,36,1.3,1.7,34.115780411653425,28.145352699603404,17.691033064657375,20.018961546975696
NN ensemble,seed09,26,1.2,2.0,14.711327801764734,15.440647353699987,14.213846936187466,20.46513582184263
NN ensemble,seed09,79,1.7,2.0,29.124210888826802,27.094394976524335,19.710073901690876,19.226117057260986
NN ensemble,seed09,23,1.2,1.4,23.16444205795815,27.05026210033996,17.8525156358467,18.44722638700234
NN ensemble,seed09,25,1.2,1.6,24.95659463756515,24.704742468210362,19.11475683793465,21.01406592533097
NN ensemble,seed09,75,1.7,1.3,63.28835250491195,68.06399567769613,18.9934879839535,19.15449713010633
NN ensemble,seed09,96,1.9,1.3,66.38616410370926,70.76240635290253,16.596393354324523,14.93427194519639
NN ensemble,seed10,45,1.4,1.7,54.98950678020617,42.77345761614865,6.403239343364375,7.697403562042055
NN ensemble,seed10,95,1.9,1.2,70.00787075196287,68.12254966052296,12.489846976718844,12.65397005635959
NN ensemble,seed10,56,1.5,1.8,45.81819199191605,34.85982038689995,11.2627084006723,10.579636505384894
NN ensemble,seed10,84,1.8,1.2,73.50397660327812,71.66217135784316,16.233276031999672,16.46601335795297
NN ensemble,seed10,98,1.9,1.5,68.53814320899697,70.19047771081601,19.49220034806418,19.14734797535143
NN ensemble,seed10,41,1.4,1.0,86.1572725747117,73.76291146338818,24.46021001385732,23.689556043683652
NN ensemble,seed10,80,1.7,2.1,46.453384160498565,44.993980761658115,4.944878573759263,6.003439285535706
NN ensemble,seed10,108,2.0,1.3,66.91419695119404,67.8159151588604,11.52766858628333,12.936074914416759
NN ensemble,seed10,48,1.4,2.4,87.35859796967429,75.6124730574691,6.664549674421354,7.764691252026836
NN ensemble,seed10,2,1.0,1.4,20.89585714361514,29.588051390784518,16.56761127473616,18.33778926153601
NN ensemble,seed10,53,1.5,1.3,20.781487856364,20.747369096749722,13.267190582608643,17.794554928786845
NN ensemble,seed10,52,1.5,1.2,56.484914849706776,51.684647656859546,21.09007756483452,18.260446108844256
NN ensemble,seed10,110,2.0,1.5,70.53891120146032,72.02236691440709,15.518504087807024,19.500963456435386
NN ensemble,seed10,43,1.4,1.2,20.481919337918775,22.67337150597858,19.09315793183945,18.056018757188845
NN ensemble,seed10,79,1.7,2.0,29.124210888826802,23.078620920512048,19.710073901690876,16.18103766533759
NN ensemble,seed10,1,1.0,1.3,59.38278865114611,58.841783393604956,10.058174687361719,7.447083523616007
NN ensemble,seed10,10,1.0,2.5,92.99204719253044,94.56663069940637,5.218291403010326,4.334304664239051
NN ensemble,seed10,35,1.3,1.6,63.5781120854075,50.79674160708469,1.977766810996525,5.305601604854509
NN ensemble,seed10,47,1.4,2.3,27.735522821141263,41.384428019970606,22.732576075377967,14.682814455415103
NN ensemble,seed10,26,1.2,2.0,14.711327801764734,22.072391150931367,14.213846936187466,17.959457072703355
NN ensemble,seed10,68,1.6,1.9,37.61040536196327,27.688202728361794,22.542665474583867,13.785292626429086
NN ensemble,seed10,81,1.7,2.2,14.488534728757534,20.71539244679439,14.601191023961066,16.03991046259221
NN ensemble,seed10,37,1.3,2.2,33.62346313487976,46.74539483797001,22.885255128649302,15.493674840990312
NN ensemble,seed10,19,1.1,2.3,96.78376589038817,95.38104763069357,7.355559882552597,4.652620313518307
NN ensemble,seed11,105,2.0,1.0,64.4252724511907,66.60014764683555,11.742895108603914,10.395015728370094
NN ensemble,seed11,16,1.1,2.0,61.38960058864802,60.88714656929865,22.726212344024198,20.073831515319537
NN ensemble,seed11,99,1.9,1.6,76.35579220454977,68.85970384393393,10.67473266747813,14.866979110613016
NN ensemble,seed11,36,1.3,1.7,34.115780411653425,31.45711148079791,17.691033064657375,17.349737738760183
NN ensemble,seed11,0,1.0,1.2,42.81570519421375,40.25955682979339,22.26287186684205,17.13708016532557
NN ensemble,seed11,39,1.3,2.4,93.89981601357904,92.78492826605365,4.59171662750557,5.186554561152189
NN ensemble,seed11,9,1.0,2.4,94.62319761567007,95.39525144535023,4.847187637262277,4.720271986295627
NN ensemble,seed11,2,1.0,1.4,20.89585714361514,26.653760713067488,16.56761127473616,18.913024971370326
NN ensemble,seed11,42,1.4,1.1,47.40972483928133,46.564177692335804,20.937048290013298,21.418300783805726
NN ensemble,seed11,35,1.3,1.6,63.5781120854075,57.239932811890505,1.977766810996525,5.228642204047235
NN ensemble,seed11,6,1.0,2.1,102.31586665053233,101.23457033882646,5.1165813362992765,5.016687428340181
NN ensemble,seed11,52,1.5,1.2,56.484914849706776,51.279373209148176,21.09007756483452,18.443305834948717
NN ensemble,seed11,30,1.2,2.4,93.48940821225624,92.95726119955762,3.98125478783674,5.04954175167915
NN ensemble,seed11,73,1.7,1.1,78.50919337690385,74.30452425706078,21.65198286684715,17.058647857869694
NN ensemble,seed11,72,1.7,1.0,71.7661995486084,73.48327238572313,14.581765487729701,14.912915895172167
NN ensemble,seed11,90,1.8,2.1,21.35579681348827,23.290124811848074,18.801330423732566,19.46715953475548
NN ensemble,seed11,77,1.7,1.5,16.484240804319526,25.96084281802184,16.613986733013075,15.11307561628467
NN ensemble,seed11,78,1.7,1.6,15.7585522977264,16.1365827434764,16.120802777688827,14.441564756537298
NN ensemble,seed11,85,1.8,1.3,74.59685990483652,71.84928230998928,20.950188488929776,18.04204682168564
NN ensemble,seed11,60,1.5,2.5,77.430549346183,66.5380708432539,5.28813934914015,12.271346463991822
NN ensemble,seed11,29,1.2,2.3,94.19984376701287,94.04213097178152,4.6685111413823535,5.613269050252484
NN ensemble,seed11,15,1.1,1.9,17.2175256875071,23.331449282287984,14.799912443472774,15.196866594171931
NN ensemble,seed11,58,1.5,2.0,15.99250790650005,18.78065332101002,14.311787412395875,16.31411083928041
NN ensemble,seed11,54,1.5,1.4,17.02894957415735,15.365708039520944,16.996076659902027,13.724293633122079
NN ensemble,seed12,66,1.6,1.5,14.9274385746899,15.862991384636976,13.584928849166,17.04113327400211
NN ensemble,seed12,70,1.6,2.1,16.3011911471622,18.728966736626017,15.553481880829267,13.088277595975887
NN ensemble,seed12,17,1.1,2.1,99.8683907227732,95.78466135317056,6.0320034789695995,6.490069653544356
NN ensemble,seed12,69,1.6,2.0,44.68524155976913,41.55362837620088,7.816281837380406,10.852494772825038
NN ensemble,seed12,11,1.1,1.3,32.1657926883108,35.94742782387213,22.335185977271397,17.44614484778278
NN ensemble,seed12,8,1.0,2.3,98.04053105918149,96.0084671854599,4.160788629019243,5.166136394074222
NN ensemble,seed12,19,1.1,2.3,96.78376589038817,95.1812024868721,7.355559882552597,4.42640151392043
NN ensemble,seed12,21,1.1,2.5,91.92165931955867,93.4386606177422,4.122110394865796,4.5134698354941944
NN ensemble,seed12,14,1.1,1.8,25.870520205273934,11.798013584461888,14.0049283108389,13.232222188096618
NN ensemble,seed12,26,1.2,2.0,14.711327801764734,14.032712738849677,14.213846936187466,15.116342319100454
NN ensemble,seed12,100,1.9,1.7,26.590473482268628,30.502284990314585,17.3409152302523,15.687168381165122
NN ensemble,seed12,97,1.9,1.4,75.13777001557544,71.33126641580714,18.43361001536898,18.664020652827116
NN ensemble,seed12,7,1.0,2.2,100.54575565420733,97.12229683525607,4.83407354664049,5.542065960206487
NN ensemble,seed12,107,2.0,1.2,67.92914865962737,66.15020782109082,10.209380580032068,11.7795629559134
NN ensemble,seed12,40,1.3,2.5,90.27597041297177,91.5682956196532,3.51680282158692,4.784221243173694
NN ensemble,seed12,93,1.9,1.0,68.1554204717836,67.43524501066368,9.81690258819314,11.267526562328536
NN ensemble,seed12,71,1.6,2.5,26.760099448330866,34.327428492260964,17.253243737433966,14.471943569231815
NN ensemble,seed12,39,1.3,2.4,93.89981601357904,91.06896545431803,4.59171662750557,4.776098172091489
NN ensemble,seed12,31,1.2,2.5,92.37908589082757,92.83488063385587,5.06397086211145,4.496061264256616
NN ensemble,seed12,57,1.5,1.9,43.50616172761773,40.397091427878635,11.167872475426345,13.838046175590497
NN ensemble,seed12,9,1.0,2.4,94.62319761567007,94.84263969782305,4.847187637262277,4.824327929436926
NN ensemble,seed12,55,1.5,1.7,20.299274061488774,20.088338405704224,18.06789415848285,16.51263345039721
NN ensemble,seed12,87,1.8,1.5,75.22236512124877,65.84416779252506,11.421824151342928,11.692066415299575
NN ensemble,seed12,85,1.8,1.3,74.59685990483652,71.76714248116267,20.950188488929776,19.678102576711105
NN ensemble,seed13,96,1.9,1.3,66.38616410370926,70.27803802986698,16.596393354324523,15.669826042341814
NN ensemble,seed13,15,1.1,1.9,17.2175256875071,21.120374516533055,14.799912443472774,17.874418146404196
NN ensemble,seed13,113,2.0,1.8,35.91462169927672,42.06026591400573,17.810556668787925,14.663738015125906
NN ensemble,seed13,105,2.0,1.0,64.4252724511907,66.01748589031914,11.742895108603914,9.725401141453961
NN ensemble,seed13,23,1.2,1.4,23.16444205795815,28.801549136407935,17.8525156358467,18.565620456620778
NN ensemble,seed13,56,1.5,1.8,45.81819199191605,42.11476408674569,11.2627084006723,15.462324422023297
NN ensemble,seed13,84,1.8,1.2,73.50397660327812,72.82522789206521,16.233276031999672,18.064086249163683
NN ensemble,seed13,60,1.5,2.5,77.430549346183,66.13991962025429,5.28813934914015,12.519694272520665
NN ensemble,seed13,63,1.6,1.2,62.83244503940233,70.66136751812715,24.314295670270337,20.287153361152406
NN ensemble,seed13,14,1.1,1.8,25.870520205273934,15.543641884655262,14.0049283108389,14.926445774752343
NN ensemble,seed13,44,1.4,1.6,18.632969188112835,25.59515691436895,15.479088510995524,15.598783512738672
NN ensemble,seed13,80,1.7,2.1,46.453384160498565,47.12289335128503,4.944878573759263,5.65291640374999
NN ensemble,seed13,31,1.2,2.5,92.37908589082757,91.92197085984044,5.06397086211145,4.116092363942782
NN ensemble,seed13,83,1.8,1.1,71.7471677976817,71.67758344094398,11.460708975733725,15.40505961372788
NN ensemble,seed13,55,1.5,1.7,20.299274061488774,21.790979358070278,18.06789415848285,17.902560980946994
NN ensemble,seed13,12,1.1,1.4,61.933831883918,54.592300649175776,2.7615194056182433,9.085374273739076
NN ensemble,seed13,69,1.6,2.0,44.68524155976913,44.38801448094034,7.816281837380406,8.189865757404375
NN ensemble,seed13,116,2.0,2.4,46.6101304496425,43.10308624165294,1.8767043955324498,5.146177763846366
NN ensemble,seed13,59,1.5,2.4,26.10144790045783,28.7326428595136,17.146073295989,21.329894266700265
NN ensemble,seed13,104,1.9,2.4,21.4725090184733,21.074104794104482,20.378480371159398,18.369284076819607
NN ensemble,seed13,50,1.5,1.0,85.67884501267451,79.1240927251376,26.033455616949,22.198197962116968
NN ensemble,seed13,88,1.8,1.6,20.127266298104225,27.690732950719813,15.478872505803125,15.332775872088314
NN ensemble,seed13,9,1.0,2.4,94.62319761567007,94.98658341264436,4.847187637262277,4.574104191322746
NN ensemble,seed13,39,1.3,2.4,93.89981601357904,92.35879166676754,4.59171662750557,4.233230724055092
NN ensemble,seed14,58,1.5,2.0,15.99250790650005,19.305804184264602,14.311787412395875,16.740098040191697
NN ensemble,seed14,69,1.6,2.0,44.68524155976913,45.74989799048457,7.816281837380406,8.115785443899416
NN ensemble,seed14,54,1.5,1.4,17.02894957415735,15.1523291203227,16.996076659902027,18.528190758540855
NN ensemble,seed14,20,1.1,2.4,93.87229119248633,94.27947561869135,4.1169070132174665,5.218284699181932
NN ensemble,seed14,39,1.3,2.4,93.89981601357904,91.81991743120737,4.59171662750557,4.599863501962413
NN ensemble,seed14,29,1.2,2.3,94.19984376701287,94.45825177594477,4.6685111413823535,5.405364501973415
NN ensemble,seed14,7,1.0,2.2,100.54575565420733,98.0542716555271,4.83407354664049,5.693391921428261
NN ensemble,seed14,108,2.0,1.3,66.91419695119404,67.43313900931804,11.52766858628333,13.41712723004006
NN ensemble,seed14,82,1.8,1.0,69.86792006915198,70.07441910154407,12.97838453858875,12.394711320768264
NN ensemble,seed14,85,1.8,1.3,74.59685990483652,71.59672649487032,20.950188488929776,18.890021149865653
NN ensemble,seed14,15,1.1,1.9,17.2175256875071,17.733878833768962,14.799912443472774,16.874302767312106
NN ensemble,seed14,95,1.9,1.2,70.00787075196287,68.14584330592015,12.489846976718844,13.136155384481466
NN ensemble,seed14,105,2.0,1.0,64.4252724511907,66.09744164623564,11.742895108603914,10.12175849299545
NN ensemble,seed14,94,1.9,1.1,68.81050163065262,67.39140202249008,12.446708860384476,11.46580676317171
NN ensemble,seed14,89,1.8,1.7,15.251624701513725,14.763286308880907,16.0562316100248,16.07664129189167
NN ensemble,seed14,2,1.0,1.4,20.89585714361514,26.859504052977265,16.56761127473616,20.12651069766736
NN ensemble,seed14,34,1.3,1.5,20.51884998427476,25.606881233936853,18.09916668244404,15.725260715300442
NN ensemble,seed14,6,1.0,2.1,102.31586665053233,100.13114550045506,5.1165813362992765,6.210929526771554
NN ensemble,seed14,38,1.3,2.3,88.71483507879226,87.09208906964501,4.810595951836794,5.415145521005893
NN ensemble,seed14,75,1.7,1.3,63.28835250491195,69.09607031815366,18.9934879839535,19.513414161349843
NN ensemble,seed14,64,1.6,1.3,58.043875247217635,57.6047498404159,14.45764646727391,17.68229890121233
NN ensemble,seed14,55,1.5,1.7,20.299274061488774,21.84198617037906,18.06789415848285,16.483643432560733
NN ensemble,seed14,66,1.6,1.5,14.9274385746899,15.470347738809343,13.584928849166,16.494254976311687
NN ensemble,seed14,53,1.5,1.3,20.781487856364,19.87406572113525,13.267190582608643,20.047345324027972
NN ensemble,seed15,101,1.9,1.8,15.04936161152886,16.046348573972672,16.756088065827463,16.26031852090062
NN ensemble,seed15,97,1.9,1.4,75.13777001557544,71.34449736228106,18.43361001536898,18.838315248604175
NN ensemble,seed15,8,1.0,2.3,98.04053105918149,95.61067766756727,4.160788629019243,5.278789791777962
NN ensemble,seed15,57,1.5,1.9,43.50616172761773,40.196790332155324,11.167872475426345,13.897933926422457
NN ensemble,seed15,11,1.1,1.3,32.1657926883108,34.024266551296186,22.335185977271397,18.60275351627789
NN ensemble,seed15,81,1.7,2.2,14.488534728757534,17.863196312421927,14.601191023961066,17.598266107227982
NN ensemble,seed15,87,1.8,1.5,75.22236512124877,59.76426158872401,11.421824151342928,13.390818868637274
NN ensemble,seed15,36,1.3,1.7,34.115780411653425,33.45486921125086,17.691033064657375,16.522740073592807
NN ensemble,seed15,108,2.0,1.3,66.91419695119404,67.93573426236925,11.52766858628333,12.728446445741692
NN ensemble,seed15,25,1.2,1.6,24.95659463756515,31.312898264382472,19.11475683793465,16.171913332725598
NN ensemble,seed15,52,1.5,1.2,56.484914849706776,48.53160540569471,21.09007756483452,16.849703935158928
NN ensemble,seed15,112,2.0,1.7,69.86265452997606,65.38828670517618,15.447604729134476,15.703242388120554
NN ensemble,seed15,94,1.9,1.1,68.81050163065262,67.42426723973789,12.446708860384476,11.166057007313952
NN ensemble,seed15,51,1.5,1.1,71.3828894764614,74.37141884437008,21.64499300940713,23.81807478643724
NN ensemble,seed15,90,1.8,2.1,21.35579681348827,23.493072341363312,18.801330423732566,16.09490516306088
NN ensemble,seed15,102,1.9,2.2,17.088880431403968,21.608471732598854,18.899387459468134,14.334938156950212
NN ensemble,seed15,61,1.6,1.0,78.60220609535597,77.73975534667669,17.989211690166634,20.781552210280104
NN ensemble,seed15,64,1.6,1.3,58.043875247217635,49.99100781040457,14.45764646727391,14.564899772385925
NN ensemble,seed15,21,1.1,2.5,91.92165931955867,93.44805524563552,4.122110394865796,5.093501186332834
NN ensemble,seed15,30,1.2,2.4,93.48940821225624,93.57524029706691,3.98125478783674,5.182966391595625
NN ensemble,seed15,43,1.4,1.2,20.481919337918775,21.467453766238997,19.09315793183945,16.239047457123196
NN ensemble,seed15,14,1.1,1.8,25.870520205273934,13.569675765256346,14.0049283108389,12.152972053346542
NN ensemble,seed15,86,1.8,1.4,65.591960546395,69.31475767366742,19.04500294060005,19.31173233967551
NN ensemble,seed15,38,1.3,2.3,88.71483507879226,90.36348687392048,4.810595951836794,6.330254956578417
NN ensemble,seed16,92,1.8,2.3,17.822310010837665,23.071297466803603,18.745286497855265,13.401027494668796
NN ensemble,seed16,101,1.9,1.8,15.04936161152886,15.726719462690946,16.756088065827463,15.548741275828258
NN ensemble,seed16,82,1.8,1.0,69.86792006915198,69.94463641932006,12.97838453858875,11.848437721373923
NN ensemble,seed16,7,1.0,2.2,100.54575565420733,97.75980756090365,4.83407354664049,5.293403342252248
NN ensemble,seed16,113,2.0,1.8,35.91462169927672,43.876301510527746,17.810556668787925,14.228893015481532
NN ensemble,seed16,102,1.9,2.2,17.088880431403968,22.549825591642104,18.899387459468134,15.325577860806163
NN ensemble,seed16,13,1.1,1.5,20.16537021859946,32.54398347080214,21.981828240884,13.853575203480224
NN ensemble,seed16,26,1.2,2.0,14.711327801764734,19.335328890149178,14.213846936187466,15.271925559802972
NN ensemble,seed16,55,1.5,1.7,20.299274061488774,20.91812254675248,18.06789415848285,19.482548471580863
NN ensemble,seed16,51,1.5,1.1,71.3828894764614,74.2020110518601,21.64499300940713,24.594695674137306
NN ensemble,seed16,9,1.0,2.4,94.62319761567007,95.24285003670153,4.847187637262277,4.593922765692035
NN ensemble,seed16,104,1.9,2.4,21.4725090184733,26.01031463079274,20.378480371159398,13.533286114403362
NN ensemble,seed16,97,1.9,1.4,75.13777001557544,70.09387528365738,18.43361001536898,18.710204935527862
NN ensemble,seed16,61,1.6,1.0,78.60220609535597,78.2356775445329,17.989211690166634,21.67973541573712
NN ensemble,seed16,106,2.0,1.1,61.0428787454959,67.52317244050246,11.43990210389649,10.733606256941018
NN ensemble,seed16,56,1.5,1.8,45.81819199191605,43.231316843732124,11.2627084006723,16.64971572945164
NN ensemble,seed16,99,1.9,1.6,76.35579220454977,69.65957054858794,10.67473266747813,14.078847942453589
NN ensemble,seed16,60,1.5,2.5,77.430549346183,64.01695181533591,5.28813934914015,12.941636719726947
NN ensemble,seed16,29,1.2,2.3,94.19984376701287,93.67172741468417,4.6685111413823535,5.130902357817368
NN ensemble,seed16,25,1.2,1.6,24.95659463756515,34.33773427099305,19.11475683793465,14.833437185887865
NN ensemble,seed16,67,1.6,1.8,18.70656102176115,19.68874678551767,16.475500264086424,20.359796176134076
NN ensemble,seed16,39,1.3,2.4,93.89981601357904,91.4409537445232,4.59171662750557,5.178550916707273
NN ensemble,seed16,86,1.8,1.4,65.591960546395,68.23914253426912,19.04500294060005,17.864385915955115
NN ensemble,seed16,10,1.0,2.5,92.99204719253044,94.41067184372694,5.218291403010326,4.291601646810433
NN ensemble,seed17,46,1.4,1.8,35.62523389249657,39.768315966798234,17.987320114985366,14.124701466404114
NN ensemble,seed17,9,1.0,2.4,94.62319761567007,95.82808040311473,4.847187637262277,5.0342431839484245
NN ensemble,seed17,59,1.5,2.4,26.10144790045783,30.277139519218878,17.146073295989,18.65533317267207
NN ensemble,seed17,117,2.0,2.5,26.151753430429398,29.64938046502766,19.496886376894068,13.130942972154978
NN ensemble,seed17,37,1.3,2.2,33.62346313487976,44.76546230035977,22.885255128649302,19.584009594574816
NN ensemble,seed17,92,1.8,2.3,17.822310010837665,26.509980632148675,18.745286497855265,16.754394297018028
NN ensemble,seed17,67,1.6,1.8,18.70656102176115,17.631368633869783,16.475500264086424,21.78131197685334
NN ensemble,seed17,55,1.5,1.7,20.299274061488774,19.670370425142867,18.06789415848285,20.121981964000888
NN ensemble,seed17,16,1.1,2.0,61.38960058864802,51.742935032805384,22.726212344024198,20.65487309879753
NN ensemble,seed17,11,1.1,1.3,32.1657926883108,36.53875993786038,22.335185977271397,16.20009755561273
NN ensemble,seed17,106,2.0,1.1,61.0428787454959,67.51510780523816,11.43990210389649,10.563377785421244
NN ensemble,seed17,48,1.4,2.4,87.35859796967429,83.17882196850724,6.664549674421354,6.6001713586285575
NN ensemble,seed17,76,1.7,1.4,67.1327722479398,64.1156009397201,10.775944631568295,13.224951512366172
NN ensemble,seed17,23,1.2,1.4,23.16444205795815,31.790784673543946,17.8525156358467,15.738087317160568
NN ensemble,seed17,110,2.0,1.5,70.53891120146032,70.36877416897511,15.518504087807024,18.785222268036893
NN ensemble,seed17,83,1.8,1.1,71.7471677976817,70.26043628034444,11.460708975733725,13.916753045751353
NN ensemble,seed17,109,2.0,1.4,68.4593351558459,69.41575731773278,16.625114688629026,14.981854670645777
NN ensemble,seed17,58,1.5,2.0,15.99250790650005,21.711249192358764,14.311787412395875,20.294352034131467
NN ensemble,seed17,28,1.2,2.2,94.71421913113033,94.3102993662491,4.434601146470383,6.160662743525808
NN ensemble,seed17,89,1.8,1.7,15.251624701513725,15.610972110132405,16.0562316100248,17.472116448651125
NN ensemble,seed17,42,1.4,1.1,47.40972483928133,49.634438805743834,20.937048290013298,21.518969284456357
NN ensemble,seed17,81,1.7,2.2,14.488534728757534,25.950251466606222,14.601191023961066,17.6034443345737
NN ensemble,seed17,66,1.6,1.5,14.9274385746899,14.572820903541373,13.584928849166,17.513955268409056
NN ensemble,seed17,70,1.6,2.1,16.3011911471622,24.962004948046484,15.553481880829267,18.574978199725404
NN ensemble,seed18,109,2.0,1.4,68.4593351558459,69.48933962355872,16.625114688629026,13.40884042122904
NN ensemble,seed18,107,2.0,1.2,67.92914865962737,66.58972390775767,10.209380580032068,11.619001998125881
NN ensemble,seed18,53,1.5,1.3,20.781487856364,23.830465581935805,13.267190582608643,18.02265525184864
NN ensemble,seed18,41,1.4,1.0,86.1572725747117,69.6371164195804,24.46021001385732,22.390153099737326
NN ensemble,seed18,111,2.0,1.6,67.36796029221762,72.4767615917755,20.69771237531105,17.75936388016425
NN ensemble,seed18,61,1.6,1.0,78.60220609535597,74.67346820280694,17.989211690166634,21.552145858725222
NN ensemble,seed18,43,1.4,1.2,20.481919337918775,25.60589863846323,19.09315793183945,19.8302018192497
NN ensemble,seed18,93,1.9,1.0,68.1554204717836,67.32322786321154,9.81690258819314,12.148968815753914
NN ensemble,seed18,37,1.3,2.2,33.62346313487976,51.022683653869635,22.885255128649302,16.13758974936324
NN ensemble,seed18,23,1.2,1.4,23.16444205795815,27.980620127336294,17.8525156358467,16.189892256723507
NN ensemble,seed18,0,1.0,1.2,42.81570519421375,39.538525350859246,22.26287186684205,14.813228881045728
NN ensemble,seed18,102,1.9,2.2,17.088880431403968,24.5134937254855,18.899387459468134,13.415933140710194
NN ensemble,seed18,72,1.7,1.0,71.7661995486084,74.7414710002171,14.581765487729701,18.66150756250004
NN ensemble,seed18,56,1.5,1.8,45.81819199191605,37.505192790763545,11.2627084006723,14.145796481505192
NN ensemble,seed18,54,1.5,1.4,17.02894957415735,18.797899258652485,16.996076659902027,15.553939739089335
NN ensemble,seed18,83,1.8,1.1,71.7471677976817,71.83229755136026,11.460708975733725,15.083241984773142
NN ensemble,seed18,76,1.7,1.4,67.1327722479398,57.118092430598814,10.775944631568295,14.277267297436063
NN ensemble,seed18,45,1.4,1.7,54.98950678020617,43.90760647125205,6.403239343364375,10.687411229677835
NN ensemble,seed18,12,1.1,1.4,61.933831883918,51.642482531922745,2.7615194056182433,8.317372382993705
NN ensemble,seed18,71,1.6,2.5,26.760099448330866,35.15102903167927,17.253243737433966,15.558824689806704
NN ensemble,seed18,100,1.9,1.7,26.590473482268628,31.7370029397057,17.3409152302523,15.54104705653097
NN ensemble,seed18,96,1.9,1.3,66.38616410370926,70.70312670807901,16.596393354324523,14.50190585565945
NN ensemble,seed18,57,1.5,1.9,43.50616172761773,36.16083073775964,11.167872475426345,13.757488496510344
NN ensemble,seed18,60,1.5,2.5,77.430549346183,64.57539263759679,5.28813934914015,12.064109964424206
NN ensemble,seed19,112,2.0,1.7,69.86265452997606,66.20194944353928,15.447604729134476,17.9183606269233
NN ensemble,seed19,77,1.7,1.5,16.484240804319526,28.09682183614162,16.613986733013075,12.557689725216997
NN ensemble,seed19,101,1.9,1.8,15.04936161152886,15.708762298065746,16.756088065827463,16.52075598076832
NN ensemble,seed19,2,1.0,1.4,20.89585714361514,46.606797815634856,16.56761127473616,11.430302316236103
NN ensemble,seed19,89,1.8,1.7,15.251624701513725,14.551446748283485,16.0562316100248,16.469983710821246
NN ensemble,seed19,16,1.1,2.0,61.38960058864802,85.53337822902715,22.726212344024198,12.201977266008614
NN ensemble,seed19,72,1.7,1.0,71.7661995486084,77.31548547105498,14.581765487729701,17.198431964871876
NN ensemble,seed19,37,1.3,2.2,33.62346313487976,71.13241640680272,22.885255128649302,10.686206626265115
NN ensemble,seed19,99,1.9,1.6,76.35579220454977,67.26529714191403,10.67473266747813,16.17186865678105
NN ensemble,seed19,18,1.1,2.2,96.10430348841847,97.9055249451144,5.813020903903137,5.261070749062569
NN ensemble,seed19,104,1.9,2.4,21.4725090184733,22.362534831152338,20.378480371159398,15.999244937533575
NN ensemble,seed19,27,1.2,2.1,41.95254310380097,81.44170600539005,21.849868675161133,10.337605629397334
NN ensemble,seed19,8,1.0,2.3,98.04053105918149,96.71471567715619,4.160788629019243,5.180664580062733
NN ensemble,seed19,107,2.0,1.2,67.92914865962737,65.76483221864592,10.209380580032068,11.382086091259369
NN ensemble,seed19,94,1.9,1.1,68.81050163065262,67.1660560854258,12.446708860384476,11.310709471182637
NN ensemble,seed19,61,1.6,1.0,78.60220609535597,80.288200463864,17.989211690166634,21.083891287325944
NN ensemble,seed19,13,1.1,1.5,20.16537021859946,40.31675894835555,21.981828240884,13.379462910536361
NN ensemble,seed19,30,1.2,2.4,93.48940821225624,92.66510713659135,3.98125478783674,4.770286949484124
NN ensemble,seed19,47,1.4,2.3,27.735522821141263,55.40173524806871,22.732576075377967,12.067716961991364
NN ensemble,seed19,65,1.6,1.4,19.528272492831448,27.391054347521553,19.59261980698215,12.561214401492279
NN ensemble,seed19,28,1.2,2.2,94.71421913113033,95.3752771474528,4.434601146470383,5.373326976380794
NN ensemble,seed19,46,1.4,1.8,35.62523389249657,38.64390732480191,17.987320114985366,13.860722470044498
NN ensemble,seed19,115,2.0,2.3,16.65625431634737,20.49663628556833,15.639161704669801,16.937085427623714
NN ensemble,seed19,92,1.8,2.3,17.822310010837665,19.356308043207214,18.745286497855265,15.152585233230136
