model,split,point,Type,L0Bar,L0Y,true_xB,pred_xB,true_xY,pred_xY,true_yY,pred_yY,true_thetaB,pred_thetaB,true_thetaY,pred_thetaY,IoU
GPR,seed00,86,Y-dominant,1.0,2.3,2.724201468320579,2.015911817550659,2.2233624753656565,2.4062089920043945,1.4705649477788796,1.1798207759857178,0.5356053013296822,0.3617175817489624,1.7706053013296823,1.6883150339126587,0.32174967706087804
GPR,seed00,85,Balanced,2.0,2.3,2.795,2.7795464992523193,2.795,2.7942097187042236,1.61465,1.5959796905517578,-0.18959265358979316,-0.15521609783172607,1.402,1.444077491760254,0.833270389618986
GPR,seed00,94,Y-dominant,1.1,2.1,2.073720984124914,2.178049325942993,2.146000717583487,2.1324820518493652,1.210489867834984,1.2425620555877686,0.27119795102684563,0.3091152012348175,1.7161979510268457,1.7270463705062866,0.8797719389870993
GPR,seed00,8,Bar-dominant,1.5,1.4,2.0793,2.0576446056365967,2.0793,2.103386878967285,1.2006,1.2012594938278198,0.198,0.07248416543006897,1.769,1.6595349311828613,0.7082177114886623
GPR,seed00,89,Y-dominant,1.0,2.5,1.8435641601257062,1.8678135871887207,2.6631260895011266,2.65696382522583,1.0493352926583754,1.1273196935653687,0.4613304225896439,0.36994680762290955,1.552330422589644,1.6771820783615112,0.5674664830462023
GPR,seed00,22,Bar-dominant,1.7,1.2,2.072082470004512,2.064422369003296,2.2611193257620665,2.0964648723602295,1.1314094571220878,1.1504778861999512,0.18140173798106482,0.20411360263824463,1.7524017379810648,1.818812608718872,0.7549979417665846
GPR,seed00,7,Bar-dominant,1.5,1.1,1.8681,1.8896281719207764,1.8668,1.862013816833496,1.0776999999999999,1.0851459503173828,0.21,0.22945356369018555,1.81,1.8314696550369263,0.9336615896509884
GPR,seed00,10,Bar-dominant,1.5,1.2,1.8927,1.9239466190338135,1.8927,1.9087812900543213,1.0935000000000001,1.115004539489746,0.17,0.20778495073318481,1.741,1.8027546405792236,0.8570297485530426
GPR,seed00,45,Bar-dominant,2.0,1.6,2.359824713829398,2.340574264526367,2.4702784769722665,2.344305992126465,1.3225083463659424,1.320435643196106,0.16942337291463724,0.18648003041744232,1.7404233729146374,1.763994812965393,0.8011511760294538
GPR,seed00,68,Balanced,1.5,2.0,2.4657506210077287,2.3988583087921143,2.463260380329014,2.417177677154541,1.4227521257061475,1.389818787574768,-0.22130237667857805,-0.1435067057609558,1.4012902769112152,1.458947777748108,0.769238684821351
GPR,seed00,33,Bar-dominant,1.9,1.3,2.272000563380212,2.2715110778808594,2.2694777471043777,2.5206542015075684,1.3103985483043081,1.249569296836853,0.16470422523569644,0.1717393845319748,1.8887042252356963,1.7729027271270752,0.6615958649110002
GPR,seed00,110,Y-dominant,1.3,2.5,2.2422777370343754,2.307793378829956,2.540131856071085,2.495163917541504,1.3200579130374792,1.3341361284255981,0.26892339156119455,0.27725720405578613,1.6569233915611945,1.6850095987319946,0.8544234996910616
GPR,seed00,2,Bar-dominant,1.3,1.0,1.691664072001294,1.7634484767913818,1.7417773872883584,1.7418230772018433,1.0083539845366503,1.0330893993377686,0.20092116470008953,0.2620384991168976,1.7719211647000896,1.82243013381958,0.8507403696499596
GPR,seed00,51,Balanced,1.0,1.4,1.9296,1.9505468606948853,1.9296,1.9498963356018066,1.1148,1.1397424936294556,-0.24359265358979298,-0.22256198525428772,1.405,1.388263463973999,0.9114919534603224
GPR,seed00,117,Y-dominant,1.6,2.5,2.5768499999999994,2.5154194831848145,2.5747999999999998,2.5445361137390137,1.4862499999999998,1.452978253364563,0.215,0.1336822807788849,1.711,1.6591662168502808,0.7664394197945622
GPR,seed00,73,Balanced,1.6,2.0,2.4858000000000002,2.4909074306488037,2.4858000000000002,2.496652841567993,1.4346,1.4373036623001099,-0.16559265358979314,-0.198030024766922,1.44,1.4193979501724243,0.9048794233364009
GPR,seed00,30,Bar-dominant,1.8,1.1,2.173554352897576,2.17342209815979,2.562926455036068,2.477463483810425,1.1099229606491847,1.1751173734664917,0.1709986684491855,0.18027332425117493,1.7409986684491856,1.792069673538208,0.8259288128625379
GPR,seed00,43,Bar-dominant,2.0,1.8,2.4548595581010333,2.403151750564575,2.4166987192494345,2.404350996017456,1.3867678249722057,1.3910229206085205,0.14596583160301807,0.19218868017196655,1.716965831603018,1.7496949434280396,0.8544526781152869
GPR,seed00,84,Balanced,2.0,2.5,2.898,2.7710165977478027,2.898,2.824932813644409,1.674,1.5820132493972778,-0.1435926535897929,-0.11990708857774734,1.459,1.4715075492858887,0.764873686493801
GPR,seed00,75,Balanced,1.7,2.0,2.5271000000000003,2.5524439811706543,2.5271000000000003,2.557516098022461,1.4596500000000001,1.4694247245788574,-0.17859265358979304,-0.18059813976287842,1.416,1.4341851472854614,0.9204136950081635
GPR,seed00,62,Balanced,1.3,1.5,2.1168,2.130545139312744,2.1168,2.1418051719665527,1.2222,1.2257325649261475,-0.24859265358979332,-0.2035837471485138,1.355,1.4102588891983032,0.8467997455981477
GPR,seed00,102,Y-dominant,1.2,2.3,2.153371266758243,2.2545931339263916,2.3416477004409244,2.3072354793548584,1.2639060920494574,1.2936313152313232,0.2725523918299775,0.2976682782173157,1.6835523918299775,1.6895371675491333,0.8707460666737508
GPR,seed00,16,Bar-dominant,1.6,1.5,2.16535,2.1425533294677734,2.1669,2.170982837677002,1.25085,1.254477620124817,0.193,0.07518784701824188,1.764,1.6593968868255615,0.7074818897587141
GPR,seed00,24,Bar-dominant,1.8,1.6,2.2508314574841006,2.249356985092163,2.296628098390843,2.2422149181365967,1.3058603744970818,1.3058650493621826,0.17528695980262532,0.17237988114356995,1.7462869598026254,1.7471520900726318,0.9102303669299358
k-NN,seed00,86,Y-dominant,1.0,2.3,2.724201468320579,2.047591788051076,2.2233624753656565,2.378214704965936,1.4705649477788796,1.193981384098201,0.5356053013296822,0.36009933134794003,1.7706053013296823,1.65349933134794,0.34291204233368294
k-NN,seed00,85,Balanced,2.0,2.3,2.795,2.76776,2.795,2.76776,1.61465,1.5981999999999998,-0.18959265358979316,-0.15819265358979315,1.402,1.442,0.8380404074902482
k-NN,seed00,94,Y-dominant,1.1,2.1,2.073720984124914,2.2341407201863612,2.146000717583487,2.1413472187141287,1.210489867834984,1.2696121074189537,0.27119795102684563,0.290150100085537,1.7161979510268457,1.730950100085537,0.829868403947842
k-NN,seed00,8,Bar-dominant,1.5,1.4,2.0793,2.040240115931173,2.0793,2.04006111822507,1.2006,1.1779499330599548,0.198,0.1915495886033698,1.769,1.7705495886033695,0.9127946100647631
k-NN,seed00,89,Y-dominant,1.0,2.5,1.8435641601257062,2.129705699324779,2.6631260895011266,2.511352158299746,1.0493352926583754,1.2339160621152265,0.4613304225896439,0.36816230350778467,1.552330422589644,1.6369623035077847,0.4782441199146969
k-NN,seed00,22,Bar-dominant,1.7,1.2,2.072082470004512,2.048391581922483,2.2611193257620665,2.0829411814491445,1.1314094571220878,1.1714903167696957,0.18140173798106482,0.18656138241057393,1.7524017379810648,1.8369613824105742,0.7437135259981613
k-NN,seed00,7,Bar-dominant,1.5,1.1,1.8681,1.9071910828575487,1.8668,1.942178153641668,1.0776999999999999,1.0893405321498044,0.21,0.19904156738428505,1.81,1.796241567384285,0.8662848437378107
k-NN,seed00,10,Bar-dominant,1.5,1.2,1.8927,1.9327797468545893,1.8927,1.9674389964976804,1.0935000000000001,1.1038106361190791,0.17,0.2019759682500859,1.741,1.779775968250086,0.8297536933909727
k-NN,seed00,45,Bar-dominant,2.0,1.6,2.359824713829398,2.3096687790229193,2.4702784769722665,2.319346067267614,1.3225083463659424,1.336833384163429,0.16942337291463724,0.16707419962500983,1.7404233729146374,1.7688741996250097,0.7831193185042584
k-NN,seed00,68,Balanced,1.5,2.0,2.4657506210077287,2.4007,2.463260380329014,2.4007,1.4227521257061475,1.3862400000000001,-0.22130237667857805,-0.18079265358979307,1.4012902769112152,1.4282,0.8172856423548353
k-NN,seed00,33,Bar-dominant,1.9,1.3,2.272000563380212,2.252898300563362,2.2694777471043777,2.4545043982212427,1.3103985483043081,1.220334071473007,0.16470422523569644,0.16928473931994914,1.8887042252356963,1.7688847393199492,0.6942913893656256
k-NN,seed00,110,Y-dominant,1.3,2.5,2.2422777370343754,2.352887794028132,2.540131856071085,2.4448988567068084,1.3200579130374792,1.3597080242807271,0.26892339156119455,0.2818744478250724,1.6569233915611945,1.6910744478250723,0.7654835962548859
k-NN,seed00,2,Bar-dominant,1.3,1.0,1.691664072001294,1.8023956706111182,1.7417773872883584,1.8069018009315858,1.0083539845366503,1.0431516631271058,0.20092116470008953,0.21716465256627515,1.7719211647000896,1.811564652566275,0.8162650378973173
k-NN,seed00,51,Balanced,1.0,1.4,1.9296,1.9356500743955292,1.9296,1.936278598811316,1.1148,1.1175998082689533,-0.24359265358979298,-0.23031664613435385,1.405,1.3898760074554395,0.9542192086286275
k-NN,seed00,117,Y-dominant,1.6,2.5,2.5768499999999994,2.47914138626337,2.5747999999999998,2.510108151177905,1.4862499999999998,1.4353846222969335,0.215,0.1463546906737219,1.711,1.6536732213916807,0.7485452459378298
k-NN,seed00,73,Balanced,1.6,2.0,2.4858000000000002,2.489573296151087,2.4858000000000002,2.489649585299019,1.4346,1.4376661821144052,-0.16559265358979314,-0.20123660377768454,1.44,1.4158178238121084,0.8943663130449019
k-NN,seed00,30,Bar-dominant,1.8,1.1,2.173554352897576,2.1908559144684467,2.562926455036068,2.466464686422723,1.1099229606491847,1.1613534330036808,0.1709986684491855,0.17055063696912603,1.7409986684491856,1.8059506369691263,0.8304546913787328
k-NN,seed00,43,Bar-dominant,2.0,1.8,2.4548595581010333,2.3838826884200888,2.4166987192494345,2.394843955652631,1.3867678249722057,1.380922038818269,0.14596583160301807,0.17256573156816912,1.716965831603018,1.744965731568169,0.8856505433869744
k-NN,seed00,84,Balanced,2.0,2.5,2.898,2.76776,2.898,2.76776,1.674,1.5981999999999998,-0.1435926535897929,-0.15819265358979315,1.459,1.4420000000000002,0.7532851046330988
k-NN,seed00,75,Balanced,1.7,2.0,2.5271000000000003,2.55504,2.5271000000000003,2.5554300000000003,1.4596500000000001,1.4753800000000001,-0.17859265358979304,-0.17519265358979305,1.416,1.431,0.9270798021907874
k-NN,seed00,62,Balanced,1.3,1.5,2.1168,2.1171400878906157,2.1168,2.118126005769102,1.2222,1.2226097734642563,-0.24859265358979332,-0.2201228619047301,1.355,1.3910697916850632,0.8985207549110998
k-NN,seed00,102,Y-dominant,1.2,2.3,2.153371266758243,2.3034839672352008,2.3416477004409244,2.2860225929678815,1.2639060920494574,1.3195697635278625,0.2725523918299775,0.31134032739718664,1.6835523918299775,1.7147403273971868,0.7776294001503837
k-NN,seed00,16,Bar-dominant,1.6,1.5,2.16535,2.1117539378295,2.1669,2.119718836055757,1.25085,1.2202678763711305,0.193,0.18437345448804426,1.764,1.7551734544880442,0.8879260790188558
k-NN,seed00,24,Bar-dominant,1.8,1.6,2.2508314574841006,2.2624343143716965,2.296628098390843,2.27070498472275,1.3058603744970818,1.310169088236504,0.17528695980262532,0.17809557680375673,1.7462869598026254,1.7488955768037566,0.9531756647745013
RF,seed00,86,Y-dominant,1.0,2.3,2.724201468320579,1.9901336440313975,2.2233624753656565,2.363655252991123,1.4705649477788796,1.1687620172023974,0.5356053013296822,0.356754660296202,1.7706053013296823,1.6485331602962017,0.33116851307708156
RF,seed00,85,Balanced,2.0,2.3,2.795,2.758297182223723,2.795,2.7583477854136396,1.61465,1.5926104143644355,-0.18959265358979316,-0.1418298497909689,1.402,1.452987430988568,0.7938089041701081
RF,seed00,94,Y-dominant,1.1,2.1,2.073720984124914,2.2669277905055645,2.146000717583487,2.134695420181831,1.210489867834984,1.2825322636209016,0.27119795102684563,0.331961437643583,1.7161979510268457,1.7344203716585105,0.7944754584430853
RF,seed00,8,Bar-dominant,1.5,1.4,2.0793,2.047370887947848,2.0793,2.046960067169724,1.2006,1.1795766613218002,0.198,0.10619237925845379,1.769,1.6885774902050432,0.7740526550451835
RF,seed00,89,Y-dominant,1.0,2.5,1.8435641601257062,1.9354962917626666,2.6631260895011266,2.5387219397985366,1.0493352926583754,1.130971949882063,0.4613304225896439,0.3970555829432978,1.552330422589644,1.6002189162766312,0.6715458562191606
RF,seed00,22,Bar-dominant,1.7,1.2,2.072082470004512,2.0777677133386234,2.2611193257620665,2.0954115555285866,1.1314094571220878,1.1931232881067004,0.18140173798106482,0.18242181132019508,1.7524017379810648,1.8311926863201922,0.7507623934132734
RF,seed00,7,Bar-dominant,1.5,1.1,1.8681,1.90255311158188,1.8668,1.9500680067012315,1.0776999999999999,1.0852571931736639,0.21,0.1916360912052872,1.81,1.8153173560091402,0.8463008889237316
RF,seed00,10,Bar-dominant,1.5,1.2,1.8927,1.9607221452702925,1.8927,1.9572912413039103,1.0935000000000001,1.1256373443160583,0.17,0.19397566091407104,1.741,1.7795471354236867,0.8351152656527353
RF,seed00,45,Bar-dominant,2.0,1.6,2.359824713829398,2.345647656766323,2.4702784769722665,2.359923937274099,1.3225083463659424,1.34904560283432,0.16942337291463724,0.1648297158721892,1.7404233729146374,1.794186049205519,0.8174710251448185
RF,seed00,68,Balanced,1.5,2.0,2.4657506210077287,2.3862503708634133,2.463260380329014,2.3872518852104205,1.4227521257061475,1.377339563705114,-0.22130237667857805,-0.06168765304032849,1.4012902769112152,1.5125584594071453,0.6392400520986453
RF,seed00,33,Bar-dominant,1.9,1.3,2.272000563380212,2.272252630245926,2.2694777471043777,2.5898837594671393,1.3103985483043081,1.1919174916001494,0.16470422523569644,0.1671983442980846,1.8887042252356963,1.7500154871552285,0.5868753091894585
RF,seed00,110,Y-dominant,1.3,2.5,2.2422777370343754,2.227935534816089,2.540131856071085,2.48680017520328,1.3200579130374792,1.301849622929383,0.26892339156119455,0.2830140344599183,1.6569233915611945,1.663919867793257,0.889983211621105
RF,seed00,2,Bar-dominant,1.3,1.0,1.691664072001294,1.7930388601266352,1.7417773872883584,1.7938213973019996,1.0083539845366503,1.0356212645872243,0.20092116470008953,0.20457410088904357,1.7719211647000896,1.788663391738406,0.8479946973360624
RF,seed00,51,Balanced,1.0,1.4,1.9296,1.9614369941074674,1.9296,1.961916205511563,1.1148,1.1321943188987287,-0.24359265358979298,-0.19647039980919206,1.405,1.4145882461011094,0.9009297718273049
RF,seed00,117,Y-dominant,1.6,2.5,2.5768499999999994,2.5291428390879553,2.5747999999999998,2.543520348650679,1.4862499999999998,1.4617899633741902,0.215,0.060956989430698945,1.711,1.599235532500596,0.6205108840061232
RF,seed00,73,Balanced,1.6,2.0,2.4858000000000002,2.461333659873995,2.4858000000000002,2.462008305029162,1.4346,1.4212002390770833,-0.16559265358979314,-0.1265327056102723,1.44,1.4720142224862145,0.8700793102080592
RF,seed00,30,Bar-dominant,1.8,1.1,2.173554352897576,2.1692256404257644,2.562926455036068,2.4255290495074364,1.1099229606491847,1.1765875776530157,0.1709986684491855,0.17177981969506373,1.7409986684491856,1.803144694695057,0.7921006196719692
RF,seed00,43,Bar-dominant,2.0,1.8,2.4548595581010333,2.4222770868547205,2.4166987192494345,2.4313478152378663,1.3867678249722057,1.3958370796803012,0.14596583160301807,0.1656372882326,1.716965831603018,1.7432803301460655,0.9013760027388839
RF,seed00,84,Balanced,2.0,2.5,2.898,2.816407084144426,2.898,2.816443820840864,1.674,1.626050637866277,-0.1435926535897929,-0.1302220789083459,1.459,1.463845942001961,0.8249142998174652
RF,seed00,75,Balanced,1.7,2.0,2.5271000000000003,2.4961128768172647,2.5271000000000003,2.4966674856433726,1.4596500000000001,1.4409558956179485,-0.17859265358979304,-0.08357044486182558,1.416,1.5093260833608075,0.710886480540366
RF,seed00,62,Balanced,1.3,1.5,2.1168,2.0664514970200627,2.1168,2.065453113972966,1.2222,1.191072693685357,-0.24859265358979332,-0.10302245896073839,1.355,1.4979531418595322,0.6820981270489297
RF,seed00,102,Y-dominant,1.2,2.3,2.153371266758243,2.3128410955862466,2.3416477004409244,2.3074571147509526,1.2639060920494574,1.3249755543187873,0.2725523918299775,0.30329112328573676,1.6835523918299775,1.7108090935238345,0.7916861833873372
RF,seed00,16,Bar-dominant,1.6,1.5,2.16535,2.1335294576551376,2.1669,2.1444462242511606,1.25085,1.2333180504343004,0.193,0.08710958731704341,1.764,1.6713153973516688,0.7355579497332506
RF,seed00,24,Bar-dominant,1.8,1.6,2.2508314574841006,2.2363581220169393,2.296628098390843,2.2355368847977526,1.3058603744970818,1.2888334050938113,0.17528695980262532,0.17539922391743462,1.7462869598026254,1.7514098991427076,0.8968618267964023
PRSM,seed00,86,Y-dominant,1.0,2.3,2.724201468320579,1.9766962724141712,2.2233624753656565,2.283854973347723,1.4705649477788796,1.1231016707154595,0.5356053013296822,0.5487224487051641,1.7706053013296823,1.8028670825831359,0.3581424745321925
PRSM,seed00,85,Balanced,2.0,2.3,2.795,2.783516777568131,2.795,2.7663659709612487,1.61465,1.6141870390344126,-0.18959265358979316,-0.08362043184117263,1.402,1.505390550563427,0.64926295033851
PRSM,seed00,94,Y-dominant,1.1,2.1,2.073720984124914,2.175945108277613,2.146000717583487,2.2364322478348515,1.210489867834984,1.2563770567818489,0.27119795102684563,0.21354645717084209,1.7161979510268457,1.6370395853192474,0.706367255559476
PRSM,seed00,8,Bar-dominant,1.5,1.4,2.0793,2.0615048521896973,2.0793,2.069073646098823,1.2006,1.1777803268016511,0.198,0.02665275120491195,1.769,1.6450248817822282,0.6690104194979039
PRSM,seed00,89,Y-dominant,1.0,2.5,1.8435641601257062,1.788366732159468,2.6631260895011266,2.3416201192416697,1.0493352926583754,1.0162907025532997,0.4613304225896439,0.8208651437803101,1.552330422589644,1.941222421450787,0.30460604763772114
PRSM,seed00,22,Bar-dominant,1.7,1.2,2.072082470004512,2.069571927216954,2.2611193257620665,2.210702697973339,1.1314094571220878,1.1575655250482273,0.18140173798106482,0.15607028570479553,1.7524017379810648,1.7640814942212273,0.8741573281424382
PRSM,seed00,7,Bar-dominant,1.5,1.1,1.8681,1.9180813469768405,1.8668,1.9992910088012377,1.0776999999999999,1.0809537580894708,0.21,0.15217164907012615,1.81,1.7642704158802942,0.7564302258535246
PRSM,seed00,10,Bar-dominant,1.5,1.2,1.8927,1.958375854871313,1.8927,2.0181409585043255,1.0935000000000001,1.1098063479993405,0.17,0.10078689678398534,1.741,1.7161066016952111,0.748808768820164
PRSM,seed00,45,Bar-dominant,2.0,1.6,2.359824713829398,2.386332619582431,2.4702784769722665,2.5005589653469142,1.3225083463659424,1.378364446212378,0.16942337291463724,0.13594279409620835,1.7404233729146374,1.704183107248679,0.8252715730092723
PRSM,seed00,68,Balanced,1.5,2.0,2.4657506210077287,2.4130042150097015,2.463260380329014,2.3264465228346225,1.4227521257061475,1.393159656813166,-0.22130237667857805,-0.030703571538351904,1.4012902769112152,1.558695280616449,0.5678523332878669
PRSM,seed00,33,Bar-dominant,1.9,1.3,2.272000563380212,2.2380186974829863,2.2694777471043777,2.4279902739744768,1.3103985483043081,1.2652277259443439,0.16470422523569644,0.1624822253771625,1.8887042252356963,1.7527704268132736,0.7281963465851444
PRSM,seed00,110,Y-dominant,1.3,2.5,2.2422777370343754,2.2861312984431734,2.540131856071085,2.5276761928208167,1.3200579130374792,1.3376665441669804,0.26892339156119455,0.2582434794645956,1.6569233915611945,1.6420801354481207,0.9220492792741217
PRSM,seed00,2,Bar-dominant,1.3,1.0,1.691664072001294,1.7834730349647236,1.7417773872883584,1.8104592992946067,1.0083539845366503,1.0214977526182683,0.20092116470008953,0.134813493110866,1.7719211647000896,1.7436810342814035,0.8172293934046055
PRSM,seed00,51,Balanced,1.0,1.4,1.9296,1.9345185395538924,1.9296,1.9151297586823537,1.1148,1.1160021920165681,-0.24359265358979298,-0.14715217870961061,1.405,1.4386056697618068,0.8725378888526925
PRSM,seed00,117,Y-dominant,1.6,2.5,2.5768499999999994,2.622187120064723,2.5747999999999998,2.722486545510052,1.4862499999999998,1.5182798841548024,0.215,-0.0860045778690599,1.711,1.4599400909545595,0.4163404781180306
PRSM,seed00,73,Balanced,1.6,2.0,2.4858000000000002,2.453824488428822,2.4858000000000002,2.3744126277310555,1.4346,1.410607907506583,-0.16559265358979314,-0.040469270724363016,1.44,1.5618459609990838,0.6498517020290343
PRSM,seed00,30,Bar-dominant,1.8,1.1,2.173554352897576,2.137920805478631,2.562926455036068,2.343397554529856,1.1099229606491847,1.1879515786386823,0.1709986684491855,0.21093127882127338,1.7409986684491856,1.8140080623678818,0.6636126214470085
PRSM,seed00,43,Bar-dominant,2.0,1.8,2.4548595581010333,2.478781948705318,2.4166987192494345,2.522747580487406,1.3867678249722057,1.435883980649702,0.14596583160301807,0.09787506201268847,1.716965831603018,1.6675057776401112,0.7567324273960069
PRSM,seed00,84,Balanced,2.0,2.5,2.898,2.894544796135717,2.898,2.938696549829845,1.674,1.678691160146859,-0.1435926535897929,-0.20942648257666163,1.459,1.3904856166944,0.720437125126076
PRSM,seed00,75,Balanced,1.7,2.0,2.5271000000000003,2.4908827669699507,2.5271000000000003,2.4257770475373386,1.4596500000000001,1.4275687387674036,-0.17859265358979304,-0.03783022330631103,1.416,1.5696263119813056,0.5987801120426237
PRSM,seed00,62,Balanced,1.3,1.5,2.1168,2.0660440176916097,2.1168,2.0057908752357765,1.2222,1.198624653106716,-0.24859265358979332,-0.051806704927951475,1.355,1.55745473034511,0.6071720277310455
PRSM,seed00,102,Y-dominant,1.2,2.3,2.153371266758243,2.238943312876073,2.3416477004409244,2.3628540197252015,1.2639060920494574,1.3027023595329215,0.2725523918299775,0.2659516132548887,1.6835523918299775,1.6658606210154825,0.8662908155387277
PRSM,seed00,16,Bar-dominant,1.6,1.5,2.16535,2.1528317700702395,2.1669,2.1654822521831174,1.25085,1.2257938002849698,0.193,0.0304822373247019,1.764,1.6468930760325486,0.665532876656966
PRSM,seed00,24,Bar-dominant,1.8,1.6,2.2508314574841006,2.285322931362349,2.296628098390843,2.3366368434724203,1.3058603744970818,1.299806212208086,0.17528695980262532,0.06652683217922561,1.7462869598026254,1.6685666532377728,0.719373684840433
GPR,seed01,94,Y-dominant,1.1,2.1,2.073720984124914,2.1820924282073975,2.146000717583487,2.136305809020996,1.210489867834984,1.2463405132293701,0.27119795102684563,0.34029853343963623,1.7161979510268457,1.739194631576538,0.8496042404023798
GPR,seed01,54,Balanced,1.1,1.5,2.0215,2.014892816543579,2.0215,2.014556884765625,1.1674,1.1654298305511475,-0.2255926535897932,-0.19003017246723175,1.413,1.4164677858352661,0.9557599427739115
GPR,seed01,59,Balanced,1.2,1.4,2.0254000000000003,2.0144317150115967,2.0267,2.043569564819336,1.1700000000000002,1.1579129695892334,-0.24459265358979332,-0.19344361126422882,1.361,1.4261215925216675,0.8392007001562254
GPR,seed01,115,Y-dominant,1.5,2.4,2.4765122834341042,2.4701104164123535,2.4771141702125266,2.4737424850463867,1.4293551938662081,1.4275970458984375,0.2228504041154444,0.16328366100788116,1.7148504041154444,1.6626429557800293,0.7869038669070206
GPR,seed01,74,Balanced,1.7,2.2,2.6188499999999997,2.615173816680908,2.6188499999999997,2.5998687744140625,1.51125,1.5174622535705566,-0.17259265358979325,-0.13952772319316864,1.444,1.461983561515808,0.9035424795985573
GPR,seed01,46,Bar-dominant,2.0,1.1,2.3684045647861773,2.362659215927124,2.2762335055230363,2.7509725093841553,2.001234820887922,1.2085756063461304,0.1550366517373936,0.14801880717277527,1.7230366517373936,1.7333377599716187,0.44191635536066015
GPR,seed01,31,Bar-dominant,1.8,1.4,2.1696094395074894,2.173503875732422,2.171690846380896,2.1971993446350098,1.2479992899619083,1.2385717630386353,0.17905015604875554,0.22046387195587158,1.7920501560487554,1.8151302337646484,0.8758351807173514
GPR,seed01,80,Balanced,1.9,2.2,2.706,2.721963882446289,2.706,2.7117605209350586,1.56415,1.5712714195251465,-0.18459265358979327,-0.15659473836421967,1.408,1.446523904800415,0.8537386742055688
GPR,seed01,48,Bar-dominant,2.0,1.4,2.3698152438534104,2.3514645099639893,2.6904826933396144,2.5593693256378174,1.2449578454068284,1.2821743488311768,0.15541321480755507,0.1405871957540512,1.7274132148075552,1.7479287385940552,0.7994096825887443
GPR,seed01,97,Y-dominant,1.1,2.0,2.06925,2.1300406455993652,2.06925,2.0871284008026123,1.1950500000000002,1.2260539531707764,0.217,0.3165518045425415,1.704,1.7480688095092773,0.8142188966103816
GPR,seed01,96,Y-dominant,1.1,2.2,2.3918068996054007,2.2145590782165527,2.1837499019514097,2.2164463996887207,1.3443531449091817,1.25826895236969,0.35728782838716905,0.3498722314834595,1.7452878283871691,1.7152979373931885,0.7543912495128812
GPR,seed01,98,Y-dominant,1.1,2.5,1.9890008144794713,2.0643210411071777,2.613880739591653,2.60254168510437,1.163485315417343,1.216286540031433,0.37573885390662826,0.36719799041748047,1.5957388539066282,1.6660895347595215,0.717730828045469
GPR,seed01,2,Bar-dominant,1.3,1.0,1.691664072001294,1.7615470886230469,1.7417773872883584,1.7370069026947021,1.0083539845366503,1.0317779779434204,0.20092116470008953,0.26258039474487305,1.7719211647000896,1.8235868215560913,0.8495141408598273
GPR,seed01,90,Y-dominant,1.0,1.9,1.972,2.0718331336975098,1.972,2.025928497314453,1.13825,1.1848458051681519,0.253,0.3574308156967163,1.723,1.7873858213424683,0.7536285261167615
GPR,seed01,111,Y-dominant,1.3,2.3,2.271625673388994,2.3077492713928223,2.306689619413679,2.3399767875671387,1.317448184821391,1.3322418928146362,0.2402456776602456,0.24140533804893494,1.7132456776602456,1.6760764122009277,0.8582699522068337
GPR,seed01,56,Balanced,1.1,1.4,1.9825000000000002,1.9790916442871094,1.98375,1.985310435295105,1.145,1.1447653770446777,-0.21059265358979307,-0.2346460372209549,1.407,1.3885602951049805,0.9416294859696491
GPR,seed01,104,Y-dominant,1.2,2.0,2.1840023443210863,2.1599552631378174,2.1842449814232756,2.1412434577941895,1.25760099440452,1.257654070854187,0.26453479958330284,0.1985340565443039,1.735534799583303,1.6777982711791992,0.7937200484654533
GPR,seed01,101,Y-dominant,1.1,2.4,2.0119520993303985,2.15169095993042,2.49534848601559,2.4665191173553467,1.1883787520566418,1.24004065990448,0.34589256406251734,0.3645817041397095,1.6248925640625174,1.673721432685852,0.756239784453873
GPR,seed01,67,Balanced,1.5,1.7,2.313604979247754,2.3237645626068115,2.3211667886996374,2.3397579193115234,1.331187176560011,1.3383147716522217,-0.26866733940976373,-0.16330082714557648,1.3379253141800294,1.4498834609985352,0.6945599120005861
GPR,seed01,62,Balanced,1.3,1.5,2.1168,2.11907696723938,2.1168,2.1439497470855713,1.2222,1.2162028551101685,-0.24859265358979332,-0.16755761206150055,1.355,1.444469690322876,0.7727321041524852
GPR,seed01,78,Balanced,1.8,2.2,2.67,2.681161642074585,2.67,2.6671464443206787,1.542,1.5526323318481445,-0.15359265358979313,-0.16244898736476898,1.446,1.4437485933303833,0.9686406944637735
GPR,seed01,17,Bar-dominant,1.7,1.4,2.072350579655865,2.1081793308258057,2.0714555911253494,2.089358329772949,1.1965996652997737,1.2197935581207275,0.17874794301684896,0.2232511043548584,1.749747943016849,1.808984398841858,0.8362719426293457
GPR,seed01,82,Balanced,1.9,2.3,2.7615,2.781546115875244,2.7615,2.7705931663513184,1.5939,1.6034190654754639,-0.14859265358979323,-0.16989834606647491,1.447,1.4346094131469727,0.925067407163606
GPR,seed01,112,Y-dominant,1.4,2.4,2.375,2.3879377841949463,2.3826,2.4314866065979004,1.3756,1.379135251045227,0.227,0.22096142172813416,1.716,1.6792083978652954,0.8568120700762624
k-NN,seed01,94,Y-dominant,1.1,2.1,2.073720984124914,2.231636990134191,2.146000717583487,2.1654094386000478,1.210489867834984,1.2701148952909973,0.27119795102684563,0.2896970141002955,1.7161979510268457,1.728030347433629,0.8291782408278585
k-NN,seed01,54,Balanced,1.1,1.5,2.0215,2.0395334798176927,2.0215,2.040243342948503,1.1674,1.1781496224404269,-0.2255926535897932,-0.21780966744802124,1.413,1.4121163194751052,0.950056098661277
k-NN,seed01,59,Balanced,1.2,1.4,2.0254000000000003,1.9796002704769082,2.0267,1.9809410076340301,1.1700000000000002,1.1431493028886826,-0.24459265358979332,-0.23001632168895578,1.361,1.3925763319008375,0.8765252285494689
k-NN,seed01,115,Y-dominant,1.5,2.4,2.4765122834341042,2.469631549294249,2.4771141702125266,2.5178255285589994,1.4293551938662081,1.4306726392061526,0.2228504041154444,0.21950523428098603,1.7148504041154444,1.699505234280986,0.9176648790030276
k-NN,seed01,74,Balanced,1.7,2.2,2.6188499999999997,2.604616666666667,2.6188499999999997,2.604616666666667,1.51125,1.5045333333333335,-0.17259265358979325,-0.1685926535897931,1.444,1.4436666666666669,0.9669702770564597
k-NN,seed01,46,Bar-dominant,2.0,1.1,2.3684045647861773,2.3369382273895005,2.2762335055230363,2.6717058388224206,2.001234820887922,1.2196209107839193,0.1550366517373936,0.15953416697485856,1.7230366517373936,1.7312008336415252,0.44722500391566844
k-NN,seed01,31,Bar-dominant,1.8,1.4,2.1696094395074894,2.2032061476389555,2.171690846380896,2.271158710565191,1.2479992899619083,1.2436803078797831,0.17905015604875554,0.17506241317065455,1.7920501560487554,1.778395746503988,0.8467540768786415
k-NN,seed01,80,Balanced,1.9,2.2,2.706,2.708016666666667,2.706,2.7086666666666663,1.56415,1.5640333333333334,-0.18459265358979327,-0.17692598692312642,1.408,1.4216666666666666,0.9464101414681122
k-NN,seed01,48,Bar-dominant,2.0,1.4,2.3698152438534104,2.3410181331931876,2.6904826933396144,2.543813578874117,1.2449578454068284,1.268272428231268,0.15541321480755507,0.162545157856117,1.7274132148075552,1.766545157856117,0.7962443362557758
k-NN,seed01,97,Y-dominant,1.1,2.0,2.06925,2.136271396311209,2.06925,2.095114350081812,1.1950500000000002,1.2220280232353753,0.217,0.277300291340426,1.704,1.735300291340426,0.8541850556421893
k-NN,seed01,96,Y-dominant,1.1,2.2,2.3918068996054007,2.042534340078216,2.1837499019514097,2.300381541646931,1.3443531449091817,1.2010131552847179,0.35728782838716905,0.310580360072058,1.7452878283871691,1.6742470267387246,0.5566225426696323
k-NN,seed01,98,Y-dominant,1.1,2.5,1.9890008144794713,2.2050920694858487,2.613880739591653,2.5243633459555133,1.163485315417343,1.2578758966658563,0.37573885390662826,0.385924056080636,1.5957388539066282,1.642590722747303,0.6580007661899399
k-NN,seed01,2,Bar-dominant,1.3,1.0,1.691664072001294,1.7819001155219378,1.7417773872883584,1.781745316140781,1.0083539845366503,1.0290334976263378,0.20092116470008953,0.23612329345354974,1.7719211647000896,1.8141232934535498,0.8533020862178371
k-NN,seed01,90,Y-dominant,1.0,1.9,1.972,2.0690032155385762,1.972,2.035016658771515,1.13825,1.1854077315203084,0.253,0.30494896386299136,1.723,1.7482822971963248,0.803990841724138
k-NN,seed01,111,Y-dominant,1.3,2.3,2.271625673388994,2.2666273398070147,2.306689619413679,2.3351766575120227,1.317448184821391,1.3139738066468096,0.2402456776602456,0.2181600682916237,1.7132456776602456,1.6878267349582903,0.890488063810961
k-NN,seed01,56,Balanced,1.1,1.4,1.9825000000000002,1.918983457325882,1.98375,1.9196143313521936,1.145,1.1081663471149221,-0.21059265358979307,-0.23713264116406096,1.407,1.3897933457590657,0.8561198771097212
k-NN,seed01,104,Y-dominant,1.2,2.0,2.1840023443210863,2.136271396311209,2.1842449814232756,2.095114350081812,1.25760099440452,1.2220280232353755,0.26453479958330284,0.277300291340426,1.735534799583303,1.735300291340426,0.8184812815575395
k-NN,seed01,101,Y-dominant,1.1,2.4,2.0119520993303985,2.1868613947555127,2.49534848601559,2.416834651798735,1.1883787520566418,1.256727681859923,0.34589256406251734,0.3749144383374528,1.6248925640625174,1.663247771670786,0.7185244465621295
k-NN,seed01,67,Balanced,1.5,1.7,2.313604979247754,2.2699166666666666,2.3211667886996374,2.2704166666666667,1.331187176560011,1.3111166666666665,-0.26866733940976373,-0.2075926535897931,1.3379253141800294,1.3940000000000001,0.8051590470643217
k-NN,seed01,62,Balanced,1.3,1.5,2.1168,2.1483001464843596,2.1168,2.14951000961517,1.2222,1.2402829557737605,-0.24859265358979332,-0.21580966744802133,1.355,1.3911163194751053,0.8788645778108535
k-NN,seed01,78,Balanced,1.8,2.2,2.67,2.635783333333334,2.67,2.636433333333333,1.542,1.52235,-0.15359265358979313,-0.16659265358979303,1.446,1.4356666666666669,0.9152638062708006
k-NN,seed01,17,Bar-dominant,1.7,1.4,2.072350579655865,2.101436498509353,2.0714555911253494,2.118147008520272,1.1965996652997737,1.2176522594868755,0.17874794301684896,0.19001088321964169,1.749747943016849,1.774344216552975,0.888497360288493
k-NN,seed01,82,Balanced,1.9,2.3,2.7615,2.7709666666666664,2.7615,2.7709666666666664,1.5939,1.5999333333333332,-0.14859265358979323,-0.16759265358979306,1.447,1.436,0.9340100642710106
k-NN,seed01,112,Y-dominant,1.4,2.4,2.375,2.32857564060294,2.3826,2.44009344505621,1.3756,1.3558825746881473,0.227,0.2249768311576994,1.716,1.6833101644910329,0.8443248816458239
RF,seed01,94,Y-dominant,1.1,2.1,2.073720984124914,2.2086498607482508,2.146000717583487,2.1293824823851515,1.210489867834984,1.2537203674615522,0.27119795102684563,0.3393574708439157,1.7161979510268457,1.733546006558203,0.8386934614927835
RF,seed01,54,Balanced,1.1,1.5,2.0215,2.0092727410846423,2.0215,2.010786885501332,1.1674,1.159708650581913,-0.2255926535897932,-0.11771777273203328,1.413,1.4687569970679974,0.825125215304597
RF,seed01,59,Balanced,1.2,1.4,2.0254000000000003,1.9911235609275595,2.0267,1.9902984693572097,1.1700000000000002,1.1480432871645978,-0.24459265358979332,-0.001027601076055835,1.361,1.5911653690848604,0.597344205372995
RF,seed01,115,Y-dominant,1.5,2.4,2.4765122834341042,2.4814734948676818,2.4771141702125266,2.5004502995134086,1.4293551938662081,1.4342088310488235,0.2228504041154444,0.16693947582379193,1.7148504041154444,1.6650691372936746,0.7912738152097624
RF,seed01,74,Balanced,1.7,2.2,2.6188499999999997,2.6040847817072597,2.6188499999999997,2.605365924630103,1.51125,1.5036731917785142,-0.17259265358979325,-0.07911756053171355,1.444,1.5013611944644796,0.763497762631898
RF,seed01,46,Bar-dominant,2.0,1.1,2.3684045647861773,2.3506647658054676,2.2762335055230363,2.6114717371253766,2.001234820887922,1.2553689684875011,0.1550366517373936,0.1590568421390314,1.7230366517373936,1.7316893421390256,0.457095151960915
RF,seed01,31,Bar-dominant,1.8,1.4,2.1696094395074894,2.192029914954549,2.171690846380896,2.234540555569027,1.2479992899619083,1.2456112441559342,0.17905015604875554,0.1730952078890528,1.7920501560487554,1.8193407078890538,0.8815159826325003
RF,seed01,80,Balanced,1.9,2.2,2.706,2.7312563933966074,2.706,2.731664485143533,1.56415,1.5771547253789018,-0.18459265358979327,-0.14217700334642022,1.408,1.4551857379561897,0.8142417654303173
RF,seed01,48,Bar-dominant,2.0,1.4,2.3698152438534104,2.3416939057148385,2.6904826933396144,2.6082823363609196,1.2449578454068284,1.2446596860518424,0.15541321480755507,0.1616126974459282,1.7274132148075552,1.7555451974459215,0.8763835076126227
RF,seed01,97,Y-dominant,1.1,2.0,2.06925,2.1353231815539004,2.06925,2.0884476842167334,1.1950500000000002,1.2216383570981098,0.217,0.3051241619830896,1.704,1.735005838518985,0.8465107863557079
RF,seed01,96,Y-dominant,1.1,2.2,2.3918068996054007,2.052208478093329,2.1837499019514097,2.2807957783365738,1.3443531449091817,1.198099173048099,0.35728782838716905,0.3421363825995889,1.7452878283871691,1.676505168313877,0.5745662377541707
RF,seed01,98,Y-dominant,1.1,2.5,1.9890008144794713,1.9407115894214204,2.613880739591653,2.5860592377405265,1.163485315417343,1.1153172743878588,0.37573885390662826,0.4233891828177031,1.5957388539066282,1.5873452244843735,0.8734716253827425
RF,seed01,2,Bar-dominant,1.3,1.0,1.691664072001294,1.7891312407769164,1.7417773872883584,1.791045455419323,1.0083539845366503,1.0332766444162405,0.20092116470008953,0.21258906522169785,1.7719211647000896,1.7930629062345207,0.8530801375992664
RF,seed01,90,Y-dominant,1.0,1.9,1.972,2.084236988520885,1.972,2.04889877577605,1.13825,1.1905847360932693,0.253,0.30915201333699616,1.723,1.7411785698075093,0.7801717220702488
RF,seed01,111,Y-dominant,1.3,2.3,2.271625673388994,2.255956409078717,2.306689619413679,2.3555604283536185,1.317448184821391,1.309499864260563,0.2402456776602456,0.24247363211541825,1.7132456776602456,1.6839057426662436,0.8757325770368821
RF,seed01,56,Balanced,1.1,1.4,1.9825000000000002,1.9344030520388957,1.98375,1.9353739773205014,1.145,1.1167178598457241,-0.21059265358979307,-0.22249061142863946,1.407,1.3943702110175575,0.8903999046978227
RF,seed01,104,Y-dominant,1.2,2.0,2.1840023443210863,2.187132867936086,2.1842449814232756,2.157033803493067,1.25760099440452,1.2519046612266782,0.26453479958330284,0.213531903999779,1.735534799583303,1.6942103642606816,0.8438428238512299
RF,seed01,101,Y-dominant,1.1,2.4,2.0119520993303985,2.0743221507676632,2.49534848601559,2.477022758978208,1.1883787520566418,1.19292352132285,0.34589256406251734,0.4034922958245905,1.6248925640625174,1.6319714624912558,0.9166221193922096
RF,seed01,67,Balanced,1.5,1.7,2.313604979247754,2.2885807182723896,2.3211667886996374,2.2890077997806846,1.331187176560011,1.3217750779829516,-0.26866733940976373,-0.15669568596784766,1.3379253141800294,1.4460427678949241,0.7019098761580741
RF,seed01,62,Balanced,1.3,1.5,2.1168,2.1045409803965565,2.1168,2.104957214624704,1.2222,1.2144009993718254,-0.24859265358979332,-0.08653306231794669,1.355,1.5124018749660584,0.6593193520172834
RF,seed01,78,Balanced,1.8,2.2,2.67,2.6683232469716534,2.67,2.6688441935494747,1.542,1.5407613014375752,-0.15359265358979313,-0.12845389381673125,1.446,1.4680713644794676,0.9034719064496801
RF,seed01,17,Bar-dominant,1.7,1.4,2.072350579655865,2.0978948153750374,2.0714555911253494,2.13458166705834,1.1965996652997737,1.200335868771611,0.17874794301684896,0.18550792278418554,1.749747943016849,1.7885132501651386,0.8714842188260205
RF,seed01,82,Balanced,1.9,2.3,2.7615,2.7495778884723667,2.7615,2.749895455982807,1.5939,1.5877294663556814,-0.14859265358979323,-0.15017470380927844,1.447,1.4485476688003842,0.9722293989267717
RF,seed01,112,Y-dominant,1.4,2.4,2.375,2.379787442213254,2.3826,2.4697512721633776,1.3756,1.3815529860246634,0.227,0.22659786186743905,1.716,1.6790734430110283,0.8314209795258491
PRSM,seed01,94,Y-dominant,1.1,2.1,2.073720984124914,2.2287238855777756,2.146000717583487,2.2732332444159686,1.210489867834984,1.2713301905731214,0.27119795102684563,0.1701714812381332,1.7161979510268457,1.5920419277425184,0.6016450295441742
PRSM,seed01,54,Balanced,1.1,1.5,2.0215,2.0107519315515683,2.0215,1.9538364747428019,1.1674,1.1627912596488006,-0.2255926535897932,-0.07095455414563201,1.413,1.5138364027009508,0.7398125119803898
PRSM,seed01,59,Balanced,1.2,1.4,2.0254000000000003,1.9559062786912949,2.0267,1.9023153133545083,1.1700000000000002,1.1425944146249047,-0.24459265358979332,-0.027993876444833088,1.361,1.5762908889556333,0.6115206060552545
PRSM,seed01,115,Y-dominant,1.5,2.4,2.4765122834341042,2.516004493573453,2.4771141702125266,2.598476463244906,1.4293551938662081,1.4546860999975384,0.2228504041154444,0.002287255416977718,1.7148504041154444,1.5285668078990855,0.48614322778981583
PRSM,seed01,74,Balanced,1.7,2.2,2.6188499999999997,2.6081267685580736,2.6188499999999997,2.5683009097059086,1.51125,1.509173116134117,-0.17259265358979325,-0.09827017759561452,1.444,1.502388734383128,0.7718998815512872
PRSM,seed01,46,Bar-dominant,2.0,1.1,2.3684045647861773,2.341942555182125,2.2762335055230363,2.6865357284766693,2.001234820887922,1.2031350721949394,0.1550366517373936,0.211150259571534,1.7230366517373936,1.8186252514004004,0.3958832427406609
PRSM,seed01,31,Bar-dominant,1.8,1.4,2.1696094395074894,2.2012266294880227,2.171690846380896,2.31654722928448,1.2479992899619083,1.2406573552322389,0.17905015604875554,0.13669802878378423,1.7920501560487554,1.7349120015225723,0.747808551600799
PRSM,seed01,80,Balanced,1.9,2.2,2.706,2.6950729954713477,2.706,2.6426366285311467,1.56415,1.559589810977748,-0.18459265358979327,-0.07840222888415083,1.408,1.5219694164572295,0.6446773893584794
PRSM,seed01,48,Bar-dominant,2.0,1.4,2.3698152438534104,2.3118747950878786,2.6904826933396144,2.5154760464645385,1.2449578454068284,1.2703895632801552,0.15541321480755507,0.18966360899540202,1.7274132148075552,1.7721743623232116,0.7275303364422597
PRSM,seed01,97,Y-dominant,1.1,2.0,2.06925,2.2243868765276202,2.06925,2.2276910849274447,1.1950500000000002,1.2689151967993118,0.217,0.09942440303717603,1.704,1.560248196709349,0.586070453443376
PRSM,seed01,96,Y-dominant,1.1,2.2,2.3918068996054007,2.214805545930652,2.1837499019514097,2.3138383949704404,1.3443531449091817,1.2651215629250046,0.35728782838716905,0.25481187634150126,1.7452878283871691,1.6323267960921588,0.5841108645907147
PRSM,seed01,98,Y-dominant,1.1,2.5,1.9890008144794713,2.0401240545959114,2.613880739591653,2.3980571298098727,1.163485315417343,1.1846667077212572,0.37573885390662826,0.5992481972701222,1.5957388539066282,1.8083597103512128,0.4245589143522427
PRSM,seed01,2,Bar-dominant,1.3,1.0,1.691664072001294,1.7596850904969252,1.7417773872883584,1.7772289645324264,1.0083539845366503,1.0195600117711447,0.20092116470008953,0.13569946602635596,1.7719211647000896,1.7424598872155315,0.8615493706001436
PRSM,seed01,90,Y-dominant,1.0,1.9,1.972,2.1780291796389095,1.972,2.19028661058113,1.13825,1.2292080710248674,0.253,0.0734374365983026,1.723,1.5242726810594123,0.5129698789652749
PRSM,seed01,111,Y-dominant,1.3,2.3,2.271625673388994,2.349878043709138,2.306689619413679,2.429331798447497,1.317448184821391,1.3567505658270265,0.2402456776602456,0.13466336898378461,1.7132456776602456,1.593456792772367,0.6119760689825134
PRSM,seed01,56,Balanced,1.1,1.4,1.9825000000000002,1.9460110287580876,1.98375,1.8954190544112268,1.145,1.1298177491718933,-0.21059265358979307,-0.07336772276063552,1.407,1.5241033764128429,0.7333095430254293
PRSM,seed01,104,Y-dominant,1.2,2.0,2.1840023443210863,2.2674394091147545,2.1842449814232756,2.2392836783832224,1.25760099440452,1.3037513752174699,0.26453479958330284,0.050767575398060316,1.735534799583303,1.5558163437583863,0.5480744460253186
PRSM,seed01,101,Y-dominant,1.1,2.4,2.0119520993303985,2.1228450684606885,2.49534848601559,2.377047803989357,1.1883787520566418,1.2227985458718562,0.34589256406251734,0.46863471093709075,1.6248925640625174,1.7400625388653754,0.5878031080777787
PRSM,seed01,67,Balanced,1.5,1.7,2.313604979247754,2.2364159935046186,2.3211667886996374,2.176756589554362,1.331187176560011,1.3029549607460738,-0.26866733940976373,-0.012996381383756805,1.3379253141800294,1.5951333384786315,0.4997439875021821
PRSM,seed01,62,Balanced,1.3,1.5,2.1168,2.042597974536708,2.1168,1.9830526602423029,1.2222,1.1935854832839703,-0.24859265358979332,-0.009283970380691287,1.355,1.5951133515932,0.5653264842281985
PRSM,seed01,78,Balanced,1.8,2.2,2.67,2.656399800219683,2.67,2.6100707398898884,1.542,1.5368548455384863,-0.15359265358979313,-0.09883161141075414,1.446,1.5061459400920651,0.7792272669232029
PRSM,seed01,17,Bar-dominant,1.7,1.4,2.072350579655865,2.1469454159940264,2.0714555911253494,2.220035370296623,1.1965996652997737,1.2240799248898262,0.17874794301684896,0.11391972357525493,1.749747943016849,1.7178586222645333,0.7196413003963061
PRSM,seed01,82,Balanced,1.9,2.3,2.7615,2.7494692601700583,2.7615,2.711095850922029,1.5939,1.589290438014491,-0.14859265358979323,-0.1057073453521804,1.447,1.4951115302945324,0.8092145423088275
PRSM,seed01,112,Y-dominant,1.4,2.4,2.375,2.4239544133874675,2.3826,2.537857776822136,1.3756,1.40237931308751,0.227,0.09162583726263085,1.716,1.5715994855216886,0.5562341542079747
GPR,seed02,24,Bar-dominant,1.8,1.6,2.2508314574841006,2.2558956146240234,2.296628098390843,2.2478301525115967,1.3058603744970818,1.3018932342529297,0.17528695980262532,0.16071432828903198,1.7462869598026254,1.740504503250122,0.8949136917190789
GPR,seed02,91,Y-dominant,1.0,1.8,1.9992960761227938,1.9693257808685303,1.993696345230653,1.9765229225158691,1.1425097999640683,1.161397933959961,0.302196392520704,0.21622169017791748,1.755196392520704,1.712516188621521,0.8414146241665024
GPR,seed02,28,Bar-dominant,1.8,1.0,2.1700112902932096,2.187441110610962,2.6536816770303138,2.4988772869110107,1.075045374388253,1.2129278182983398,0.1717742047373788,0.14831756055355072,1.741774204737379,1.7619273662567139,0.7100408302576048
GPR,seed02,56,Balanced,1.1,1.4,1.9825000000000002,1.990880012512207,1.98375,1.9905807971954346,1.145,1.1515690088272095,-0.21059265358979307,-0.25119978189468384,1.407,1.3744876384735107,0.9025729221062302
GPR,seed02,2,Bar-dominant,1.3,1.0,1.691664072001294,1.7500720024108887,1.7417773872883584,1.7420551776885986,1.0083539845366503,1.0308176279067993,0.20092116470008953,0.24377840757369995,1.7719211647000896,1.8213534355163574,0.8719063902222979
GPR,seed02,53,Balanced,1.0,1.3,1.8917499999999998,1.9247455596923828,1.8917499999999998,1.9298512935638428,1.0924999999999998,1.1259629726409912,-0.22259265358979308,-0.24565255641937256,1.402,1.3831120729446411,0.8770146572699464
GPR,seed02,45,Bar-dominant,2.0,1.6,2.359824713829398,2.3452847003936768,2.4702784769722665,2.4033570289611816,1.3225083463659424,1.3185368776321411,0.16942337291463724,0.1973946988582611,1.7404233729146374,1.769040822982788,0.8573841193848912
GPR,seed02,79,Balanced,1.8,2.1,2.6169000000000002,2.623598098754883,2.6188499999999997,2.626088857650757,1.51125,1.5208439826965332,-0.17959265358979293,-0.17126744985580444,1.413,1.4405077695846558,0.9083934534351574
GPR,seed02,61,Balanced,1.3,1.6,2.1663,2.172229051589966,2.1663,2.189253330230713,1.2499,1.2485172748565674,-0.19259265358979327,-0.1971716284751892,1.414,1.4091333150863647,0.9552880342136961
GPR,seed02,30,Bar-dominant,1.8,1.1,2.173554352897576,2.17618465423584,2.562926455036068,2.4222373962402344,1.1099229606491847,1.2069344520568848,0.1709986684491855,0.1748957633972168,1.7409986684491856,1.789681315422058,0.7667515147315793
GPR,seed02,44,Bar-dominant,2.0,1.0,2.367001901139921,2.3345065116882324,2.3652699633674903,2.7580883502960205,1.3664989024479868,1.3615341186523438,0.15926742644428815,0.13382291793823242,1.7332674264442882,1.711512804031372,0.5699371055399974
GPR,seed02,25,Bar-dominant,1.8,1.3,2.1793198434373973,2.159174680709839,2.1738144170374447,2.2789058685302734,1.252434897621491,1.2114075422286987,0.1717326005842388,0.22375473380088806,1.8407326005842388,1.8248988389968872,0.7623364459810255
GPR,seed02,108,Y-dominant,1.3,2.4,2.2576822739260725,2.2986857891082764,2.4252537494916315,2.419102668762207,1.3208798064459844,1.3271677494049072,0.25141479063014,0.28570979833602905,1.68241479063014,1.692143440246582,0.9295663155852495
GPR,seed02,102,Y-dominant,1.2,2.3,2.153371266758243,2.275831460952759,2.3416477004409244,2.3197877407073975,1.2639060920494574,1.2972182035446167,0.2725523918299775,0.31662604212760925,1.6835523918299775,1.7029081583023071,0.8528307912292845
GPR,seed02,13,Bar-dominant,1.6,1.2,1.9655999999999998,1.9721152782440186,1.9655999999999998,2.0032286643981934,1.1354,1.118077039718628,0.198,0.2317337989807129,1.804,1.8357173204421997,0.8801323440039042
GPR,seed02,14,Bar-dominant,1.6,1.3,1.9821499999999999,2.007603168487549,1.9821499999999999,2.010162115097046,1.14405,1.1510627269744873,0.174,0.21002596616744995,1.745,1.8056530952453613,0.8515430515475191
GPR,seed02,87,Y-dominant,1.0,2.2,1.9253432317381753,2.3298563957214355,2.296459772530195,2.206850290298462,1.1422904154156968,1.2678554058074951,0.35463302764849364,0.37653759121894836,1.6536330276484936,1.7307060956954956,0.5622277035663774
GPR,seed02,93,Y-dominant,1.0,2.4,1.8758635344821866,2.1933302879333496,2.537567617526073,2.466165781021118,1.0934238457629544,1.2385406494140625,0.4227383539175136,0.3785910904407501,1.5887383539175137,1.6830413341522217,0.5353317927554719
GPR,seed02,5,Bar-dominant,1.4,1.2,1.9357213900765782,1.8799667358398438,1.9174980185827062,1.852630615234375,1.1011978381432632,1.0909035205841064,0.222298892926591,0.12843066453933716,1.793298892926591,1.727944016456604,0.7802477006057366
GPR,seed02,73,Balanced,1.6,2.0,2.4858000000000002,2.499218702316284,2.4858000000000002,2.5062291622161865,1.4346,1.444692611694336,-0.16559265358979314,-0.2091221809387207,1.44,1.409733772277832,0.866493462322786
GPR,seed02,41,Bar-dominant,2.0,1.9,2.5096507575756433,2.47308349609375,2.510774999660516,2.4571313858032227,1.446899563231579,1.4263980388641357,0.17122299937936544,0.07927905023097992,1.7422229993793656,1.6459261178970337,0.6933735269177366
GPR,seed02,60,Balanced,1.3,1.7,2.208,2.1903836727142334,2.208,2.230053186416626,1.275,1.2660856246948242,-0.19459265358979305,-0.16609269380569458,1.427,1.4294772148132324,0.9284741332745713
GPR,seed02,29,Bar-dominant,1.8,1.7,2.338000654940028,2.3301234245300293,2.339010572321792,2.306195020675659,1.349249622036961,1.3494549989700317,0.18225149714577257,0.08702218532562256,1.7532514971457727,1.669943928718567,0.7311229085342612
GPR,seed02,11,Bar-dominant,1.6,1.1,1.9683560177213877,1.9617081880569458,2.1385196933900494,2.0314009189605713,1.0814469998492438,1.0993996858596802,0.19745556152410765,0.23214294016361237,1.7684555615241078,1.843257188796997,0.7936101765381196
k-NN,seed02,24,Bar-dominant,1.8,1.6,2.2508314574841006,2.2484004277185177,2.296628098390843,2.2571610840771035,1.3058603744970818,1.301779132425135,0.17528695980262532,0.17459581174449343,1.7462869598026254,1.7549958117444935,0.9390655788425698
k-NN,seed02,91,Y-dominant,1.0,1.8,1.9992960761227938,2.065072714098587,1.993696345230653,2.045800726216778,1.1425097999640683,1.1889426789193713,0.302196392520704,0.26853009981365406,1.755196392520704,1.7295300998136542,0.8306621730336337
k-NN,seed02,28,Bar-dominant,1.8,1.0,2.1700112902932096,2.171873125008193,2.6536816770303138,2.464350559393443,1.075045374388253,1.1443427936694242,0.1717742047373788,0.17180609267131375,1.741774204737379,1.807006092671314,0.7586079706124107
k-NN,seed02,56,Balanced,1.1,1.4,1.9825000000000002,1.9971401622861449,1.98375,1.9982046045804178,1.145,1.1533695817332095,-0.21059265358979307,-0.23204685444929077,1.407,1.3903457991405026,0.9373927951278053
k-NN,seed02,2,Bar-dominant,1.3,1.0,1.691664072001294,1.8023956706111182,1.7417773872883584,1.8069018009315858,1.0083539845366503,1.0431516631271058,0.20092116470008953,0.21716465256627515,1.7719211647000896,1.811564652566275,0.8162650378973173
k-NN,seed02,53,Balanced,1.0,1.3,1.8917499999999998,1.9518000743955295,1.8917499999999998,1.9524385988113164,1.0924999999999998,1.1270598082689534,-0.22259265358979308,-0.24131664613435388,1.402,1.3812760074554393,0.8408938042017223
k-NN,seed02,45,Bar-dominant,2.0,1.6,2.359824713829398,2.3096687790229193,2.4702784769722665,2.319346067267614,1.3225083463659424,1.336833384163429,0.16942337291463724,0.16707419962500983,1.7404233729146374,1.7688741996250097,0.7831193185042584
k-NN,seed02,79,Balanced,1.8,2.1,2.6169000000000002,2.62005,2.6188499999999997,2.62005,1.51125,1.5133299999999998,-0.17959265358979293,-0.16959265358979314,1.413,1.4316,0.931766679942586
k-NN,seed02,61,Balanced,1.3,1.6,2.1663,2.1535200878906156,2.1663,2.1542460057691017,1.2499,1.2437797734642562,-0.19259265358979327,-0.21972286190473006,1.414,1.3902697916850633,0.9197815843151667
k-NN,seed02,30,Bar-dominant,1.8,1.1,2.173554352897576,2.171270150410707,2.562926455036068,2.3879522161690736,1.1099229606491847,1.1726262495504478,0.1709986684491855,0.17247614361786326,1.7409986684491856,1.8080761436178634,0.762161574050638
k-NN,seed02,44,Bar-dominant,2.0,1.0,2.367001901139921,2.31131553189037,2.3652699633674903,2.6906149031098012,1.3664989024479868,1.3089447222640926,0.15926742644428815,0.1613833734176658,1.7332674264442882,1.731783373417666,0.6419389214046681
k-NN,seed02,25,Bar-dominant,1.8,1.3,2.1793198434373973,2.189281720473434,2.1738144170374447,2.23106606162868,1.252434897621491,1.246920772856815,0.1717326005842388,0.1746418040424354,1.8407326005842388,1.8244418040424353,0.9132538415029989
k-NN,seed02,108,Y-dominant,1.3,2.4,2.2576822739260725,2.381726177021701,2.4252537494916315,2.390552013309697,1.3208798064459844,1.3714809070658307,0.25141479063014,0.2614458295184557,1.68241479063014,1.7036458295184556,0.8230175066447931
k-NN,seed02,102,Y-dominant,1.2,2.3,2.153371266758243,2.3034839672352008,2.3416477004409244,2.2860225929678815,1.2639060920494574,1.3195697635278625,0.2725523918299775,0.31134032739718664,1.6835523918299775,1.7147403273971868,0.7776294001503837
k-NN,seed02,13,Bar-dominant,1.6,1.2,1.9655999999999998,1.994076872379108,1.9655999999999998,2.0321411079235476,1.1354,1.1381428082242644,0.198,0.18555061770196538,1.804,1.8029506177019656,0.8788580748775092
k-NN,seed02,14,Bar-dominant,1.6,1.3,1.9821499999999999,2.0582266099320754,1.9821499999999999,2.095854983377483,1.14405,1.1754218244843724,0.174,0.19302993619958275,1.745,1.7720299361995828,0.7785687515862484
k-NN,seed02,87,Y-dominant,1.0,2.2,1.9253432317381753,2.309453253142947,2.296459772530195,2.2053125265482754,1.1422904154156968,1.3051108891082746,0.35463302764849364,0.37534269219438166,1.6536330276484936,1.7281426921943819,0.5405043784583722
k-NN,seed02,93,Y-dominant,1.0,2.4,1.8758635344821866,2.1203423434710746,2.537567617526073,2.4747331074560877,1.0934238457629544,1.2146450140515541,0.4227383539175136,0.4077024049224957,1.5887383539175137,1.6397024049224957,0.6339050025318383
k-NN,seed02,5,Bar-dominant,1.4,1.2,1.9357213900765782,1.8772442652949963,1.9174980185827062,1.8812554541031292,1.1011978381432632,1.0858816685205779,0.222298892926591,0.20182507735994615,1.793298892926591,1.778425077359946,0.8968301676992989
k-NN,seed02,73,Balanced,1.6,2.0,2.4858000000000002,2.506460124201546,2.4858000000000002,2.5059620760658032,1.4346,1.4473604251412298,-0.16559265358979314,-0.18473459820755003,1.44,1.4230580553822432,0.9163880021069414
k-NN,seed02,41,Bar-dominant,2.0,1.9,2.5096507575756433,2.3561243175371613,2.510774999660516,2.359026585106056,1.446899563231579,1.3594457667590025,0.17122299937936544,0.16706399858374513,1.7422229993793656,1.7398639985837452,0.7166742793590626
k-NN,seed02,60,Balanced,1.3,1.7,2.208,2.19896,2.208,2.1992599999999998,1.275,1.26989,-0.19459265358979305,-0.2159926535897932,1.427,1.3948,0.9030411690509169
k-NN,seed02,29,Bar-dominant,1.8,1.7,2.338000654940028,2.279534183383691,2.339010572321792,2.2876028702583917,1.349249622036961,1.320039163829112,0.18225149714577257,0.17724527737460222,1.7532514971457727,1.7480452773746022,0.8843549351389954
k-NN,seed02,11,Bar-dominant,1.6,1.1,1.9683560177213877,2.0152084276161366,2.1385196933900494,2.126991807060814,1.0814469998492438,1.1210437600651766,0.19745556152410765,0.18815138312882476,1.7684555615241078,1.8321513831288248,0.8729871433154748
RF,seed02,24,Bar-dominant,1.8,1.6,2.2508314574841006,2.2348935327003447,2.296628098390843,2.232389634881024,1.3058603744970818,1.2863963768759503,0.17528695980262532,0.16216155035847546,1.7462869598026254,1.7411258788039805,0.8717182205876461
RF,seed02,91,Y-dominant,1.0,1.8,1.9992960761227938,2.0817713493001104,1.993696345230653,2.034340063307131,1.1425097999640683,1.192842264757852,0.302196392520704,0.23685267209545763,1.755196392520704,1.6993763823563566,0.7839804303963057
RF,seed02,28,Bar-dominant,1.8,1.0,2.1700112902932096,2.099383221178738,2.6536816770303138,2.3443444393448822,1.075045374388253,1.1276757178817134,0.1717742047373788,0.17830257486808188,1.741774204737379,1.8080675748680741,0.6461834593774742
RF,seed02,56,Balanced,1.1,1.4,1.9825000000000002,1.9617286470363364,1.98375,1.9627341826252405,1.145,1.1327617495249576,-0.21059265358979307,-0.22302893581112992,1.407,1.3928800116350681,0.9422665725796979
RF,seed02,2,Bar-dominant,1.3,1.0,1.691664072001294,1.7930704708979053,1.7417773872883584,1.793330443130107,1.0083539845366503,1.0357747692550838,0.20092116470008953,0.2026524069532354,1.7719211647000896,1.784903892704522,0.8498470430289325
RF,seed02,53,Balanced,1.0,1.3,1.8917499999999998,1.9002506223404578,1.8917499999999998,1.9010528987312347,1.0924999999999998,1.0972610955811362,-0.22259265358979308,-0.2102609281807261,1.402,1.408314776389829,0.9685221196184267
RF,seed02,45,Bar-dominant,2.0,1.6,2.359824713829398,2.3516431494681225,2.4702784769722665,2.377130339536131,1.3225083463659424,1.3481170243757643,0.16942337291463724,0.16336335549623007,1.7404233729146374,1.7919583554962293,0.8338587246276021
RF,seed02,79,Balanced,1.8,2.1,2.6169000000000002,2.6044472000636905,2.6188499999999997,2.604230734114812,1.51125,1.5042783912549424,-0.17959265358979293,-0.15397067437460862,1.413,1.4479166996074964,0.8715628080624457
RF,seed02,61,Balanced,1.3,1.6,2.1663,2.120477470154641,2.1663,2.1205218577606417,1.2499,1.22430539467258,-0.19259265358979327,-0.17066862978078734,1.414,1.4279584604763096,0.8821757059455396
RF,seed02,30,Bar-dominant,1.8,1.1,2.173554352897576,2.1201243165417516,2.562926455036068,2.242388669680624,1.1099229606491847,1.193435642560705,0.1709986684491855,0.1760141973582163,1.7409986684491856,1.8535441973582103,0.6136926301464808
RF,seed02,44,Bar-dominant,2.0,1.0,2.367001901139921,2.3392411564292193,2.3652699633674903,2.5564919135178514,1.3664989024479868,1.5722954967839897,0.15926742644428815,0.1583797217046876,1.7332674264442882,1.7281022217046884,0.6943260788729988
RF,seed02,25,Bar-dominant,1.8,1.3,2.1793198434373973,2.1443346970325594,2.1738144170374447,2.164060403159323,1.252434897621491,1.2299290569042867,0.1717326005842388,0.1766047349354686,1.8407326005842388,1.8431372349354604,0.9441011725573154
RF,seed02,108,Y-dominant,1.3,2.4,2.2576822739260725,2.4317394432508648,2.4252537494916315,2.3927259001600607,1.3208798064459844,1.3864722739329567,0.25141479063014,0.3173132863456545,1.68241479063014,1.7093732863456585,0.7784184586720806
RF,seed02,102,Y-dominant,1.2,2.3,2.153371266758243,2.315475835426616,2.3416477004409244,2.311850598989168,1.2639060920494574,1.327725409306357,0.2725523918299775,0.3003874032174266,1.6835523918299775,1.7102988848514005,0.7917123316043005
RF,seed02,13,Bar-dominant,1.6,1.2,1.9655999999999998,2.037844979403396,1.9655999999999998,2.1037241883274174,1.1354,1.1509926077178174,0.198,0.17526941398309734,1.804,1.7983141095638673,0.764184010971955
RF,seed02,14,Bar-dominant,1.6,1.3,1.9821499999999999,2.0516478526638804,1.9821499999999999,2.071321328660566,1.14405,1.176501210344025,0.174,0.1836113205497744,1.745,1.7894835161305411,0.8106088236011649
RF,seed02,87,Y-dominant,1.0,2.2,1.9253432317381753,2.467962451385844,2.296459772530195,2.207983086518012,1.1422904154156968,1.36573900384827,0.35463302764849364,0.4350728117910589,1.6536330276484936,1.7449578117910647,0.4524351575709546
RF,seed02,93,Y-dominant,1.0,2.4,1.8758635344821866,2.3139821635807847,2.537567617526073,2.415679741358137,1.0934238457629544,1.292292326835177,0.4227383539175136,0.4546743452887922,1.5887383539175137,1.6757793452887966,0.45785265333759073
RF,seed02,5,Bar-dominant,1.4,1.2,1.9357213900765782,1.9072192901757428,1.9174980185827062,1.9176487506271045,1.1011978381432632,1.103636324499623,0.222298892926591,0.07411219577868397,1.793298892926591,1.6566847122479296,0.6897858687183834
RF,seed02,73,Balanced,1.6,2.0,2.4858000000000002,2.496954571259231,2.4858000000000002,2.496400024406538,1.4346,1.441769504731709,-0.16559265358979314,-0.1841926936364786,1.44,1.426063212545623,0.9336591250179542
RF,seed02,41,Bar-dominant,2.0,1.9,2.5096507575756433,2.4581200326883397,2.510774999660516,2.439812614935253,1.446899563231579,1.3992181396182248,0.17122299937936544,0.11394572331235604,1.7422229993793656,1.6902926139181371,0.7737837282587817
RF,seed02,60,Balanced,1.3,1.7,2.208,2.1851306247414217,2.208,2.1844998914770453,1.275,1.2596980943667686,-0.19459265358979305,0.018097581279028836,1.427,1.5622048346098263,0.6542857303144333
RF,seed02,29,Bar-dominant,1.8,1.7,2.338000654940028,2.3419228650698702,2.339010572321792,2.3478697836122993,1.349249622036961,1.3534026092187859,0.18225149714577257,-0.007232668508777827,1.7532514971457727,1.5908046317380355,0.5742656228222782
RF,seed02,11,Bar-dominant,1.6,1.1,1.9683560177213877,2.0147319448218504,2.1385196933900494,2.0451950677796273,1.0814469998492438,1.149139582514099,0.19745556152410765,0.18099531224959015,1.7684555615241078,1.8803130629284412,0.7684784023177859
PRSM,seed02,24,Bar-dominant,1.8,1.6,2.2508314574841006,2.3629431559199703,2.296628098390843,2.376956977018975,1.3058603744970818,1.3510917850260986,0.17528695980262532,0.009091439638736931,1.7462869598026254,1.6348940769880298,0.6166279653199862
PRSM,seed02,91,Y-dominant,1.0,1.8,1.9992960761227938,2.053401274736352,1.993696345230653,2.0254552626565814,1.1425097999640683,1.1793332172582596,0.302196392520704,0.09095194947049634,1.755196392520704,1.5546489882173875,0.5639912157467131
PRSM,seed02,28,Bar-dominant,1.8,1.0,2.1700112902932096,2.0171393996721534,2.6536816770303138,2.309454692534441,1.075045374388253,1.1333474270395907,0.1717742047373788,0.3330871975931978,1.741774204737379,1.9098370854156657,0.47888594632591813
PRSM,seed02,56,Balanced,1.1,1.4,1.9825000000000002,1.9529412093483427,1.98375,1.8690252300852424,1.145,1.1253160932888224,-0.21059265358979307,-0.04774429199780217,1.407,1.5366312740605412,0.7065969185752715
PRSM,seed02,2,Bar-dominant,1.3,1.0,1.691664072001294,1.8235939862723263,1.7417773872883584,1.8704253617230266,1.0083539845366503,1.046150271133312,0.20092116470008953,0.03598558244343242,1.7719211647000896,1.6776598790236346,0.6798013279107432
PRSM,seed02,53,Balanced,1.0,1.3,1.8917499999999998,1.884442235743995,1.8917499999999998,1.7987137672658668,1.0924999999999998,1.0859156292573546,-0.22259265358979308,-0.06955750107107528,1.402,1.5097625730324986,0.7500926953812049
PRSM,seed02,45,Bar-dominant,2.0,1.6,2.359824713829398,2.491102303033309,2.4702784769722665,2.5761460048655467,1.3225083463659424,1.4156628903571564,0.16942337291463724,0.0532349531998324,1.7404233729146374,1.6585642267909786,0.6176547232171212
PRSM,seed02,79,Balanced,1.8,2.1,2.6169000000000002,2.5766140743517862,2.6188499999999997,2.541303563220281,1.51125,1.48716945021543,-0.17959265358979293,-0.08640362629581444,1.413,1.5218869692570762,0.6693692123256284
PRSM,seed02,61,Balanced,1.3,1.6,2.1663,2.105387019032718,2.1663,2.0289443800167875,1.2499,1.213336675856008,-0.19259265358979327,-0.02461985218814111,1.414,1.568637403402366,0.6444764824257261
PRSM,seed02,30,Bar-dominant,1.8,1.1,2.173554352897576,2.081545984359641,2.562926455036068,2.310878283966937,1.1099229606491847,1.173763241231229,0.1709986684491855,0.263224141052833,1.7409986684491856,1.8534576083178407,0.5849514132027099
PRSM,seed02,44,Bar-dominant,2.0,1.0,2.367001901139921,2.1196942573905213,2.3652699633674903,2.5450504139047037,1.3664989024479868,1.1776953510651238,0.15926742644428815,0.482586840483448,1.7332674264442882,1.9998754483411623,0.3398939055174382
PRSM,seed02,25,Bar-dominant,1.8,1.3,2.1793198434373973,2.2022320033591942,2.1738144170374447,2.32551761400984,1.252434897621491,1.2496447641818416,0.1717326005842388,0.14253454422964895,1.8407326005842388,1.7533654249540533,0.7506563823649995
PRSM,seed02,108,Y-dominant,1.3,2.4,2.2576822739260725,2.3294042557053696,2.4252537494916315,2.4604231517294943,1.3208798064459844,1.343849914076531,0.25141479063014,0.24992120511060756,1.68241479063014,1.6597204914354484,0.8705314355768266
PRSM,seed02,102,Y-dominant,1.2,2.3,2.153371266758243,2.2552095818550457,2.3416477004409244,2.3700729425896174,1.2639060920494574,1.2980211739923186,0.2725523918299775,0.26124935779457303,1.6835523918299775,1.6578067254136428,0.8483788577012151
PRSM,seed02,13,Bar-dominant,1.6,1.2,1.9655999999999998,2.046517722276784,1.9655999999999998,2.1270489994320068,1.1354,1.1668509281968076,0.198,0.10284508357798183,1.804,1.7317661802995228,0.6862027787185528
PRSM,seed02,14,Bar-dominant,1.6,1.3,1.9821499999999999,2.1012388251481626,1.9821499999999999,2.142401804570392,1.14405,1.2005961418824156,0.174,0.06323239276417347,1.745,1.6948925859433641,0.6679006872979317
PRSM,seed02,87,Y-dominant,1.0,2.2,1.9253432317381753,2.1398056036777073,2.296459772530195,2.277601342036626,1.1422904154156968,1.2243666550629964,0.35463302764849364,0.33357860744902534,1.6536330276484936,1.6665587453564754,0.7652355229034098
PRSM,seed02,93,Y-dominant,1.0,2.4,1.8758635344821866,2.166753467397542,2.537567617526073,2.427258676082472,1.0934238457629544,1.2369831631000356,0.4227383539175136,0.4929649689533807,1.5887383539175137,1.7478471655897456,0.4445750605471591
PRSM,seed02,5,Bar-dominant,1.4,1.2,1.9357213900765782,1.9641557498364017,1.9174980185827062,1.9721419729075802,1.1011978381432632,1.1265837284938385,0.222298892926591,0.023503003984509774,1.793298892926591,1.6606133897886095,0.6515181226419522
PRSM,seed02,73,Balanced,1.6,2.0,2.4858000000000002,2.408433141743874,2.4858000000000002,2.35993148086627,1.4346,1.3906116536434685,-0.16559265358979314,-0.03638229119539649,1.44,1.5550006198809738,0.6478420548914662
PRSM,seed02,41,Bar-dominant,2.0,1.9,2.5096507575756433,2.640234149165305,2.510774999660516,2.644758462646573,1.446899563231579,1.512371185556182,0.17122299937936544,-0.0757766672830208,1.7422229993793656,1.54490908475927,0.4594614606788641
PRSM,seed02,60,Balanced,1.3,1.7,2.208,2.142870849054791,2.208,2.069121721439978,1.275,1.2354259536383485,-0.19459265358979305,-0.012511488992933972,1.427,1.5652448901026614,0.6421153634703064
PRSM,seed02,29,Bar-dominant,1.8,1.7,2.338000654940028,2.4110954398566147,2.339010572321792,2.4019648628072945,1.349249622036961,1.3816073883524078,0.18225149714577257,-0.022698584386536713,1.7532514971457727,1.6038481415539305,0.5667496927404115
PRSM,seed02,11,Bar-dominant,1.6,1.1,1.9683560177213877,1.9890875692802656,2.1385196933900494,2.115626910019592,1.0814469998492438,1.131455679366978,0.19745556152410765,0.1488032798109722,1.7684555615241078,1.7728620315996357,0.8459483416337434
GPR,seed03,101,Y-dominant,1.1,2.4,2.0119520993303985,2.2031807899475098,2.49534848601559,2.461717128753662,1.1883787520566418,1.2579972743988037,0.34589256406251734,0.39927196502685547,1.6248925640625174,1.662144660949707,0.7460831676008772
GPR,seed03,94,Y-dominant,1.1,2.1,2.073720984124914,2.198416233062744,2.146000717583487,2.1196646690368652,1.210489867834984,1.2552862167358398,0.27119795102684563,0.31215566396713257,1.7161979510268457,1.7350269556045532,0.8372634634784597
GPR,seed03,6,Bar-dominant,1.5,1.3,1.9991999999999999,1.9840773344039917,1.9991999999999999,1.9250316619873047,1.1536,1.1282358169555664,0.215,0.10250603407621384,1.786,1.68398916721344,0.729156717916176
GPR,seed03,25,Bar-dominant,1.8,1.3,2.1793198434373973,2.1373395919799805,2.1738144170374447,2.2950475215911865,1.252434897621491,1.2180994749069214,0.1717326005842388,0.20306576788425446,1.8407326005842388,1.814549446105957,0.7779088714605383
GPR,seed03,80,Balanced,1.9,2.2,2.706,2.7188029289245605,2.706,2.711672306060791,1.56415,1.563300371170044,-0.18459265358979327,-0.1489020735025406,1.408,1.4492019414901733,0.8400020868760683
GPR,seed03,42,Bar-dominant,2.0,1.5,2.378250643855689,2.3145053386688232,2.370505060963663,2.5034334659576416,1.3650060690142234,1.3231687545776367,0.15926416495988552,0.17764273285865784,1.8272641649598855,1.7697112560272217,0.7580280432916804
GPR,seed03,5,Bar-dominant,1.4,1.2,1.9357213900765782,1.8899905681610107,1.9174980185827062,1.8375205993652344,1.1011978381432632,1.0727342367172241,0.222298892926591,0.10461120307445526,1.793298892926591,1.6871964931488037,0.7288626687917659
GPR,seed03,98,Y-dominant,1.1,2.5,1.9890008144794713,2.1079142093658447,2.613880739591653,2.5589051246643066,1.163485315417343,1.2016406059265137,0.37573885390662826,0.4122834801673889,1.5957388539066282,1.6412353515625,0.7626051576363999
GPR,seed03,108,Y-dominant,1.3,2.4,2.2576822739260725,2.336977958679199,2.4252537494916315,2.408381223678589,1.3208798064459844,1.3372763395309448,0.25141479063014,0.2874882221221924,1.68241479063014,1.7059054374694824,0.8706584953707883
GPR,seed03,99,Y-dominant,1.1,1.9,2.0790021645010377,2.0630288124084473,2.082235927368049,2.034165382385254,1.2014965845884542,1.1753926277160645,0.28255699955856206,0.21666349470615387,1.7435569995585622,1.7057451009750366,0.8338471441186194
GPR,seed03,83,Balanced,2.0,2.4,2.8534,2.8454031944274902,2.8534,2.85152268409729,1.6478000000000002,1.638061761856079,-0.14459265358979323,-0.16983719170093536,1.449,1.4346530437469482,0.9151702969820056
GPR,seed03,40,Bar-dominant,1.9,1.8,2.4235,2.4207451343536377,2.4235,2.4005866050720215,1.3986,1.386723518371582,0.178,0.11088009178638458,1.749,1.677552342414856,0.7686336606480358
GPR,seed03,8,Bar-dominant,1.5,1.4,2.0793,2.0714707374572754,2.0793,2.0047943592071533,1.2006,1.180141568183899,0.198,0.03324248641729355,1.769,1.610612154006958,0.6435676587990419
GPR,seed03,113,Y-dominant,1.4,2.5,2.360044647882747,2.3881871700286865,2.506676585676999,2.468038558959961,1.3777679176184583,1.3675583600997925,0.23451570284295817,0.2684360444545746,1.6815157028429581,1.7120754718780518,0.8552960764537493
GPR,seed03,115,Y-dominant,1.5,2.4,2.4765122834341042,2.4679694175720215,2.4771141702125266,2.457937240600586,1.4293551938662081,1.414857029914856,0.2228504041154444,0.15947960317134857,1.7148504041154444,1.6747575998306274,0.8175714859335967
GPR,seed03,100,Y-dominant,1.1,2.3,2.0329931750992176,2.2571327686309814,2.377947746806412,2.339528799057007,1.2014607623465305,1.289925456047058,0.3199448827240066,0.3735811710357666,1.6549448827240067,1.6894588470458984,0.7216974157658285
GPR,seed03,17,Bar-dominant,1.7,1.4,2.072350579655865,2.093414783477783,2.0714555911253494,2.1021006107330322,1.1965996652997737,1.1925055980682373,0.17874794301684896,0.191567063331604,1.749747943016849,1.778383493423462,0.9135299122431986
GPR,seed03,110,Y-dominant,1.3,2.5,2.2422777370343754,2.3083510398864746,2.540131856071085,2.484762668609619,1.3200579130374792,1.3202987909317017,0.26892339156119455,0.31396690011024475,1.6569233915611945,1.6985028982162476,0.806341026863295
GPR,seed03,4,Bar-dominant,1.4,1.0,1.7688,1.79295015335083,1.7688,1.8034273386001587,1.0211999999999999,1.015089988708496,0.225,0.24794742465019226,1.817,1.843813419342041,0.9041149394915164
GPR,seed03,12,Bar-dominant,1.6,1.4,2.082,2.072190999984741,2.082,2.026360511779785,1.203,1.180243730545044,0.203,0.12836036086082458,1.774,1.70657479763031,0.7888864280066331
GPR,seed03,34,Bar-dominant,1.9,1.0,2.2736018494890438,2.2785143852233887,2.8609124048970145,2.5418014526367188,1.0897000064267142,1.3016706705093384,0.16527550951236195,0.15329620242118835,1.736275509512362,1.734838843345642,0.5943355676659252
GPR,seed03,45,Bar-dominant,2.0,1.6,2.359824713829398,2.321207284927368,2.4702784769722665,2.428295850753784,1.3225083463659424,1.3273292779922485,0.16942337291463724,0.19317296147346497,1.7404233729146374,1.7728937864303589,0.8773698046663997
GPR,seed03,104,Y-dominant,1.2,2.0,2.1840023443210863,2.157055139541626,2.1842449814232756,2.112104892730713,1.25760099440452,1.2310419082641602,0.26453479958330284,0.15902209281921387,1.735534799583303,1.675696611404419,0.7568961077733108
GPR,seed03,77,Balanced,1.8,2.3,2.71215,2.719775676727295,2.71215,2.7094366550445557,1.5661999999999998,1.5638947486877441,-0.16159265358979313,-0.1277397722005844,1.45,1.4661028385162354,0.9068952966954091
k-NN,seed03,101,Y-dominant,1.1,2.4,2.0119520993303985,2.2269874253085216,2.49534848601559,2.404734636343573,1.1883787520566418,1.2775427917608984,0.34589256406251734,0.3591169413727764,1.6248925640625174,1.672783608039443,0.6669721556381155
k-NN,seed03,94,Y-dominant,1.1,2.1,2.073720984124914,2.198298119001772,2.146000717583487,2.112913736731986,1.210489867834984,1.248702132593689,0.27119795102684563,0.2763092908190709,1.7161979510268457,1.7246426241524044,0.8496355359238031
k-NN,seed03,6,Bar-dominant,1.5,1.3,1.9991999999999999,1.9468166666666666,1.9991999999999999,1.9468166666666666,1.1536,1.1243166666666669,0.215,0.18066666666666667,1.786,1.7633333333333334,0.8569010154463332
k-NN,seed03,25,Bar-dominant,1.8,1.3,2.1793198434373973,2.169036667629234,2.1738144170374447,2.1688895311617578,1.252434897621491,1.2502992794220722,0.1717326005842388,0.17691812709481733,1.8407326005842388,1.8262514604281506,0.9627292977782459
k-NN,seed03,80,Balanced,1.9,2.2,2.706,2.7421666666666664,2.706,2.7421666666666664,1.56415,1.583516666666667,-0.18459265358979327,-0.16392598692312652,1.408,1.4316666666666666,0.8819466321464101
k-NN,seed03,42,Bar-dominant,2.0,1.5,2.378250643855689,2.302148355002338,2.370505060963663,2.479978492363768,1.3650060690142234,1.2611545714682675,0.15926416495988552,0.16387350852824534,1.8272641649598855,1.7512068418615787,0.7317442708742381
k-NN,seed03,5,Bar-dominant,1.4,1.2,1.9357213900765782,1.839640442158327,1.9174980185827062,1.846759090171882,1.1011978381432632,1.0660361142009631,0.222298892926591,0.19470846226657693,1.793298892926591,1.7653751289332436,0.8263840674268554
k-NN,seed03,98,Y-dominant,1.1,2.5,1.9890008144794713,2.2050920694858487,2.613880739591653,2.5243633459555133,1.163485315417343,1.2578758966658563,0.37573885390662826,0.385924056080636,1.5957388539066282,1.642590722747303,0.6580007661899399
k-NN,seed03,108,Y-dominant,1.3,2.4,2.2576822739260725,2.4327843826913766,2.4252537494916315,2.3414260701591334,1.3208798064459844,1.3894488740972248,0.25141479063014,0.28310191867702794,1.68241479063014,1.725101918677028,0.7224688244589434
k-NN,seed03,99,Y-dominant,1.1,1.9,2.0790021645010377,2.0392166666666665,2.082235927368049,2.0392166666666665,1.2014965845884542,1.177,0.28255699955856206,0.24333333333333332,1.7435569995585622,1.7193333333333334,0.8676219579244123
k-NN,seed03,83,Balanced,2.0,2.4,2.8534,2.8329166666666663,2.8534,2.8329166666666663,1.6478000000000002,1.6358666666666666,-0.14459265358979323,-0.161592653589793,1.449,1.439,0.929118184039829
k-NN,seed03,40,Bar-dominant,1.9,1.8,2.4235,2.3620238386653125,2.4235,2.366225359756855,1.3986,1.3626601093531576,0.178,0.1627856786191182,1.749,1.7334523452857848,0.8619657524695372
k-NN,seed03,8,Bar-dominant,1.5,1.4,2.0793,2.0134000000000003,2.0793,2.013916666666667,1.2006,1.1628,0.198,0.17900000000000002,1.769,1.75,0.8477936436867696
k-NN,seed03,113,Y-dominant,1.4,2.5,2.360044647882747,2.322328191215568,2.506676585676999,2.476525119100564,1.3777679176184583,1.3508646532896365,0.23451570284295817,0.25012722242714197,1.6815157028429581,1.6837938890938087,0.909460513211954
k-NN,seed03,115,Y-dominant,1.5,2.4,2.4765122834341042,2.4746166666666665,2.4771141702125266,2.4764666666666666,1.4293551938662081,1.4299499999999998,0.2228504041154444,0.217,1.7148504041154444,1.711,0.9791050684182143
k-NN,seed03,100,Y-dominant,1.1,2.3,2.0329931750992176,2.4231265448947408,2.377947746806412,2.249586692585997,1.2014607623465305,1.3596080615791728,0.3199448827240066,0.3884818405156096,1.6549448827240067,1.7331485071822765,0.5209828414809907
k-NN,seed03,17,Bar-dominant,1.7,1.4,2.072350579655865,2.130639645011849,2.0714555911253494,2.148043957313904,1.1965996652997737,1.2326520228075115,0.17874794301684896,0.18202760190256018,1.749747943016849,1.7803609352358933,0.8345981845441944
k-NN,seed03,110,Y-dominant,1.3,2.5,2.2422777370343754,2.382237349443946,2.540131856071085,2.4308546494551377,1.3200579130374792,1.3666307991130644,0.26892339156119455,0.30781391521742135,1.6569233915611945,1.697147248550755,0.7290381890068358
k-NN,seed03,4,Bar-dominant,1.4,1.0,1.7688,1.7859806928303572,1.7688,1.8103501478413149,1.0211999999999999,1.0456706024310554,0.225,0.1927915157236054,1.817,1.7957915157236055,0.8877555048687037
k-NN,seed03,12,Bar-dominant,1.6,1.4,2.082,2.071,2.082,2.0715166666666667,1.203,1.1958,0.203,0.18466666666666667,1.774,1.7690000000000001,0.9491181733270616
k-NN,seed03,34,Bar-dominant,1.9,1.0,2.2736018494890438,2.2693403724810257,2.8609124048970145,2.5954753765320837,1.0897000064267142,1.1879121764550338,0.16527550951236195,0.1647998764676235,1.736275509512362,1.7364665431342903,0.7049359440978888
k-NN,seed03,45,Bar-dominant,2.0,1.6,2.359824713829398,2.3007540098615906,2.4702784769722665,2.3183114020936153,1.3225083463659424,1.3372870029409352,0.16942337291463724,0.1704513871052359,1.7404233729146374,1.7444513871052358,0.7691114244680551
k-NN,seed03,104,Y-dominant,1.2,2.0,2.1840023443210863,2.133020674810863,2.1842449814232756,2.090785707625796,1.25760099440452,1.2198791617058906,0.26453479958330284,0.25544795815423865,1.735534799583303,1.7221146248209054,0.8018854410164207
k-NN,seed03,77,Balanced,1.8,2.3,2.71215,2.68345,2.71215,2.68345,1.5661999999999998,1.54905,-0.16159265358979313,-0.15825932025645986,1.45,1.4456666666666667,0.9357775024993038
RF,seed03,101,Y-dominant,1.1,2.4,2.0119520993303985,2.154337258254974,2.49534848601559,2.4546964657331865,1.1883787520566418,1.22434160001818,0.34589256406251734,0.42453775297329277,1.6248925640625174,1.6462733779732932,0.8100175961858908
RF,seed03,94,Y-dominant,1.1,2.1,2.073720984124914,2.2839976631292043,2.146000717583487,2.136611730779381,1.210489867834984,1.2895237404412165,0.27119795102684563,0.33541302288748254,1.7161979510268457,1.7354025878547918,0.7814895582227136
RF,seed03,6,Bar-dominant,1.5,1.3,1.9991999999999999,1.9781402826149008,1.9991999999999999,1.9805235186751835,1.1536,1.1419008193842453,0.215,0.03163292075533358,1.786,1.6207971779104764,0.639517298041948
RF,seed03,25,Bar-dominant,1.8,1.3,2.1793198434373973,2.1720039770598074,2.1738144170374447,2.2202986885353435,1.252434897621491,1.2352177901754957,0.1717326005842388,0.17369738719839795,1.8407326005842388,1.8444731371983902,0.928173175454188
RF,seed03,80,Balanced,1.9,2.2,2.706,2.7173682380051036,2.706,2.717516237374846,1.56415,1.568713212281137,-0.18459265358979327,-0.14347352016705958,1.408,1.4540066405470975,0.8223134907650032
RF,seed03,42,Bar-dominant,2.0,1.5,2.378250643855689,2.343677088714518,2.370505060963663,2.5779028317334536,1.3650060690142234,1.2778597192163763,0.15926416495988552,0.15960328523968678,1.8272641649598855,1.7407270352396884,0.6780291040788167
RF,seed03,5,Bar-dominant,1.4,1.2,1.9357213900765782,1.8971595088023994,1.9174980185827062,1.9073890100435111,1.1011978381432632,1.1006158183444925,0.222298892926591,0.05837628960425897,1.793298892926591,1.6405429741126094,0.6690866172778883
RF,seed03,98,Y-dominant,1.1,2.5,1.9890008144794713,1.9715789363942247,2.613880739591653,2.5846894749230067,1.163485315417343,1.126960574042295,0.37573885390662826,0.4302740680973851,1.5957388539066282,1.5912784430973903,0.8845157093248909
RF,seed03,108,Y-dominant,1.3,2.4,2.2576822739260725,2.417854193591457,2.4252537494916315,2.383282771367779,1.3208798064459844,1.3750836384706722,0.25141479063014,0.32227225805220955,1.68241479063014,1.706614030843971,0.7868117358624314
RF,seed03,99,Y-dominant,1.1,1.9,2.0790021645010377,2.066465165982692,2.082235927368049,2.0560541997093167,1.2014965845884542,1.1903025063510175,0.28255699955856206,0.2464441823368124,1.7435569995585622,1.718444711944503,0.8937062636902634
RF,seed03,83,Balanced,2.0,2.4,2.8534,2.8006283224117077,2.8534,2.800452681085208,1.6478000000000002,1.6170740749298824,-0.14459265358979323,-0.12797631159296885,1.449,1.4637970766378436,0.8648760606203272
RF,seed03,40,Bar-dominant,1.9,1.8,2.4235,2.4058284961846828,2.4235,2.4097088520423187,1.3986,1.386539025909995,0.178,0.07805875316367646,1.749,1.662093181518562,0.7118400562340618
RF,seed03,8,Bar-dominant,1.5,1.4,2.0793,2.037441146028163,2.0793,2.040118179939847,1.2006,1.1759638321862917,0.198,-0.020241562582769615,1.769,1.571210996000311,0.5898839328828732
RF,seed03,113,Y-dominant,1.4,2.5,2.360044647882747,2.335535789596734,2.506676585676999,2.4682333096709463,1.3777679176184583,1.3536827083082486,0.23451570284295817,0.2428795952196865,1.6815157028429581,1.6790831149581555,0.9092222740152712
RF,seed03,115,Y-dominant,1.5,2.4,2.4765122834341042,2.471313723613577,2.4771141702125266,2.4642934325075094,1.4293551938662081,1.4262009605855055,0.2228504041154444,0.18395855182161813,1.7148504041154444,1.6837708722786804,0.8600951488381864
RF,seed03,100,Y-dominant,1.1,2.3,2.0329931750992176,2.510495616194491,2.377947746806412,2.2279926082192576,1.2014607623465305,1.386183750530442,0.3199448827240066,0.4480063781602269,1.6549448827240067,1.7453340031602338,0.4617108367758861
RF,seed03,17,Bar-dominant,1.7,1.4,2.072350579655865,2.118446761046096,2.0714555911253494,2.153597643014475,1.1965996652997737,1.2163717029523753,0.17874794301684896,0.18254923504586312,1.749747943016849,1.7824327628236387,0.8377445938276666
RF,seed03,110,Y-dominant,1.3,2.5,2.2422777370343754,2.2010866170370047,2.540131856071085,2.5071157574041356,1.3200579130374792,1.277948889091788,0.26892339156119455,0.31235767785949586,1.6569233915611945,1.6514623077941204,0.875138752994567
RF,seed03,4,Bar-dominant,1.4,1.0,1.7688,1.7685170564404016,1.7688,1.7983837808798935,1.0211999999999999,1.0378696046984612,0.225,0.18726587922707139,1.817,1.7699863438674583,0.8793697252673429
RF,seed03,12,Bar-dominant,1.6,1.4,2.082,2.050696152360398,2.082,2.058580035836687,1.203,1.1813598505567848,0.203,0.1572406222386889,1.774,1.7424410641544734,0.8726428903880681
RF,seed03,34,Bar-dominant,1.9,1.0,2.2736018494890438,2.2578030975475585,2.8609124048970145,2.6538928745399284,1.0897000064267142,1.1707758614664576,0.16527550951236195,0.16527410149398097,1.736275509512362,1.7371974348273087,0.7529011613391442
RF,seed03,45,Bar-dominant,2.0,1.6,2.359824713829398,2.338547282275938,2.4702784769722665,2.4345258396843277,1.3225083463659424,1.3207858380898128,0.16942337291463724,0.1664992929799818,1.7404233729146374,1.7436092929799814,0.9358253252641803
RF,seed03,104,Y-dominant,1.2,2.0,2.1840023443210863,2.1419720199096077,2.1842449814232756,2.126105766457442,1.25760099440452,1.2311522632447602,0.26453479958330284,0.19846011012282727,1.735534799583303,1.6863849836424258,0.7996300694263581
RF,seed03,77,Balanced,1.8,2.3,2.71215,2.6816005790661936,2.71215,2.682350100605072,1.5661999999999998,1.5483127541824218,-0.16159265358979313,-0.13019651043764238,1.45,1.4616766291656156,0.892961551882295
PRSM,seed03,101,Y-dominant,1.1,2.4,2.0119520993303985,2.1461081278580854,2.49534848601559,2.3675386512990633,1.1883787520566418,1.225488198385543,0.34589256406251734,0.48358183505283103,1.6248925640625174,1.75244180313091,0.5559308344645104
PRSM,seed03,94,Y-dominant,1.1,2.1,2.073720984124914,2.234318578537478,2.146000717583487,2.23196823214828,1.210489867834984,1.2884746531785383,0.27119795102684563,0.1789104800912592,1.7161979510268457,1.6080166976867198,0.6374782063074268
PRSM,seed03,6,Bar-dominant,1.5,1.3,1.9991999999999999,2.0020236770478896,1.9991999999999999,2.0663590673319847,1.1536,1.1339135863429766,0.215,0.03461403950250597,1.786,1.6511566906505069,0.6503802570320937
PRSM,seed03,25,Bar-dominant,1.8,1.3,2.1793198434373973,2.1703271848887673,2.1738144170374447,2.33579000840158,1.252434897621491,1.2167480080924404,0.1717326005842388,0.13547276627737304,1.8407326005842388,1.7340736102416394,0.708530667345836
PRSM,seed03,80,Balanced,1.9,2.2,2.706,2.6868048081202622,2.706,2.6400577004653534,1.56415,1.5453727037987965,-0.18459265358979327,-0.05842227977902159,1.408,1.5385727862188148,0.6090886946745443
PRSM,seed03,42,Bar-dominant,2.0,1.5,2.378250643855689,2.3494931522218203,2.370505060963663,2.508971317212361,1.3650060690142234,1.3503419501960423,0.15926416495988552,0.14402663593406217,1.8272641649598855,1.708306447520786,0.7325608429524336
PRSM,seed03,5,Bar-dominant,1.4,1.2,1.9357213900765782,1.9062099592528337,1.9174980185827062,1.9559398509056383,1.1011978381432632,1.0877348488377516,0.222298892926591,0.042049726871116244,1.793298892926591,1.6573864390199309,0.6670780199990605
PRSM,seed03,98,Y-dominant,1.1,2.5,1.9890008144794713,2.073334726805817,2.613880739591653,2.416998283159839,1.163485315417343,1.1771480023136713,0.37573885390662826,0.6024319904905763,1.5957388539066282,1.8047620894458514,0.4277270419378323
PRSM,seed03,108,Y-dominant,1.3,2.4,2.2576822739260725,2.353805825908337,2.4252537494916315,2.4661014839716175,1.3208798064459844,1.372169443128982,0.25141479063014,0.19942107718492397,1.68241479063014,1.6190465466386228,0.7417582244769177
PRSM,seed03,99,Y-dominant,1.1,1.9,2.0790021645010377,2.205567428104309,2.082235927368049,2.146921367671041,1.2014965845884542,1.2757975994708701,0.28255699955856206,0.02662927161235029,1.7435569995585622,1.5322529855337332,0.5239906955797174
PRSM,seed03,83,Balanced,2.0,2.4,2.8534,2.8324058300103903,2.8534,2.8077024102048975,1.6478000000000002,1.6368766253012144,-0.14459265358979323,-0.1125488576822361,1.449,1.4796851674240465,0.8525236601181697
PRSM,seed03,40,Bar-dominant,1.9,1.8,2.4235,2.4443109846841655,2.4235,2.473848148592412,1.3986,1.3961740552703177,0.178,0.04160503745382493,1.749,1.6271110616351754,0.6296773091789257
PRSM,seed03,8,Bar-dominant,1.5,1.4,2.0793,2.0567278427959286,2.0793,2.098423754574469,1.2006,1.1685932437131683,0.198,-0.0022516225012455537,1.769,1.616204029247003,0.6261268022798585
PRSM,seed03,113,Y-dominant,1.4,2.5,2.360044647882747,2.4257667653528743,2.506676585676999,2.5942047081393076,1.3777679176184583,1.413693123394418,0.23451570284295817,0.13543865386459364,1.6815157028429581,1.5788970764084165,0.6288074849118886
PRSM,seed03,115,Y-dominant,1.5,2.4,2.4765122834341042,2.530809940732355,2.4771141702125266,2.581532420395958,1.4293551938662081,1.4724904896038193,0.2228504041154444,0.007419565794212546,1.7148504041154444,1.533096015664901,0.49290550404500366
PRSM,seed03,100,Y-dominant,1.1,2.3,2.0329931750992176,2.1958054584188935,2.377947746806412,2.320569786537078,1.2014607623465305,1.2592431219348104,0.3199448827240066,0.37287150248242373,1.6549448827240067,1.7015392603843438,0.7413447548401114
PRSM,seed03,17,Bar-dominant,1.7,1.4,2.072350579655865,2.1474905838758933,2.0714555911253494,2.255467542699055,1.1965996652997737,1.2060322954254998,0.17874794301684896,0.06841290668349298,1.749747943016849,1.6761261363658935,0.6648645506381897
PRSM,seed03,110,Y-dominant,1.3,2.5,2.2422777370343754,2.3173195313385357,2.540131856071085,2.531123986766813,1.3200579130374792,1.348361701687001,0.26892339156119455,0.265692869131548,1.6569233915611945,1.6407713367317265,0.9009890623131872
PRSM,seed03,4,Bar-dominant,1.4,1.0,1.7688,1.8213277096415952,1.7688,1.8756174967432209,1.0211999999999999,1.037451401072909,0.225,0.17074378249853683,1.817,1.775861667480966,0.7871187157704512
PRSM,seed03,12,Bar-dominant,1.6,1.4,2.082,2.0991412819043966,2.082,2.1733791734139047,1.203,1.1838428358671547,0.203,0.03327580940673325,1.774,1.6478526062993457,0.6439648221782491
PRSM,seed03,34,Bar-dominant,1.9,1.0,2.2736018494890438,2.2718934888525064,2.8609124048970145,2.476331992747609,1.0897000064267142,1.2847908755327164,0.16527550951236195,0.26808823520316005,1.736275509512362,1.878814111109814,0.44616935772455146
PRSM,seed03,45,Bar-dominant,2.0,1.6,2.359824713829398,2.383870861565803,2.4702784769722665,2.5064935671454265,1.3225083463659424,1.3715041393174494,0.16942337291463724,0.12496426459502208,1.7404233729146374,1.6870257251689114,0.7968169942061385
PRSM,seed03,104,Y-dominant,1.2,2.0,2.1840023443210863,2.2774154211796858,2.1842449814232756,2.2123808917770615,1.25760099440452,1.3260429619183594,0.26453479958330284,0.036064415316623966,1.735534799583303,1.5489927539210484,0.5448734940733299
PRSM,seed03,77,Balanced,1.8,2.3,2.71215,2.6962273162013326,2.71215,2.665541519377751,1.5661999999999998,1.5509119641984714,-0.16159265358979313,-0.09706143206829043,1.45,1.5055456923177712,0.7759585608295811
GPR,seed04,13,Bar-dominant,1.6,1.2,1.9655999999999998,1.9654796123504639,1.9655999999999998,2.024970293045044,1.1354,1.1144391298294067,0.198,0.2153986096382141,1.804,1.8221015930175781,0.8844232348493303
GPR,seed04,2,Bar-dominant,1.3,1.0,1.691664072001294,1.7672280073165894,1.7417773872883584,1.7419497966766357,1.0083539845366503,0.9982744455337524,0.20092116470008953,0.2343602478504181,1.7719211647000896,1.807510495185852,0.8944161409543058
GPR,seed04,25,Bar-dominant,1.8,1.3,2.1793198434373973,2.1396541595458984,2.1738144170374447,2.298492670059204,1.252434897621491,1.216570496559143,0.1717326005842388,0.2035546749830246,1.8407326005842388,1.8149938583374023,0.7734421440181053
GPR,seed04,16,Bar-dominant,1.6,1.5,2.16535,2.1659622192382812,2.1669,2.110046148300171,1.25085,1.2327935695648193,0.193,0.0511721596121788,1.764,1.6314082145690918,0.6654830137770498
GPR,seed04,19,Bar-dominant,1.7,1.6,2.265459613963577,2.25952410697937,2.2560475635926176,2.208513021469116,1.3002329380952533,1.2877644300460815,0.1860866797644473,0.06049026548862457,1.7560866797644472,1.6438990831375122,0.6820000792038982
GPR,seed04,41,Bar-dominant,2.0,1.9,2.5096507575756433,2.4711508750915527,2.510774999660516,2.4668054580688477,1.446899563231579,1.4121965169906616,0.17122299937936544,0.08263453841209412,1.7422229993793656,1.6397128105163574,0.6887978920214864
GPR,seed04,5,Bar-dominant,1.4,1.2,1.9357213900765782,1.8926230669021606,1.9174980185827062,1.8677117824554443,1.1011978381432632,1.0720860958099365,0.222298892926591,0.14265669882297516,1.793298892926591,1.7194665670394897,0.7986605514843179
GPR,seed04,24,Bar-dominant,1.8,1.6,2.2508314574841006,2.261603355407715,2.296628098390843,2.239450216293335,1.3058603744970818,1.2887626886367798,0.17528695980262532,0.1427282840013504,1.7462869598026254,1.7241805791854858,0.8467413523294319
GPR,seed04,81,Balanced,1.9,2.4,2.8057499999999997,2.824411153793335,2.8057499999999997,2.820488452911377,1.61895,1.620180606842041,-0.1515926535897929,-0.13332043588161469,1.456,1.4605127573013306,0.9425923468346724
GPR,seed04,20,Bar-dominant,1.7,1.0,2.072253957650944,2.067180633544922,2.4482796890160827,2.269561290740967,1.0617171253923112,1.1740621328353882,0.1800456050942413,0.16858012974262238,1.7500456050942412,1.819648027420044,0.7141960836972244
GPR,seed04,64,Balanced,1.4,1.7,2.2568,2.2910587787628174,2.2568,2.2884185314178467,1.30355,1.3070296049118042,-0.18659265358979304,-0.208870992064476,1.416,1.4041845798492432,0.9180827461948545
GPR,seed04,78,Balanced,1.8,2.2,2.67,2.6841349601745605,2.67,2.6715807914733887,1.542,1.5378985404968262,-0.15359265358979313,-0.1635725349187851,1.446,1.4401143789291382,0.9651713353610203
GPR,seed04,34,Bar-dominant,1.9,1.0,2.2736018494890438,2.2825512886047363,2.8609124048970145,2.516868829727173,1.0897000064267142,1.300688624382019,0.16527550951236195,0.14710301160812378,1.736275509512362,1.737402319908142,0.5719230970500262
GPR,seed04,85,Balanced,2.0,2.3,2.795,2.7936911582946777,2.795,2.7943005561828613,1.61465,1.6020575761795044,-0.18959265358979316,-0.1679203063249588,1.402,1.4334325790405273,0.8754569209191815
GPR,seed04,76,Balanced,1.7,2.1,2.5783,2.5859363079071045,2.5783,2.576565980911255,1.4896,1.480292558670044,-0.15859265358979302,-0.17313607037067413,1.444,1.4373828172683716,0.9570900076963145
GPR,seed04,114,Y-dominant,1.4,2.3,2.3680000000000003,2.3797402381896973,2.38835,2.3561019897460938,1.369,1.3591722249984741,0.189,0.15904933214187622,1.686,1.6763015985488892,0.9016608328129221
GPR,seed04,10,Bar-dominant,1.5,1.2,1.8927,1.9176326990127563,1.8927,1.9188988208770752,1.0935000000000001,1.0865495204925537,0.17,0.19454072415828705,1.741,1.7838387489318848,0.8945027061576014
GPR,seed04,12,Bar-dominant,1.6,1.4,2.082,2.072432518005371,2.082,2.0415730476379395,1.203,1.1776024103164673,0.203,0.13347990810871124,1.774,1.7109251022338867,0.8058847316088751
GPR,seed04,91,Y-dominant,1.0,1.8,1.9992960761227938,1.999280571937561,1.993696345230653,1.983993649482727,1.1425097999640683,1.1351499557495117,0.302196392520704,0.20623727142810822,1.755196392520704,1.6931352615356445,0.7961083094574253
GPR,seed04,26,Bar-dominant,1.8,1.5,2.1614999999999998,2.1933703422546387,2.1614999999999998,2.211329221725464,1.2473999999999998,1.2484326362609863,0.182,0.18406441807746887,1.752,1.7736648321151733,0.8976702465787518
GPR,seed04,96,Y-dominant,1.1,2.2,2.3918068996054007,2.208916664123535,2.1837499019514097,2.2315473556518555,1.3443531449091817,1.2585476636886597,0.35728782838716905,0.3435541093349457,1.7452878283871691,1.7157803773880005,0.7372029390873196
GPR,seed04,100,Y-dominant,1.1,2.3,2.0329931750992176,2.2047512531280518,2.377947746806412,2.3512516021728516,1.2014607623465305,1.2561100721359253,0.3199448827240066,0.3618775010108948,1.6549448827240067,1.6807864904403687,0.7948018009154552
GPR,seed04,61,Balanced,1.3,1.6,2.1663,2.189183235168457,2.1663,2.187479257583618,1.2499,1.2471239566802979,-0.19259265358979327,-0.2055654674768448,1.414,1.4040439128875732,0.9469290515195201
GPR,seed04,68,Balanced,1.5,2.0,2.4657506210077287,2.4136316776275635,2.463260380329014,2.4106476306915283,1.4227521257061475,1.3791552782058716,-0.22130237667857805,-0.1486799567937851,1.4012902769112152,1.4650273323059082,0.7581088105095201
k-NN,seed04,13,Bar-dominant,1.6,1.2,1.9655999999999998,2.007529495908633,1.9655999999999998,2.1272630063840388,1.1354,1.1189688189904439,0.198,0.18428576650172412,1.804,1.7552857665017243,0.7661419894719868
k-NN,seed04,2,Bar-dominant,1.3,1.0,1.691664072001294,1.7819001155219378,1.7417773872883584,1.781745316140781,1.0083539845366503,1.0290334976263378,0.20092116470008953,0.23612329345354974,1.7719211647000896,1.8141232934535498,0.8533020862178371
k-NN,seed04,25,Bar-dominant,1.8,1.3,2.1793198434373973,2.204036667629234,2.1738144170374447,2.203889531161758,1.252434897621491,1.2702992794220722,0.1717326005842388,0.17158479376148403,1.8407326005842388,1.8605847937614837,0.9268310692959486
k-NN,seed04,16,Bar-dominant,1.6,1.5,2.16535,2.102820025061308,2.1669,2.119232205562055,1.25085,1.2182188145867998,0.193,0.18559353089192468,1.764,1.7565935308919247,0.8837429494219854
k-NN,seed04,19,Bar-dominant,1.7,1.6,2.265459613963577,2.249603383489362,2.2560475635926176,2.2666505326275357,1.3002329380952533,1.3029021334991957,0.1860866797644473,0.18076138226823255,1.7560866797644472,1.7524280489348991,0.971738796556326
k-NN,seed04,41,Bar-dominant,2.0,1.9,2.5096507575756433,2.4111367615769765,2.510774999660516,2.399388712610314,1.446899563231579,1.3810886509149018,0.17122299937936544,0.16506009527005394,1.7422229993793656,1.7387267619367206,0.785052648179105
k-NN,seed04,5,Bar-dominant,1.4,1.2,1.9357213900765782,1.8314404421583268,1.9174980185827062,1.8381257568385487,1.1011978381432632,1.0607694475342964,0.222298892926591,0.2080417955999103,1.793298892926591,1.7883751289332437,0.8215559551198532
k-NN,seed04,24,Bar-dominant,1.8,1.6,2.2508314574841006,2.295070652631635,2.296628098390843,2.311992453340377,1.3058603744970818,1.3344041676957559,0.17528695980262532,0.17413040141811212,1.7462869598026254,1.7454637347514455,0.9263462600702971
k-NN,seed04,81,Balanced,1.9,2.4,2.8057499999999997,2.7756833333333333,2.8057499999999997,2.7756833333333333,1.61895,1.6026333333333334,-0.1515926535897929,-0.1515926535897932,1.456,1.4486666666666668,0.931911760603674
k-NN,seed04,20,Bar-dominant,1.7,1.0,2.072253957650944,2.0778723335728118,2.4482796890160827,2.2374805658520778,1.0617171253923112,1.1364791973999122,0.1800456050942413,0.1803612591020655,1.7500456050942412,1.8633612591020656,0.7173533067673226
k-NN,seed04,64,Balanced,1.4,1.7,2.2568,2.242201659749252,2.2568,2.2452222628998793,1.30355,1.2932290588533368,-0.18659265358979304,-0.23895088219645,1.416,1.3713084380600098,0.8537135060597765
k-NN,seed04,78,Balanced,1.8,2.2,2.67,2.67835,2.67,2.679,1.542,1.5472000000000001,-0.15359265358979313,-0.17525932025645977,1.446,1.4236666666666666,0.9035657413547633
k-NN,seed04,34,Bar-dominant,1.9,1.0,2.2736018494890438,2.2693403724810257,2.8609124048970145,2.5954753765320833,1.0897000064267142,1.1879121764550338,0.16527550951236195,0.1647998764676235,1.736275509512362,1.7364665431342903,0.7049359440978883
k-NN,seed04,85,Balanced,2.0,2.3,2.795,2.773633333333333,2.795,2.773633333333333,1.61465,1.6019500000000002,-0.18959265358979316,-0.15925932025645992,1.402,1.4346666666666668,0.8594595002055516
k-NN,seed04,76,Balanced,1.7,2.1,2.5783,2.5863833333333335,2.5783,2.587033333333333,1.4896,1.4934333333333332,-0.15859265358979302,-0.17925932025645977,1.444,1.4313333333333336,0.9340256487986922
k-NN,seed04,114,Y-dominant,1.4,2.3,2.3680000000000003,2.3083788086839316,2.38835,2.321607297169608,1.369,1.334021170904121,0.189,0.22005783023504644,1.686,1.7077244969017131,0.8406735873068747
k-NN,seed04,10,Bar-dominant,1.5,1.2,1.8927,1.8874404421583268,1.8927,1.8941257568385488,1.0935000000000001,1.0929027808676297,0.17,0.20070846226657693,1.741,1.7810417955999103,0.9018505663457872
k-NN,seed04,12,Bar-dominant,1.6,1.4,2.082,2.044600193218622,2.082,2.0443018637084496,1.203,1.1804165550999244,0.203,0.18358264767228297,1.774,1.754582647672283,0.8957006109661999
k-NN,seed04,91,Y-dominant,1.0,1.8,1.9992960761227938,2.0424673881670126,1.993696345230653,2.043545309122683,1.1425097999640683,1.1791488615294847,0.302196392520704,0.2651856665195207,1.755196392520704,1.7325189998528543,0.8523734560757512
k-NN,seed04,26,Bar-dominant,1.8,1.5,2.1614999999999998,2.1980833855698947,2.1614999999999998,2.216640980345091,1.2473999999999998,1.2709186371342165,0.182,0.17461182585237886,1.752,1.7756118258523788,0.8768635962039079
k-NN,seed04,96,Y-dominant,1.1,2.2,2.3918068996054007,2.056110276420115,2.1837499019514097,2.2230658652392896,1.3443531449091817,1.2040228571142022,0.35728782838716905,0.29433138283967103,1.7452878283871691,1.6946647161730046,0.6376861336772424
k-NN,seed04,100,Y-dominant,1.1,2.3,2.0329931750992176,2.296508278136407,2.377947746806412,2.353452887274057,1.2014607623465305,1.3076165972949931,0.3199448827240066,0.38468341907405906,1.6549448827240067,1.6930167524073922,0.6964713364739553
k-NN,seed04,61,Balanced,1.3,1.6,2.1663,2.1766,2.1663,2.1771,1.2499,1.2569,-0.19259265358979327,-0.23225932025645987,1.414,1.377,0.8816572570491765
k-NN,seed04,68,Balanced,1.5,2.0,2.4657506210077287,2.4676000000000005,2.463260380329014,2.4676000000000005,1.4227521257061475,1.4248333333333332,-0.22130237667857805,-0.17492598692312647,1.4012902769112152,1.438,0.8504551725559741
RF,seed04,13,Bar-dominant,1.6,1.2,1.9655999999999998,2.0119990490330335,1.9655999999999998,2.0812584228304325,1.1354,1.137853412405491,0.198,0.17626041945453147,1.804,1.7532543719744025,0.8083166500371544
RF,seed04,2,Bar-dominant,1.3,1.0,1.691664072001294,1.7894637945943728,1.7417773872883584,1.7898826753391943,1.0083539845366503,1.0338367851755743,0.20092116470008953,0.2111706492454001,1.7719211647000896,1.7914667635588644,0.8546860995701815
RF,seed04,25,Bar-dominant,1.8,1.3,2.1793198434373973,2.1951425533090094,2.1738144170374447,2.2469833874863427,1.252434897621491,1.2465828580983582,0.1717326005842388,0.17095276147706936,1.8407326005842388,1.8578677614770605,0.8843887899840895
RF,seed04,16,Bar-dominant,1.6,1.5,2.16535,2.1037035174112884,2.1669,2.127640708908979,1.25085,1.2146542888691905,0.193,0.10827433725032906,1.764,1.6902523804445713,0.7724647376676465
RF,seed04,19,Bar-dominant,1.7,1.6,2.265459613963577,2.1901522218112985,2.2560475635926176,2.2212514138421526,1.3002329380952533,1.2689402838806447,0.1860866797644473,0.09439153720549448,1.7560866797644472,1.6790398066375538,0.7507373418660055
RF,seed04,41,Bar-dominant,2.0,1.9,2.5096507575756433,2.4820310047667236,2.510774999660516,2.4641751039834605,1.446899563231579,1.4138407941892235,0.17122299937936544,0.09660526454762866,1.7422229993793656,1.6734720049098228,0.7495181567578255
RF,seed04,5,Bar-dominant,1.4,1.2,1.9357213900765782,1.9666490694512389,1.9174980185827062,1.9820433867500549,1.1011978381432632,1.1333891159981984,0.222298892926591,0.030843530671486007,1.793298892926591,1.6162102206695803,0.6173374485108017
RF,seed04,24,Bar-dominant,1.8,1.6,2.2508314574841006,2.245162442651044,2.296628098390843,2.259085784333948,1.3058603744970818,1.291824617007136,0.17528695980262532,0.16956184359658064,1.7462869598026254,1.7658203037343987,0.9286176844787137
RF,seed04,81,Balanced,1.9,2.4,2.8057499999999997,2.7826408353432335,2.8057499999999997,2.7826875212245543,1.61895,1.6068092870492772,-0.1515926535897929,-0.11749520539605462,1.456,1.4708066093706602,0.8957875623166162
RF,seed04,20,Bar-dominant,1.7,1.0,2.072253957650944,2.0443207791367017,2.4482796890160827,2.1068463001434163,1.0617171253923112,1.1534796162195375,0.1800456050942413,0.18377167467169708,1.7500456050942412,1.8816441746716988,0.6056542765008976
RF,seed04,64,Balanced,1.4,1.7,2.2568,2.249648660840863,2.2568,2.2519947632665267,1.30355,1.297799904275274,-0.18659265358979304,-0.18749898037149268,1.416,1.415118514740094,0.9836138961798092
RF,seed04,78,Balanced,1.8,2.2,2.67,2.6605062856206296,2.67,2.6607149897179374,1.542,1.5364065101499456,-0.15359265358979313,-0.16742326991309042,1.446,1.4369315122388848,0.9501172582007339
RF,seed04,34,Bar-dominant,1.9,1.0,2.2736018494890438,2.261554326484038,2.8609124048970145,2.6610854961668178,1.0897000064267142,1.1639110334555973,0.16527550951236195,0.16496890586841004,1.736275509512362,1.7388714058684047,0.7638543446555945
RF,seed04,85,Balanced,2.0,2.3,2.795,2.7890057223975755,2.795,2.788636280738939,1.61465,1.6102161735691496,-0.18959265358979316,-0.14763856933439873,1.402,1.4488226944515494,0.8144175276507476
RF,seed04,76,Balanced,1.7,2.1,2.5783,2.5516989191226465,2.5783,2.5524587125967653,1.4896,1.4736475574732504,-0.15859265358979302,-0.16907562401917417,1.444,1.4327582943129307,0.9309753476448683
RF,seed04,114,Y-dominant,1.4,2.3,2.3680000000000003,2.33367179792896,2.38835,2.368634881489281,1.369,1.3513617725726887,0.189,0.18658161045005023,1.686,1.6718701370506972,0.9271149692238436
RF,seed04,10,Bar-dominant,1.5,1.2,1.8927,2.003432512702375,1.8927,2.029652865578025,1.0935000000000001,1.1472202525555721,0.17,0.18381588938689586,1.741,1.7612190404324009,0.7383272231844661
RF,seed04,12,Bar-dominant,1.6,1.4,2.082,2.049017326193875,2.082,2.0668474741122007,1.203,1.177480271054076,0.203,0.16680136415486824,1.774,1.7440275411843595,0.8896427058073924
RF,seed04,91,Y-dominant,1.0,1.8,1.9992960761227938,2.0619953584597166,1.993696345230653,2.0422431157883745,1.1425097999640683,1.1861330090628839,0.302196392520704,0.18007575323414676,1.755196392520704,1.6664932655860794,0.713926717659818
RF,seed04,26,Bar-dominant,1.8,1.5,2.1614999999999998,2.2148696154982814,2.1614999999999998,2.232969119153556,1.2473999999999998,1.2718740839028224,0.182,0.17112002002844043,1.752,1.7880369649303587,0.8400688620996443
RF,seed04,96,Y-dominant,1.1,2.2,2.3918068996054007,2.046042495666145,2.1837499019514097,2.2560489249180433,1.3443531449091817,1.1937147315469998,0.35728782838716905,0.34627928716567297,1.7452878283871691,1.6801567871656784,0.5919134067245907
RF,seed04,100,Y-dominant,1.1,2.3,2.0329931750992176,2.3620935079433036,2.377947746806412,2.2912359087132534,1.2014607623465305,1.3250404169721046,0.3199448827240066,0.4306251530126061,1.6549448827240067,1.7118551530126134,0.6025079678013064
RF,seed04,61,Balanced,1.3,1.6,2.1663,2.1483200484297877,2.1663,2.149207811861226,1.2499,1.2406465111999536,-0.19259265358979327,-0.19617230303368738,1.414,1.4106948831708497,0.9598230436768834
RF,seed04,68,Balanced,1.5,2.0,2.4657506210077287,2.385124659949169,2.463260380329014,2.3846689101508383,1.4227521257061475,1.375942752005647,-0.22130237667857805,-0.06445571159983206,1.4012902769112152,1.5104382527937965,0.6422536975288892
PRSM,seed04,13,Bar-dominant,1.6,1.2,1.9655999999999998,2.018279078189361,1.9655999999999998,2.1270595575357625,1.1354,1.1327229284049076,0.198,0.11571508287928145,1.804,1.7288553648697143,0.7006406186311052
PRSM,seed04,2,Bar-dominant,1.3,1.0,1.691664072001294,1.7634133488081178,1.7417773872883584,1.7767582585803208,1.0083539845366503,1.0209936978504617,0.20092116470008953,0.13776865404481842,1.7719211647000896,1.74740551564886,0.8638300864541953
PRSM,seed04,25,Bar-dominant,1.8,1.3,2.1793198434373973,2.1822982052995012,2.1738144170374447,2.341145816341764,1.252434897621491,1.2224187322360145,0.1717326005842388,0.11936417284969614,1.8407326005842388,1.7239574856228816,0.6843680657040698
PRSM,seed04,16,Bar-dominant,1.6,1.5,2.16535,2.157738947585343,2.1669,2.2015384264832525,1.25085,1.2181543006684177,0.193,0.007015722045977668,1.764,1.6248239620095979,0.6261230610326064
PRSM,seed04,19,Bar-dominant,1.7,1.6,2.265459613963577,2.259028981855084,2.2560475635926176,2.298547645086477,1.3002329380952533,1.2736826246642012,0.1860866797644473,0.007440390856263468,1.7560866797644472,1.6211565293350156,0.6160899172583965
PRSM,seed04,41,Bar-dominant,2.0,1.9,2.5096507575756433,2.5344798784250857,2.510774999660516,2.5407239955562586,1.446899563231579,1.4572050197435193,0.17122299937936544,0.058788214341815026,1.7422229993793656,1.6332339474731843,0.6522892769388585
PRSM,seed04,5,Bar-dominant,1.4,1.2,1.9357213900765782,1.9044419047093577,1.9174980185827062,1.953728541222087,1.1011978381432632,1.0869713906132705,0.222298892926591,0.056258672025468304,1.793298892926591,1.6729317338970677,0.687810211265175
PRSM,seed04,24,Bar-dominant,1.8,1.6,2.2508314574841006,2.3030996911552277,2.296628098390843,2.3718509863775523,1.3058603744970818,1.2973449126488683,0.17528695980262532,0.03349297425051856,1.7462869598026254,1.6385778012077898,0.6509018669258072
PRSM,seed04,81,Balanced,1.9,2.4,2.8057499999999997,2.7963487428417744,2.8057499999999997,2.7724382298027104,1.61895,1.6101102022612432,-0.1515926535897929,-0.11857673765527932,1.456,1.481225215437787,0.8719421965172426
PRSM,seed04,20,Bar-dominant,1.7,1.0,2.072253957650944,2.063341768555735,2.4482796890160827,2.186598016146369,1.0617171253923112,1.1593776145775685,0.1800456050942413,0.2607487746206616,1.7500456050942412,1.8700402701842165,0.574342353102266
PRSM,seed04,64,Balanced,1.4,1.7,2.2568,2.1937131633432,2.2568,2.1377991928890463,1.30355,1.2656334556597524,-0.18659265358979304,-0.03973264993593584,1.416,1.5668872555841098,0.6417969244993073
PRSM,seed04,78,Balanced,1.8,2.2,2.67,2.6498892432012653,2.67,2.5792628504967947,1.542,1.5213529963705865,-0.15359265358979313,-0.06615419818622237,1.446,1.5382914883118914,0.6914725621526514
PRSM,seed04,34,Bar-dominant,1.9,1.0,2.2736018494890438,2.2711948217824087,2.8609124048970145,2.4431375711629277,1.0897000064267142,1.2945520417396152,0.16527550951236195,0.2835115285989682,1.736275509512362,1.896370819860609,0.41481461514952744
PRSM,seed04,85,Balanced,2.0,2.3,2.795,2.779487521885854,2.795,2.7246585662934377,1.61465,1.606735044593233,-0.18959265358979316,-0.05371113930628968,1.402,1.532870687631251,0.590005751575967
PRSM,seed04,76,Balanced,1.7,2.1,2.5783,2.5492040915252465,2.5783,2.4696046516456094,1.4896,1.4637795271142056,-0.15859265358979302,-0.04970386758288514,1.444,1.555914556803034,0.657747137021118
PRSM,seed04,114,Y-dominant,1.4,2.3,2.3680000000000003,2.414158437373791,2.38835,2.4335949685215033,1.369,1.4123164376202764,0.189,0.09007621431038904,1.686,1.5956023599892686,0.6819706614924422
PRSM,seed04,10,Bar-dominant,1.5,1.2,1.8927,1.9565603625720303,1.8927,2.0345306876073717,1.0935000000000001,1.1062251988995615,0.17,0.08882843280898678,1.741,1.7041110752885475,0.7263028176363824
PRSM,seed04,12,Bar-dominant,1.6,1.4,2.082,2.104652660648929,2.082,2.177308747060586,1.203,1.184631014929641,0.203,0.0339044435399356,1.774,1.650816766817543,0.645254231893878
PRSM,seed04,91,Y-dominant,1.0,1.8,1.9992960761227938,2.1364153390753304,1.993696345230653,2.108576194119841,1.1425097999640683,1.222855099199003,0.302196392520704,-0.003828476873385833,1.755196392520704,1.4956744593372608,0.48472846211073406
PRSM,seed04,26,Bar-dominant,1.8,1.5,2.1614999999999998,2.2545559554725028,2.1614999999999998,2.3591653706508957,1.2473999999999998,1.2664904514010054,0.182,0.056581710745487346,1.752,1.661083506747374,0.6351219474373881
PRSM,seed04,96,Y-dominant,1.1,2.2,2.3918068996054007,2.1867214807293833,2.1837499019514097,2.2759534070426835,1.3443531449091817,1.2652052115335721,0.35728782838716905,0.27856191091146143,1.7452878283871691,1.6595743989241383,0.6407566595988916
PRSM,seed04,100,Y-dominant,1.1,2.3,2.0329931750992176,2.155133053624323,2.377947746806412,2.3312926847793802,1.2014607623465305,1.2440284327722144,0.3199448827240066,0.36711856561234346,1.6549448827240067,1.697049093077005,0.7809800790085057
PRSM,seed04,61,Balanced,1.3,1.6,2.1663,2.1028247613132294,2.1663,2.056552997891084,1.2499,1.2170763107272804,-0.19259265358979327,-0.05499030827153395,1.414,1.5497814246245631,0.6770257434574957
PRSM,seed04,68,Balanced,1.5,2.0,2.4657506210077287,2.39615094355768,2.463260380329014,2.309587706488604,1.4227521257061475,1.3869671565452673,-0.22130237667857805,-0.019689238303099765,1.4012902769112152,1.571475979175986,0.548532119809701
GPR,seed05,70,Balanced,1.6,2.1,2.5234,2.503610134124756,2.5234,2.5072402954101562,1.4578000000000002,1.4446930885314941,-0.18559265358979316,-0.1603720635175705,1.437,1.4472771883010864,0.9252304578830124
GPR,seed05,59,Balanced,1.2,1.4,2.0254000000000003,2.0267975330352783,2.0267,2.037140369415283,1.1700000000000002,1.1610867977142334,-0.24459265358979332,-0.20265235006809235,1.361,1.417771339416504,0.8595179530500536
GPR,seed05,39,Bar-dominant,1.9,1.5,2.2678312216741356,2.260751962661743,2.2712910690935604,2.363685131072998,1.3072998429801153,1.2538799047470093,0.164752671849456,0.19694355130195618,1.7837526718494559,1.7787319421768188,0.7973966275706071
GPR,seed05,10,Bar-dominant,1.5,1.2,1.8927,1.9255738258361816,1.8927,1.9235183000564575,1.0935000000000001,1.1094974279403687,0.17,0.20444397628307343,1.741,1.7949503660202026,0.8640477060525693
GPR,seed05,96,Y-dominant,1.1,2.2,2.3918068996054007,2.2856078147888184,2.1837499019514097,2.198025941848755,1.3443531449091817,1.2878615856170654,0.35728782838716905,0.35604017972946167,1.7452878283871691,1.7277837991714478,0.8411840906480104
GPR,seed05,23,Bar-dominant,1.7,1.1,2.0720018918910283,2.068162441253662,2.074586213855673,2.281486749649048,1.1956045839992344,1.1237475872039795,0.17935135052876194,0.17986834049224854,1.9133513505287618,1.7998573780059814,0.7075530160158533
GPR,seed05,57,Balanced,1.2,1.6,2.1153999999999997,2.1032607555389404,2.1153999999999997,2.0985405445098877,1.2222,1.2134618759155273,-0.2085926535897933,-0.16487915813922882,1.421,1.4336031675338745,0.9216786136813637
GPR,seed05,42,Bar-dominant,2.0,1.5,2.378250643855689,2.335625410079956,2.370505060963663,2.5631983280181885,1.3650060690142234,1.272374153137207,0.15926416495988552,0.16001389920711517,1.8272641649598855,1.7421555519104004,0.6833947530417525
GPR,seed05,56,Balanced,1.1,1.4,1.9825000000000002,1.9830234050750732,1.98375,1.9794399738311768,1.145,1.1422263383865356,-0.21059265358979307,-0.24815396964550018,1.407,1.37911057472229,0.9153061567155033
GPR,seed05,115,Y-dominant,1.5,2.4,2.4765122834341042,2.4646732807159424,2.4771141702125266,2.460886240005493,1.4293551938662081,1.4257733821868896,0.2228504041154444,0.1704629361629486,1.7148504041154444,1.6757025718688965,0.827160529707442
GPR,seed05,28,Bar-dominant,1.8,1.0,2.1700112902932096,2.1834309101104736,2.6536816770303138,2.6075727939605713,1.075045374388253,1.1675719022750854,0.1717742047373788,0.1701940894126892,1.741774204737379,1.7735878229141235,0.8534858307427794
GPR,seed05,35,Bar-dominant,1.9,1.1,2.271007926009947,2.284057855606079,2.767474489198446,2.5563974380493164,1.1221922525288615,1.323009729385376,0.16335799822120356,0.15558204054832458,1.7343579982212036,1.7560921907424927,0.6512344573790295
GPR,seed05,17,Bar-dominant,1.7,1.4,2.072350579655865,2.1042418479919434,2.0714555911253494,2.086231231689453,1.1965996652997737,1.2034573554992676,0.17874794301684896,0.22091704607009888,1.749747943016849,1.8040908575057983,0.8491789666225155
GPR,seed05,91,Y-dominant,1.0,1.8,1.9992960761227938,1.9764280319213867,1.993696345230653,2.0068037509918213,1.1425097999640683,1.155814528465271,0.302196392520704,0.2376234233379364,1.755196392520704,1.7203209400177002,0.8642780570400636
GPR,seed05,63,Balanced,1.4,1.6,2.205,2.2256875038146973,2.2065,2.2329208850860596,1.2734999999999999,1.2870142459869385,-0.2535926535897932,-0.16333641111850739,1.349,1.4437299966812134,0.7458912380678527
GPR,seed05,6,Bar-dominant,1.5,1.3,1.9991999999999999,1.9868671894073486,1.9991999999999999,1.984646201133728,1.1536,1.1518460512161255,0.215,0.17371933162212372,1.786,1.7550501823425293,0.8924446178454865
GPR,seed05,101,Y-dominant,1.1,2.4,2.0119520993303985,2.1616196632385254,2.49534848601559,2.465364694595337,1.1883787520566418,1.2388075590133667,0.34589256406251734,0.3700527548789978,1.6248925640625174,1.6729570627212524,0.7550732431322832
GPR,seed05,85,Balanced,2.0,2.3,2.795,2.78678035736084,2.795,2.7972702980041504,1.61465,1.6050119400024414,-0.18959265358979316,-0.15966959297657013,1.402,1.4392492771148682,0.8507076283617203
GPR,seed05,97,Y-dominant,1.1,2.0,2.06925,2.1388773918151855,2.06925,2.0906834602355957,1.1950500000000002,1.225882887840271,0.217,0.3175813555717468,1.704,1.7589985132217407,0.7897615058397283
GPR,seed05,87,Y-dominant,1.0,2.2,1.9253432317381753,2.3444840908050537,2.296459772530195,2.1711061000823975,1.1422904154156968,1.291529893875122,0.35463302764849364,0.38022154569625854,1.6536330276484936,1.7237828969955444,0.5255598596790161
GPR,seed05,20,Bar-dominant,1.7,1.0,2.072253957650944,2.075756549835205,2.4482796890160827,2.4021849632263184,1.0617171253923112,1.0957050323486328,0.1800456050942413,0.1783420890569687,1.7500456050942412,1.7922565937042236,0.9053723583380545
GPR,seed05,49,Bar-dominant,2.0,1.2,2.372804855018634,2.3740739822387695,2.882373063901326,2.556309223175049,1.1701715773749102,1.4338709115982056,0.155977076259084,0.1358695924282074,1.725977076259084,1.7281991243362427,0.5348280209842812
GPR,seed05,43,Bar-dominant,2.0,1.8,2.4548595581010333,2.409440517425537,2.4166987192494345,2.4102439880371094,1.3867678249722057,1.391647219657898,0.14596583160301807,0.1915907859802246,1.716965831603018,1.7376172542572021,0.8764666640229412
GPR,seed05,94,Y-dominant,1.1,2.1,2.073720984124914,2.230105400085449,2.146000717583487,2.127214193344116,1.210489867834984,1.2648314237594604,0.27119795102684563,0.34279751777648926,1.7161979510268457,1.7520372867584229,0.793572101656053
k-NN,seed05,70,Balanced,1.6,2.1,2.5234,2.560983333333333,2.5234,2.560983333333333,1.4578000000000002,1.4784833333333331,-0.18559265358979316,-0.16559265358979314,1.437,1.4426666666666665,0.9026481753468284
k-NN,seed05,59,Balanced,1.2,1.4,2.0254000000000003,2.0102336038102417,2.0267,2.0115743409673636,1.1700000000000002,1.160682636222016,-0.24459265358979332,-0.22401632168895583,1.361,1.3952429985675041,0.9110220204294598
k-NN,seed05,39,Bar-dominant,1.9,1.5,2.2678312216741356,2.228099533159823,2.2712910690935604,2.297887238219376,1.3072998429801153,1.2602020086726193,0.164752671849456,0.1778182129759083,1.7837526718494559,1.7491515463092417,0.8719466844127793
k-NN,seed05,10,Bar-dominant,1.5,1.2,1.8927,1.9231404633588596,1.8927,1.916632672860902,1.0935000000000001,1.1047659460477544,0.17,0.2100996309755303,1.741,1.8024329643088637,0.854560856660409
k-NN,seed05,96,Y-dominant,1.1,2.2,2.3918068996054007,2.1185436850849055,2.1837499019514097,2.315444184283841,1.3443531449091817,1.241551714162638,0.35728782838716905,0.28322014813255264,1.7452878283871691,1.6842201481325525,0.5943605926438607
k-NN,seed05,23,Bar-dominant,1.7,1.1,2.0720018918910283,2.071330946874492,2.074586213855673,2.3208551580627277,1.1956045839992344,1.1075931392068388,0.17935135052876194,0.18328532265145267,1.9133513505287618,1.7539519893181195,0.654914624828016
k-NN,seed05,57,Balanced,1.2,1.6,2.1153999999999997,2.087133479817693,2.1153999999999997,2.0878433429485033,1.2222,1.2049162891070937,-0.2085926535897933,-0.206476334114688,1.421,1.4124496528084387,0.9333945016364182
k-NN,seed05,42,Bar-dominant,2.0,1.5,2.378250643855689,2.3328128523874256,2.370505060963663,2.5463076283233366,1.3650060690142234,1.2662240725968763,0.15926416495988552,0.16543040888330574,1.8272641649598855,1.7367637422166393,0.687265225155601
k-NN,seed05,56,Balanced,1.1,1.4,1.9825000000000002,1.9622334573258817,1.98375,1.9628643313521936,1.145,1.133133013781589,-0.21059265358979307,-0.238132641164061,1.407,1.3934600124257324,0.9328247444934675
k-NN,seed05,115,Y-dominant,1.5,2.4,2.4765122834341042,2.405,2.4771141702125266,2.4143166666666667,1.4293551938662081,1.3908666666666667,0.2228504041154444,0.20833333333333334,1.7148504041154444,1.7026666666666666,0.8448776510521105
k-NN,seed05,28,Bar-dominant,1.8,1.0,2.1700112902932096,2.1462533403069393,2.6536816770303138,2.4693375555344432,1.075045374388253,1.112803533629383,0.1717742047373788,0.1754108000005344,1.741774204737379,1.8040774666672013,0.7713771312182844
k-NN,seed05,35,Bar-dominant,1.9,1.1,2.271007926009947,2.2709057939439337,2.767474489198446,2.501747004196096,1.1221922525288615,1.424194245213054,0.16335799822120356,0.16443498384828834,1.7343579982212036,1.7344349838482884,0.5759639480530752
k-NN,seed05,17,Bar-dominant,1.7,1.4,2.072350579655865,2.1057031465024965,2.0714555911253494,2.106396948793632,1.1965996652997737,1.2144997633206362,0.17874794301684896,0.18968338534958518,1.749747943016849,1.7880167186829183,0.8932057287663725
k-NN,seed05,91,Y-dominant,1.0,1.8,1.9992960761227938,2.0424673881670126,1.993696345230653,2.043545309122683,1.1425097999640683,1.1791488615294847,0.302196392520704,0.2651856665195207,1.755196392520704,1.7325189998528543,0.8523734560757512
k-NN,seed05,63,Balanced,1.4,1.6,2.205,2.210366666666667,2.2065,2.210366666666667,1.2734999999999999,1.27615,-0.2535926535897932,-0.19125932025645978,1.349,1.4189999999999998,0.8056667195522574
k-NN,seed05,6,Bar-dominant,1.5,1.3,1.9991999999999999,2.0478166666666664,1.9991999999999999,2.0478166666666664,1.1536,1.18255,0.215,0.19166666666666665,1.786,1.7626666666666668,0.8747668101452221
k-NN,seed05,101,Y-dominant,1.1,2.4,2.0119520993303985,2.1868613947555127,2.49534848601559,2.416834651798735,1.1883787520566418,1.256727681859923,0.34589256406251734,0.3749144383374528,1.6248925640625174,1.663247771670786,0.7185244465621295
k-NN,seed05,85,Balanced,2.0,2.3,2.795,2.773633333333333,2.795,2.773633333333333,1.61465,1.6019500000000002,-0.18959265358979316,-0.15925932025645992,1.402,1.4346666666666668,0.8594595002055516
k-NN,seed05,97,Y-dominant,1.1,2.0,2.06925,2.130571971604674,2.06925,2.0985328708357223,1.1950500000000002,1.223771463000459,0.217,0.2923950995505243,1.704,1.7417284328838576,0.8326859426514018
k-NN,seed05,87,Y-dominant,1.0,2.2,1.9253432317381753,2.3605794606614734,2.296459772530195,2.2322706710688274,1.1422904154156968,1.323570477599069,0.35463302764849364,0.4160758938526312,1.6536330276484936,1.7264092271859646,0.5290490301935942
k-NN,seed05,20,Bar-dominant,1.7,1.0,2.072253957650944,2.044504729717721,2.4482796890160827,2.2285399850321213,1.0617171253923112,1.1100525314368925,0.1800456050942413,0.18613748400444963,1.7500456050942412,1.8148041506711163,0.726922718957274
k-NN,seed05,49,Bar-dominant,2.0,1.2,2.372804855018634,2.338389395059543,2.882373063901326,2.5750295061842605,1.1701715773749102,1.4570883215505666,0.155977076259084,0.1597409842588067,1.725977076259084,1.7307409842588068,0.5485627905625369
k-NN,seed05,43,Bar-dominant,2.0,1.8,2.4548595581010333,2.4294004947351797,2.4166987192494345,2.4307474727473415,1.3867678249722057,1.4011325636680263,0.14596583160301807,0.17347915119550308,1.716965831603018,1.74714581786217,0.8836191747178643
k-NN,seed05,94,Y-dominant,1.1,2.1,2.073720984124914,2.231636990134191,2.146000717583487,2.1654094386000478,1.210489867834984,1.2701148952909973,0.27119795102684563,0.2896970141002955,1.7161979510268457,1.728030347433629,0.8291782408278585
RF,seed05,70,Balanced,1.6,2.1,2.5234,2.5156811610338377,2.5234,2.5158812335432463,1.4578000000000002,1.452162528878147,-0.18559265358979316,-0.08679366000190836,1.437,1.4938122855995255,0.7702834229835127
RF,seed05,59,Balanced,1.2,1.4,2.0254000000000003,1.9897331543578993,2.0267,1.9898402665905126,1.1700000000000002,1.1479265758448904,-0.24459265358979332,-0.11684968243584896,1.361,1.485446451122518,0.727137189479817
RF,seed05,39,Bar-dominant,1.9,1.5,2.2678312216741356,2.263614959200105,2.2712910690935604,2.4202961716932907,1.3072998429801153,1.2479351408743986,0.164752671849456,0.17101096910322092,1.7837526718494559,1.767403885769879,0.7765545731012317
RF,seed05,10,Bar-dominant,1.5,1.2,1.8927,1.939229263114027,1.8927,1.9395250845336371,1.0935000000000001,1.109723410247372,0.17,0.19051290967915344,1.741,1.7777658057900532,0.8745140995971178
RF,seed05,96,Y-dominant,1.1,2.2,2.3918068996054007,2.210378283050699,2.1837499019514097,2.2310395655830417,1.3443531449091817,1.2638156392055169,0.35728782838716905,0.3479542171380948,1.7452878283871691,1.711620467138094,0.7409499722197246
RF,seed05,23,Bar-dominant,1.7,1.1,2.0720018918910283,2.098809374594899,2.074586213855673,2.3445374962535372,1.1956045839992344,1.1369497069001415,0.17935135052876194,0.18012755171823647,1.9133513505287618,1.7648908850515652,0.6494898026132856
RF,seed05,57,Balanced,1.2,1.6,2.1153999999999997,2.1322928132279664,2.1153999999999997,2.1326130492136075,1.2222,1.2302074262421794,-0.2085926535897933,-0.09521606409460173,1.421,1.4835957310416024,0.7973200708148087
RF,seed05,42,Bar-dominant,2.0,1.5,2.378250643855689,2.360840112670365,2.370505060963663,2.6434823745802754,1.3650060690142234,1.282003255396194,0.15926416495988552,0.15790809321372382,1.8272641649598855,1.7310655932137273,0.6351960151289829
RF,seed05,56,Balanced,1.1,1.4,1.9825000000000002,1.9484700864965923,1.98375,1.9495251652029628,1.145,1.1249192129258894,-0.21059265358979307,-0.22440766948671523,1.407,1.3930763478614088,0.9169938562886273
RF,seed05,115,Y-dominant,1.5,2.4,2.4765122834341042,2.484331223732062,2.4771141702125266,2.4950923051500884,1.4293551938662081,1.4362048042612279,0.2228504041154444,0.1671970945654694,1.7148504041154444,1.6726098835797678,0.8133665747262622
RF,seed05,28,Bar-dominant,1.8,1.0,2.1700112902932096,2.1628574266565597,2.6536816770303138,2.4516637236561225,1.075045374388253,1.1490847315520423,0.1717742047373788,0.17288058859735828,1.741774204737379,1.7812745885973549,0.7498663962784994
RF,seed05,35,Bar-dominant,1.9,1.1,2.271007926009947,2.2837416859663993,2.767474489198446,2.6232618059704906,1.1221922525288615,1.318629541371517,0.16335799822120356,0.16392862977080042,1.7343579982212036,1.740186129770801,0.7063024742990611
RF,seed05,17,Bar-dominant,1.7,1.4,2.072350579655865,2.1137463336194116,2.0714555911253494,2.139691948682276,1.1965996652997737,1.2169566100237428,0.17874794301684896,0.18525635401541918,1.749747943016849,1.7800136248487513,0.8581669215202692
RF,seed05,91,Y-dominant,1.0,1.8,1.9992960761227938,2.0757928548987015,1.993696345230653,2.053553830783459,1.1425097999640683,1.1928187498251122,0.302196392520704,0.20526736782181268,1.755196392520704,1.6820761041282295,0.7381785323470872
RF,seed05,63,Balanced,1.4,1.6,2.205,2.202246301747219,2.2065,2.2018220070034995,1.2734999999999999,1.270599686473024,-0.2535926535897932,-0.14216611145501562,1.349,1.4573836242036335,0.7214760848873897
RF,seed05,6,Bar-dominant,1.5,1.3,1.9991999999999999,1.9771571641484977,1.9991999999999999,1.974308738671902,1.1536,1.1372483460287903,0.215,0.16113378147149343,1.786,1.7452008534551982,0.8605169857557219
RF,seed05,101,Y-dominant,1.1,2.4,2.0119520993303985,2.0917423929343624,2.49534848601559,2.4934430821108013,1.1883787520566418,1.2059016392758992,0.34589256406251734,0.39379780372041223,1.6248925640625174,1.6328778037204146,0.9141949189749332
RF,seed05,85,Balanced,2.0,2.3,2.795,2.780788229545443,2.795,2.780893149992352,1.61465,1.6056927068393734,-0.18959265358979316,-0.1422628564960641,1.402,1.4534596841527045,0.798222035383499
RF,seed05,97,Y-dominant,1.1,2.0,2.06925,2.147018390222748,2.06925,2.0904685698372285,1.1950500000000002,1.2269853821941539,0.217,0.31070486385198604,1.704,1.7364793087539072,0.8368250421193894
RF,seed05,87,Y-dominant,1.0,2.2,1.9253432317381753,2.422216475553676,2.296459772530195,2.1998668715092093,1.1422904154156968,1.343319952956402,0.35463302764849364,0.43553781733729674,1.6536330276484936,1.7406690673373026,0.47556339700475525
RF,seed05,20,Bar-dominant,1.7,1.0,2.072253957650944,2.095924931301896,2.4482796890160827,2.328222703452715,1.0617171253923112,1.1272360095858582,0.1800456050942413,0.17991051076051912,1.7500456050942412,1.7891230107605185,0.8075013644135786
RF,seed05,49,Bar-dominant,2.0,1.2,2.372804855018634,2.3588522585338705,2.882373063901326,2.621401893806807,1.1701715773749102,1.3816091842208913,0.155977076259084,0.15789887889437518,1.725977076259084,1.7342988788943754,0.6222491125143484
RF,seed05,43,Bar-dominant,2.0,1.8,2.4548595581010333,2.433076543845939,2.4166987192494345,2.449229662239346,1.3867678249722057,1.3981784498257608,0.14596583160301807,0.1519372159562148,1.716965831603018,1.7276335520196802,0.9241422372854122
RF,seed05,94,Y-dominant,1.1,2.1,2.073720984124914,2.2157312064771557,2.146000717583487,2.1284969870450374,1.210489867834984,1.257602370720378,0.27119795102684563,0.33463693269518413,1.7161979510268457,1.7359115160285186,0.8305741140546559
PRSM,seed05,70,Balanced,1.6,2.1,2.5234,2.5068306764840305,2.5234,2.44046164274976,1.4578000000000002,1.4446240525500902,-0.18559265358979316,-0.057638687248876774,1.437,1.5383928978157648,0.6711135637198737
PRSM,seed05,59,Balanced,1.2,1.4,2.0254000000000003,1.9517704414703785,2.0267,1.9263762404077498,1.1700000000000002,1.1347946892272114,-0.24459265358979332,-0.04195598010701307,1.361,1.562753144520988,0.6261809790712108
PRSM,seed05,39,Bar-dominant,1.9,1.5,2.2678312216741356,2.2925550268676047,2.2712910690935604,2.42261870837202,1.3072998429801153,1.3109860647521803,0.164752671849456,0.11693499093756321,1.7837526718494559,1.6998250980985112,0.7240422398863967
PRSM,seed05,10,Bar-dominant,1.5,1.2,1.8927,1.947808614454823,1.8927,2.008387892345608,1.0935000000000001,1.106742828134815,0.17,0.13101107959483693,1.741,1.7378230000197519,0.7805489889619498
PRSM,seed05,96,Y-dominant,1.1,2.2,2.3918068996054007,2.2174524379334484,2.1837499019514097,2.2929011614885293,1.3443531449091817,1.276304954584813,0.35728782838716905,0.2646122590794011,1.7452878283871691,1.6445206328385273,0.618494468915273
PRSM,seed05,23,Bar-dominant,1.7,1.1,2.0720018918910283,2.0684646400765665,2.074586213855673,2.1744307121302366,1.1956045839992344,1.1682143659960267,0.17935135052876194,0.21454744185400765,1.9133513505287618,1.8196323622823494,0.774893487591548
PRSM,seed05,57,Balanced,1.2,1.6,2.1153999999999997,2.082443717027948,2.1153999999999997,2.0210188381072647,1.2222,1.2104863212669725,-0.2085926535897933,-0.044309171540001024,1.421,1.54277629337121,0.6934899244765302
PRSM,seed05,42,Bar-dominant,2.0,1.5,2.378250643855689,2.329487336917762,2.370505060963663,2.501486303103264,1.3650060690142234,1.3552057894006069,0.15926416495988552,0.15770222862839622,1.8272641649598855,1.7211986650140467,0.760681773494174
PRSM,seed05,56,Balanced,1.1,1.4,1.9825000000000002,1.946278825309333,1.98375,1.9098937203505708,1.145,1.1307572954154943,-0.21059265358979307,-0.09496619467440004,1.407,1.5061072934208117,0.7627954543170286
PRSM,seed05,115,Y-dominant,1.5,2.4,2.4765122834341042,2.504126674935234,2.4771141702125266,2.5702832554674906,1.4293551938662081,1.4611239840436459,0.2228504041154444,0.012759739726592834,1.7148504041154444,1.5410383318451242,0.5053006887174665
PRSM,seed05,28,Bar-dominant,1.8,1.0,2.1700112902932096,2.1707238887827005,2.6536816770303138,2.2793397206593475,1.075045374388253,1.2377874681060461,0.1717742047373788,0.2641811772815883,1.741774204737379,1.8750469308279203,0.4729591847672078
PRSM,seed05,35,Bar-dominant,1.9,1.1,2.271007926009947,2.2433669936804095,2.767474489198446,2.401619542166358,1.1221922525288615,1.293971137111785,0.16335799822120356,0.23101647940132652,1.7343579982212036,1.834904117031603,0.4956465295261949
PRSM,seed05,17,Bar-dominant,1.7,1.4,2.072350579655865,2.152846282029296,2.0714555911253494,2.235750501657539,1.1965996652997737,1.215767631565003,0.17874794301684896,0.0952932153985282,1.749747943016849,1.700160188214379,0.6959311818241619
PRSM,seed05,91,Y-dominant,1.0,1.8,1.9992960761227938,2.171568622394601,1.993696345230653,2.108154493073842,1.1425097999640683,1.237532155196121,0.302196392520704,-0.005824508750212232,1.755196392520704,1.4948063059239733,0.4823313882974675
PRSM,seed05,63,Balanced,1.4,1.6,2.205,2.1341011286769795,2.2065,2.096800350213193,1.2734999999999999,1.2300884372389507,-0.2535926535897932,-0.009893402644253424,1.349,1.5959300282134645,0.5381548594096024
PRSM,seed05,6,Bar-dominant,1.5,1.3,1.9991999999999999,1.9949718652383823,1.9991999999999999,2.0428081799935494,1.1536,1.1347267958341511,0.215,0.089514971147588,1.786,1.69877441011482,0.7322886659622807
PRSM,seed05,101,Y-dominant,1.1,2.4,2.0119520993303985,2.1228439038132167,2.49534848601559,2.395064453015766,1.1883787520566418,1.216805454836186,0.34589256406251734,0.46045531974394294,1.6248925640625174,1.7320382116905408,0.6115517064393394
PRSM,seed05,85,Balanced,2.0,2.3,2.795,2.783941068433643,2.795,2.7559909903316497,1.61465,1.6099732707167935,-0.18959265358979316,-0.06395911003727672,1.402,1.5178263160150358,0.6178555260591289
PRSM,seed05,97,Y-dominant,1.1,2.0,2.06925,2.2287806590400865,2.06925,2.196314788464746,1.1950500000000002,1.2861324324666665,0.217,0.10954773518705974,1.704,1.574796660739417,0.6121348326459503
PRSM,seed05,87,Y-dominant,1.0,2.2,1.9253432317381753,2.1664608729394406,2.296459772530195,2.287218080154554,1.1422904154156968,1.2194615313935175,0.35463302764849364,0.34978748417550865,1.6536330276484936,1.6642148357189095,0.7708893784474959
PRSM,seed05,20,Bar-dominant,1.7,1.0,2.072253957650944,2.0691157343586237,2.4482796890160827,2.157981890045993,1.0617171253923112,1.1708127022741937,0.1800456050942413,0.2620971158517662,1.7500456050942412,1.8689080334675237,0.5500655052124667
PRSM,seed05,49,Bar-dominant,2.0,1.2,2.372804855018634,2.3028265833861488,2.882373063901326,2.5070997398076025,1.1701715773749102,1.3531152543649618,0.155977076259084,0.21965537196202423,1.725977076259084,1.8070191649171896,0.48782854173785556
PRSM,seed05,43,Bar-dominant,2.0,1.8,2.4548595581010333,2.4689114402764014,2.4166987192494345,2.545344369136093,1.3867678249722057,1.4294877929623306,0.14596583160301807,0.08720346863045858,1.716965831603018,1.6469131276447673,0.7197635371989045
PRSM,seed05,94,Y-dominant,1.1,2.1,2.073720984124914,2.232381616482024,2.146000717583487,2.244099131789103,1.210489867834984,1.286720355255937,0.27119795102684563,0.1818826274043155,1.7161979510268457,1.6072236902669759,0.6318338198857851
GPR,seed06,72,Balanced,1.6,1.8,2.5148164807554334,2.3879706859588623,2.5151979264950954,2.3980040550231934,1.4518309105720266,1.3765422105789185,-0.30881240452925035,-0.1460902988910675,1.3440891190605426,1.46357262134552,0.5894521083330013
GPR,seed06,16,Bar-dominant,1.6,1.5,2.16535,2.1455001831054688,2.1669,2.1313960552215576,1.25085,1.2515279054641724,0.193,0.08527952432632446,1.764,1.6696714162826538,0.7305841838376712
GPR,seed06,0,Bar-dominant,1.2,1.0,1.7457003465658132,1.7223927974700928,1.7452359484223434,1.746455192565918,1.0087004928790133,1.0356030464172363,0.2463698803606492,0.1490304172039032,1.8173698803606493,1.7246953248977661,0.7910292544283868
GPR,seed06,104,Y-dominant,1.2,2.0,2.1840023443210863,2.154788017272949,2.1842449814232756,2.1455023288726807,1.25760099440452,1.2569398880004883,0.26453479958330284,0.17038153111934662,1.735534799583303,1.6611918210983276,0.7496216648379728
GPR,seed06,20,Bar-dominant,1.7,1.0,2.072253957650944,2.0772550106048584,2.4482796890160827,2.3150832653045654,1.0617171253923112,1.1099897623062134,0.1800456050942413,0.16825443506240845,1.7500456050942412,1.7831507921218872,0.8026761287954665
GPR,seed06,34,Bar-dominant,1.9,1.0,2.2736018494890438,2.258471965789795,2.8609124048970145,2.863950729370117,1.0897000064267142,1.1290663480758667,0.16527550951236195,0.15254515409469604,1.736275509512362,1.7519841194152832,0.9210951032774755
GPR,seed06,98,Y-dominant,1.1,2.5,1.9890008144794713,2.083306312561035,2.613880739591653,2.5954031944274902,1.163485315417343,1.2326492071151733,0.37573885390662826,0.3625433146953583,1.5957388539066282,1.6669079065322876,0.7015569268819014
GPR,seed06,23,Bar-dominant,1.7,1.1,2.0720018918910283,2.0702619552612305,2.074586213855673,2.232628345489502,1.1956045839992344,1.1245266199111938,0.17935135052876194,0.186550110578537,1.9133513505287618,1.7983119487762451,0.7374642869628506
GPR,seed06,61,Balanced,1.3,1.6,2.1663,2.1822094917297363,2.1663,2.185675621032715,1.2499,1.2510960102081299,-0.19259265358979327,-0.21661317348480225,1.414,1.3946043252944946,0.9252909057051207
GPR,seed06,39,Bar-dominant,1.9,1.5,2.2678312216741356,2.270602226257324,2.2712910690935604,2.3142497539520264,1.3072998429801153,1.2894266843795776,0.164752671849456,0.2057221531867981,1.7837526718494559,1.7915390729904175,0.8615666114287088
GPR,seed06,55,Balanced,1.1,1.3,1.9356003719776456,1.9294617176055908,1.937492994056581,1.9270814657211304,1.117199041344767,1.121380090713501,-0.24521261631259683,-0.20821398496627808,1.3623800372771964,1.4103989601135254,0.8854339114249425
GPR,seed06,53,Balanced,1.0,1.3,1.8917499999999998,1.9175893068313599,1.8917499999999998,1.90735924243927,1.0924999999999998,1.1236425638198853,-0.22259265358979308,-0.2453540861606598,1.402,1.3749780654907227,0.9032452191604179
GPR,seed06,58,Balanced,1.2,1.5,2.073600439453079,2.083355665206909,2.0757300288455096,2.0835561752319336,1.1974488673212813,1.193649411201477,-0.2012436951644775,-0.21778622269630432,1.4103489584253157,1.3940273523330688,0.9463706728384917
GPR,seed06,46,Bar-dominant,2.0,1.1,2.3684045647861773,2.341315269470215,2.2762335055230363,2.9843578338623047,2.001234820887922,1.1623167991638184,0.1550366517373936,0.14808687567710876,1.7230366517373936,1.742856740951538,0.4316596399154678
GPR,seed06,64,Balanced,1.4,1.7,2.2568,2.274040937423706,2.2568,2.280622720718384,1.30355,1.3081457614898682,-0.18659265358979304,-0.21657639741897583,1.416,1.3972084522247314,0.9131482455053079
GPR,seed06,32,Bar-dominant,1.9,1.2,2.270758464148048,2.269364356994629,2.6660810520291838,2.5999093055725098,1.1614249541020556,1.1888411045074463,0.1672696313582859,0.14756929874420166,1.7392696313582858,1.7589142322540283,0.8628894155083983
GPR,seed06,78,Balanced,1.8,2.2,2.67,2.682760000228882,2.67,2.672611951828003,1.542,1.5539922714233398,-0.15359265358979313,-0.17061248421669006,1.446,1.4379304647445679,0.9454838227353763
GPR,seed06,47,Bar-dominant,2.0,1.3,2.376005156244405,2.3612799644470215,2.782773961000561,2.683443784713745,1.2086051896617225,1.242939829826355,0.1569166696807406,0.1233203113079071,1.7299166696807406,1.7330596446990967,0.8058885011984853
GPR,seed06,54,Balanced,1.1,1.5,2.0215,2.0204429626464844,2.0215,2.0219597816467285,1.1674,1.1644171476364136,-0.2255926535897932,-0.190384179353714,1.413,1.4114900827407837,0.9630028519419989
GPR,seed06,44,Bar-dominant,2.0,1.0,2.367001901139921,2.313288688659668,2.3652699633674903,3.0958058834075928,1.3664989024479868,1.130082607269287,0.15926742644428815,0.17891830205917358,1.7332674264442882,1.7579556703567505,0.4644033376933388
GPR,seed06,93,Y-dominant,1.0,2.4,1.8758635344821866,2.1452789306640625,2.537567617526073,2.4827780723571777,1.0934238457629544,1.2256879806518555,0.4227383539175136,0.39373326301574707,1.5887383539175137,1.6797934770584106,0.5664274263493176
GPR,seed06,27,Bar-dominant,1.8,1.2,2.1705,2.1677935123443604,2.1705,2.361365795135498,1.2525,1.1707656383514404,0.171,0.176963210105896,1.901,1.7870343923568726,0.7021010541881751
GPR,seed06,38,Bar-dominant,1.9,1.7,2.293211302954876,2.3430676460266113,2.3429667876993387,2.3490078449249268,1.351962881050306,1.3483489751815796,0.1601397071085639,0.1904812902212143,1.730139707108564,1.7568546533584595,0.8891195471188617
GPR,seed06,30,Bar-dominant,1.8,1.1,2.173554352897576,2.1753196716308594,2.562926455036068,2.479583978652954,1.1099229606491847,1.1433789730072021,0.1709986684491855,0.15748554468154907,1.7409986684491856,1.771907925605774,0.8523564177987305
k-NN,seed06,72,Balanced,1.6,1.8,2.5148164807554334,2.3931,2.5151979264950954,2.3931,1.4518309105720266,1.3818000000000001,-0.30881240452925035,-0.17859265358979304,1.3440891190605426,1.4236666666666666,0.6363160038371927
k-NN,seed06,16,Bar-dominant,1.6,1.5,2.16535,2.103720025061308,2.1669,2.120132205562055,1.25085,1.2190188145868,0.193,0.18726019755859133,1.764,1.7582601975585914,0.8863939762545475
k-NN,seed06,0,Bar-dominant,1.2,1.0,1.7457003465658132,1.7638880240004313,1.7452359484223434,1.7805924624294527,1.0087004928790133,1.02891799484555,0.2463698803606492,0.2209737215666965,1.8173698803606493,1.7989737215666965,0.9066236231289128
k-NN,seed06,104,Y-dominant,1.2,2.0,2.1840023443210863,2.1164509276472434,2.1842449814232756,2.1084917821765314,1.25760099440452,1.2163057532325745,0.26453479958330284,0.2396024581705233,1.735534799583303,1.72126912483719,0.8202040238518682
k-NN,seed06,20,Bar-dominant,1.7,1.0,2.072253957650944,2.0433237088495986,2.4482796890160827,2.25879172569687,1.0617171253923112,1.0984266693499156,0.1800456050942413,0.18639599610051408,1.7500456050942412,1.8150626627671809,0.7570713131060184
k-NN,seed06,34,Bar-dominant,1.9,1.0,2.2736018494890438,2.2712746904405967,2.8609124048970145,2.767843076710029,1.0897000064267142,1.1224697347640082,0.16527550951236195,0.16370309307255546,1.736275509512362,1.734036426405889,0.880820958800294
k-NN,seed06,98,Y-dominant,1.1,2.5,1.9890008144794713,1.9918336110342698,2.613880739591653,2.577816644272803,1.163485315417343,1.1622360015279758,0.37573885390662826,0.37386821797786246,1.5957388539066282,1.6022015513111958,0.9315353788861371
k-NN,seed06,23,Bar-dominant,1.7,1.1,2.0720018918910283,2.0020128292419663,2.074586213855673,2.121746339717372,1.1956045839992344,1.1160854856571103,0.17935135052876194,0.19228576650172413,1.9133513505287618,1.7749524331683908,0.7656756620275792
k-NN,seed06,61,Balanced,1.3,1.6,2.1663,2.1766,2.1663,2.1771,1.2499,1.2569,-0.19259265358979327,-0.23225932025645987,1.414,1.377,0.8816572570491765
k-NN,seed06,39,Bar-dominant,1.9,1.5,2.2678312216741356,2.2695164144450524,2.2712910690935604,2.336722258540597,1.3072998429801153,1.2812040316773605,0.164752671849456,0.17090626796253683,1.7837526718494559,1.7739062679625368,0.8867039136413672
k-NN,seed06,55,Balanced,1.1,1.3,1.9356003719776456,1.9791666666666667,1.937492994056581,1.9800166666666665,1.117199041344767,1.1432666666666667,-0.24521261631259683,-0.23292598692312647,1.3623800372771964,1.391,0.8888247217254347
k-NN,seed06,53,Balanced,1.0,1.3,1.8917499999999998,1.9196666666666669,1.8917499999999998,1.9200833333333334,1.0924999999999998,1.1085666666666667,-0.22259265358979308,-0.23392598692312636,1.402,1.3923333333333332,0.9212002974211017
k-NN,seed06,58,Balanced,1.2,1.5,2.073600439453079,2.0858666666666665,2.0757300288455096,2.0862999999999996,1.1974488673212813,1.2047999999999999,-0.2012436951644775,-0.23392598692312663,1.4103489584253157,1.3790000000000002,0.9028923364441509
k-NN,seed06,46,Bar-dominant,2.0,1.1,2.3684045647861773,2.2712746904405967,2.2762335055230363,2.767843076710028,2.001234820887922,1.1224697347640082,0.1550366517373936,0.16370309307255546,1.7230366517373936,1.7340364264058887,0.42042008610059767
k-NN,seed06,64,Balanced,1.4,1.7,2.2568,2.242201659749252,2.2568,2.2452222628998793,1.30355,1.2932290588533368,-0.18659265358979304,-0.23895088219645,1.416,1.3713084380600098,0.8537135060597765
k-NN,seed06,32,Bar-dominant,1.9,1.2,2.270758464148048,2.305271114802931,2.6660810520291838,2.63977510006805,1.1614249541020556,1.2009207927360268,0.1672696313582859,0.16134643323866135,1.7392696313582858,1.783013099905328,0.8935812511756677
k-NN,seed06,78,Balanced,1.8,2.2,2.67,2.679,2.67,2.679,1.542,1.5472000000000001,-0.15359265358979313,-0.17292598692312655,1.446,1.434,0.934039996030534
k-NN,seed06,47,Bar-dominant,2.0,1.3,2.376005156244405,2.3382068874174187,2.782773961000561,2.6141111681151057,1.2086051896617225,1.2418426570286822,0.1569166696807406,0.1586981721007785,1.7299166696807406,1.7806981721007784,0.774010991534828
k-NN,seed06,54,Balanced,1.1,1.5,2.0215,2.0411,2.0215,2.04195,1.1674,1.1790666666666667,-0.2255926535897932,-0.2212593202564599,1.413,1.3963333333333334,0.935515968413527
k-NN,seed06,44,Bar-dominant,2.0,1.0,2.367001901139921,2.2712746904405967,2.3652699633674903,2.767843076710028,1.3664989024479868,1.1224697347640082,0.15926742644428815,0.16370309307255546,1.7332674264442882,1.7340364264058887,0.5317849222266049
k-NN,seed06,93,Y-dominant,1.0,2.4,1.8758635344821866,2.193239242592228,2.537567617526073,2.460612350294124,1.0934238457629544,1.2360929974979655,0.4227383539175136,0.44760942932728115,1.5887383539175137,1.649276095993948,0.575845157537627
k-NN,seed06,27,Bar-dominant,1.8,1.2,2.1705,2.1741367464839523,2.1705,2.400802743999319,1.2525,1.1686788690908134,0.171,0.17216411226216907,1.901,1.775830778928836,0.6747164849519509
k-NN,seed06,38,Bar-dominant,1.9,1.7,2.293211302954876,2.3156837938566412,2.3429667876993387,2.3169926636344336,1.351962881050306,1.3363825832698202,0.1601397071085639,0.17782198378430544,1.730139707108564,1.7521553171176387,0.911691697529877
k-NN,seed06,30,Bar-dominant,1.8,1.1,2.173554352897576,2.17103389543589,2.562926455036068,2.560758497330276,1.1099229606491847,1.1095490280130675,0.1709986684491855,0.17217798031321574,1.7409986684491856,1.7428446469798826,0.9936996078154307
RF,seed06,72,Balanced,1.6,1.8,2.5148164807554334,2.332564535878342,2.5151979264950954,2.3341419142234625,1.4518309105720266,1.3460390739910517,-0.30881240452925035,-0.1289943005350359,1.3440891190605426,1.4656510970098728,0.5368629752856143
RF,seed06,16,Bar-dominant,1.6,1.5,2.16535,2.1461782790493125,2.1669,2.159560231609431,1.25085,1.2406141056249338,0.193,0.05034036254725205,1.764,1.6323593866959865,0.6637326311493543
RF,seed06,0,Bar-dominant,1.2,1.0,1.7457003465658132,1.8169639533791002,1.7452359484223434,1.8386315576635959,1.0087004928790133,1.0626067758707873,0.2463698803606492,0.05464941090363171,1.8173698803606493,1.6428840614247995,0.6320446500156013
RF,seed06,104,Y-dominant,1.2,2.0,2.1840023443210863,2.1611855276141028,2.1842449814232756,2.149738472900193,1.25760099440452,1.2418647425655747,0.26453479958330284,0.17325352897155394,1.735534799583303,1.670885637810663,0.7717277693386734
RF,seed06,20,Bar-dominant,1.7,1.0,2.072253957650944,2.062355124159043,2.4482796890160827,2.2586173754600902,1.0617171253923112,1.1173870902774166,0.1800456050942413,0.1828186218257618,1.7500456050942412,1.8009386218257604,0.7590814750603049
RF,seed06,34,Bar-dominant,1.9,1.0,2.2736018494890438,2.235608759702539,2.8609124048970145,2.6842373821367334,1.0897000064267142,1.1215328889428346,0.16527550951236195,0.16657977966721588,1.736275509512362,1.7479422796672082,0.7784872548496479
RF,seed06,98,Y-dominant,1.1,2.5,1.9890008144794713,1.9940047911115166,2.613880739591653,2.5617789949473075,1.163485315417343,1.1534293293643016,0.37573885390662826,0.396497099821484,1.5957388539066282,1.6031604331548215,0.8912067365833024
RF,seed06,23,Bar-dominant,1.7,1.1,2.0720018918910283,2.0661718923567376,2.074586213855673,2.287827890793986,1.1956045839992344,1.1129557019937797,0.17935135052876194,0.1834412253393743,1.9133513505287618,1.7731262253393694,0.6852689410211171
RF,seed06,61,Balanced,1.3,1.6,2.1663,2.150677047393872,2.1663,2.150778995468503,1.2499,1.241699076350837,-0.19259265358979327,-0.18709091900018254,1.414,1.4210452022370463,0.9573356102839353
RF,seed06,39,Bar-dominant,1.9,1.5,2.2678312216741356,2.271545111021163,2.2712910690935604,2.3431168898862738,1.3072998429801153,1.2829225053190145,0.164752671849456,0.17150960929364611,1.7837526718494559,1.7767659426269737,0.8820106188172278
RF,seed06,55,Balanced,1.1,1.3,1.9356003719776456,1.8968610480840156,1.937492994056581,1.8973883956325244,1.117199041344767,1.0949471509483069,-0.24521261631259683,-0.1691800145417943,1.3623800372771964,1.4399292042774805,0.8152481286335216
RF,seed06,53,Balanced,1.0,1.3,1.8917499999999998,1.8731065284646349,1.8917499999999998,1.873302710692016,1.0924999999999998,1.0811138666147952,-0.22259265358979308,-0.17866468087983173,1.402,1.4333960195734168,0.9066544269716232
RF,seed06,58,Balanced,1.2,1.5,2.073600439453079,2.0848713371951213,2.0757300288455096,2.0853725338142577,1.1974488673212813,1.203897741298798,-0.2012436951644775,-0.18350505683752952,1.4103489584253157,1.4195795347920017,0.9569670838660607
RF,seed06,46,Bar-dominant,2.0,1.1,2.3684045647861773,2.3037363755251743,2.2762335055230363,2.770726972072142,2.001234820887922,1.150414364490858,0.1550366517373936,0.16124087879923166,1.7230366517373936,1.7370083787992232,0.43021620769994273
RF,seed06,64,Balanced,1.4,1.7,2.2568,2.2574194388581588,2.2568,2.259877155638266,1.30355,1.301895235044597,-0.18659265358979304,-0.1964889420000234,1.416,1.4080593374070765,0.9684053044035091
RF,seed06,32,Bar-dominant,1.9,1.2,2.270758464148048,2.2896727901667977,2.6660810520291838,2.616931684628761,1.1614249541020556,1.1951908134382225,0.1672696313582859,0.163006360831414,1.7392696313582858,1.7773438608314023,0.8908840197455971
RF,seed06,78,Balanced,1.8,2.2,2.67,2.6488035841800324,2.67,2.6491303966456456,1.542,1.5294528692724287,-0.15359265358979313,-0.15845883615834075,1.446,1.4428413315259596,0.951136715874501
RF,seed06,47,Bar-dominant,2.0,1.3,2.376005156244405,2.32751685082977,2.782773961000561,2.5698536893914796,1.2086051896617225,1.248272269318464,0.1569166696807406,0.16026308610774623,1.7299166696807406,1.7842730861077407,0.7272276318285824
RF,seed06,54,Balanced,1.1,1.5,2.0215,2.04397031976192,2.0215,2.0440270677773342,1.1674,1.1801701685553976,-0.2255926535897932,-0.14349512580807028,1.413,1.4538801799067143,0.8549763216348136
RF,seed06,44,Bar-dominant,2.0,1.0,2.367001901139921,2.293466703459069,2.3652699633674903,2.7607250817711817,1.3664989024479868,1.1449461986366847,0.15926742644428815,0.16205243886702558,1.7332674264442882,1.7379774388670173,0.5518893609959958
RF,seed06,93,Y-dominant,1.0,2.4,1.8758635344821866,2.3040494542929295,2.537567617526073,2.4005243561898215,1.0934238457629544,1.2897107626054258,0.4227383539175136,0.4524697204298819,1.5887383539175137,1.6780022204298866,0.45213880741702106
RF,seed06,27,Bar-dominant,1.8,1.2,2.1705,2.1767344006424967,2.1705,2.390085436795104,1.2525,1.1748869492614686,0.171,0.17286833064991278,1.901,1.7777674973165756,0.6852055372063913
RF,seed06,38,Bar-dominant,1.9,1.7,2.293211302954876,2.3398189838240735,2.3429667876993387,2.3432796024978946,1.351962881050306,1.3485905227757344,0.1601397071085639,0.17675342738683,1.730139707108564,1.7509059090208094,0.9194267253768812
RF,seed06,30,Bar-dominant,1.8,1.1,2.173554352897576,2.162347919291719,2.562926455036068,2.522067294991552,1.1099229606491847,1.1146387529254147,0.1709986684491855,0.17339106209613558,1.7409986684491856,1.7602198120961317,0.9377444468656072
PRSM,seed06,72,Balanced,1.6,1.8,2.5148164807554334,2.3312590527251067,2.5151979264950954,2.270904427254507,1.4518309105720266,1.357381168662879,-0.30881240452925035,-0.038889355735234,1.3440891190605426,1.5712717782102161,0.44490834485927916
PRSM,seed06,16,Bar-dominant,1.6,1.5,2.16535,2.1882279652314023,2.1669,2.169137600851871,1.25085,1.2603986830101654,0.193,0.0182752517381225,1.764,1.6403689300691253,0.6479613883995784
PRSM,seed06,0,Bar-dominant,1.2,1.0,1.7457003465658132,1.775646258365351,1.7452359484223434,1.78144933855002,1.0087004928790133,1.0256821402467704,0.2463698803606492,0.013926465472702154,1.8173698803606493,1.6420240812186562,0.6434115221473878
PRSM,seed06,104,Y-dominant,1.2,2.0,2.1840023443210863,2.1882590168555573,2.1842449814232756,2.1755014872403766,1.25760099440452,1.2728613393208432,0.26453479958330284,0.10745261942368989,1.735534799583303,1.5935777980783197,0.6210228506309696
PRSM,seed06,20,Bar-dominant,1.7,1.0,2.072253957650944,1.921714982974487,2.4482796890160827,2.1621839031991534,1.0617171253923112,1.048183109267,0.1800456050942413,0.3272647591044665,1.7500456050942412,1.903645182142121,0.5465189454693421
PRSM,seed06,34,Bar-dominant,1.9,1.0,2.2736018494890438,1.9934713777011175,2.8609124048970145,2.3702120970564255,1.0897000064267142,1.0454342768424625,0.16527550951236195,0.5055854011397686,1.736275509512362,2.026176483606227,0.3415868055015069
PRSM,seed06,98,Y-dominant,1.1,2.5,1.9890008144794713,2.215150621781308,2.613880739591653,2.4930303182276248,1.163485315417343,1.2468552504376018,0.37573885390662826,0.5138375344095153,1.5957388539066282,1.7884289127804078,0.43302811010503645
PRSM,seed06,23,Bar-dominant,1.7,1.1,2.0720018918910283,1.990487461934121,2.074586213855673,2.1722359454271802,1.1956045839992344,1.0988991854618102,0.17935135052876194,0.2577870764777409,1.9133513505287618,1.847161378746907,0.6855824169789422
PRSM,seed06,61,Balanced,1.3,1.6,2.1663,2.10181229074103,2.1663,2.019586030050382,1.2499,1.2301126136279765,-0.19259265358979327,-0.021875121988916946,1.414,1.568279493868573,0.6450290913836647
PRSM,seed06,39,Bar-dominant,1.9,1.5,2.2678312216741356,2.334263830821314,2.2712910690935604,2.4288232914469,1.3072998429801153,1.3018756675137877,0.164752671849456,0.12964978871287214,1.7837526718494559,1.7266258035450814,0.7378685148188555
PRSM,seed06,55,Balanced,1.1,1.3,1.9356003719776456,1.8997809012611782,1.937492994056581,1.8184289348605875,1.117199041344767,1.1088375375355422,-0.24521261631259683,-0.040377005537416744,1.3623800372771964,1.5539642871289745,0.6553428743105687
PRSM,seed06,53,Balanced,1.0,1.3,1.8917499999999998,1.8699321799346451,1.8917499999999998,1.7822129364819637,1.0924999999999998,1.089006995086164,-0.22259265358979308,-0.04381685034018512,1.402,1.5306004521241028,0.7201273303831323
PRSM,seed06,58,Balanced,1.2,1.5,2.073600439453079,2.0201712875441387,2.0757300288455096,1.9343587493870704,1.1974488673212813,1.1815975969400772,-0.2012436951644775,-0.024253481729683446,1.4103489584253157,1.5611254876239573,0.6631791020992892
PRSM,seed06,46,Bar-dominant,2.0,1.1,2.3684045647861773,2.1092297414082535,2.2762335055230363,2.4881386108028725,2.001234820887922,1.1008747554446994,0.1550366517373936,0.5076715520648637,1.7230366517373936,2.0160487651948102,0.18107302997211522
PRSM,seed06,64,Balanced,1.4,1.7,2.2568,2.187800926866019,2.2568,2.1109162268542,1.30355,1.2801074408231716,-0.18659265358979304,-0.02443231195780826,1.416,1.5700278257763136,0.6321500268456334
PRSM,seed06,32,Bar-dominant,1.9,1.2,2.270758464148048,2.1389608349332803,2.6660810520291838,2.3830685755706646,1.1614249541020556,1.1557690388284974,0.1672696313582859,0.3348248303663187,1.7392696313582858,1.8927541030958814,0.5134617717563549
PRSM,seed06,78,Balanced,1.8,2.2,2.67,2.6131223654918267,2.67,2.5834466468340915,1.542,1.520026346116425,-0.15359265358979313,-0.0883945521436843,1.446,1.5101078019544343,0.75129002926944
PRSM,seed06,47,Bar-dominant,2.0,1.3,2.376005156244405,2.2541052103048216,2.782773961000561,2.5026652859671783,1.2086051896617225,1.2117817193701892,0.1569166696807406,0.3312015414327599,1.7299166696807406,1.8792000520674494,0.4979670525972146
PRSM,seed06,54,Balanced,1.1,1.5,2.0215,1.9829174412948143,2.0215,1.895569167948591,1.1674,1.157701175410902,-0.2255926535897932,-0.0159623348885648,1.413,1.5477013631179224,0.6732735819422413
PRSM,seed06,44,Bar-dominant,2.0,1.0,2.367001901139921,2.0322057689679274,2.3652699633674903,2.4861692728416944,1.3664989024479868,1.0415421706232018,0.15926742644428815,0.6060997202822614,1.7332674264442882,2.091274176001434,0.26691383942085145
PRSM,seed06,93,Y-dominant,1.0,2.4,1.8758635344821866,2.14558182028638,2.537567617526073,2.4108227882699524,1.0934238457629544,1.1981527440972906,0.4227383539175136,0.5329899944720348,1.5887383539175137,1.7893083872556255,0.4190214629794162
PRSM,seed06,27,Bar-dominant,1.8,1.2,2.1705,2.0966295772816723,2.1705,2.280461921867717,1.2525,1.1522383459586387,0.171,0.26118016703416835,1.901,1.8427055100837169,0.6555046510176692
PRSM,seed06,38,Bar-dominant,1.9,1.7,2.293211302954876,2.449178368106529,2.3429667876993387,2.4769731007676414,1.351962881050306,1.3863497437748067,0.1601397071085639,0.026843637281725563,1.730139707108564,1.63854378465436,0.6414659827150133
PRSM,seed06,30,Bar-dominant,1.8,1.1,2.173554352897576,2.0281640924898356,2.562926455036068,2.269574781314656,1.1099229606491847,1.101236168794101,0.1709986684491855,0.3335125695902207,1.7409986684491856,1.9009024797874385,0.5213073843502655
GPR,seed07,79,Balanced,1.8,2.1,2.6169000000000002,2.615006685256958,2.6188499999999997,2.622572183609009,1.51125,1.5116535425186157,-0.17959265358979293,-0.14635825157165527,1.413,1.4550492763519287,0.846880625643799
GPR,seed07,105,Y-dominant,1.2,2.4,2.6517274746851345,2.141263961791992,2.3349885910637207,2.4502639770507812,1.4752984374702838,1.2546831369400024,0.38206007837083816,0.3075583577156067,1.7460600783708382,1.6632802486419678,0.46116767553891597
GPR,seed07,71,Balanced,1.6,1.9,2.43775,2.476393461227417,2.43775,2.483877658843994,1.407,1.4301578998565674,-0.17959265358979293,-0.22465738654136658,1.417,1.397934913635254,0.8509714894583564
GPR,seed07,22,Bar-dominant,1.7,1.2,2.072082470004512,2.0655758380889893,2.2611193257620665,2.0987050533294678,1.1314094571220878,1.1456764936447144,0.18140173798106482,0.19650287926197052,1.7524017379810648,1.812293291091919,0.7708955093322871
GPR,seed07,26,Bar-dominant,1.8,1.5,2.1614999999999998,2.204540967941284,2.1614999999999998,2.1937131881713867,1.2473999999999998,1.2629224061965942,0.182,0.20577362179756165,1.752,1.7929763793945312,0.8717801615292877
GPR,seed07,40,Bar-dominant,1.9,1.8,2.4235,2.3991785049438477,2.4235,2.4224507808685303,1.3986,1.3980770111083984,0.178,0.13610945641994476,1.749,1.7000290155410767,0.8337705170815702
GPR,seed07,5,Bar-dominant,1.4,1.2,1.9357213900765782,1.8728413581848145,1.9174980185827062,1.9080023765563965,1.1011978381432632,1.0949387550354004,0.222298892926591,0.1544031947851181,1.793298892926591,1.7368757724761963,0.8343409929825703
GPR,seed07,43,Bar-dominant,2.0,1.8,2.4548595581010333,2.4025585651397705,2.4166987192494345,2.4167094230651855,1.3867678249722057,1.3915215730667114,0.14596583160301807,0.18141600489616394,1.716965831603018,1.7373976707458496,0.8912295033061187
GPR,seed07,13,Bar-dominant,1.6,1.2,1.9655999999999998,1.97721529006958,1.9655999999999998,1.9502794742584229,1.1354,1.1242833137512207,0.198,0.20632046461105347,1.804,1.8111917972564697,0.9570714170922239
GPR,seed07,77,Balanced,1.8,2.3,2.71215,2.7132675647735596,2.71215,2.6912765502929688,1.5661999999999998,1.5675146579742432,-0.16159265358979313,-0.13148200511932373,1.45,1.46543550491333,0.9095142047575656
GPR,seed07,62,Balanced,1.3,1.5,2.1168,2.12821626663208,2.1168,2.137336254119873,1.2222,1.2242552042007446,-0.24859265358979332,-0.18589308857917786,1.355,1.4232007265090942,0.8160922559220342
GPR,seed07,58,Balanced,1.2,1.5,2.073600439453079,2.0795347690582275,2.0757300288455096,2.076483726501465,1.1974488673212813,1.1982471942901611,-0.2012436951644775,-0.22092705965042114,1.4103489584253157,1.3921680450439453,0.9417601692707926
GPR,seed07,93,Y-dominant,1.0,2.4,1.8758635344821866,1.9314943552017212,2.537567617526073,2.563727855682373,1.0934238457629544,1.1277090311050415,0.4227383539175136,0.3834035396575928,1.5887383539175137,1.6600157022476196,0.7258591331145529
GPR,seed07,91,Y-dominant,1.0,1.8,1.9992960761227938,1.9997249841690063,1.993696345230653,2.002030372619629,1.1425097999640683,1.155934453010559,0.302196392520704,0.24591600894927979,1.755196392520704,1.7285603284835815,0.8899324215536207
GPR,seed07,65,Balanced,1.4,1.8,2.3008,2.3089311122894287,2.3008,2.3007514476776123,1.328,1.3332632780075073,-0.18259265358979304,-0.204073965549469,1.433,1.4048064947128296,0.9070898749299173
GPR,seed07,102,Y-dominant,1.2,2.3,2.153371266758243,2.1834537982940674,2.3416477004409244,2.3272812366485596,1.2639060920494574,1.2710247039794922,0.2725523918299775,0.29408761858940125,1.6835523918299775,1.6820900440216064,0.9510929489069715
GPR,seed07,74,Balanced,1.7,2.2,2.6188499999999997,2.606088876724243,2.6188499999999997,2.5871636867523193,1.51125,1.5056532621383667,-0.17259265358979325,-0.1294289529323578,1.444,1.469931721687317,0.8702577099797504
GPR,seed07,117,Y-dominant,1.6,2.5,2.5768499999999994,2.5527291297912598,2.5747999999999998,2.5312387943267822,1.4862499999999998,1.4685839414596558,0.215,0.12982553243637085,1.711,1.6577622890472412,0.7598677410444894
GPR,seed07,109,Y-dominant,1.3,2.2,2.278510752662801,2.2849302291870117,2.2755322720951447,2.274779796600342,1.3090153278909717,1.3202614784240723,0.19292781304489365,0.20265710353851318,1.6939278130448936,1.6785712242126465,0.9353125774670337
GPR,seed07,115,Y-dominant,1.5,2.4,2.4765122834341042,2.4607083797454834,2.4771141702125266,2.449279308319092,1.4293551938662081,1.421879768371582,0.2228504041154444,0.16186633706092834,1.7148504041154444,1.6717373132705688,0.8094787697559022
GPR,seed07,15,Bar-dominant,1.6,1.0,1.9916038185341984,1.9609174728393555,1.984173806670247,2.1520373821258545,1.1387876338122493,1.051543951034546,0.18995822204005577,0.19572535157203674,1.9349582220400559,1.798301100730896,0.7149125283246607
GPR,seed07,54,Balanced,1.1,1.5,2.0215,2.0152125358581543,2.0215,2.0196542739868164,1.1674,1.1666241884231567,-0.2255926535897932,-0.19898423552513123,1.413,1.4069041013717651,0.9624354891746871
GPR,seed07,20,Bar-dominant,1.7,1.0,2.072253957650944,2.065371513366699,2.4482796890160827,2.445476770401001,1.0617171253923112,1.0691094398498535,0.1800456050942413,0.1885073184967041,1.7500456050942412,1.7895561456680298,0.9349434031720948
GPR,seed07,86,Y-dominant,1.0,2.3,2.724201468320579,2.0189571380615234,2.2233624753656565,2.415905475616455,1.4705649477788796,1.1713917255401611,0.5356053013296822,0.36210396885871887,1.7706053013296823,1.6742830276489258,0.30932720541579767
k-NN,seed07,79,Balanced,1.8,2.1,2.6169000000000002,2.6514333333333333,2.6188499999999997,2.6514333333333333,1.51125,1.5319166666666666,-0.17959265358979293,-0.16559265358979314,1.413,1.4326666666666668,0.9023546727729034
k-NN,seed07,105,Y-dominant,1.2,2.4,2.6517274746851345,2.1298729823010585,2.3349885910637207,2.498525864269638,1.4752984374702838,1.2527508394571787,0.38206007837083816,0.3038963406580278,1.7460600783708382,1.6455630073246947,0.41874096967144114
k-NN,seed07,71,Balanced,1.6,1.9,2.43775,2.464738826918478,2.43775,2.464865975498365,1.407,1.4228436368573423,-0.17959265358979293,-0.2159992372362789,1.417,1.4070297063535142,0.8957789741194089
k-NN,seed07,22,Bar-dominant,1.7,1.2,2.072082470004512,2.10266729729701,2.2611193257620665,2.103528737951891,1.1314094571220878,1.213534861333078,0.18140173798106482,0.17911711684292064,1.7524017379810648,1.8707837835095873,0.7179191449555783
k-NN,seed07,26,Bar-dominant,1.8,1.5,2.1614999999999998,2.1980833855698947,2.1614999999999998,2.216640980345091,1.2473999999999998,1.2709186371342165,0.182,0.17461182585237886,1.752,1.7756118258523788,0.8768635962039079
k-NN,seed07,40,Bar-dominant,1.9,1.8,2.4235,2.3802875718235157,2.4235,2.397584119893882,1.3986,1.3827040221062818,0.178,0.1712047345445673,1.749,1.741871401211234,0.9290941949932868
k-NN,seed07,5,Bar-dominant,1.4,1.2,1.9357213900765782,1.839640442158327,1.9174980185827062,1.846759090171882,1.1011978381432632,1.0660361142009631,0.222298892926591,0.19470846226657693,1.793298892926591,1.7653751289332436,0.8263840674268554
k-NN,seed07,43,Bar-dominant,2.0,1.8,2.4548595581010333,2.3859709290534714,2.4166987192494345,2.403903068647121,1.3867678249722057,1.3855868573514616,0.14596583160301807,0.16752572023169102,1.716965831603018,1.7408590535650246,0.9014066455925188
k-NN,seed07,13,Bar-dominant,1.6,1.2,1.9655999999999998,1.9477353392404624,1.9655999999999998,2.0044565644633496,1.1354,1.1063323332830814,0.198,0.18048518717470255,1.804,1.7514851871747024,0.8724071043457775
k-NN,seed07,77,Balanced,1.8,2.3,2.71215,2.7125,2.71215,2.7125,1.5661999999999998,1.5666833333333334,-0.16159265358979313,-0.16225932025645987,1.45,1.4336666666666666,0.9442843142009246
k-NN,seed07,62,Balanced,1.3,1.5,2.1168,2.132233333333333,2.1168,2.1331666666666664,1.2222,1.2311333333333332,-0.24859265358979332,-0.23025932025645993,1.355,1.3746666666666665,0.9317194905620443
k-NN,seed07,58,Balanced,1.2,1.5,2.073600439453079,2.0411,2.0757300288455096,2.0419499999999995,1.1974488673212813,1.1790666666666667,-0.2012436951644775,-0.2212593202564599,1.4103489584253157,1.3963333333333334,0.914394602462435
k-NN,seed07,93,Y-dominant,1.0,2.4,1.8758635344821866,1.9481723579785253,2.537567617526073,2.5907851050361232,1.0934238457629544,1.13373312004412,0.4227383539175136,0.39432061351959646,1.5887383539175137,1.590987280186263,0.8415253010367273
k-NN,seed07,91,Y-dominant,1.0,1.8,1.9992960761227938,2.0424673881670126,1.993696345230653,2.043545309122683,1.1425097999640683,1.1791488615294847,0.302196392520704,0.2651856665195207,1.755196392520704,1.7325189998528543,0.8523734560757512
k-NN,seed07,65,Balanced,1.4,1.8,2.3008,2.270916666666667,2.3008,2.270916666666667,1.328,1.3116166666666664,-0.18259265358979304,-0.18792598692312637,1.433,1.42,0.9277982424229074
k-NN,seed07,102,Y-dominant,1.2,2.3,2.153371266758243,2.1579618206284894,2.3416477004409244,2.3037914906080923,1.2639060920494574,1.2593990784199491,0.2725523918299775,0.2724512434093087,1.6835523918299775,1.6941179100759756,0.9307123763004832
k-NN,seed07,74,Balanced,1.7,2.2,2.6188499999999997,2.590566666666667,2.6188499999999997,2.590566666666667,1.51125,1.4964666666666666,-0.17259265358979325,-0.16592598692312643,1.444,1.4423333333333332,0.9361804145256647
k-NN,seed07,117,Y-dominant,1.6,2.5,2.5768499999999994,2.4023482159609153,2.5747999999999998,2.4537588618923327,1.4862499999999998,1.3937893058728192,0.215,0.22350523428098604,1.711,1.7011719009476527,0.7292613513569928
k-NN,seed07,109,Y-dominant,1.3,2.2,2.278510752662801,2.2696307622620835,2.2755322720951447,2.3072589083392883,1.3090153278909717,1.3152454909711055,0.19292781304489365,0.22880294916797314,1.6939278130448936,1.7044696158346397,0.8998505257963573
k-NN,seed07,115,Y-dominant,1.5,2.4,2.4765122834341042,2.4023482159609153,2.4771141702125266,2.4537588618923327,1.4293551938662081,1.3937893058728195,0.2228504041154444,0.22350523428098604,1.7148504041154444,1.7011719009476527,0.8992603572613601
k-NN,seed07,15,Bar-dominant,1.6,1.0,1.9916038185341984,1.9705381965424043,1.984173806670247,2.0286672309885545,1.1387876338122493,1.1194336880007014,0.18995822204005577,0.19237830257462182,1.9349582220400559,1.8500449692412886,0.8723973484598092
k-NN,seed07,54,Balanced,1.1,1.5,2.0215,2.0411,2.0215,2.04195,1.1674,1.1790666666666667,-0.2255926535897932,-0.2212593202564599,1.413,1.3963333333333334,0.935515968413527
k-NN,seed07,20,Bar-dominant,1.7,1.0,2.072253957650944,2.0701230666352086,2.4482796890160827,2.2889291947586785,1.0617171253923112,1.117365652745577,0.1800456050942413,0.18286037226341612,1.7500456050942412,1.8078603722634161,0.7835789030331964
k-NN,seed07,86,Y-dominant,1.0,2.3,2.724201468320579,2.1167144354809313,2.2233624753656565,2.286052473762672,1.4705649477788796,1.2293681075571363,0.5356053013296822,0.3439552462532231,1.7706053013296823,1.6846219129198898,0.44076498767310607
RF,seed07,79,Balanced,1.8,2.1,2.6169000000000002,2.583959208191776,2.6188499999999997,2.5848220596503926,1.51125,1.4925525821434644,-0.17959265358979293,-0.13308792447711154,1.413,1.465785589509388,0.8072485459494437
RF,seed07,105,Y-dominant,1.2,2.4,2.6517274746851345,2.1053463042957357,2.3349885910637207,2.512482839182368,1.4752984374702838,1.2380300385742917,0.38206007837083816,0.31454817126189066,1.7460600783708382,1.6388371295952313,0.39525184888782783
RF,seed07,71,Balanced,1.6,1.9,2.43775,2.4709749064074504,2.43775,2.471242111559964,1.407,1.4265707992414134,-0.17959265358979293,-0.24526769335460386,1.417,1.3886765189526256,0.8389566656935468
RF,seed07,22,Bar-dominant,1.7,1.2,2.072082470004512,2.0668693154913145,2.2611193257620665,2.083170467827938,1.1314094571220878,1.1876208646788486,0.18140173798106482,0.18232134306700495,1.7524017379810648,1.8213951644955764,0.7482477016605257
RF,seed07,26,Bar-dominant,1.8,1.5,2.1614999999999998,2.1993139548980194,2.1614999999999998,2.227838354207245,1.2473999999999998,1.26855587204932,0.182,0.17729387151571394,1.752,1.7740089396975298,0.8650707617179213
RF,seed07,40,Bar-dominant,1.9,1.8,2.4235,2.348900767389507,2.4235,2.383159606905801,1.3986,1.3652965440477942,0.178,0.1300109447578765,1.749,1.7096963846798625,0.8265942230702087
RF,seed07,5,Bar-dominant,1.4,1.2,1.9357213900765782,1.8615194905565844,1.9174980185827062,1.8727550857255748,1.1011978381432632,1.080589965292766,0.222298892926591,0.13451414834022782,1.793298892926591,1.7104929433069014,0.7836038613559524
RF,seed07,43,Bar-dominant,2.0,1.8,2.4548595581010333,2.4213867410410517,2.4166987192494345,2.438158235552814,1.3867678249722057,1.3916723019974766,0.14596583160301807,0.14484096207589925,1.716965831603018,1.724848496634231,0.9449720766307949
RF,seed07,13,Bar-dominant,1.6,1.2,1.9655999999999998,1.987545265886813,1.9655999999999998,2.023936447238826,1.1354,1.1357360676703907,0.198,0.1832295114633453,1.804,1.765755166225247,0.8873987513652518
RF,seed07,77,Balanced,1.8,2.3,2.71215,2.6130492055892915,2.71215,2.6171759364667615,1.5661999999999998,1.5093866317425384,-0.16159265358979313,-0.049329554451913414,1.45,1.519060011903165,0.6860720872186256
RF,seed07,62,Balanced,1.3,1.5,2.1168,2.0934168785452103,2.1168,2.0965276205477945,1.2222,1.2097384722130147,-0.24859265358979332,-0.06626069705045544,1.355,1.5258148978482922,0.6405988951746706
RF,seed07,58,Balanced,1.2,1.5,2.073600439453079,2.077147410085221,2.0757300288455096,2.078125382748688,1.1974488673212813,1.1992397048249206,-0.2012436951644775,-0.06042371651813677,1.4103489584253157,1.5197341933479225,0.7321417890673526
RF,seed07,93,Y-dominant,1.0,2.4,1.8758635344821866,1.9287886894163642,2.537567617526073,2.5712937730890952,1.0934238457629544,1.1186143416092624,0.4227383539175136,0.4036302488091144,1.5887383539175137,1.590628582142451,0.8939999791868058
RF,seed07,91,Y-dominant,1.0,1.8,1.9992960761227938,2.0492794563269405,1.993696345230653,2.0242796386221533,1.1425097999640683,1.1781497870186828,0.302196392520704,0.23569583977455152,1.755196392520704,1.7020122960107242,0.8059253671446966
RF,seed07,65,Balanced,1.4,1.8,2.3008,2.307283327300517,2.3008,2.308352388855034,1.328,1.3322520533650377,-0.18259265358979304,-0.1385131089646945,1.433,1.4515527536999984,0.9095025351258799
RF,seed07,102,Y-dominant,1.2,2.3,2.153371266758243,2.1357523993023633,2.3416477004409244,2.3435551698778623,1.2639060920494574,1.248397489052392,0.2725523918299775,0.28857429966954107,1.6835523918299775,1.6795893170178027,0.9549781941986905
RF,seed07,74,Balanced,1.7,2.2,2.6188499999999997,2.5362107618267165,2.6188499999999997,2.540419276590401,1.51125,1.4651774546299936,-0.17259265358979325,-0.03619785872232688,1.444,1.5284917000478762,0.672487691525065
RF,seed07,117,Y-dominant,1.6,2.5,2.5768499999999994,2.4996689951758624,2.5747999999999998,2.5271280948013115,1.4862499999999998,1.4465413294970226,0.215,0.1208697088526017,1.711,1.6364002515679126,0.7096267719750213
RF,seed07,109,Y-dominant,1.3,2.2,2.278510752662801,2.2849325037388186,2.2755322720951447,2.320787244262369,1.3090153278909717,1.322262300055498,0.19292781304489365,0.18993054463319695,1.6939278130448936,1.6675922234513372,0.888642977172927
RF,seed07,115,Y-dominant,1.5,2.4,2.4765122834341042,2.4216318258099054,2.4771141702125266,2.4401475506650847,1.4293551938662081,1.4017699242171915,0.2228504041154444,0.18744909044691876,1.7148504041154444,1.684888169400775,0.8498581710584557
RF,seed07,15,Bar-dominant,1.6,1.0,1.9916038185341984,1.9840468187958302,1.984173806670247,2.135808791880288,1.1387876338122493,1.093703679246205,0.18995822204005577,0.19219747842939747,1.9349582220400559,1.797615811762728,0.7617278167385173
RF,seed07,54,Balanced,1.1,1.5,2.0215,2.039363620756091,2.0215,2.0401734716838145,1.1674,1.1777071114664366,-0.2255926535897932,-0.07300176484632533,1.413,1.5038358243005048,0.7527569748365789
RF,seed07,20,Bar-dominant,1.7,1.0,2.072253957650944,2.0705850448516676,2.4482796890160827,2.2270117258719035,1.0617171253923112,1.1390820347624395,0.1800456050942413,0.18108903237340251,1.7500456050942412,1.8403902823733986,0.7149418137078214
RF,seed07,86,Y-dominant,1.0,2.3,2.724201468320579,2.003092552970514,2.2233624753656565,2.3766881254186045,1.4705649477788796,1.169169528998708,0.5356053013296822,0.3614118886229476,1.7706053013296823,1.6470506386229495,0.3250897653611501
PRSM,seed07,79,Balanced,1.8,2.1,2.6169000000000002,2.5962792897888276,2.6188499999999997,2.5451381236860797,1.51125,1.486472868670266,-0.17959265358979293,-0.06712067213441664,1.413,1.5410393957838435,0.6319589946644962
PRSM,seed07,105,Y-dominant,1.2,2.4,2.6517274746851345,2.165395590188388,2.3349885910637207,2.432294261088596,1.4752984374702838,1.2687568832791936,0.38206007837083816,0.31929645720268596,1.7460600783708382,1.6736774121618083,0.491155783696686
PRSM,seed07,71,Balanced,1.6,1.9,2.43775,2.3994172441130424,2.43775,2.3258595125485098,1.407,1.3789609107127199,-0.17959265358979293,-0.03345463714780372,1.417,1.5748823463129251,0.6068223355370373
PRSM,seed07,22,Bar-dominant,1.7,1.2,2.072082470004512,2.076891392450954,2.2611193257620665,2.216388009041717,1.1314094571220878,1.160606683023617,0.18140173798106482,0.1675303199718905,1.7524017379810648,1.7684198993851594,0.8931959703089887
PRSM,seed07,26,Bar-dominant,1.8,1.5,2.1614999999999998,2.2499658670466287,2.1614999999999998,2.3346672434541955,1.2473999999999998,1.2718207904244423,0.182,0.08724073338751026,1.752,1.691815943786795,0.6773113624156375
PRSM,seed07,40,Bar-dominant,1.9,1.8,2.4235,2.4431264232875227,2.4235,2.461784368447377,1.3986,1.3973837727943277,0.178,0.046744477429756515,1.749,1.6412790973638312,0.652345855775713
PRSM,seed07,5,Bar-dominant,1.4,1.2,1.9357213900765782,1.8989878760342482,1.9174980185827062,1.9256720417554773,1.1011978381432632,1.092772120573205,0.222298892926591,0.09565192636408248,1.793298892926591,1.6975310497115945,0.7404375430564036
PRSM,seed07,43,Bar-dominant,2.0,1.8,2.4548595581010333,2.4687303626885857,2.4166987192494345,2.513655364827171,1.3867678249722057,1.426901099865984,0.14596583160301807,0.09638367793689273,1.716965831603018,1.6700160477935162,0.7709360331510087
PRSM,seed07,13,Bar-dominant,1.6,1.2,1.9655999999999998,2.0077249197703364,1.9655999999999998,2.106655875742016,1.1354,1.1299310126473172,0.198,0.15196131718392625,1.804,1.7530813926761049,0.7564381583568774
PRSM,seed07,77,Balanced,1.8,2.3,2.71215,2.708013449148313,2.71215,2.6844528268689833,1.5661999999999998,1.5535811157901702,-0.16159265358979313,-0.1337722363673004,1.45,1.4736181201341587,0.8857864941334882
PRSM,seed07,62,Balanced,1.3,1.5,2.1168,2.053914077986146,2.1168,1.984898347323008,1.2222,1.1975495894535684,-0.24859265358979332,-0.020437480900665772,1.355,1.5840343831737105,0.5768185618447506
PRSM,seed07,58,Balanced,1.2,1.5,2.073600439453079,2.0313901296510006,2.0757300288455096,1.9554740870774787,1.1974488673212813,1.1872165428442876,-0.2012436951644775,-0.052584956392107696,1.4103489584253157,1.5459900864863805,0.6902722877114834
PRSM,seed07,93,Y-dominant,1.0,2.4,1.8758635344821866,1.8847077551798819,2.537567617526073,2.359616105202539,1.0934238457629544,1.0669931679746871,0.4227383539175136,0.628792414407263,1.5887383539175137,1.8180047848125191,0.4211245581174391
PRSM,seed07,91,Y-dominant,1.0,1.8,1.9992960761227938,2.1119080636664846,1.993696345230653,2.1011621442802686,1.1425097999640683,1.2046901897927749,0.302196392520704,0.01577909722931281,1.755196392520704,1.5174790322378215,0.5022164145763909
PRSM,seed07,65,Balanced,1.4,1.8,2.3008,2.260520869286009,2.3008,2.1668399893684525,1.328,1.3141463620870093,-0.18259265358979304,-0.01531283368878178,1.433,1.5767214524606525,0.6331041065783667
PRSM,seed07,102,Y-dominant,1.2,2.3,2.153371266758243,2.2087205528762675,2.3416477004409244,2.3706427302376856,1.2639060920494574,1.2920372906644864,0.2725523918299775,0.2525672062611344,1.6835523918299775,1.6503070588896245,0.851513964539044
PRSM,seed07,74,Balanced,1.7,2.2,2.6188499999999997,2.60707809436808,2.6188499999999997,2.5621296744610866,1.51125,1.4975671184112633,-0.17259265358979325,-0.09630107206654248,1.444,1.5074500668936954,0.7583985987703851
PRSM,seed07,117,Y-dominant,1.6,2.5,2.5768499999999994,2.622124785536376,2.5747999999999998,2.7541697834625065,1.4862499999999998,1.5201612378860792,0.215,-0.11811768842905579,1.711,1.437705421024706,0.4019167508626251
PRSM,seed07,109,Y-dominant,1.3,2.2,2.278510752662801,2.3230309492322774,2.2755322720951447,2.351316443494476,1.3090153278909717,1.3600684751210983,0.19292781304489365,0.10423737646199882,1.6939278130448936,1.5918391141981063,0.6698028321360618
PRSM,seed07,115,Y-dominant,1.5,2.4,2.4765122834341042,2.5155785087877742,2.4771141702125266,2.604757206430553,1.4293551938662081,1.4651923553236257,0.2228504041154444,-0.026623253140904524,1.7148504041154444,1.5044936873853079,0.46036244757872974
PRSM,seed07,15,Bar-dominant,1.6,1.0,1.9916038185341984,1.9460606173676167,1.984173806670247,2.088670372060062,1.1387876338122493,1.083030134907069,0.18995822204005577,0.2576237006036637,1.9349582220400559,1.8434996607022591,0.7159270729435835
PRSM,seed07,54,Balanced,1.1,1.5,2.0215,2.016877332596172,2.0215,1.9478424139562747,1.1674,1.1737205763568224,-0.2255926535897932,-0.09381637914600027,1.413,1.4984617847721347,0.7632902850446724
PRSM,seed07,20,Bar-dominant,1.7,1.0,2.072253957650944,2.0422848933396596,2.4482796890160827,2.2230905804892327,1.0617171253923112,1.1278761719167765,0.1800456050942413,0.2629816557837539,1.7500456050942412,1.8532314454883116,0.6167549022027593
PRSM,seed07,86,Y-dominant,1.0,2.3,2.724201468320579,1.9735278120040043,2.2233624753656565,2.31611671836654,1.4705649477788796,1.1179460097926008,0.5356053013296822,0.5051827882659774,1.7706053013296823,1.7598070981553713,0.36229720959103334
GPR,seed08,99,Y-dominant,1.1,1.9,2.0790021645010377,2.0639805793762207,2.082235927368049,2.0608956813812256,1.2014965845884542,1.1922781467437744,0.28255699955856206,0.251982182264328,1.7435569995585622,1.7278424501419067,0.9199213741318525
GPR,seed08,29,Bar-dominant,1.8,1.7,2.338000654940028,2.3305070400238037,2.339010572321792,2.3393521308898926,1.349249622036961,1.3634401559829712,0.18225149714577257,0.09128721803426743,1.7532514971457727,1.6703168153762817,0.733193882190785
GPR,seed08,17,Bar-dominant,1.7,1.4,2.072350579655865,2.10272479057312,2.0714555911253494,2.0863044261932373,1.1965996652997737,1.207820177078247,0.17874794301684896,0.2193332314491272,1.749747943016849,1.8022112846374512,0.8531750199375044
GPR,seed08,57,Balanced,1.2,1.6,2.1153999999999997,2.100449800491333,2.1153999999999997,2.10032057762146,1.2222,1.2118061780929565,-0.2085926535897933,-0.1602824628353119,1.421,1.4368231296539307,0.9144764171898845
GPR,seed08,86,Y-dominant,1.0,2.3,2.724201468320579,2.093966484069824,2.2233624753656565,2.369791030883789,1.4705649477788796,1.2090364694595337,0.5356053013296822,0.3422592282295227,1.7706053013296823,1.7023603916168213,0.37624468111038306
GPR,seed08,101,Y-dominant,1.1,2.4,2.0119520993303985,2.1124277114868164,2.49534848601559,2.47684383392334,1.1883787520566418,1.229414939880371,0.34589256406251734,0.33415961265563965,1.6248925640625174,1.6892921924591064,0.7370867689892646
GPR,seed08,70,Balanced,1.6,2.1,2.5234,2.5096030235290527,2.5234,2.510913133621216,1.4578000000000002,1.4504070281982422,-0.18559265358979316,-0.1451694667339325,1.437,1.4551806449890137,0.9005878622005875
GPR,seed08,107,Y-dominant,1.2,2.2,2.169266613397256,2.253842830657959,2.2267371056041863,2.2378783226013184,1.2592882880919258,1.2917848825454712,0.2571631698436739,0.27628523111343384,1.714163169843674,1.7011520862579346,0.888703135249321
GPR,seed08,30,Bar-dominant,1.8,1.1,2.173554352897576,2.178158760070801,2.562926455036068,2.4603989124298096,1.1099229606491847,1.1977730989456177,0.1709986684491855,0.1674581915140152,1.7409986684491856,1.7790212631225586,0.807080054222395
GPR,seed08,1,Bar-dominant,1.3,1.1,1.8312,1.7680686712265015,1.8312,1.808211088180542,1.0572,1.0488855838775635,0.237,0.1318444311618805,1.808,1.7139701843261719,0.7750333699520959
GPR,seed08,75,Balanced,1.7,2.0,2.5271000000000003,2.548693895339966,2.5271000000000003,2.5599350929260254,1.4596500000000001,1.4704004526138306,-0.17859265358979304,-0.18795719742774963,1.416,1.4276421070098877,0.9194600283447697
GPR,seed08,40,Bar-dominant,1.9,1.8,2.4235,2.4134316444396973,2.4235,2.421619415283203,1.3986,1.4044110774993896,0.178,0.10647831857204437,1.749,1.675408959388733,0.7576703368970271
GPR,seed08,0,Bar-dominant,1.2,1.0,1.7457003465658132,1.7263466119766235,1.7452359484223434,1.774055004119873,1.0087004928790133,1.0415358543395996,0.2463698803606492,0.1214047223329544,1.8173698803606493,1.6931374073028564,0.7358014767845158
GPR,seed08,110,Y-dominant,1.3,2.5,2.2422777370343754,2.2989654541015625,2.540131856071085,2.4965627193450928,1.3200579130374792,1.3310250043869019,0.26892339156119455,0.2806563973426819,1.6569233915611945,1.6896191835403442,0.8477516828706743
GPR,seed08,12,Bar-dominant,1.6,1.4,2.082,2.0689404010772705,2.082,2.0553016662597656,1.203,1.200477123260498,0.203,0.18705657124519348,1.774,1.7654104232788086,0.9301321585762755
GPR,seed08,62,Balanced,1.3,1.5,2.1168,2.1285550594329834,2.1168,2.138387441635132,1.2222,1.2230321168899536,-0.24859265358979332,-0.17438945174217224,1.355,1.4361695051193237,0.7892997576589099
GPR,seed08,33,Bar-dominant,1.9,1.3,2.272000563380212,2.270902633666992,2.2694777471043777,2.4996578693389893,1.3103985483043081,1.2619657516479492,0.16470422523569644,0.16868604719638824,1.8887042252356963,1.7689909934997559,0.6876555444614314
GPR,seed08,87,Y-dominant,1.0,2.2,1.9253432317381753,2.163456916809082,2.296459772530195,2.21744966506958,1.1422904154156968,1.2310619354248047,0.35463302764849364,0.32782986760139465,1.6536330276484936,1.7124440670013428,0.6597131838756026
GPR,seed08,55,Balanced,1.1,1.3,1.9356003719776456,1.9163026809692383,1.937492994056581,1.927307367324829,1.117199041344767,1.110269546508789,-0.24521261631259683,-0.21898704767227173,1.3623800372771964,1.4070204496383667,0.8961707838492378
GPR,seed08,80,Balanced,1.9,2.2,2.706,2.714998245239258,2.706,2.7120907306671143,1.56415,1.5659997463226318,-0.18459265358979327,-0.15627238154411316,1.408,1.445525050163269,0.8565496035827337
GPR,seed08,89,Y-dominant,1.0,2.5,1.8435641601257062,1.9018638134002686,2.6631260895011266,2.657069683074951,1.0493352926583754,1.1469272375106812,0.4613304225896439,0.360065221786499,1.552330422589644,1.7049659490585327,0.5012525595639289
GPR,seed08,35,Bar-dominant,1.9,1.1,2.271007926009947,2.2817420959472656,2.767474489198446,2.5904510021209717,1.1221922525288615,1.2928221225738525,0.16335799822120356,0.1526939868927002,1.7343579982212036,1.750368595123291,0.6895298862325812
GPR,seed08,111,Y-dominant,1.3,2.3,2.271625673388994,2.3283534049987793,2.306689619413679,2.329434394836426,1.317448184821391,1.340212106704712,0.2402456776602456,0.25149160623550415,1.7132456776602456,1.6877652406692505,0.8802111899695626
GPR,seed08,116,Y-dominant,1.5,2.5,2.472,2.456651449203491,2.472,2.5157878398895264,1.428,1.4196239709854126,0.209,0.23511946201324463,1.706,1.7088351249694824,0.8930067434141145
k-NN,seed08,99,Y-dominant,1.1,1.9,2.0790021645010377,2.0392166666666665,2.082235927368049,2.0392166666666665,1.2014965845884542,1.1770000000000003,0.28255699955856206,0.24333333333333332,1.7435569995585622,1.7193333333333334,0.8676219579244131
k-NN,seed08,29,Bar-dominant,1.8,1.7,2.338000654940028,2.266014253479659,2.339010572321792,2.29786496203006,1.349249622036961,1.3199410851824627,0.18225149714577257,0.1718088889703964,1.7532514971457727,1.7431422223037298,0.8891760228584313
k-NN,seed08,17,Bar-dominant,1.7,1.4,2.072350579655865,2.130639645011849,2.0714555911253494,2.148043957313904,1.1965996652997737,1.2326520228075115,0.17874794301684896,0.18202760190256018,1.749747943016849,1.7803609352358933,0.8345981845441944
k-NN,seed08,57,Balanced,1.2,1.6,2.1153999999999997,2.087133479817693,2.1153999999999997,2.0878433429485033,1.2222,1.2049162891070937,-0.2085926535897933,-0.206476334114688,1.421,1.4124496528084387,0.9333945016364182
k-NN,seed08,86,Y-dominant,1.0,2.3,2.724201468320579,2.1002212030622682,2.2233624753656565,2.366421755427965,1.4705649477788796,1.2130792510062223,0.5356053013296822,0.3666570216762297,1.7706053013296823,1.662990355009563,0.369895314762545
k-NN,seed08,101,Y-dominant,1.1,2.4,2.0119520993303985,2.1868613947555127,2.49534848601559,2.416834651798735,1.1883787520566418,1.256727681859923,0.34589256406251734,0.3749144383374528,1.6248925640625174,1.663247771670786,0.7185244465621295
k-NN,seed08,70,Balanced,1.6,2.1,2.5234,2.560983333333333,2.5234,2.560983333333333,1.4578000000000002,1.4784833333333331,-0.18559265358979316,-0.16559265358979314,1.437,1.4426666666666665,0.9026481753468284
k-NN,seed08,107,Y-dominant,1.2,2.2,2.169266613397256,2.2487595949347785,2.2267371056041863,2.2331290071846266,1.2592882880919258,1.2868766373559692,0.2571631698436739,0.28303019839005145,1.714163169843674,1.7150301983900516,0.9121647071811384
k-NN,seed08,30,Bar-dominant,1.8,1.1,2.173554352897576,2.1375043940614127,2.562926455036068,2.2995892969619955,1.1099229606491847,1.174383319462496,0.1709986684491855,0.17404185175538026,1.7409986684491856,1.85204185175538,0.6685902300291104
k-NN,seed08,1,Bar-dominant,1.3,1.1,1.8312,1.8074689295176176,1.8312,1.8252175587955701,1.0572,1.0523200550942675,0.237,0.20011514814213713,1.808,1.7707818148088037,0.901939421768662
k-NN,seed08,75,Balanced,1.7,2.0,2.5271000000000003,2.5006166666666663,2.5271000000000003,2.5006166666666663,1.4596500000000001,1.4437333333333333,-0.17859265358979304,-0.16792598692312635,1.416,1.4336666666666666,0.9182195429318932
k-NN,seed08,40,Bar-dominant,1.9,1.8,2.4235,2.419240539543851,2.4235,2.4234801688697627,1.3986,1.3952100897513635,0.178,0.15910951269698248,1.749,1.7297761793636492,0.9245571516663682
k-NN,seed08,0,Bar-dominant,1.2,1.0,1.7457003465658132,1.7518284661587582,1.7452359484223434,1.7756515526013346,1.0087004928790133,1.0256541090465132,0.2463698803606492,0.20101551716660682,1.8173698803606493,1.7786821838332736,0.8837067672495099
k-NN,seed08,110,Y-dominant,1.3,2.5,2.2422777370343754,2.245903831818508,2.540131856071085,2.5023018974901077,1.3200579130374792,1.3158805613111175,0.26892339156119455,0.266770720251508,1.6569233915611945,1.6644373869181746,0.9302253679066131
k-NN,seed08,12,Bar-dominant,1.6,1.4,2.082,2.0756,2.082,2.0761166666666666,1.203,1.1985,0.203,0.18833333333333332,1.774,1.7593333333333334,0.9497620220657275
k-NN,seed08,62,Balanced,1.3,1.5,2.1168,2.1483001464843596,2.1168,2.14951000961517,1.2222,1.2402829557737605,-0.24859265358979332,-0.21580966744802133,1.355,1.3911163194751053,0.8788645778108535
k-NN,seed08,33,Bar-dominant,1.9,1.3,2.272000563380212,2.2747078663870908,2.2694777471043777,2.4782500308987117,1.3103985483043081,1.2307487044336904,0.16470422523569644,0.16670130306423478,1.8887042252356963,1.771034636397568,0.6897244331202307
k-NN,seed08,87,Y-dominant,1.0,2.2,1.9253432317381753,2.249781271089748,2.296459772530195,2.2190664799307447,1.1422904154156968,1.281499876642503,0.35463302764849364,0.35663673620512687,1.6536330276484936,1.7179700695384603,0.5898271732244703
k-NN,seed08,55,Balanced,1.1,1.3,1.9356003719776456,1.96655,1.937492994056581,1.9673999999999998,1.117199041344767,1.1358333333333333,-0.24521261631259683,-0.2259259869231265,1.3623800372771964,1.39,0.9085571813079367
k-NN,seed08,80,Balanced,1.9,2.2,2.706,2.7145499999999996,2.706,2.7145499999999996,1.56415,1.5673666666666666,-0.18459265358979327,-0.15459265358979316,1.408,1.4476666666666667,0.849154020086963
k-NN,seed08,89,Y-dominant,1.0,2.5,1.8435641601257062,1.9949496408694543,2.6631260895011266,2.5754745714731393,1.0493352926583754,1.168634373683069,0.4613304225896439,0.37095295836852255,1.552330422589644,1.6046196250351894,0.6350457459044087
k-NN,seed08,35,Bar-dominant,1.9,1.1,2.271007926009947,2.3042549594744233,2.767474489198446,2.601075654149745,1.1221922525288615,1.4174532604722305,0.16335799822120356,0.1625272642026805,1.7343579982212036,1.7328605975360138,0.6173421905882008
k-NN,seed08,111,Y-dominant,1.3,2.3,2.271625673388994,2.3013976755296244,2.306689619413679,2.3630453405289256,1.317448184821391,1.3329650447789854,0.2402456776602456,0.2111142012250112,1.7132456776602456,1.6874475345583446,0.8574185012184119
k-NN,seed08,116,Y-dominant,1.5,2.5,2.472,2.4711356437722833,2.472,2.5195302519631753,1.428,1.4311243704948886,0.209,0.22412203565280087,1.706,1.7024553689861344,0.8989293509490195
RF,seed08,99,Y-dominant,1.1,1.9,2.0790021645010377,2.051188962474661,2.082235927368049,2.0505579727548393,1.2014965845884542,1.1830104438939966,0.28255699955856206,0.2481203267961333,1.7435569995585622,1.7202158281685658,0.889517560652746
RF,seed08,29,Bar-dominant,1.8,1.7,2.338000654940028,2.2793345397885996,2.339010572321792,2.306426081987782,1.349249622036961,1.3232488381979552,0.18225149714577257,0.11095938932115461,1.7532514971457727,1.6919949236653724,0.784138182059922
RF,seed08,17,Bar-dominant,1.7,1.4,2.072350579655865,2.11277602994671,2.0714555911253494,2.145681885451344,1.1965996652997737,1.2141106073522585,0.17874794301684896,0.18334442205675092,1.749747943016849,1.7803956404910926,0.8522316878052643
RF,seed08,57,Balanced,1.2,1.6,2.1153999999999997,2.1075384864124307,2.1153999999999997,2.1081528691456803,1.2222,1.2151854679461256,-0.2085926535897933,-0.04786083176518274,1.421,1.5156010512380491,0.7347852418619176
RF,seed08,86,Y-dominant,1.0,2.3,2.724201468320579,2.0526309436202372,2.2233624753656565,2.383866843537134,1.4705649477788796,1.1963332396155086,0.5356053013296822,0.3538364894621754,1.7706053013296823,1.6535539894621716,0.3416183686978802
RF,seed08,101,Y-dominant,1.1,2.4,2.0119520993303985,2.1281622742011215,2.49534848601559,2.490452966993213,1.1883787520566418,1.2271468917767683,0.34589256406251734,0.38009317822156463,1.6248925640625174,1.6397503448882305,0.8631168658315337
RF,seed08,70,Balanced,1.6,2.1,2.5234,2.4956549431259964,2.5234,2.495509524384678,1.4578000000000002,1.440006305419253,-0.18559265358979316,-0.08072364050783153,1.437,1.4987868606258241,0.7557736171507544
RF,seed08,107,Y-dominant,1.2,2.2,2.169266613397256,2.2808405158244924,2.2267371056041863,2.2671807896470444,1.2592882880919258,1.307166676649017,0.2571631698436739,0.27672132355548457,1.714163169843674,1.7093703533173872,0.8386425831825539
RF,seed08,30,Bar-dominant,1.8,1.1,2.173554352897576,2.164815187118896,2.562926455036068,2.375529443510252,1.1099229606491847,1.2215108073670597,0.1709986684491855,0.1721742604944494,1.7409986684491856,1.8108092604944435,0.717963632178326
RF,seed08,1,Bar-dominant,1.3,1.1,1.8312,1.8047563181887687,1.8312,1.8332468336634022,1.0572,1.055748393692982,0.237,0.11169896231964975,1.808,1.6917742515344016,0.7381660462895225
RF,seed08,75,Balanced,1.7,2.0,2.5271000000000003,2.4952773534128507,2.5271000000000003,2.4970241612166357,1.4596500000000001,1.4406334360319075,-0.17859265358979304,-0.11574169969454096,1.416,1.4836058609588492,0.7756486096205695
RF,seed08,40,Bar-dominant,1.9,1.8,2.4235,2.356239439142293,2.4235,2.374428637235235,1.3986,1.3632365566650835,0.178,0.1246818159920661,1.749,1.7018287746296832,0.8062592419096221
RF,seed08,0,Bar-dominant,1.2,1.0,1.7457003465658132,1.8772728110796892,1.7452359484223434,1.892803396033158,1.0087004928790133,1.0934078807519065,0.2463698803606492,-0.04888765011888144,1.8173698803606493,1.5473295840285792,0.5187710026177338
RF,seed08,110,Y-dominant,1.3,2.5,2.2422777370343754,2.2377045572117424,2.540131856071085,2.489206873297709,1.3200579130374792,1.3066941020024043,0.26892339156119455,0.27948715141104497,1.6569233915611945,1.6640156514110496,0.8987616031835303
RF,seed08,12,Bar-dominant,1.6,1.4,2.082,2.075630208469632,2.082,2.0838246702642476,1.203,1.1958365061563314,0.203,0.17407803769845873,1.774,1.7535077763129912,0.919897914805981
RF,seed08,62,Balanced,1.3,1.5,2.1168,2.042296668741895,2.1168,2.047162852957716,1.2222,1.1807172661077658,-0.24859265358979332,-0.016960304720617568,1.355,1.5751930333159427,0.5855779656431336
RF,seed08,33,Bar-dominant,1.9,1.3,2.272000563380212,2.27204902774743,2.2694777471043777,2.602717278169731,1.3103985483043081,1.1852155669887368,0.16470422523569644,0.1671406888773809,1.8887042252356963,1.748924230544051,0.5758865903430826
RF,seed08,87,Y-dominant,1.0,2.2,1.9253432317381753,2.235132248617422,2.296459772530195,2.2457293880673372,1.1422904154156968,1.2722939632779595,0.35463302764849364,0.3578655467609405,1.6536330276484936,1.708929880094274,0.6247600373439255
RF,seed08,55,Balanced,1.1,1.3,1.9356003719776456,1.9362173849609547,1.937492994056581,1.9371940511779553,1.117199041344767,1.118345563122173,-0.24521261631259683,-0.2066631964507899,1.3623800372771964,1.4118107509954103,0.8820467953141644
RF,seed08,80,Balanced,1.9,2.2,2.706,2.728467475632628,2.706,2.7286918440614345,1.56415,1.575257553520624,-0.18459265358979327,-0.15425056674314322,1.408,1.4434140586113982,0.8550427155596683
RF,seed08,89,Y-dominant,1.0,2.5,1.8435641601257062,1.975321089764422,2.6631260895011266,2.5576074639191333,1.0493352926583754,1.1519137566207749,0.4613304225896439,0.3895658808032769,1.552330422589644,1.6032358808032787,0.6487783148906815
RF,seed08,35,Bar-dominant,1.9,1.1,2.271007926009947,2.2928425437216786,2.767474489198446,2.6192642152866394,1.1221922525288615,1.3723661125833433,0.16335799822120356,0.1630801073663757,1.7343579982212036,1.7374951073663767,0.6613170307498172
RF,seed08,111,Y-dominant,1.3,2.3,2.271625673388994,2.256027848991127,2.306689619413679,2.3508250934263586,1.317448184821391,1.3101260768310568,0.2402456776602456,0.23147709153178994,1.7132456776602456,1.6838972194308723,0.8775758199711867
RF,seed08,116,Y-dominant,1.5,2.5,2.472,2.457135609737229,2.472,2.5102445858440445,1.428,1.4231317984712597,0.209,0.21122040792114535,1.706,1.6914251324307605,0.9177796272041228
PRSM,seed08,99,Y-dominant,1.1,1.9,2.0790021645010377,2.1799144056265067,2.082235927368049,2.1463354373581263,1.2014965845884542,1.259607092786184,0.28255699955856206,0.058989653138751486,1.7435569995585622,1.5587850911726646,0.5542053863680372
PRSM,seed08,29,Bar-dominant,1.8,1.7,2.338000654940028,2.3454176261933677,2.339010572321792,2.3682760697016434,1.349249622036961,1.3312427719311812,0.18225149714577257,0.04072281677706302,1.7532514971457727,1.6451330918132967,0.6583737315522751
PRSM,seed08,17,Bar-dominant,1.7,1.4,2.072350579655865,2.1466998677698994,2.0714555911253494,2.2261083466435183,1.1965996652997737,1.2121710776194599,0.17874794301684896,0.11028903681513436,1.749747943016849,1.7154757711308595,0.7140482031167472
PRSM,seed08,57,Balanced,1.2,1.6,2.1153999999999997,2.097191819103955,2.1153999999999997,2.024662724246939,1.2222,1.2227167915287251,-0.2085926535897933,-0.06604442113103248,1.421,1.520229971633229,0.7264171663580687
PRSM,seed08,86,Y-dominant,1.0,2.3,2.724201468320579,1.9988302188128892,2.2233624753656565,2.258191632639038,1.4705649477788796,1.122504335560347,0.5356053013296822,0.5669325531557075,1.7706053013296823,1.8295127151333244,0.34733458586966787
PRSM,seed08,101,Y-dominant,1.1,2.4,2.0119520993303985,2.0691788188841658,2.49534848601559,2.3434909272391042,1.1883787520566418,1.1882661916378772,0.34589256406251734,0.515684149755312,1.6248925640625174,1.7950665039405957,0.4965917649895386
PRSM,seed08,70,Balanced,1.6,2.1,2.5234,2.511410202580506,2.5234,2.4540299013177806,1.4578000000000002,1.4460805992745502,-0.18559265358979316,-0.07186102932115945,1.437,1.5237470605596983,0.7032579200803404
PRSM,seed08,107,Y-dominant,1.2,2.2,2.169266613397256,2.2672129500253453,2.2267371056041863,2.314212692521931,1.2592882880919258,1.3176738731872497,0.2571631698436739,0.17918676649761345,1.714163169843674,1.6195795976312468,0.670043111652658
PRSM,seed08,30,Bar-dominant,1.8,1.1,2.173554352897576,2.1393505199085414,2.562926455036068,2.3273937443816375,1.1099229606491847,1.1977821150916155,0.1709986684491855,0.2282951056721263,1.7409986684491856,1.8294843631503341,0.6228127655628324
PRSM,seed08,1,Bar-dominant,1.3,1.1,1.8312,1.8037284391217658,1.8312,1.8203275653055992,1.0572,1.044317716495545,0.237,0.0423844531809916,1.808,1.6588142447473129,0.6735942491805003
PRSM,seed08,75,Balanced,1.7,2.0,2.5271000000000003,2.496249721843985,2.5271000000000003,2.4433537781680346,1.4596500000000001,1.427776947780632,-0.17859265358979304,-0.0598999835016798,1.416,1.549927697682079,0.6339114780977316
PRSM,seed08,40,Bar-dominant,1.9,1.8,2.4235,2.4363804762854713,2.4235,2.455192124283196,1.3986,1.3887860361980042,0.178,0.03787447645730868,1.749,1.6335436431369208,0.6381803244749058
PRSM,seed08,0,Bar-dominant,1.2,1.0,1.7457003465658132,1.7026145986377337,1.7452359484223434,1.714226884164107,1.0087004928790133,0.9925571088242542,0.2463698803606492,0.004799360344263537,1.8173698803606493,1.628552995866589,0.6465651455842188
PRSM,seed08,110,Y-dominant,1.3,2.5,2.2422777370343754,2.2901849819469566,2.540131856071085,2.530833944932478,1.3200579130374792,1.3422004905604177,0.26892339156119455,0.28189053180646706,1.6569233915611945,1.657407772235641,0.9339762264416491
PRSM,seed08,12,Bar-dominant,1.6,1.4,2.082,2.1008728908078185,2.082,2.1444433798405758,1.203,1.1924149440578882,0.203,0.0793477412607202,1.774,1.6887893021550962,0.7205076349424087
PRSM,seed08,62,Balanced,1.3,1.5,2.1168,2.062829012424828,2.1168,2.0070896045041895,1.2222,1.1997718084391615,-0.24859265358979332,-0.045690999477792094,1.355,1.5588475428985757,0.604974239343014
PRSM,seed08,33,Bar-dominant,1.9,1.3,2.272000563380212,2.239902122904908,2.2694777471043777,2.4183748070677393,1.3103985483043081,1.2683852594110583,0.16470422523569644,0.18118064424156355,1.8887042252356963,1.7706174962754289,0.7316664838379617
PRSM,seed08,87,Y-dominant,1.0,2.2,1.9253432317381753,2.0586638238059294,2.296459772530195,2.231141877655191,1.1422904154156968,1.1600620594955586,0.35463302764849364,0.4350383328671281,1.6536330276484936,1.7568916152339231,0.6534838388046633
PRSM,seed08,55,Balanced,1.1,1.3,1.9356003719776456,1.8814375720347507,1.937492994056581,1.8506993519786157,1.117199041344767,1.0991921556521795,-0.24521261631259683,-0.1168548218628902,1.3623800372771964,1.4967734082413806,0.7249481834562626
PRSM,seed08,80,Balanced,1.9,2.2,2.706,2.683367042622857,2.706,2.6448246150574706,1.56415,1.5381645996009872,-0.18459265358979327,-0.07943431448701421,1.408,1.5240988720150848,0.6409426983738054
PRSM,seed08,89,Y-dominant,1.0,2.5,1.8435641601257062,1.8086440438298508,2.6631260895011266,2.3035947105721926,1.0493352926583754,1.0082602610832407,0.4613304225896439,0.874578703539644,1.552330422589644,1.9979779618595854,0.2780427176443416
PRSM,seed08,35,Bar-dominant,1.9,1.1,2.271007926009947,2.2424472002871028,2.767474489198446,2.4646590156145427,1.1221922525288615,1.2650873712928807,0.16335799822120356,0.22665902927626114,1.7343579982212036,1.8244539023893696,0.5481617871085545
PRSM,seed08,111,Y-dominant,1.3,2.3,2.271625673388994,2.350374800472152,2.306689619413679,2.4179926251597514,1.317448184821391,1.3720599535607338,0.2402456776602456,0.14029684032085843,1.7132456776602456,1.5965276823300418,0.6186398588893893
PRSM,seed08,116,Y-dominant,1.5,2.5,2.472,2.530810271157418,2.472,2.6757860181985813,1.428,1.478872669994327,0.209,0.03417446712304972,1.706,1.5273848675163058,0.4919433600658662
GPR,seed09,70,Balanced,1.6,2.1,2.5234,2.5218470096588135,2.5234,2.5020995140075684,1.4578000000000002,1.4487196207046509,-0.18559265358979316,-0.14997175335884094,1.437,1.4639561176300049,0.8827881038654855
GPR,seed09,3,Bar-dominant,1.4,1.1,1.7950213264749808,1.831666350364685,1.816377270515646,1.8229327201843262,1.0474083426028893,1.0411567687988281,0.17712538679973083,0.2197442352771759,1.747125386799731,1.8041682243347168,0.8679196927782362
GPR,seed09,28,Bar-dominant,1.8,1.0,2.1700112902932096,2.188223123550415,2.6536816770303138,2.4432389736175537,1.075045374388253,1.2514835596084595,0.1717742047373788,0.13931144773960114,1.741774204737379,1.7672454118728638,0.6359694787161576
GPR,seed09,100,Y-dominant,1.1,2.3,2.0329931750992176,2.24185848236084,2.377947746806412,2.3457369804382324,1.2014607623465305,1.2833343744277954,0.3199448827240066,0.36686399579048157,1.6549448827240067,1.6889817714691162,0.7385425832067016
GPR,seed09,10,Bar-dominant,1.5,1.2,1.8927,1.9242513179779053,1.8927,1.9369007349014282,1.0935000000000001,1.0957880020141602,0.17,0.21494817733764648,1.741,1.7958197593688965,0.8468550146851622
GPR,seed09,47,Bar-dominant,2.0,1.3,2.376005156244405,2.3793351650238037,2.782773961000561,2.5222809314727783,1.2086051896617225,1.3643747568130493,0.1569166696807406,0.128782719373703,1.7299166696807406,1.758710265159607,0.6048240369826208
GPR,seed09,21,Bar-dominant,1.7,1.3,2.0655,2.0570125579833984,2.0655,2.1426546573638916,1.1925000000000001,1.1740984916687012,0.187,0.23183363676071167,1.798,1.830137014389038,0.8127084149214702
GPR,seed09,61,Balanced,1.3,1.6,2.1663,2.18772292137146,2.1663,2.185103416442871,1.2499,1.2516283988952637,-0.19259265358979327,-0.20538097620010376,1.414,1.40764582157135,0.9514215995292495
GPR,seed09,113,Y-dominant,1.4,2.5,2.360044647882747,2.367774486541748,2.506676585676999,2.4958324432373047,1.3777679176184583,1.3577247858047485,0.23451570284295817,0.2613881826400757,1.6815157028429581,1.702280044555664,0.8943975903617143
GPR,seed09,48,Bar-dominant,2.0,1.4,2.3698152438534104,2.3550987243652344,2.6904826933396144,2.454880714416504,1.2449578454068284,1.3500548601150513,0.15541321480755507,0.14255665242671967,1.7274132148075552,1.7802798748016357,0.6595388997294374
GPR,seed09,78,Balanced,1.8,2.2,2.67,2.6820929050445557,2.67,2.668614149093628,1.542,1.543189525604248,-0.15359265358979313,-0.15533411502838135,1.446,1.451306700706482,0.9778279493676365
GPR,seed09,87,Y-dominant,1.0,2.2,1.9253432317381753,2.269767999649048,2.296459772530195,2.2474539279937744,1.1422904154156968,1.2996954917907715,0.35463302764849364,0.3883614242076874,1.6536330276484936,1.708005666732788,0.5936631002106976
GPR,seed09,64,Balanced,1.4,1.7,2.2568,2.289127826690674,2.2568,2.2888975143432617,1.30355,1.3114739656448364,-0.18659265358979304,-0.211049884557724,1.416,1.4053966999053955,0.9131386754503087
GPR,seed09,89,Y-dominant,1.0,2.5,1.8435641601257062,2.0668842792510986,2.6631260895011266,2.486476182937622,1.0493352926583754,1.180074691772461,0.4613304225896439,0.4250369668006897,1.552330422589644,1.6259673833847046,0.5305975054323143
GPR,seed09,20,Bar-dominant,1.7,1.0,2.072253957650944,2.0706963539123535,2.4482796890160827,2.2750658988952637,1.0617171253923112,1.18208646774292,0.1800456050942413,0.1539144217967987,1.7500456050942412,1.8052221536636353,0.6951880439696111
GPR,seed09,35,Bar-dominant,1.9,1.1,2.271007926009947,2.2985570430755615,2.767474489198446,2.53979754447937,1.1221922525288615,1.316665530204773,0.16335799822120356,0.14388465881347656,1.7343579982212036,1.75084388256073,0.6280581358556377
GPR,seed09,39,Bar-dominant,1.9,1.5,2.2678312216741356,2.2530508041381836,2.2712910690935604,2.303849220275879,1.3072998429801153,1.2898305654525757,0.164752671849456,0.20521323382854462,1.7837526718494559,1.8172744512557983,0.8570917226089468
GPR,seed09,36,Bar-dominant,1.9,1.4,2.268798599479469,2.245123863220215,2.478161714658128,2.341336965560913,1.2312060260178583,1.2851389646530151,0.17145463892772492,0.19193686544895172,1.7424546389277251,1.8188693523406982,0.7470957781896349
GPR,seed09,26,Bar-dominant,1.8,1.5,2.1614999999999998,2.187546968460083,2.1614999999999998,2.2185304164886475,1.2473999999999998,1.2512006759643555,0.182,0.2142632007598877,1.752,1.8060399293899536,0.832383233206789
GPR,seed09,79,Balanced,1.8,2.1,2.6169000000000002,2.629157066345215,2.6188499999999997,2.6252191066741943,1.51125,1.5119620561599731,-0.17959265358979293,-0.14506301283836365,1.413,1.4579851627349854,0.8383141110421046
GPR,seed09,23,Bar-dominant,1.7,1.1,2.0720018918910283,2.0612292289733887,2.074586213855673,2.2412900924682617,1.1956045839992344,1.1765186786651611,0.17935135052876194,0.18195463716983795,1.9133513505287618,1.8190873861312866,0.7717131110476128
GPR,seed09,25,Bar-dominant,1.8,1.3,2.1793198434373973,2.1451239585876465,2.1738144170374447,2.275486707687378,1.252434897621491,1.2260942459106445,0.1717326005842388,0.21068570017814636,1.8407326005842388,1.8291699886322021,0.7966231307377651
GPR,seed09,75,Balanced,1.7,2.0,2.5271000000000003,2.5542469024658203,2.5271000000000003,2.551447629928589,1.4596500000000001,1.4678200483322144,-0.17859265358979304,-0.16473528742790222,1.416,1.443992018699646,0.8967554669499013
GPR,seed09,96,Y-dominant,1.1,2.2,2.3918068996054007,2.240708351135254,2.1837499019514097,2.2363624572753906,1.3443531449091817,1.2826241254806519,0.35728782838716905,0.3470476269721985,1.7452878283871691,1.7206586599349976,0.7698292564781928
k-NN,seed09,70,Balanced,1.6,2.1,2.5234,2.560983333333333,2.5234,2.560983333333333,1.4578000000000002,1.4784833333333331,-0.18559265358979316,-0.16559265358979314,1.437,1.4426666666666665,0.9026481753468284
k-NN,seed09,3,Bar-dominant,1.4,1.1,1.7950213264749808,1.8783404633588594,1.816377270515646,1.8718326728609018,1.0474083426028893,1.0786992793810877,0.17712538679973083,0.22309963097553032,1.747125386799731,1.8037662976421973,0.8182738862064198
k-NN,seed09,28,Bar-dominant,1.8,1.0,2.1700112902932096,2.2058854007955397,2.6536816770303138,2.531446286644361,1.075045374388253,1.1507076556919664,0.1717742047373788,0.16909139265384918,1.741774204737379,1.792758059320516,0.7938997237888572
k-NN,seed09,100,Y-dominant,1.1,2.3,2.0329931750992176,2.296508278136407,2.377947746806412,2.353452887274057,1.2014607623465305,1.3076165972949931,0.3199448827240066,0.38468341907405906,1.6549448827240067,1.6930167524073925,0.696471336473955
k-NN,seed09,10,Bar-dominant,1.5,1.2,1.8927,1.9443000000000001,1.8927,1.9438666666666666,1.0935000000000001,1.1222333333333332,0.17,0.20766666666666667,1.741,1.8,0.8341622265841226
k-NN,seed09,47,Bar-dominant,2.0,1.3,2.376005156244405,2.3051879608489645,2.782773961000561,2.6059772876782956,1.2086051896617225,1.2139983599270912,0.1569166696807406,0.16265031095102211,1.7299166696807406,1.7846503109510221,0.7619085783653649
k-NN,seed09,21,Bar-dominant,1.7,1.3,2.0655,2.0421943498867923,2.0655,2.1049083056291384,1.1925000000000001,1.1573530408072872,0.187,0.17804989366597126,1.798,1.749049893665971,0.876445346531779
k-NN,seed09,61,Balanced,1.3,1.6,2.1663,2.1766,2.1663,2.1771,1.2499,1.2569,-0.19259265358979327,-0.23225932025645987,1.414,1.377,0.8816572570491765
k-NN,seed09,113,Y-dominant,1.4,2.5,2.360044647882747,2.3630925790114587,2.506676585676999,2.4649106186903613,1.3777679176184583,1.3745526376791597,0.23451570284295817,0.23497446385373152,1.6815157028429581,1.6929744638537316,0.9256099470743249
k-NN,seed09,48,Bar-dominant,2.0,1.4,2.3698152438534104,2.2732868822477967,2.6904826933396144,2.2705578848163124,1.2449578454068284,1.3078013024268134,0.15541321480755507,0.1676728487481125,1.7274132148075552,1.8360061820814455,0.5389083596178788
k-NN,seed09,78,Balanced,1.8,2.2,2.67,2.679,2.67,2.679,1.542,1.5472000000000001,-0.15359265358979313,-0.17292598692312655,1.446,1.434,0.934039996030534
k-NN,seed09,87,Y-dominant,1.0,2.2,1.9253432317381753,2.3741553970033724,2.296459772530195,2.1549549946611855,1.1422904154156968,1.3265801794285537,0.35463302764849364,0.3998269166202442,1.6536330276484936,1.7468269166202444,0.4701794514485092
k-NN,seed09,64,Balanced,1.4,1.7,2.2568,2.242201659749252,2.2568,2.2452222628998793,1.30355,1.2932290588533368,-0.18659265358979304,-0.23895088219645,1.416,1.3713084380600098,0.8537135060597765
k-NN,seed09,89,Y-dominant,1.0,2.5,1.8435641601257062,1.958938816097352,2.6631260895011266,2.5489322810444386,1.0493352926583754,1.148429304412313,0.4613304225896439,0.3814565906288864,1.552330422589644,1.6031232572955532,0.6492674999209562
k-NN,seed09,20,Bar-dominant,1.7,1.0,2.072253957650944,2.044504729717721,2.4482796890160827,2.2285399850321213,1.0617171253923112,1.1100525314368925,0.1800456050942413,0.18613748400444963,1.7500456050942412,1.8148041506711163,0.726922718957274
k-NN,seed09,35,Bar-dominant,1.9,1.1,2.271007926009947,2.2393048888448894,2.767474489198446,2.6966399706540884,1.1221922525288615,1.1203493070593182,0.16335799822120356,0.16784793643994445,1.7343579982212036,1.7388479364399447,0.8905548522199375
k-NN,seed09,39,Bar-dominant,1.9,1.5,2.2678312216741356,2.267286694454393,2.2712910690935604,2.2653986357815197,1.3072998429801153,1.3050017863253773,0.164752671849456,0.1727714403362137,1.7837526718494559,1.7907714403362138,0.9691240120122537
k-NN,seed09,36,Bar-dominant,1.9,1.4,2.268798599479469,2.2732868822477967,2.478161714658128,2.2705578848163124,1.2312060260178583,1.3078013024268134,0.17145463892772492,0.1676728487481125,1.7424546389277251,1.8360061820814455,0.690975671958528
k-NN,seed09,26,Bar-dominant,1.8,1.5,2.1614999999999998,2.19241679750655,2.1614999999999998,2.2250866567775183,1.2473999999999998,1.2704388143065386,0.182,0.17812325517010197,1.752,1.7631232551701022,0.8766148285710369
k-NN,seed09,79,Balanced,1.8,2.1,2.6169000000000002,2.6343833333333335,2.6188499999999997,2.6343833333333335,1.51125,1.5216666666666665,-0.17959265358979293,-0.17192598692312652,1.413,1.4319999999999997,0.9278151797819664
k-NN,seed09,23,Bar-dominant,1.7,1.1,2.0720018918910283,2.071330946874492,2.074586213855673,2.3208551580627277,1.1956045839992344,1.1075931392068388,0.17935135052876194,0.18328532265145267,1.9133513505287618,1.7539519893181195,0.654914624828016
k-NN,seed09,25,Bar-dominant,1.8,1.3,2.1793198434373973,2.204036667629234,2.1738144170374447,2.203889531161758,1.252434897621491,1.2702992794220722,0.1717326005842388,0.17158479376148403,1.8407326005842388,1.8605847937614837,0.9268310692959486
k-NN,seed09,75,Balanced,1.7,2.0,2.5271000000000003,2.5006166666666663,2.5271000000000003,2.5006166666666663,1.4596500000000001,1.4437333333333333,-0.17859265358979304,-0.16792598692312635,1.416,1.4336666666666666,0.9182195429318932
k-NN,seed09,96,Y-dominant,1.1,2.2,2.3918068996054007,2.132119621426804,2.1837499019514097,2.2381285078761994,1.3443531449091817,1.2445614159921223,0.35728782838716905,0.26697117090016564,1.7452878283871691,1.7046378375668325,0.6838237059851111
RF,seed09,70,Balanced,1.6,2.1,2.5234,2.4904848893158307,2.5234,2.4903128642240873,1.4578000000000002,1.4371913448680507,-0.18559265358979316,-0.09469361072296464,1.437,1.4895147910812099,0.7804451435355364
RF,seed09,3,Bar-dominant,1.4,1.1,1.7950213264749808,1.835729751243015,1.816377270515646,1.843008435196984,1.0474083426028893,1.0570032213171479,0.17712538679973083,0.2202788422476715,1.747125386799731,1.8023238759264248,0.8613762024969537
RF,seed09,28,Bar-dominant,1.8,1.0,2.1700112902932096,2.178641113489823,2.6536816770303138,2.5115195475798857,1.075045374388253,1.1352189340765415,0.1717742047373788,0.17186186798810546,1.741774204737379,1.771684367988103,0.8084834702081604
RF,seed09,100,Y-dominant,1.1,2.3,2.0329931750992176,2.3279691721891864,2.377947746806412,2.319464646098392,1.2014607623465305,1.3119749469558062,0.3199448827240066,0.41365446449640997,1.6549448827240067,1.7025386906868911,0.6506972847258887
RF,seed09,10,Bar-dominant,1.5,1.2,1.8927,1.9599378254705118,1.8927,1.9655099866999026,1.0935000000000001,1.122943535479272,0.17,0.20033407774120301,1.741,1.7854824754558507,0.818792834395053
RF,seed09,47,Bar-dominant,2.0,1.3,2.376005156244405,2.3407391211487463,2.782773961000561,2.5172788338304968,1.2086051896617225,1.3776615435392967,0.1569166696807406,0.15973310468661753,1.7299166696807406,1.7832881046866076,0.6161629692133247
RF,seed09,21,Bar-dominant,1.7,1.3,2.0655,2.0801613580172607,2.0655,2.18283018267571,1.1925000000000001,1.165865645222919,0.187,0.17995089167609554,1.798,1.775279850009423,0.8266756100914197
RF,seed09,61,Balanced,1.3,1.6,2.1663,2.1534669995783706,2.1663,2.1539506989927095,1.2499,1.2434891443468337,-0.19259265358979327,-0.17870110760879562,1.414,1.4253230950804479,0.9525020746571464
RF,seed09,113,Y-dominant,1.4,2.5,2.360044647882747,2.3442744951391994,2.506676585676999,2.4609694705563228,1.3777679176184583,1.3636762642479412,0.23451570284295817,0.23570666468466048,1.6815157028429581,1.6876456095865913,0.910688202022004
RF,seed09,48,Bar-dominant,2.0,1.4,2.3698152438534104,2.335419429381235,2.6904826933396144,2.4152002420910446,1.2449578454068284,1.3469051158017467,0.15541321480755507,0.16216138307618322,1.7274132148075552,1.8076400080761745,0.6300348165709421
RF,seed09,78,Balanced,1.8,2.2,2.67,2.6455700881326494,2.67,2.6460321952057866,1.542,1.5277615689544095,-0.15359265358979313,-0.14048873482396995,1.446,1.4604188348773592,0.9219692099397914
RF,seed09,87,Y-dominant,1.0,2.2,1.9253432317381753,2.3937388156683874,2.296459772530195,2.1937203025309238,1.1422904154156968,1.330872781117511,0.35463302764849364,0.4260613143549793,1.6536330276484936,1.7388025643549865,0.48866228697411485
RF,seed09,64,Balanced,1.4,1.7,2.2568,2.2518315608729798,2.2568,2.2540798881300335,1.30355,1.2988638686351672,-0.18659265358979304,-0.1809009063771896,1.416,1.4209131017340284,0.9783282651326178
RF,seed09,89,Y-dominant,1.0,2.5,1.8435641601257062,2.0502336390898215,2.6631260895011266,2.504918225912999,1.0493352926583754,1.1789939227160766,0.4613304225896439,0.4214228395341841,1.552330422589644,1.6221428395341848,0.5509205531773851
RF,seed09,20,Bar-dominant,1.7,1.0,2.072253957650944,2.086799218750244,2.4482796890160827,2.303079721453128,1.0617171253923112,1.1242387013423063,0.1800456050942413,0.1807228033103686,1.7500456050942412,1.7982628033103691,0.7908540431997256
RF,seed09,35,Bar-dominant,1.9,1.1,2.271007926009947,2.2696859183648117,2.767474489198446,2.6247960717718057,1.1221922525288615,1.2855733462638796,0.16335799822120356,0.1648471127917395,1.7343579982212036,1.737662112791739,0.7358962987028556
RF,seed09,39,Bar-dominant,1.9,1.5,2.2678312216741356,2.264347417066241,2.2712910690935604,2.2893955264101664,1.3072998429801153,1.303289043919743,0.164752671849456,0.17179891288142976,1.7837526718494559,1.796619232325871,0.9516003917639438
RF,seed09,36,Bar-dominant,1.9,1.4,2.268798599479469,2.2566853342046964,2.478161714658128,2.310736586399496,1.2312060260178583,1.283727072274961,0.17145463892772492,0.16803038959813396,1.7424546389277251,1.8394798062647906,0.7370938856550853
RF,seed09,26,Bar-dominant,1.8,1.5,2.1614999999999998,2.193136593594426,2.1614999999999998,2.214750743876311,1.2473999999999998,1.2666674803388853,0.182,0.17630783018268079,1.752,1.785690547927762,0.8786789532296435
RF,seed09,79,Balanced,1.8,2.1,2.6169000000000002,2.5791260151984043,2.6188499999999997,2.5800878124957767,1.51125,1.4897494544085326,-0.17959265358979293,-0.09907399506192505,1.413,1.497858382744526,0.7209024844298993
RF,seed09,23,Bar-dominant,1.7,1.1,2.0720018918910283,2.085068419294262,2.074586213855673,2.323449465281616,1.1956045839992344,1.1250776403783125,0.17935135052876194,0.181564464207692,1.9133513505287618,1.7639792558743546,0.6637238649287841
RF,seed09,25,Bar-dominant,1.8,1.3,2.1793198434373973,2.182498904552122,2.1738144170374447,2.2248547666964753,1.252434897621491,1.2435453357078388,0.1717326005842388,0.17185719952691175,1.8407326005842388,1.8547499495269018,0.922195061448223
RF,seed09,75,Balanced,1.7,2.0,2.5271000000000003,2.5014154334817746,2.5271000000000003,2.501572599248638,1.4596500000000001,1.4437732165262005,-0.17859265358979304,-0.07757681401541594,1.416,1.5192758228641068,0.6913307977998567
RF,seed09,96,Y-dominant,1.1,2.2,2.3918068996054007,2.2461069543854,2.1837499019514097,2.229100852019417,1.3443531449091817,1.2786787472033607,0.35728782838716905,0.35286841595618446,1.7452878283871691,1.713962225480001,0.7722144550035583
PRSM,seed09,70,Balanced,1.6,2.1,2.5234,2.4914035037510263,2.5234,2.4310320550466993,1.4578000000000002,1.4303125163873969,-0.18559265358979316,-0.026680874600099602,1.437,1.5663326045567956,0.6162852350481564
PRSM,seed09,3,Bar-dominant,1.4,1.1,1.7950213264749808,1.8593309100849469,1.816377270515646,1.9096382590657945,1.0474083426028893,1.063353580773615,0.17712538679973083,0.12551383570442687,1.747125386799731,1.7306444840962294,0.8000093170923844
PRSM,seed09,28,Bar-dominant,1.8,1.0,2.1700112902932096,2.1631263149405706,2.6536816770303138,2.2991163558341303,1.075045374388253,1.223390689931475,0.1717742047373788,0.2898382186366787,1.741774204737379,1.8912482485042825,0.46349993207114537
PRSM,seed09,100,Y-dominant,1.1,2.3,2.0329931750992176,2.1734475689550603,2.377947746806412,2.3043959063019694,1.2014607623465305,1.2461504520177316,0.3199448827240066,0.4008010390168565,1.6549448827240067,1.7338793828535928,0.680738331033684
PRSM,seed09,10,Bar-dominant,1.5,1.2,1.8927,1.9603925309155827,1.8927,2.025561678498228,1.0935000000000001,1.1141021870326844,0.17,0.11661003339855519,1.741,1.720910438981724,0.7495114036741813
PRSM,seed09,47,Bar-dominant,2.0,1.3,2.376005156244405,2.2988059147473163,2.782773961000561,2.4864747965545955,1.2086051896617225,1.3568848010189731,0.1569166696807406,0.1716882785168008,1.7299166696807406,1.7581476944013954,0.5981337959806797
PRSM,seed09,21,Bar-dominant,1.7,1.3,2.0655,2.1218068241143526,2.0655,2.2170906717797134,1.1925000000000001,1.198980925032817,0.187,0.14085615940742402,1.798,1.7396359079963608,0.7409648583472161
PRSM,seed09,61,Balanced,1.3,1.6,2.1663,2.0962635806718035,2.1663,2.0648532418566674,1.2499,1.220131207592753,-0.19259265358979327,-0.056387533767430664,1.414,1.5433235176072504,0.6860682889022927
PRSM,seed09,113,Y-dominant,1.4,2.5,2.360044647882747,2.3945120865797396,2.506676585676999,2.5942812469574266,1.3777679176184583,1.4049804808635482,0.23451570284295817,0.14075522038440325,1.6815157028429581,1.5856073694177968,0.6481611489746273
PRSM,seed09,48,Bar-dominant,2.0,1.4,2.3698152438534104,2.3111486096517058,2.6904826933396144,2.473081579861373,1.2449578454068284,1.3609986305821835,0.15541321480755507,0.15428240744656857,1.7274132148075552,1.735512689950617,0.6821550500130691
PRSM,seed09,78,Balanced,1.8,2.2,2.67,2.648017510230495,2.67,2.5894295983788718,1.542,1.512148120221375,-0.15359265358979313,-0.051845863634421785,1.446,1.5503112514481656,0.6648243550421868
PRSM,seed09,87,Y-dominant,1.0,2.2,1.9253432317381753,2.1461463824731997,2.296459772530195,2.2337448824735904,1.1422904154156968,1.201126628123144,0.35463302764849364,0.4331579972620939,1.6536330276484936,1.7474630300374545,0.6328551885982052
PRSM,seed09,64,Balanced,1.4,1.7,2.2568,2.188097207496027,2.2568,2.1472702367541343,1.30355,1.2665595007774546,-0.18659265358979304,-0.035351272525070865,1.416,1.5655561498715929,0.6434857074850929
PRSM,seed09,89,Y-dominant,1.0,2.5,1.8435641601257062,1.9597006179211922,2.6631260895011266,2.3477149450523553,1.0493352926583754,1.0843768994618541,0.4613304225896439,0.8315225622131385,1.552330422589644,1.9433185283169827,0.32117044523493504
PRSM,seed09,20,Bar-dominant,1.7,1.0,2.072253957650944,2.0680189404348255,2.4482796890160827,2.1767565170637644,1.0617171253923112,1.159260272752229,0.1800456050942413,0.2878762416358608,1.7500456050942412,1.885785611802691,0.5388381124414363
PRSM,seed09,35,Bar-dominant,1.9,1.1,2.271007926009947,2.238622995816642,2.767474489198446,2.4131526342602814,1.1221922525288615,1.2901500396319243,0.16335799822120356,0.2355197988838208,1.7343579982212036,1.8352277196120907,0.4987514729929361
PRSM,seed09,39,Bar-dominant,1.9,1.5,2.2678312216741356,2.298734376166225,2.2712910690935604,2.396330288157019,1.3072998429801153,1.3221230924315608,0.164752671849456,0.1246872857667799,1.7837526718494559,1.7122509166573154,0.7623856823190418
PRSM,seed09,36,Bar-dominant,1.9,1.4,2.268798599479469,2.265419761763974,2.478161714658128,2.393259712037055,1.2312060260178583,1.304187091343563,0.17145463892772492,0.14782279648764513,1.7424546389277251,1.7359817424089101,0.8052377330229824
PRSM,seed09,26,Bar-dominant,1.8,1.5,2.1614999999999998,2.254874088931995,2.1614999999999998,2.3249442060893806,1.2473999999999998,1.2823992398598958,0.182,0.10379651723210614,1.752,1.6995608356416831,0.6940767346011975
PRSM,seed09,79,Balanced,1.8,2.1,2.6169000000000002,2.5926144236589894,2.6188499999999997,2.527155673864882,1.51125,1.4787639260731227,-0.17959265358979293,-0.027062447198033968,1.413,1.5763410202879677,0.5675101572779778
PRSM,seed09,23,Bar-dominant,1.7,1.1,2.0720018918910283,2.0736153296985975,2.074586213855673,2.1891376690385327,1.1956045839992344,1.1660940663201997,0.17935135052876194,0.23084451031786124,1.9133513505287618,1.8280626158335445,0.7403265653354241
PRSM,seed09,25,Bar-dominant,1.8,1.3,2.1793198434373973,2.183176775247286,2.1738144170374447,2.304997802278896,1.252434897621491,1.2401477056478747,0.1717326005842388,0.16251535599273614,1.8407326005842388,1.756914279782734,0.7947114666090295
PRSM,seed09,75,Balanced,1.7,2.0,2.5271000000000003,2.4912316384595172,2.5271000000000003,2.4265224436984085,1.4596500000000001,1.4209400413258604,-0.17859265358979304,-0.017109215758156604,1.416,1.5876878300931154,0.5700335717075354
PRSM,seed09,96,Y-dominant,1.1,2.2,2.3918068996054007,2.1992492015113045,2.1837499019514097,2.2604170739175675,1.3443531449091817,1.262397639707105,0.35728782838716905,0.30353801379593215,1.7452878283871691,1.6869536732277148,0.6889795965933233
GPR,seed10,45,Bar-dominant,2.0,1.6,2.359824713829398,2.331350088119507,2.4702784769722665,2.367124557495117,1.3225083463659424,1.3405953645706177,0.16942337291463724,0.20813840627670288,1.7404233729146374,1.7840794324874878,0.7860655232126216
GPR,seed10,95,Y-dominant,1.1,1.8,2.0764,2.0362982749938965,2.0764,2.031708240509033,1.1977,1.184888243675232,0.26,0.11015652120113373,1.731,1.632646083831787,0.7107606463786792
GPR,seed10,56,Balanced,1.1,1.4,1.9825000000000002,2.000079393386841,1.98375,2.006441593170166,1.145,1.160778522491455,-0.21059265358979307,-0.23038430511951447,1.407,1.3940026760101318,0.9242490580222866
GPR,seed10,84,Balanced,2.0,2.5,2.898,2.7845160961151123,2.898,2.807530403137207,1.674,1.5825512409210205,-0.1435926535897929,-0.12308762967586517,1.459,1.448793888092041,0.7696683252455582
GPR,seed10,98,Y-dominant,1.1,2.5,1.9890008144794713,2.077117681503296,2.613880739591653,2.570751905441284,1.163485315417343,1.2217237949371338,0.37573885390662826,0.35719072818756104,1.5957388539066282,1.6682524681091309,0.6990732447781206
GPR,seed10,41,Bar-dominant,2.0,1.9,2.5096507575756433,2.4529647827148438,2.510774999660516,2.462811231613159,1.446899563231579,1.4215190410614014,0.17122299937936544,0.09708306938409805,1.7422229993793656,1.6593142747879028,0.7285558417150537
GPR,seed10,80,Balanced,1.9,2.2,2.706,2.7170839309692383,2.706,2.7249033451080322,1.56415,1.5658730268478394,-0.18459265358979327,-0.16171450912952423,1.408,1.436947226524353,0.8814135494034145
GPR,seed10,108,Y-dominant,1.3,2.4,2.2576822739260725,2.3002803325653076,2.4252537494916315,2.4168949127197266,1.3208798064459844,1.3282757997512817,0.25141479063014,0.2866455614566803,1.68241479063014,1.6945905685424805,0.9196695653532392
GPR,seed10,48,Bar-dominant,2.0,1.4,2.3698152438534104,2.3497700691223145,2.6904826933396144,2.4504308700561523,1.2449578454068284,1.354928970336914,0.15541321480755507,0.15515631437301636,1.7274132148075552,1.7575770616531372,0.67476646279324
GPR,seed10,2,Bar-dominant,1.3,1.0,1.691664072001294,1.7609237432479858,1.7417773872883584,1.7300621271133423,1.0083539845366503,1.0398759841918945,0.20092116470008953,0.24430379271507263,1.7719211647000896,1.8211703300476074,0.8611255964421417
GPR,seed10,53,Balanced,1.0,1.3,1.8917499999999998,1.9480692148208618,1.8917499999999998,1.9629125595092773,1.0924999999999998,1.138697624206543,-0.22259265358979308,-0.18832175433635712,1.402,1.430908441543579,0.8281555740806986
GPR,seed10,52,Balanced,1.0,1.2,1.8469000000000002,1.9079798460006714,1.8469000000000002,1.9259700775146484,1.0659,1.1230928897857666,-0.247592653589793,-0.11437572538852692,1.365,1.4940040111541748,0.7116233583618166
GPR,seed10,110,Y-dominant,1.3,2.5,2.2422777370343754,2.2728118896484375,2.540131856071085,2.503631114959717,1.3200579130374792,1.3187137842178345,0.26892339156119455,0.3002335727214813,1.6569233915611945,1.6924885511398315,0.8431330134334735
GPR,seed10,43,Bar-dominant,2.0,1.8,2.4548595581010333,2.386735200881958,2.4166987192494345,2.398063898086548,1.3867678249722057,1.3802297115325928,0.14596583160301807,0.16601164638996124,1.716965831603018,1.7254962921142578,0.9256442693525432
GPR,seed10,79,Balanced,1.8,2.1,2.6169000000000002,2.626028299331665,2.6188499999999997,2.6332178115844727,1.51125,1.5196009874343872,-0.17959265358979293,-0.1589898020029068,1.413,1.448270559310913,0.8739448619879873
GPR,seed10,1,Bar-dominant,1.3,1.1,1.8312,1.805436372756958,1.8312,1.7635095119476318,1.0572,1.0627638101577759,0.237,0.1503629982471466,1.808,1.7411088943481445,0.7952704862254503
GPR,seed10,10,Bar-dominant,1.5,1.2,1.8927,1.9133731126785278,1.8927,1.903907299041748,1.0935000000000001,1.0949363708496094,0.17,0.19664259254932404,1.741,1.7941910028457642,0.8843222353824417
GPR,seed10,35,Bar-dominant,1.9,1.1,2.271007926009947,2.282823085784912,2.767474489198446,2.5485775470733643,1.1221922525288615,1.290140986442566,0.16335799822120356,0.1350882649421692,1.7343579982212036,1.7425369024276733,0.6405768827298995
GPR,seed10,47,Bar-dominant,2.0,1.3,2.376005156244405,2.3636703491210938,2.782773961000561,2.508453607559204,1.2086051896617225,1.3692673444747925,0.1569166696807406,0.12797723710536957,1.7299166696807406,1.735992670059204,0.5980110115585687
GPR,seed10,26,Bar-dominant,1.8,1.5,2.1614999999999998,2.2128746509552,2.1614999999999998,2.230644941329956,1.2473999999999998,1.2722442150115967,0.182,0.2068527638912201,1.752,1.7939399480819702,0.827433623725732
GPR,seed10,68,Balanced,1.5,2.0,2.4657506210077287,2.418952703475952,2.463260380329014,2.4155826568603516,1.4227521257061475,1.4029120206832886,-0.22130237667857805,-0.14638729393482208,1.4012902769112152,1.4547369480133057,0.7836090877535277
GPR,seed10,81,Balanced,1.9,2.4,2.8057499999999997,2.7851767539978027,2.8057499999999997,2.787797212600708,1.61895,1.591820240020752,-0.1515926535897929,-0.13057033717632294,1.456,1.4518277645111084,0.9168044726369362
GPR,seed10,37,Bar-dominant,1.9,1.6,2.254,2.2927944660186768,2.254,2.312490224838257,1.302,1.3198260068893433,0.18,0.20292460918426514,1.753,1.781268835067749,0.8509929842599226
GPR,seed10,19,Bar-dominant,1.7,1.6,2.265459613963577,2.2550647258758545,2.2560475635926176,2.2450814247131348,1.3002329380952533,1.3014434576034546,0.1860866797644473,0.08354178071022034,1.7560866797644472,1.6726653575897217,0.7347489406375857
k-NN,seed10,45,Bar-dominant,2.0,1.6,2.359824713829398,2.3295251439341036,2.4702784769722665,2.3431241438643866,1.3225083463659424,1.3479824167644554,0.16942337291463724,0.17012992215334957,1.7404233729146374,1.7628442078676354,0.8153340290223585
k-NN,seed10,95,Y-dominant,1.1,1.8,2.0764,2.078237427276688,2.0764,2.0637064225339743,1.1977,1.1956177412807778,0.26,0.2058270053689262,1.731,1.689768813024611,0.8595204162116645
k-NN,seed10,56,Balanced,1.1,1.4,1.9825000000000002,2.031128687347246,1.98375,2.031889003271727,1.145,1.173035415523721,-0.21059265358979307,-0.23105993991800577,1.407,1.3896755708146444,0.8682657891688002
k-NN,seed10,84,Balanced,2.0,2.5,2.898,2.712535714285714,2.898,2.712242857142857,1.674,1.5660071428571432,-0.1435926535897929,-0.10793656021982274,1.459,1.4784285714285714,0.6470902909552442
k-NN,seed10,98,Y-dominant,1.1,2.5,1.9890008144794713,2.09849375487537,2.613880739591653,2.475085941236505,1.163485315417343,1.217256734601879,0.37573885390662826,0.35984290868227475,1.5957388539066282,1.6399857658251318,0.6946058279186289
k-NN,seed10,41,Bar-dominant,2.0,1.9,2.5096507575756433,2.3951420202869858,2.510774999660516,2.4093532681419263,1.446899563231579,1.387545857908121,0.17122299937936544,0.07567247301207423,1.7422229993793656,1.6555560883234435,0.680589086172611
k-NN,seed10,80,Balanced,1.9,2.2,2.706,2.7127428571428567,2.706,2.7127428571428567,1.56415,1.566485714285714,-0.18459265358979327,-0.16130693930407888,1.408,1.4402857142857144,0.8754037509868586
k-NN,seed10,108,Y-dominant,1.3,2.4,2.2576822739260725,2.3285362337659747,2.4252537494916315,2.405132550556717,1.3208798064459844,1.3468592274040714,0.25141479063014,0.2656793597122065,1.68241479063014,1.6936793597122062,0.8975502451119781
k-NN,seed10,48,Bar-dominant,2.0,1.4,2.3698152438534104,2.2726593094790037,2.6904826933396144,2.373901988448485,1.2449578454068284,1.2692166073249738,0.15541321480755507,0.1667050762664059,1.7274132148075552,1.8001336476949774,0.6162617485914494
k-NN,seed10,2,Bar-dominant,1.3,1.0,1.691664072001294,1.8537433659523384,1.7417773872883584,1.8531115471301263,1.0083539845366503,1.0680348267987203,0.20092116470008953,0.2101543396854318,1.7719211647000896,1.8268686253997175,0.7240104719938962
k-NN,seed10,53,Balanced,1.0,1.3,1.8917499999999998,1.9783144511423625,1.8917499999999998,1.979008424474919,1.0924999999999998,1.1425354859350088,-0.22259265358979308,-0.16606529221079971,1.402,1.4462998394375945,0.7839526246877707
k-NN,seed10,52,Balanced,1.0,1.2,1.8469000000000002,1.9524460782961595,1.8469000000000002,1.9505367128438773,1.0659,1.1252494628126177,-0.247592653589793,-0.09879507127988765,1.365,1.508913966998536,0.67303478951448
k-NN,seed10,110,Y-dominant,1.3,2.5,2.2422777370343754,2.3895563790053833,2.540131856071085,2.436434903381231,1.3200579130374792,1.3789233848064644,0.26892339156119455,0.26143621861013033,1.6569233915611945,1.7010076471815587,0.7163512592124427
k-NN,seed10,43,Bar-dominant,2.0,1.8,2.4548595581010333,2.3295251439341036,2.4166987192494345,2.3431241438643866,1.3867678249722057,1.3479824167644552,0.14596583160301807,0.17012992215334963,1.716965831603018,1.7628442078676352,0.820627354275406
k-NN,seed10,79,Balanced,1.8,2.1,2.6169000000000002,2.6273285714285715,2.6188499999999997,2.6273285714285715,1.51125,1.5172,-0.17959265358979293,-0.16559265358979314,1.413,1.4405714285714286,0.9017454641350163
k-NN,seed10,1,Bar-dominant,1.3,1.1,1.8312,1.854828534733167,1.8312,1.8552581461772337,1.0572,1.070150879111256,0.237,0.21373173653685243,1.808,1.8055888793939954,0.9247773229090497
k-NN,seed10,10,Bar-dominant,1.5,1.2,1.8927,1.9305926763247068,1.8927,1.9551635689269145,1.0935000000000001,1.1058290257993424,0.17,0.1991256916072042,1.741,1.7791256916072042,0.8484615159903149
k-NN,seed10,35,Bar-dominant,1.9,1.1,2.271007926009947,2.2570907680903844,2.767474489198446,2.5818154512024205,1.1221922525288615,1.265714241975577,0.16335799822120356,0.16533310600766996,1.7343579982212036,1.7583331060076701,0.7134678184827853
k-NN,seed10,47,Bar-dominant,2.0,1.3,2.376005156244405,2.3014767905865177,2.782773961000561,2.445235223031023,1.2086051896617225,1.3559824133318241,0.1569166696807406,0.1636341412946156,1.7299166696807406,1.78391985558033,0.5721104430389745
k-NN,seed10,26,Bar-dominant,1.8,1.5,2.1614999999999998,2.1950786623952165,2.1614999999999998,2.238568966035291,1.2473999999999998,1.2569795535484078,0.182,0.17443680284122492,1.752,1.7722939456983677,0.8539997972498279
k-NN,seed10,68,Balanced,1.5,2.0,2.4657506210077287,2.430914285714286,2.463260380329014,2.430914285714286,1.4227521257061475,1.403635714285714,-0.22130237667857805,-0.1783069393040788,1.4012902769112152,1.4281428571428572,0.8618190685600732
k-NN,seed10,81,Balanced,1.9,2.4,2.8057499999999997,2.712535714285714,2.8057499999999997,2.712242857142857,1.61895,1.5660071428571427,-0.1515926535897929,-0.10793656021982274,1.456,1.4784285714285714,0.7712001280391655
k-NN,seed10,37,Bar-dominant,1.9,1.6,2.254,2.3295251439341036,2.254,2.3431241438643866,1.302,1.3479824167644554,0.18,0.1701299221533496,1.753,1.7628442078676354,0.8163181769053661
k-NN,seed10,19,Bar-dominant,1.7,1.6,2.265459613963577,2.2271654956872404,2.2560475635926176,2.249295551971111,1.3002329380952533,1.2918809282721084,0.1860866797644473,0.11439877390328175,1.7560866797644472,1.6903405815589667,0.7890870673203985
RF,seed10,45,Bar-dominant,2.0,1.6,2.359824713829398,2.343635805079885,2.4702784769722665,2.37607596380479,1.3225083463659424,1.3718797153408997,0.16942337291463724,0.16192806463109105,1.7404233729146374,1.7826774237323706,0.8148627722290064
RF,seed10,95,Y-dominant,1.1,1.8,2.0764,2.0790199474842264,2.0764,2.0788072892210154,1.1977,1.1979535283153648,0.26,0.1776473899954429,1.731,1.6728358267398675,0.8087210324900002
RF,seed10,56,Balanced,1.1,1.4,1.9825000000000002,1.969927350345561,1.98375,1.9708205558838288,1.145,1.1374306671410044,-0.21059265358979307,-0.22744713296999763,1.407,1.3907628719644791,0.9475328419133834
RF,seed10,84,Balanced,2.0,2.5,2.898,2.7598305173282824,2.898,2.7597732268897137,1.674,1.59348818277871,-0.1435926535897929,-0.06183061165699996,1.459,1.507290915267399,0.6636626572148098
RF,seed10,98,Y-dominant,1.1,2.5,1.9890008144794713,1.9827205791697335,2.613880739591653,2.556258669128195,1.163485315417343,1.154433377812686,0.37573885390662826,0.3835148865686697,1.5957388539066282,1.603982386568673,0.8889485997759862
RF,seed10,41,Bar-dominant,2.0,1.9,2.5096507575756433,2.442723986091822,2.510774999660516,2.4534505052981896,1.446899563231579,1.413607667509243,0.17122299937936544,0.09976940292889973,1.7422229993793656,1.683191516718384,0.7593117398496158
RF,seed10,80,Balanced,1.9,2.2,2.706,2.699638895896419,2.706,2.6999311021187213,1.56415,1.558716977724978,-0.18459265358979327,-0.13920671611009744,1.408,1.4585992680681608,0.8095107071174824
RF,seed10,108,Y-dominant,1.3,2.4,2.2576822739260725,2.4127223365902295,2.4252537494916315,2.3833402691093957,1.3208798064459844,1.3752778361973312,0.25141479063014,0.3173502308209363,1.68241479063014,1.7075083791215788,0.7888213725644084
RF,seed10,48,Bar-dominant,2.0,1.4,2.3698152438534104,2.324688552601303,2.6904826933396144,2.432725909078734,1.2449578454068284,1.3885519286285024,0.15541321480755507,0.16301401868651205,1.7274132148075552,1.7791280186865048,0.6227165872764592
RF,seed10,2,Bar-dominant,1.3,1.0,1.691664072001294,1.8089879880905215,1.7417773872883584,1.8093863038026998,1.0083539845366503,1.0451972622684347,0.20092116470008953,0.1464501465835525,1.7719211647000896,1.728816482399588,0.8042355816813207
RF,seed10,53,Balanced,1.0,1.3,1.8917499999999998,1.9323156796834542,1.8917499999999998,1.931934518585253,1.0924999999999998,1.1145727980148277,-0.22259265358979308,-0.14665894015102363,1.402,1.4677076544855476,0.825214360697797
RF,seed10,52,Balanced,1.0,1.2,1.8469000000000002,1.9191572184934735,1.8469000000000002,1.9164543575829256,1.0659,1.1049704912507523,-0.247592653589793,-0.07171764025885151,1.365,1.5354382315027135,0.6716549641222638
RF,seed10,110,Y-dominant,1.3,2.5,2.2422777370343754,2.236475552350777,2.540131856071085,2.4915990713970193,1.3200579130374792,1.296532125592896,0.26892339156119455,0.30914482428273976,1.6569233915611945,1.6614148242827451,0.8776046389964643
RF,seed10,43,Bar-dominant,2.0,1.8,2.4548595581010333,2.4219667372773133,2.4166987192494345,2.435333287663517,1.3867678249722057,1.403388984977853,0.14596583160301807,0.12809226316863748,1.716965831603018,1.7121267377100409,0.9245632267943624
RF,seed10,79,Balanced,1.8,2.1,2.6169000000000002,2.5927009538790613,2.6188499999999997,2.593211985918844,1.51125,1.4975750042180258,-0.17959265358979293,-0.12383018303457485,1.413,1.4752034879049887,0.7829337613124815
RF,seed10,1,Bar-dominant,1.3,1.1,1.8312,1.8303132404066558,1.8312,1.8389431109582344,1.0572,1.0597426479526069,0.237,0.12148207273008882,1.808,1.70148725174869,0.7536950212165378
RF,seed10,10,Bar-dominant,1.5,1.2,1.8927,1.9617284507311497,1.8927,1.9651666625845419,1.0935000000000001,1.124585588660687,0.17,0.20224942719866534,1.741,1.7857880803825137,0.8162645203149933
RF,seed10,35,Bar-dominant,1.9,1.1,2.271007926009947,2.264578196716709,2.767474489198446,2.680657346666523,1.1221922525288615,1.2190595813586242,0.16335799822120356,0.16543242263582794,1.7343579982212036,1.7379999226358265,0.827554337333456
RF,seed10,47,Bar-dominant,2.0,1.3,2.376005156244405,2.3300974171018973,2.782773961000561,2.4609497608681474,1.2086051896617225,1.440336611138349,0.1569166696807406,0.15984406376410285,1.7299166696807406,1.7869135637640974,0.5436835135957233
RF,seed10,26,Bar-dominant,1.8,1.5,2.1614999999999998,2.211203335435768,2.1614999999999998,2.226366946390246,1.2473999999999998,1.2744265273765643,0.182,0.17448811729859487,1.752,1.7879221073779568,0.8516111650799388
RF,seed10,68,Balanced,1.5,2.0,2.4657506210077287,2.3898440353030175,2.463260380329014,2.39035793397112,1.4227521257061475,1.3791444633049361,-0.22130237667857805,-0.06552656868434198,1.4012902769112152,1.5089966529692864,0.6463360010586023
RF,seed10,81,Balanced,1.9,2.4,2.8057499999999997,2.7329704888861555,2.8057499999999997,2.732882323352206,1.61895,1.5778332269726068,-0.1515926535897929,-0.07506993854781063,1.456,1.502337239422103,0.7534945934604941
RF,seed10,37,Bar-dominant,1.9,1.6,2.254,2.2833907383859,2.254,2.3155187969159714,1.302,1.3167820658023108,0.18,0.16669755532408556,1.753,1.7675831530294916,0.8696639176687126
RF,seed10,19,Bar-dominant,1.7,1.6,2.265459613963577,2.221591741419604,2.2560475635926176,2.2539431843939446,1.3002329380952533,1.2870907343804376,0.1860866797644473,0.10754193572787436,1.7560866797644472,1.689528611201692,0.780169442097191
PRSM,seed10,45,Bar-dominant,2.0,1.6,2.359824713829398,2.5016653260332644,2.4702784769722665,2.5544181559309678,1.3225083463659424,1.4503825212775296,0.16942337291463724,0.032418470253839815,1.7404233729146374,1.6467745782766166,0.572834814635045
PRSM,seed10,95,Y-dominant,1.1,1.8,2.0764,2.0727166417946408,2.0764,2.050794535538979,1.1977,1.1980888270547958,0.26,0.06352389326555485,1.731,1.5639497892276006,0.6056836725959568
PRSM,seed10,56,Balanced,1.1,1.4,1.9825000000000002,1.9367774539650613,1.98375,1.8732298289134408,1.145,1.1147651743361786,-0.21059265358979307,-0.035974632820845676,1.407,1.5475441109760455,0.6927256489723839
PRSM,seed10,84,Balanced,2.0,2.5,2.898,2.8653431462527594,2.898,2.8641279980200522,1.674,1.670563068275077,-0.1435926535897929,-0.1415323136955824,1.459,1.4534123959314484,0.925717328966506
PRSM,seed10,98,Y-dominant,1.1,2.5,1.9890008144794713,2.2202871648869547,2.613880739591653,2.4938669050208095,1.163485315417343,1.2712013763821233,0.37573885390662826,0.4910273317731575,1.5957388539066282,1.7570821634288236,0.46212280253694543
PRSM,seed10,41,Bar-dominant,2.0,1.9,2.5096507575756433,2.6440057466385083,2.510774999660516,2.6267195181169156,1.446899563231579,1.5407717404855157,0.17122299937936544,-0.08479705064811327,1.7422229993793656,1.5438841035897248,0.4525246771523886
PRSM,seed10,80,Balanced,1.9,2.2,2.706,2.6875668852571297,2.706,2.654734874742407,1.56415,1.5631440398878176,-0.18459265358979327,-0.11439888934009157,1.408,1.4991927633802733,0.7052442954609989
PRSM,seed10,108,Y-dominant,1.3,2.4,2.2576822739260725,2.3254245334003993,2.4252537494916315,2.4633960048917993,1.3208798064459844,1.3337629855256896,0.25141479063014,0.2557778607275709,1.68241479063014,1.6608277411063626,0.8792621258799973
PRSM,seed10,48,Bar-dominant,2.0,1.4,2.3698152438534104,2.3950414453341686,2.6904826933396144,2.523403498831306,1.2449578454068284,1.3806809842821297,0.15541321480755507,0.1434687765507794,1.7274132148075552,1.7367217913485273,0.7017053710880493
PRSM,seed10,2,Bar-dominant,1.3,1.0,1.691664072001294,1.8296520657143736,1.7417773872883584,1.8729652223062994,1.0083539845366503,1.0308256924344996,0.20092116470008953,0.0450518971292071,1.7719211647000896,1.6830090874174344,0.6890095665426165
PRSM,seed10,53,Balanced,1.0,1.3,1.8917499999999998,1.8624614375027362,1.8917499999999998,1.79436152994669,1.0924999999999998,1.074379356424402,-0.22259265358979308,-0.050915539253877595,1.402,1.5269259656877365,0.7275115798552602
PRSM,seed10,52,Balanced,1.0,1.2,1.8469000000000002,1.8221522414494995,1.8469000000000002,1.7591733292404632,1.0659,1.048286941179846,-0.247592653589793,-0.06095758384752559,1.365,1.532793783372112,0.7007289528953531
PRSM,seed10,110,Y-dominant,1.3,2.5,2.2422777370343754,2.3432414520774305,2.540131856071085,2.531349008755791,1.3200579130374792,1.3412382773185174,0.26892339156119455,0.3201896538137663,1.6569233915611945,1.6912737041479748,0.8233792067856845
PRSM,seed10,43,Bar-dominant,2.0,1.8,2.4548595581010333,2.598904993162547,2.4166987192494345,2.5991818138500724,1.3867678249722057,1.5125304122542023,0.14596583160301807,-0.05230653548658948,1.716965831603018,1.5739102158292255,0.49070893290440315
PRSM,seed10,79,Balanced,1.8,2.1,2.6169000000000002,2.5785261355518116,2.6188499999999997,2.542409097087887,1.51125,1.494915483696613,-0.17959265358979293,-0.08535057177678995,1.413,1.5259738425146852,0.6633303439468161
PRSM,seed10,1,Bar-dominant,1.3,1.1,1.8312,1.8803137318857501,1.8312,1.8927967233022405,1.0572,1.064738745292874,0.237,0.017325138267619833,1.808,1.6536650732732276,0.6425270652556825
PRSM,seed10,10,Bar-dominant,1.5,1.2,1.8927,2.0141794276031484,1.8927,2.052658908835527,1.0935000000000001,1.1424454038909162,0.17,0.05589185003687436,1.741,1.6912615893408982,0.6704739822761474
PRSM,seed10,35,Bar-dominant,1.9,1.1,2.271007926009947,2.160600087942771,2.767474489198446,2.3963382348786624,1.1221922525288615,1.225771696456702,0.16335799822120356,0.29756336884854173,1.7343579982212036,1.8686748489085434,0.46137820239755306
PRSM,seed10,47,Bar-dominant,2.0,1.3,2.376005156244405,2.3382104248959408,2.782773961000561,2.513052045588766,1.2086051896617225,1.3429975985274067,0.1569166696807406,0.20886591740793925,1.7299166696807406,1.7881014668686777,0.5762219065136651
PRSM,seed10,26,Bar-dominant,1.8,1.5,2.1614999999999998,2.3235249078516165,2.1614999999999998,2.3535658248991513,1.2473999999999998,1.3359775382125052,0.182,0.030911881901811822,1.752,1.6592035693297933,0.5821052983290479
PRSM,seed10,68,Balanced,1.5,2.0,2.4657506210077287,2.3464350121501285,2.463260380329014,2.3173115295472506,1.4227521257061475,1.3522267317756664,-0.22130237667857805,-0.007576731678119231,1.4012902769112152,1.5647687202699132,0.5457117977463282
PRSM,seed10,81,Balanced,1.9,2.4,2.8057499999999997,2.7528803361214846,2.8057499999999997,2.7464003346535497,1.61895,1.5999351164053377,-0.1515926535897929,-0.10374389129300665,1.456,1.4875334669048215,0.8235159927420481
PRSM,seed10,37,Bar-dominant,1.9,1.6,2.254,2.4353212512451874,2.254,2.4622324999256353,1.302,1.4074489342228917,0.18,0.011587919857707463,1.753,1.6366677565537446,0.5367103235399839
PRSM,seed10,19,Bar-dominant,1.7,1.6,2.265459613963577,2.311372310146049,2.2560475635926176,2.2970603904094293,1.3002329380952533,1.3296003922735378,0.1860866797644473,-0.017100808996603267,1.7560866797644472,1.6157368082762336,0.5929544921402321
GPR,seed11,105,Y-dominant,1.2,2.4,2.6517274746851345,2.1488945484161377,2.3349885910637207,2.4534595012664795,1.4752984374702838,1.253726601600647,0.38206007837083816,0.3196107745170593,1.7460600783708382,1.672690510749817,0.46263317060713544
GPR,seed11,16,Bar-dominant,1.6,1.5,2.16535,2.149294853210449,2.1669,2.106912136077881,1.25085,1.255266785621643,0.193,0.06667104363441467,1.764,1.6591992378234863,0.6996790808737183
GPR,seed11,99,Y-dominant,1.1,1.9,2.0790021645010377,2.092395782470703,2.082235927368049,2.042097330093384,1.2014965845884542,1.215121865272522,0.28255699955856206,0.23899097740650177,1.7435569995585622,1.7161611318588257,0.8742040501927713
GPR,seed11,36,Bar-dominant,1.9,1.4,2.268798599479469,2.2568979263305664,2.478161714658128,2.4071199893951416,1.2312060260178583,1.2627828121185303,0.17145463892772492,0.19340208172798157,1.7424546389277251,1.7879836559295654,0.8347972948535297
GPR,seed11,0,Bar-dominant,1.2,1.0,1.7457003465658132,1.784338355064392,1.7452359484223434,1.7316335439682007,1.0087004928790133,1.0708540678024292,0.2463698803606492,0.2098575234413147,1.8173698803606493,1.758202314376831,0.8475141536640354
GPR,seed11,39,Bar-dominant,1.9,1.5,2.2678312216741356,2.2618908882141113,2.2712910690935604,2.3661317825317383,1.3072998429801153,1.272006630897522,0.164752671849456,0.20573273301124573,1.7837526718494559,1.787413239479065,0.799615217436849
GPR,seed11,9,Bar-dominant,1.5,1.0,1.871256680014797,1.8669064044952393,1.8728957857199402,2.012140989303589,1.0812494801536263,1.0290875434875488,0.20032799567099582,0.24625292420387268,1.8683279956709957,1.8178741931915283,0.7364143271288403
GPR,seed11,2,Bar-dominant,1.3,1.0,1.691664072001294,1.7769677639007568,1.7417773872883584,1.7575496435165405,1.0083539845366503,1.0478410720825195,0.20092116470008953,0.25509709119796753,1.7719211647000896,1.8049492835998535,0.856383769483038
GPR,seed11,42,Bar-dominant,2.0,1.5,2.378250643855689,2.3446998596191406,2.370505060963663,2.5531222820281982,1.3650060690142234,1.2902123928070068,0.15926416495988552,0.16380524635314941,1.8272641649598855,1.7431730031967163,0.7051279318586875
GPR,seed11,35,Bar-dominant,1.9,1.1,2.271007926009947,2.2805166244506836,2.767474489198446,2.5373482704162598,1.1221922525288615,1.2889490127563477,0.16335799822120356,0.15467002987861633,1.7343579982212036,1.752492904663086,0.6613524911140498
GPR,seed11,6,Bar-dominant,1.5,1.3,1.9991999999999999,1.980149507522583,1.9991999999999999,1.9374064207077026,1.1536,1.1499369144439697,0.215,0.12590137124061584,1.786,1.7197654247283936,0.7802899580650184
GPR,seed11,52,Balanced,1.0,1.2,1.8469000000000002,1.898446798324585,1.8469000000000002,1.8849868774414062,1.0659,1.1137194633483887,-0.247592653589793,-0.1396990567445755,1.365,1.4641344547271729,0.771880305405564
GPR,seed11,30,Bar-dominant,1.8,1.1,2.173554352897576,2.173588514328003,2.562926455036068,2.4196178913116455,1.1099229606491847,1.1971906423568726,0.1709986684491855,0.17048132419586182,1.7409986684491856,1.7758400440216064,0.782044688724672
GPR,seed11,73,Balanced,1.6,2.0,2.4858000000000002,2.491037368774414,2.4858000000000002,2.4991726875305176,1.4346,1.4348398447036743,-0.16559265358979314,-0.19775165617465973,1.44,1.4189249277114868,0.903738509004239
GPR,seed11,72,Balanced,1.6,1.8,2.5148164807554334,2.3832905292510986,2.5151979264950954,2.390552043914795,1.4518309105720266,1.3814008235931396,-0.30881240452925035,-0.15591837465763092,1.3440891190605426,1.452364206314087,0.6026241455466961
GPR,seed11,90,Y-dominant,1.0,1.9,1.972,2.073718309402466,1.972,1.9969525337219238,1.13825,1.1971206665039062,0.253,0.334762305021286,1.723,1.777179479598999,0.7899511893537914
GPR,seed11,77,Balanced,1.8,2.3,2.71215,2.7311673164367676,2.71215,2.7097387313842773,1.5661999999999998,1.5754519701004028,-0.16159265358979313,-0.12535960972309113,1.45,1.469557523727417,0.8928954155205342
GPR,seed11,78,Balanced,1.8,2.2,2.67,2.685150623321533,2.67,2.6803548336029053,1.542,1.5510581731796265,-0.15359265358979313,-0.16221682727336884,1.446,1.4439935684204102,0.9600462661658935
GPR,seed11,85,Balanced,2.0,2.3,2.795,2.793987274169922,2.795,2.8091676235198975,1.61465,1.6066133975982666,-0.18959265358979316,-0.1567373424768448,1.402,1.431869626045227,0.8648269502779333
GPR,seed11,60,Balanced,1.3,1.7,2.208,2.1957271099090576,2.208,2.222688913345337,1.275,1.2626712322235107,-0.19459265358979305,-0.16345293819904327,1.427,1.429145097732544,0.9380296106063469
GPR,seed11,29,Bar-dominant,1.8,1.7,2.338000654940028,2.312059164047241,2.339010572321792,2.293699264526367,1.349249622036961,1.3465559482574463,0.18225149714577257,0.11157713830471039,1.7532514971457727,1.6859149932861328,0.775029343458263
GPR,seed11,15,Bar-dominant,1.6,1.0,1.9916038185341984,1.9619545936584473,1.984173806670247,2.208554983139038,1.1387876338122493,1.0504504442214966,0.18995822204005577,0.20293471217155457,1.9349582220400559,1.789292573928833,0.6629280248083678
GPR,seed11,58,Balanced,1.2,1.5,2.073600439453079,2.069551944732666,2.0757300288455096,2.0911126136779785,1.1974488673212813,1.1860902309417725,-0.2012436951644775,-0.22259493172168732,1.4103489584253157,1.388240933418274,0.926608282002986
GPR,seed11,54,Balanced,1.1,1.5,2.0215,2.0096564292907715,2.0215,2.0289061069488525,1.1674,1.156015157699585,-0.2255926535897932,-0.1917978674173355,1.413,1.4108270406723022,0.945561213317407
k-NN,seed11,105,Y-dominant,1.2,2.4,2.6517274746851345,2.1151966777521274,2.3349885910637207,2.44303460801125,1.4752984374702838,1.244723874553505,0.38206007837083816,0.3008372593056135,1.7460600783708382,1.6550372593056135,0.4522766415860574
k-NN,seed11,16,Bar-dominant,1.6,1.5,2.16535,2.1311839378295003,2.1669,2.1391488360557567,1.25085,1.2315778763711305,0.193,0.18917345448804426,1.764,1.759973454488044,0.9307647610062515
k-NN,seed11,99,Y-dominant,1.1,1.9,2.0790021645010377,2.0915319652871553,2.082235927368049,2.070541806073954,1.2014965845884542,1.2010155208753983,0.28255699955856206,0.27476493832274296,1.7435569995585622,1.7343649383227429,0.9578379453996139
k-NN,seed11,36,Bar-dominant,1.9,1.4,2.268798599479469,2.273350049284583,2.478161714658128,2.417647932972579,1.2312060260178583,1.2528791541912516,0.17145463892772492,0.1655633732713973,1.7424546389277251,1.7957633732713973,0.8710052048200617
k-NN,seed11,0,Bar-dominant,1.2,1.0,1.7457003465658132,1.8532686177058408,1.7452359484223434,1.8542736566309865,1.0087004928790133,1.068841044418184,0.2463698803606492,0.12324233268274501,1.8173698803606493,1.7055608634007036,0.6895215079539678
k-NN,seed11,39,Bar-dominant,1.9,1.5,2.2678312216741356,2.241151228169,2.2712910690935604,2.314860327622271,1.3072998429801153,1.2696435019731638,0.164752671849456,0.1743500661317872,1.7837526718494559,1.7541500661317868,0.8774094379127765
k-NN,seed11,9,Bar-dominant,1.5,1.0,1.871256680014797,1.8945062603694622,1.8728957857199402,2.007755330584356,1.0812494801536263,1.0578944935688888,0.20032799567099582,0.19792531068361596,1.8683279956709957,1.7785253106836159,0.7951060516202351
k-NN,seed11,2,Bar-dominant,1.3,1.0,1.691664072001294,1.8397685433103117,1.7417773872883584,1.8401350578196705,1.0083539845366503,1.0609412361492305,0.20092116470008953,0.21428485594526436,1.7719211647000896,1.7950848559452646,0.7562106419075734
k-NN,seed11,42,Bar-dominant,2.0,1.5,2.378250643855689,2.3042290227854427,2.370505060963663,2.4718070262624883,1.3650060690142234,1.2650942762868986,0.15926416495988552,0.1687506514805866,1.8272641649598855,1.7405506514805869,0.7348724037148116
k-NN,seed11,35,Bar-dominant,1.9,1.1,2.271007926009947,2.250655233743296,2.767474489198446,2.5254817278959094,1.1221922525288615,1.3159810311609887,0.16335799822120356,0.16607119946908405,1.7343579982212036,1.768271199469084,0.6401554284026391
k-NN,seed11,6,Bar-dominant,1.5,1.3,1.9991999999999999,1.9943742780153155,1.9991999999999999,1.990729603716541,1.1536,1.1484695676286525,0.215,0.1934597785853182,1.786,1.7644597785853182,0.9326548212805678
k-NN,seed11,52,Balanced,1.0,1.2,1.8469000000000002,1.952970074395529,1.8469000000000002,1.9538585988113162,1.0659,1.1278998082689533,-0.247592653589793,-0.23331664613435388,1.365,1.3874760074554393,0.7586517457852361
k-NN,seed11,30,Bar-dominant,1.8,1.1,2.173554352897576,2.15107082326736,2.562926455036068,2.365193653735447,1.1099229606491847,1.1631968739223262,0.1709986684491855,0.1741593849210983,1.7409986684491856,1.8095593849210985,0.7419923494995896
k-NN,seed11,73,Balanced,1.6,2.0,2.4858000000000002,2.506460124201546,2.4858000000000002,2.5059620760658032,1.4346,1.4473604251412298,-0.16559265358979314,-0.18473459820755003,1.44,1.423058055382243,0.916388002106941
k-NN,seed11,72,Balanced,1.6,1.8,2.5148164807554334,2.358740995849551,2.5151979264950954,2.3602533577399276,1.4518309105720266,1.3609174353120024,-0.30881240452925035,-0.19740759075378717,1.3440891190605426,1.4083850628360057,0.611454588742381
k-NN,seed11,90,Y-dominant,1.0,1.9,1.972,2.119640244135863,1.972,2.0527931679961817,1.13825,1.2092324665288536,0.253,0.3003934779069234,1.723,1.7379934779069235,0.7632869815611425
k-NN,seed11,77,Balanced,1.8,2.3,2.71215,2.7018,2.71215,2.70219,1.5661999999999998,1.5599,-0.16159265358979313,-0.1673926535897931,1.45,1.4335999999999998,0.936284266017622
k-NN,seed11,78,Balanced,1.8,2.2,2.67,2.6563100000000004,2.67,2.6567,1.542,1.53403,-0.15359265358979313,-0.16879265358979315,1.446,1.4312,0.9315005570581925
k-NN,seed11,85,Balanced,2.0,2.3,2.795,2.8049299999999997,2.795,2.8049299999999997,1.61465,1.61976,-0.18959265358979316,-0.1545926535897931,1.402,1.4438,0.8322979314596137
k-NN,seed11,60,Balanced,1.3,1.7,2.208,2.20886,2.208,2.20916,1.275,1.2754299999999998,-0.19459265358979305,-0.20479265358979318,1.427,1.4066,0.9388080147378239
k-NN,seed11,29,Bar-dominant,1.8,1.7,2.338000654940028,2.2974004748805106,2.339010572321792,2.3146284899365597,1.349249622036961,1.3317312387285283,0.18225149714577257,0.1759026693351273,1.7532514971457727,1.7469026693351275,0.9321969134657555
k-NN,seed11,15,Bar-dominant,1.6,1.0,1.9916038185341984,2.030144631511314,1.984173806670247,2.2363734546584237,1.1387876338122493,1.0983028167258087,0.18995822204005577,0.18772534437689795,1.9349582220400559,1.7967253443768978,0.6708376111362115
k-NN,seed11,58,Balanced,1.2,1.5,2.073600439453079,2.08128,2.0757300288455096,2.08179,1.1974488673212813,1.20186,-0.2012436951644775,-0.22099265358979325,1.4103489584253157,1.3916,0.9390817651435744
k-NN,seed11,54,Balanced,1.1,1.5,2.0215,2.0339400000000003,2.0215,2.03445,1.1674,1.17484,-0.2255926535897932,-0.23119265358979318,1.413,1.3898,0.9355242534692447
RF,seed11,105,Y-dominant,1.2,2.4,2.6517274746851345,2.1459210461626936,2.3349885910637207,2.494506301573013,1.4752984374702838,1.260543832934237,0.38206007837083816,0.29799264817857973,1.7460600783708382,1.649620148178586,0.4298675397694219
RF,seed11,16,Bar-dominant,1.6,1.5,2.16535,2.1124911161248168,2.1669,2.123277740357728,1.25085,1.2216336522865745,0.193,0.11526020602754078,1.764,1.6925879020397312,0.7815670769540021
RF,seed11,99,Y-dominant,1.1,1.9,2.0790021645010377,2.085673792100302,2.082235927368049,2.0869057608873565,1.2014965845884542,1.2025584873432777,0.28255699955856206,0.2446628310904794,1.7435569995585622,1.7156270923321444,0.8937175014541708
RF,seed11,36,Bar-dominant,1.9,1.4,2.268798599479469,2.278087604066752,2.478161714658128,2.419629141589858,1.2312060260178583,1.2596980413169154,0.17145463892772492,0.16503911978414293,1.7424546389277251,1.8227016197841357,0.8357955560956585
RF,seed11,0,Bar-dominant,1.2,1.0,1.7457003465658132,1.8838906009376826,1.7452359484223434,1.8901756944044226,1.0087004928790133,1.08610701676417,0.2463698803606492,0.045452930198316165,1.8173698803606493,1.6363850834643592,0.5869356819666472
RF,seed11,39,Bar-dominant,1.9,1.5,2.2678312216741356,2.2736446090370293,2.2712910690935604,2.3747256497012725,1.3072998429801153,1.2743483241258315,0.164752671849456,0.1699315222070025,1.7837526718494559,1.7890365222070002,0.8470581740085992
RF,seed11,9,Bar-dominant,1.5,1.0,1.871256680014797,1.8774802496617897,1.8728957857199402,1.9421981255144587,1.0812494801536263,1.061438895990314,0.20032799567099582,0.20250716981537878,1.8683279956709957,1.791097633083322,0.8690293669487654
RF,seed11,2,Bar-dominant,1.3,1.0,1.691664072001294,1.8562216186502016,1.7417773872883584,1.8683429802863214,1.0083539845366503,1.0680432376095261,0.20092116470008953,0.12770563332419882,1.7719211647000896,1.7139125905780537,0.7118094974104388
RF,seed11,42,Bar-dominant,2.0,1.5,2.378250643855689,2.357326504397091,2.370505060963663,2.612715895351473,1.3650060690142234,1.2715944494251266,0.15926416495988552,0.16014712215705992,1.8272641649598855,1.7354896221570615,0.6510652608217615
RF,seed11,35,Bar-dominant,1.9,1.1,2.271007926009947,2.3095481367116912,2.767474489198446,2.523247686252359,1.1221922525288615,1.5174614973569214,0.16335799822120356,0.16131634114540597,1.7343579982212036,1.7393988411454087,0.5212662615291974
RF,seed11,6,Bar-dominant,1.5,1.3,1.9991999999999999,1.9683112540272116,1.9991999999999999,1.9672977561237355,1.1536,1.135409354712954,0.215,0.13086840878834716,1.786,1.7088120272191205,0.7885538694155557
RF,seed11,52,Balanced,1.0,1.2,1.8469000000000002,1.9049277716569344,1.8469000000000002,1.9017258295453263,1.0659,1.0966588591903577,-0.247592653589793,-0.07274600759554238,1.365,1.5319081988717966,0.6831794972470795
RF,seed11,30,Bar-dominant,1.8,1.1,2.173554352897576,2.1464150661509205,2.562926455036068,2.3061999002396076,1.1099229606491847,1.199741536406352,0.1709986684491855,0.17370595778010248,1.7409986684491856,1.8351109577800953,0.667558664473831
RF,seed11,73,Balanced,1.6,2.0,2.4858000000000002,2.4813770280356278,2.4858000000000002,2.4806307928806923,1.4346,1.4326375170082517,-0.16559265358979314,-0.1803828734803979,1.44,1.431229592331832,0.9559651841299578
RF,seed11,72,Balanced,1.6,1.8,2.5148164807554334,2.3040619223329255,2.5151979264950954,2.3056385772323287,1.4518309105720266,1.329662136758755,-0.30881240452925035,-0.09931779016260432,1.3440891190605426,1.4939656816637117,0.4932463797435902
RF,seed11,90,Y-dominant,1.0,1.9,1.972,2.0838892671856026,1.972,2.045133954380844,1.13825,1.1893245412058457,0.253,0.3078784168457434,1.723,1.7375142515515123,0.7891947316836416
RF,seed11,77,Balanced,1.8,2.3,2.71215,2.6088726050490787,2.71215,2.609893768670888,1.5661999999999998,1.5058839837071338,-0.16159265358979313,-0.05683986249978933,1.45,1.5143079582810177,0.6903706590959847
RF,seed11,78,Balanced,1.8,2.2,2.67,2.605601117260314,2.67,2.606984864977509,1.542,1.504287405383225,-0.15359265358979313,-0.12490842118848659,1.446,1.4648946874346376,0.8346941223692621
RF,seed11,85,Balanced,2.0,2.3,2.795,2.786197524621201,2.795,2.78624306248896,1.61465,1.6088799858050242,-0.18959265358979316,-0.13985169996637248,1.402,1.4541147474798324,0.7944706439931404
RF,seed11,60,Balanced,1.3,1.7,2.208,2.1924859109382866,2.208,2.1921395265746084,1.275,1.2635787192635828,-0.19459265358979305,-0.011405211689544954,1.427,1.5401895457585595,0.6891228642533487
RF,seed11,29,Bar-dominant,1.8,1.7,2.338000654940028,2.2841203508480006,2.339010572321792,2.310261541186477,1.349249622036961,1.3244940632437587,0.18225149714577257,0.09303219768519604,1.7532514971457727,1.6718587835012317,0.7399703261648571
RF,seed11,15,Bar-dominant,1.6,1.0,1.9916038185341984,1.9874778951691119,1.984173806670247,2.196804459978388,1.1387876338122493,1.0744756782393474,0.18995822204005577,0.19317222971274198,1.9349582220400559,1.7718622297127322,0.6966265866307856
RF,seed11,58,Balanced,1.2,1.5,2.073600439453079,2.075026610998437,2.0757300288455096,2.0751635367901518,1.1974488673212813,1.1978982351034453,-0.2012436951644775,-0.18704682930479394,1.4103489584253157,1.4131481323901238,0.9791247111024236
RF,seed11,54,Balanced,1.1,1.5,2.0215,2.0226859011445764,2.0215,2.02328070863385,1.1674,1.1676815587795388,-0.2255926535897932,-0.17083858658464784,1.413,1.427669430208345,0.9247776075107027
PRSM,seed11,105,Y-dominant,1.2,2.4,2.6517274746851345,2.181041523454308,2.3349885910637207,2.4329633552920913,1.4752984374702838,1.273118640304109,0.38206007837083816,0.31989793692454516,1.7460600783708382,1.6712490158514082,0.49570081394381416
PRSM,seed11,16,Bar-dominant,1.6,1.5,2.16535,2.1503539659765822,2.1669,2.1559276708838397,1.25085,1.2274679289161292,0.193,0.047138134478211136,1.764,1.6571676809450993,0.6876089184799133
PRSM,seed11,99,Y-dominant,1.1,1.9,2.0790021645010377,2.1982031400554907,2.082235927368049,2.1431976542865083,1.2014965845884542,1.2713519829387478,0.28255699955856206,0.05683771771061741,1.7435569995585622,1.5560609188554553,0.5506782248440447
PRSM,seed11,36,Bar-dominant,1.9,1.4,2.268798599479469,2.2582235718069468,2.478161714658128,2.4041025126929334,1.2312060260178583,1.2888576841178911,0.17145463892772492,0.14506350752173303,1.7424546389277251,1.7347565163318304,0.8245854908151128
PRSM,seed11,0,Bar-dominant,1.2,1.0,1.7457003465658132,1.6901404872440318,1.7452359484223434,1.7813220175584799,1.0087004928790133,0.9613264410148037,0.2463698803606492,0.02136544144832575,1.8173698803606493,1.6145007558181674,0.6376943475986514
PRSM,seed11,39,Bar-dominant,1.9,1.5,2.2678312216741356,2.289850128307717,2.2712910690935604,2.4047514270626507,1.3072998429801153,1.3082158089716525,0.164752671849456,0.11877023273477416,1.7837526718494559,1.7075538869045443,0.7443658104822474
PRSM,seed11,9,Bar-dominant,1.5,1.0,1.871256680014797,1.8746440396678763,1.8728957857199402,2.002422830251319,1.0812494801536263,1.0411419019023462,0.20032799567099582,0.1879068234672201,1.8683279956709957,1.769618830977132,0.7819468716976736
PRSM,seed11,2,Bar-dominant,1.3,1.0,1.691664072001294,1.7354437763802413,1.7417773872883584,1.837747785321513,1.0083539845366503,0.9801406297445061,0.20092116470008953,0.08749683490705573,1.7719211647000896,1.673786998691463,0.746156003869297
PRSM,seed11,42,Bar-dominant,2.0,1.5,2.378250643855689,2.331376811043489,2.370505060963663,2.4989748988440184,1.3650060690142234,1.3478429002634886,0.15926416495988552,0.14019761231220063,1.8272641649598855,1.7145580063780548,0.735814597941599
PRSM,seed11,35,Bar-dominant,1.9,1.1,2.271007926009947,2.2467424646451715,2.767474489198446,2.4584950800855223,1.1221922525288615,1.2687760592913706,0.16335799822120356,0.2287011949712645,1.7343579982212036,1.8246422449844517,0.5404044050050365
PRSM,seed11,6,Bar-dominant,1.5,1.3,1.9991999999999999,1.9937143162065198,1.9991999999999999,2.0362023741939193,1.1536,1.1372906904951976,0.215,0.07147183904083487,1.786,1.6767221036108257,0.7016913338480534
PRSM,seed11,52,Balanced,1.0,1.2,1.8469000000000002,1.8170708452356454,1.8469000000000002,1.8101368994605107,1.0659,1.046573263227488,-0.247592653589793,-0.16719955699932365,1.365,1.4529773166026867,0.8148761928998263
PRSM,seed11,30,Bar-dominant,1.8,1.1,2.173554352897576,2.153796876490472,2.562926455036068,2.3300905269041428,1.1099229606491847,1.204543512500328,0.1709986684491855,0.22094202932980744,1.7409986684491856,1.8147817353519622,0.6321902925907299
PRSM,seed11,73,Balanced,1.6,2.0,2.4858000000000002,2.4413871521784265,2.4858000000000002,2.3612011486900975,1.4346,1.4013015915397773,-0.16559265358979314,-0.027160236209233357,1.44,1.5732462101026308,0.6267992859759863
PRSM,seed11,72,Balanced,1.6,1.8,2.5148164807554334,2.3287953850275382,2.5151979264950954,2.2626996208944803,1.4518309105720266,1.334471273365324,-0.30881240452925035,-0.008513049769002023,1.3440891190605426,1.6004673935404905,0.4228742839575779
PRSM,seed11,90,Y-dominant,1.0,1.9,1.972,2.183020135941526,1.972,2.1446445727592014,1.13825,1.2451881782025516,0.253,0.09392267106445118,1.723,1.555123604729856,0.5467418303245177
PRSM,seed11,77,Balanced,1.8,2.3,2.71215,2.696934571673509,2.71215,2.6503659136999898,1.5661999999999998,1.545291334957568,-0.16159265358979313,-0.07857884280428173,1.45,1.5218645753171092,0.7267086274354974
PRSM,seed11,78,Balanced,1.8,2.2,2.67,2.6466994998436895,2.67,2.5857649560130485,1.542,1.5125606026235303,-0.15359265358979313,-0.060634395405684494,1.446,1.5409605355761866,0.6837131626113812
PRSM,seed11,85,Balanced,2.0,2.3,2.795,2.7876640631221905,2.795,2.755785157043941,1.61465,1.6033842635022029,-0.18959265358979316,-0.06875280975464548,1.402,1.5111854744323543,0.6314661297237216
PRSM,seed11,60,Balanced,1.3,1.7,2.208,2.16226478775689,2.208,2.0785781654718187,1.275,1.259770205955372,-0.19459265358979305,-0.028774393608248516,1.427,1.5607570942152418,0.6580302666564622
PRSM,seed11,29,Bar-dominant,1.8,1.7,2.338000654940028,2.3478555470429994,2.339010572321792,2.3569878465499956,1.349249622036961,1.336562029243774,0.18225149714577257,0.04449287007892355,1.7532514971457727,1.6458497289588978,0.6634820579712439
PRSM,seed11,15,Bar-dominant,1.6,1.0,1.9916038185341984,1.9635481069966325,1.984173806670247,2.107626199682917,1.1387876338122493,1.0848143943913324,0.18995822204005577,0.22199006489347717,1.9349582220400559,1.805279299553873,0.7377847569986133
PRSM,seed11,58,Balanced,1.2,1.5,2.073600439453079,2.0227557439360533,2.0757300288455096,1.9599951450877178,1.1974488673212813,1.1810543719528972,-0.2012436951644775,-0.06187463348394395,1.4103489584253157,1.5379693510068382,0.7005769332693307
PRSM,seed11,54,Balanced,1.1,1.5,2.0215,2.0179271863588104,2.0215,1.945420839858729,1.1674,1.175437169731427,-0.2255926535897932,-0.09088795077510214,1.413,1.5018314709519407,0.7572752240416853
GPR,seed12,66,Balanced,1.5,1.8,2.34795,2.415806770324707,2.34795,2.4015305042266846,1.3562999999999998,1.3855444192886353,-0.18259265358979304,-0.25335708260536194,1.417,1.3820186853408813,0.8050603336731065
GPR,seed12,70,Balanced,1.6,2.1,2.5234,2.515289545059204,2.5234,2.5161707401275635,1.4578000000000002,1.4444994926452637,-0.18559265358979316,-0.15509676933288574,1.437,1.451197862625122,0.9192752412016568
GPR,seed12,17,Bar-dominant,1.7,1.4,2.072350579655865,2.1243159770965576,2.0714555911253494,2.084139108657837,1.1965996652997737,1.2097254991531372,0.17874794301684896,0.22240808606147766,1.749747943016849,1.8126258850097656,0.8322989530833229
GPR,seed12,69,Balanced,1.5,1.9,2.3935999999999997,2.4515695571899414,2.3935999999999997,2.43300199508667,1.3820999999999999,1.4067567586898804,-0.17359265358979314,-0.23906219005584717,1.437,1.393495798110962,0.8103715960437914
GPR,seed12,11,Bar-dominant,1.6,1.1,1.9683560177213877,1.966631293296814,2.1385196933900494,1.9875093698501587,1.0814469998492438,1.1155375242233276,0.19745556152410765,0.2008209228515625,1.7684555615241078,1.8417649269104004,0.7846179317705263
GPR,seed12,8,Bar-dominant,1.5,1.4,2.0793,2.067822217941284,2.0793,2.095001697540283,1.2006,1.1779550313949585,0.198,0.09636240452528,1.769,1.6561791896820068,0.7266193877907978
GPR,seed12,19,Bar-dominant,1.7,1.6,2.265459613963577,2.255100727081299,2.2560475635926176,2.276963949203491,1.3002329380952533,1.2888340950012207,0.1860866797644473,0.09826208651065826,1.7560866797644472,1.6727323532104492,0.7460978353514992
GPR,seed12,21,Bar-dominant,1.7,1.3,2.0655,2.0884668827056885,2.0655,2.0616097450256348,1.1925000000000001,1.187714695930481,0.187,0.22328291833400726,1.798,1.83978271484375,0.8719583079535033
GPR,seed12,14,Bar-dominant,1.6,1.3,1.9821499999999999,2.037174940109253,1.9821499999999999,1.983384132385254,1.14405,1.1582469940185547,0.174,0.21694938838481903,1.745,1.8071614503860474,0.8427147336756748
GPR,seed12,26,Bar-dominant,1.8,1.5,2.1614999999999998,2.207796096801758,2.1614999999999998,2.206937074661255,1.2473999999999998,1.2594184875488281,0.182,0.211342453956604,1.752,1.7993862628936768,0.8480966992646197
GPR,seed12,100,Y-dominant,1.1,2.3,2.0329931750992176,2.3694052696228027,2.377947746806412,2.290431022644043,1.2014607623465305,1.3573025465011597,0.3199448827240066,0.3787957429885864,1.6549448827240067,1.6985957622528076,0.589009021489147
GPR,seed12,97,Y-dominant,1.1,2.0,2.06925,2.1060619354248047,2.06925,2.0975098609924316,1.1950500000000002,1.2009174823760986,0.217,0.3084743022918701,1.704,1.7545298337936401,0.8077462248149578
GPR,seed12,7,Bar-dominant,1.5,1.1,1.8681,1.8956578969955444,1.8668,1.842671513557434,1.0776999999999999,1.0745295286178589,0.21,0.21966785192489624,1.81,1.8354616165161133,0.93666789556763
GPR,seed12,107,Y-dominant,1.2,2.2,2.169266613397256,2.271923303604126,2.2267371056041863,2.225695848464966,1.2592882880919258,1.2996387481689453,0.2571631698436739,0.28029921650886536,1.714163169843674,1.725752830505371,0.8838873970143302
GPR,seed12,40,Bar-dominant,1.9,1.8,2.4235,2.4106147289276123,2.4235,2.4171574115753174,1.3986,1.3813714981079102,0.178,0.12089134007692337,1.749,1.6841684579849243,0.7900174766692599
GPR,seed12,93,Y-dominant,1.0,2.4,1.8758635344821866,2.2543160915374756,2.537567617526073,2.4545230865478516,1.0934238457629544,1.2887400388717651,0.4227383539175136,0.4479288160800934,1.5887383539175137,1.6405342817306519,0.5220386096596538
GPR,seed12,71,Balanced,1.6,1.9,2.43775,2.508328914642334,2.43775,2.4963231086730957,1.407,1.4403581619262695,-0.17959265358979293,-0.23616236448287964,1.417,1.3949693441390991,0.8112641271136896
GPR,seed12,39,Bar-dominant,1.9,1.5,2.2678312216741356,2.2566843032836914,2.2712910690935604,2.3280625343322754,1.3072998429801153,1.2880524396896362,0.164752671849456,0.19886445999145508,1.7837526718494559,1.7988805770874023,0.8538422492734711
GPR,seed12,31,Bar-dominant,1.8,1.4,2.1696094395074894,2.1748948097229004,2.171690846380896,2.1961522102355957,1.2479992899619083,1.239063024520874,0.17905015604875554,0.2189582884311676,1.7920501560487554,1.8290094137191772,0.861512045288888
GPR,seed12,57,Balanced,1.2,1.6,2.1153999999999997,2.124669075012207,2.1153999999999997,2.0910465717315674,1.2222,1.2128980159759521,-0.2085926535897933,-0.15767455101013184,1.421,1.4383118152618408,0.9048176654974084
GPR,seed12,9,Bar-dominant,1.5,1.0,1.871256680014797,1.8758611679077148,1.8728957857199402,1.847769021987915,1.0812494801536263,1.0626492500305176,0.20032799567099582,0.21435630321502686,1.8683279956709957,1.8452510833740234,0.9233338301296907
GPR,seed12,55,Balanced,1.1,1.3,1.9356003719776456,1.9264131784439087,1.937492994056581,1.9256044626235962,1.117199041344767,1.0951441526412964,-0.24521261631259683,-0.20516842603683472,1.3623800372771964,1.419558048248291,0.8679347170155782
GPR,seed12,87,Y-dominant,1.0,2.2,1.9253432317381753,2.4605836868286133,2.296459772530195,2.14951229095459,1.1422904154156968,1.411065697669983,0.35463302764849364,0.39408570528030396,1.6536330276484936,1.721310019493103,0.4207832955786727
GPR,seed12,85,Balanced,2.0,2.3,2.795,2.788681745529175,2.795,2.7904133796691895,1.61465,1.6062309741973877,-0.18959265358979316,-0.15444904565811157,1.402,1.446580171585083,0.8267611102010793
k-NN,seed12,66,Balanced,1.5,1.8,2.34795,2.3764071533343962,2.34795,2.3790549050649106,1.3562999999999998,1.370339362377346,-0.18259265358979304,-0.25335746584293567,1.417,1.3716714777468575,0.8177182646733449
k-NN,seed12,70,Balanced,1.6,2.1,2.5234,2.560983333333333,2.5234,2.560983333333333,1.4578000000000002,1.4784833333333331,-0.18559265358979316,-0.16559265358979314,1.437,1.4426666666666665,0.9026481753468284
k-NN,seed12,17,Bar-dominant,1.7,1.4,2.072350579655865,2.139376446321819,2.0714555911253494,2.1542518141994202,1.1965996652997737,1.237630558694039,0.17874794301684896,0.1849217500810546,1.749747943016849,1.7885884167477215,0.8175290792936215
k-NN,seed12,69,Balanced,1.5,1.9,2.3935999999999997,2.4271223672543876,2.3935999999999997,2.4264194356080364,1.3820999999999999,1.4008610120927247,-0.17359265358979314,-0.23756914493254047,1.437,1.392793131990586,0.818394271548409
k-NN,seed12,11,Bar-dominant,1.6,1.1,1.9683560177213877,2.009735236808409,2.1385196933900494,2.0081200068419736,1.0814469998492438,1.156597405937161,0.19745556152410765,0.18910319085627258,1.7684555615241078,1.8841031908562726,0.7420106086259974
k-NN,seed12,8,Bar-dominant,1.5,1.4,2.0793,2.0821833333333335,2.0793,2.0827,1.2006,1.2024833333333333,0.198,0.20366666666666666,1.769,1.7746666666666666,0.9796207429867327
k-NN,seed12,19,Bar-dominant,1.7,1.6,2.265459613963577,2.1909969843373864,2.2560475635926176,2.2234897079838865,1.3002329380952533,1.2713890509859025,0.1860866797644473,0.18277320315385012,1.7560866797644472,1.7537732031538502,0.9037274753839706
k-NN,seed12,21,Bar-dominant,1.7,1.3,2.0655,2.1111341044806364,2.0655,2.172311247599837,1.1925000000000001,1.1956147849145262,0.187,0.18537811285510122,1.798,1.7890447795217679,0.8283331977840355
k-NN,seed12,14,Bar-dominant,1.6,1.3,1.9821499999999999,2.0155999999999996,1.9821499999999999,2.0155999999999996,1.14405,1.164,0.174,0.20533333333333337,1.745,1.788,0.8703315357921779
k-NN,seed12,26,Bar-dominant,1.8,1.5,2.1614999999999998,2.225479850830543,2.1614999999999998,2.3272436128699288,1.2473999999999998,1.264841059658522,0.182,0.17559141612975845,1.752,1.7465914161297587,0.7412745496653337
k-NN,seed12,100,Y-dominant,1.1,2.3,2.0329931750992176,2.4231265448947408,2.377947746806412,2.249586692585997,1.2014607623465305,1.3596080615791728,0.3199448827240066,0.3884818405156096,1.6549448827240067,1.7331485071822765,0.5209828414809907
k-NN,seed12,97,Y-dominant,1.1,2.0,2.06925,2.112241830982346,2.06925,2.1374938754582704,1.1950500000000002,1.2231958156093194,0.217,0.27276325005623686,1.704,1.731763250056237,0.8101717351473755
k-NN,seed12,7,Bar-dominant,1.5,1.1,1.8681,1.8844404421583267,1.8668,1.8915590901718822,1.0776999999999999,1.0921027808676298,0.21,0.18170846226657691,1.81,1.7640417955999104,0.8871609193584463
k-NN,seed12,107,Y-dominant,1.2,2.2,2.169266613397256,2.274562973008815,2.2267371056041863,2.2669766248291596,1.2592882880919258,1.3057581882832034,0.2571631698436739,0.2742560110873467,1.714163169843674,1.7075893444206802,0.841747631500332
k-NN,seed12,40,Bar-dominant,1.9,1.8,2.4235,2.419240539543851,2.4235,2.4234801688697627,1.3986,1.3952100897513635,0.178,0.15910951269698248,1.749,1.7297761793636492,0.9245571516663682
k-NN,seed12,93,Y-dominant,1.0,2.4,1.8758635344821866,2.193239242592228,2.537567617526073,2.460612350294124,1.0934238457629544,1.2360929974979655,0.4227383539175136,0.4476094293272812,1.5887383539175137,1.649276095993948,0.575845157537627
k-NN,seed12,71,Balanced,1.6,1.9,2.43775,2.509238826918478,2.43775,2.5093659754983655,1.407,1.4486936368573422,-0.17959265358979293,-0.21766590390294552,1.417,1.4000297063535143,0.8069489527904741
k-NN,seed12,39,Bar-dominant,1.9,1.5,2.2678312216741356,2.300349747778386,2.2712910690935604,2.36755559187393,1.3072998429801153,1.2994040316773605,0.164752671849456,0.17023960129587012,1.7837526718494559,1.7742396012958703,0.8498120090763566
k-NN,seed12,31,Bar-dominant,1.8,1.4,2.1696094395074894,2.240039668765693,2.171690846380896,2.307151292933317,1.2479992899619083,1.2646798239812191,0.17905015604875554,0.16929715491588673,1.7920501560487554,1.8239638215825533,0.7643226907005122
k-NN,seed12,57,Balanced,1.2,1.6,2.1153999999999997,2.087133479817693,2.1153999999999997,2.0878433429485033,1.2222,1.2049162891070937,-0.2085926535897933,-0.206476334114688,1.421,1.4124496528084387,0.9333945016364182
k-NN,seed12,9,Bar-dominant,1.5,1.0,1.871256680014797,1.8518083816697264,1.8728957857199402,1.856450359061964,1.0812494801536263,1.0691319921383793,0.20032799567099582,0.19736120294659554,1.8683279956709957,1.833027869613262,0.9372141650107486
k-NN,seed12,55,Balanced,1.1,1.3,1.9356003719776456,1.96655,1.937492994056581,1.9673999999999998,1.117199041344767,1.1358333333333333,-0.24521261631259683,-0.2259259869231265,1.3623800372771964,1.39,0.9085571813079367
k-NN,seed12,87,Y-dominant,1.0,2.2,1.9253432317381753,2.4801840354968685,2.296459772530195,2.1675380561171598,1.1422904154156968,1.3712012717866193,0.35463302764849364,0.4285235424070187,1.6536330276484936,1.7565235424070191,0.4223804465473969
k-NN,seed12,85,Balanced,2.0,2.3,2.795,2.773633333333333,2.795,2.773633333333333,1.61465,1.6019500000000002,-0.18959265358979316,-0.15925932025645992,1.402,1.4346666666666668,0.8594595002055516
RF,seed12,66,Balanced,1.5,1.8,2.34795,2.3379066825714707,2.34795,2.3394288059575357,1.3562999999999998,1.348021934645393,-0.18259265358979304,-0.16260566671718973,1.417,1.4385132315123366,0.9226242875496884
RF,seed12,70,Balanced,1.6,2.1,2.5234,2.495430320346288,2.5234,2.4950987711153543,1.4578000000000002,1.4398174598022737,-0.18559265358979316,-0.10739161548360288,1.437,1.4807508223260561,0.8075782062862071
RF,seed12,17,Bar-dominant,1.7,1.4,2.072350579655865,2.1301185446959927,2.0714555911253494,2.1929555541508337,1.1965996652997737,1.2172250034025769,0.17874794301684896,0.17930272706489178,1.749747943016849,1.7735936536007884,0.785786427084673
RF,seed12,69,Balanced,1.5,1.9,2.3935999999999997,2.3488820538296213,2.3935999999999997,2.3503490173635155,1.3820999999999999,1.3550708761411807,-0.17359265358979314,-0.13402275260815025,1.437,1.4596152147829118,0.8621799483923756
RF,seed12,11,Bar-dominant,1.6,1.1,1.9683560177213877,1.9874884087354807,2.1385196933900494,2.004793218694074,1.0814469998492438,1.1356977635443606,0.19745556152410765,0.1872681237103869,1.7684555615241078,1.8834121053443658,0.7580936934912206
RF,seed12,8,Bar-dominant,1.5,1.4,2.0793,2.0727815958545652,2.0793,2.073563145157493,1.2006,1.196422191743659,0.198,0.030808026756787,1.769,1.6153132351209054,0.6432913631680676
RF,seed12,19,Bar-dominant,1.7,1.6,2.265459613963577,2.210945422240146,2.2560475635926176,2.2584889856270616,1.3002329380952533,1.2784716264281484,0.1860866797644473,0.13353166682345272,1.7560866797644472,1.7137786294914077,0.8417913198150295
RF,seed12,21,Bar-dominant,1.7,1.3,2.0655,2.098482907554447,2.0655,2.195846518335455,1.1925000000000001,1.1792058604613502,0.187,0.18041790767578822,1.798,1.7959168893097583,0.8048152746658053
RF,seed12,14,Bar-dominant,1.6,1.3,1.9821499999999999,2.024256798216669,1.9821499999999999,2.0401131502172323,1.14405,1.1623870165764487,0.174,0.18982420282163862,1.745,1.7867815191613736,0.860759814453179
RF,seed12,26,Bar-dominant,1.8,1.5,2.1614999999999998,2.228301474588262,2.1614999999999998,2.2920610705198725,1.2473999999999998,1.2709748781801335,0.182,0.17427335557593746,1.752,1.7772533555759387,0.7683972720928468
RF,seed12,100,Y-dominant,1.1,2.3,2.0329931750992176,2.344645314136071,2.377947746806412,2.2912360507971727,1.2014607623465305,1.324049039745012,0.3199448827240066,0.38656745575364637,1.6549448827240067,1.7132349557536506,0.6092460458567878
RF,seed12,97,Y-dominant,1.1,2.0,2.06925,2.1342184800801345,2.06925,2.121908684738921,1.1950500000000002,1.2293073962665577,0.217,0.2864860540171732,1.704,1.7224383703569202,0.829808973410409
RF,seed12,7,Bar-dominant,1.5,1.1,1.8681,1.8935119618086922,1.8668,1.9072512256419452,1.0776999999999999,1.0919161433504372,0.21,0.17687676939877825,1.81,1.7957840857385277,0.8913004632465101
RF,seed12,107,Y-dominant,1.2,2.2,2.169266613397256,2.2704594454902813,2.2267371056041863,2.2834586648324957,1.2592882880919258,1.3053694843276338,0.2571631698436739,0.2808851422896927,1.714163169843674,1.7066776422896937,0.8294637006961806
RF,seed12,40,Bar-dominant,1.9,1.8,2.4235,2.3762811351887163,2.4235,2.394506097738508,1.3986,1.3698568625196401,0.178,0.10174561116063013,1.749,1.68219613477218,0.7634255829510743
RF,seed12,93,Y-dominant,1.0,2.4,1.8758635344821866,2.306137355466556,2.537567617526073,2.4163776265697194,1.0934238457629544,1.2884834909928946,0.4227383539175136,0.4550637523796133,1.5887383539175137,1.6745387523796174,0.46334183083361324
RF,seed12,71,Balanced,1.6,1.9,2.43775,2.4166072171508883,2.43775,2.418507069999807,1.407,1.3949229377071832,-0.17959265358979293,-0.16594561476729772,1.417,1.4508001146147884,0.8924792845064071
RF,seed12,39,Bar-dominant,1.9,1.5,2.2678312216741356,2.2703070515299597,2.2712910690935604,2.37914551689602,1.3072998429801153,1.2711182722699454,0.164752671849456,0.1726401103468493,1.7837526718494559,1.7613876103468453,0.8268844802209111
RF,seed12,31,Bar-dominant,1.8,1.4,2.1696094395074894,2.2081726177240153,2.171690846380896,2.269849640577284,1.2479992899619083,1.2491089221834741,0.17905015604875554,0.1719173199374146,1.7920501560487554,1.8160123199374143,0.8295006323679559
RF,seed12,57,Balanced,1.2,1.6,2.1153999999999997,2.1212620043270665,2.1153999999999997,2.1219059100368223,1.2222,1.2241763706297728,-0.2085926535897933,-0.16297806554317307,1.421,1.4327132859555818,0.9313504124838194
RF,seed12,9,Bar-dominant,1.5,1.0,1.871256680014797,1.877544883950586,1.8728957857199402,1.8977682543655785,1.0812494801536263,1.076904955276107,0.20032799567099582,0.1904033721900456,1.8683279956709957,1.816395688529793,0.9123541835260006
RF,seed12,55,Balanced,1.1,1.3,1.9356003719776456,1.9240659104930726,1.937492994056581,1.923933491791539,1.117199041344767,1.1104542131077766,-0.24521261631259683,-0.18820109321411163,1.3623800372771964,1.4266486848205495,0.8497396987220823
RF,seed12,87,Y-dominant,1.0,2.2,1.9253432317381753,2.507136239506062,2.296459772530195,2.2136901403961633,1.1422904154156968,1.3823697925314866,0.35463302764849364,0.4466980500289759,1.6536330276484936,1.748465550028982,0.43440605486194594
RF,seed12,85,Balanced,2.0,2.3,2.795,2.7765341571969566,2.795,2.7765868124855637,1.61465,1.6032393564373384,-0.18959265358979316,-0.13950048833860432,1.402,1.4558869774736245,0.7897617440163184
PRSM,seed12,66,Balanced,1.5,1.8,2.34795,2.2963382695727916,2.34795,2.2322722229279117,1.3562999999999998,1.3225350927539974,-0.18259265358979304,-0.029675851048146074,1.417,1.5764867670128426,0.6171292671630019
PRSM,seed12,70,Balanced,1.6,2.1,2.5234,2.498911009883626,2.5234,2.429926666087108,1.4578000000000002,1.438436098307328,-0.18559265358979316,-0.03717678677086789,1.437,1.5564306245636632,0.6342994593714246
PRSM,seed12,17,Bar-dominant,1.7,1.4,2.072350579655865,2.16525118819325,2.0714555911253494,2.2783949361615514,1.1965996652997737,1.2112529795767766,0.17874794301684896,0.06186076347726388,1.749747943016849,1.6766131940218147,0.6364637184137815
PRSM,seed12,69,Balanced,1.5,1.9,2.3935999999999997,2.351603057635723,2.3935999999999997,2.2734093842069463,1.3820999999999999,1.3571977347698452,-0.17359265358979314,-0.026242739343408594,1.437,1.5714312455130068,0.6374710784952763
PRSM,seed12,11,Bar-dominant,1.6,1.1,1.9683560177213877,2.0004043274697443,2.1385196933900494,2.1406663899900154,1.0814469998492438,1.1078662781964685,0.19745556152410765,0.1705323833117749,1.7684555615241078,1.7737482200204098,0.9140113449017008
PRSM,seed12,8,Bar-dominant,1.5,1.4,2.0793,2.059369913501027,2.0793,2.1050140183514294,1.2006,1.172265779276358,0.198,0.01769307749981852,1.769,1.635515434586349,0.6511237943888328
PRSM,seed12,19,Bar-dominant,1.7,1.6,2.265459613963577,2.2660247701031797,2.2560475635926176,2.3074558461140295,1.3002329380952533,1.2786973963102852,0.1860866797644473,0.013343079948072933,1.7560866797644472,1.6300287234275395,0.6262451248037094
PRSM,seed12,21,Bar-dominant,1.7,1.3,2.0655,2.126328844399101,2.0655,2.269898860765496,1.1925000000000001,1.1833181800431607,0.187,0.0954940571974292,1.798,1.7076758364164055,0.6466209060414274
PRSM,seed12,14,Bar-dominant,1.6,1.3,1.9821499999999999,2.064528697297724,1.9821499999999999,2.1715983406791692,1.14405,1.1570754444550753,0.174,0.07360106093716445,1.745,1.688242486479708,0.6637634694938025
PRSM,seed12,26,Bar-dominant,1.8,1.5,2.1614999999999998,2.2612300003774313,2.1614999999999998,2.3706632200474975,1.2473999999999998,1.2694112584754356,0.182,0.06083139276356775,1.752,1.6697173102125673,0.6284135286509239
PRSM,seed12,100,Y-dominant,1.1,2.3,2.0329931750992176,2.199635511052208,2.377947746806412,2.315786281196985,1.2014607623465305,1.257144180518572,0.3199448827240066,0.39155263799796547,1.6549448827240067,1.7191925311800424,0.7042262949078937
PRSM,seed12,97,Y-dominant,1.1,2.0,2.06925,2.228924148043196,2.06925,2.172891214876164,1.1950500000000002,1.2817974241382548,0.217,0.1430087930650421,1.704,1.6039004146865994,0.6660275452246958
PRSM,seed12,7,Bar-dominant,1.5,1.1,1.8681,1.9246251251445037,1.8668,2.027264637013726,1.0776999999999999,1.0794899414478776,0.21,0.14861581627750753,1.81,1.7509759511083471,0.7244468425822204
PRSM,seed12,107,Y-dominant,1.2,2.2,2.169266613397256,2.2825338850733474,2.2267371056041863,2.2877611446975266,1.2592882880919258,1.326009991741727,0.2571631698436739,0.210510731870025,1.714163169843674,1.64409140107837,0.7255853376729112
PRSM,seed12,40,Bar-dominant,1.9,1.8,2.4235,2.4578174611039296,2.4235,2.4698857832613528,1.3986,1.4002786217922478,0.178,0.03639353043188431,1.749,1.63135547899372,0.63138834299293
PRSM,seed12,93,Y-dominant,1.0,2.4,1.8758635344821866,2.074190840300091,2.537567617526073,2.354163858795572,1.0934238457629544,1.1450271725025711,0.4227383539175136,0.6361573401361178,1.5887383539175137,1.8260444301176915,0.40375846366606083
PRSM,seed12,71,Balanced,1.6,1.9,2.43775,2.3977390740079705,2.43775,2.332891254639154,1.407,1.3737749536442845,-0.17959265358979293,-0.0331732421230182,1.417,1.575247417885084,0.6063931371784821
PRSM,seed12,39,Bar-dominant,1.9,1.5,2.2678312216741356,2.307001574186333,2.2712910690935604,2.4453691602462966,1.3072998429801153,1.303456077076172,0.164752671849456,0.09293763457680093,1.7837526718494559,1.6893694402538446,0.6746755774185106
PRSM,seed12,31,Bar-dominant,1.8,1.4,2.1696094395074894,2.2203544613943564,2.171690846380896,2.3674072018150873,1.2479992899619083,1.2410204898354564,0.17905015604875554,0.08669811931288729,1.7920501560487554,1.6948632146818787,0.64501276902664
PRSM,seed12,57,Balanced,1.2,1.6,2.1153999999999997,2.079181346945088,2.1153999999999997,2.0121552475979376,1.2222,1.2143693599803904,-0.2085926535897933,-0.05254558803581455,1.421,1.5355795860598023,0.7013217393069189
PRSM,seed12,9,Bar-dominant,1.5,1.0,1.871256680014797,1.8992659331029302,1.8728957857199402,2.0006307635435747,1.0812494801536263,1.0584793245039963,0.20032799567099582,0.21637780360305348,1.8683279956709957,1.8088210987167972,0.7958740232687312
PRSM,seed12,55,Balanced,1.1,1.3,1.9356003719776456,1.8687716141534942,1.937492994056581,1.8510531407220696,1.117199041344767,1.0944891408596802,-0.24521261631259683,-0.08965533645817048,1.3623800372771964,1.5192619002990377,0.6958532641516272
PRSM,seed12,87,Y-dominant,1.0,2.2,1.9253432317381753,2.1824944401777047,2.296459772530195,2.2636249559521584,1.1422904154156968,1.2161374882707179,0.35463302764849364,0.40211687125121665,1.6536330276484936,1.7153594896418416,0.6834162426332466
PRSM,seed12,85,Balanced,2.0,2.3,2.795,2.786749623965037,2.795,2.725844433798235,1.61465,1.6127415850265425,-0.18959265358979316,-0.05587798107989972,1.402,1.52672284883856,0.600075061744606
GPR,seed13,96,Y-dominant,1.1,2.2,2.3918068996054007,2.1626217365264893,2.1837499019514097,2.230116605758667,1.3443531449091817,1.23820161819458,0.35728782838716905,0.34043461084365845,1.7452878283871691,1.7106971740722656,0.7015795989533035
GPR,seed13,15,Bar-dominant,1.6,1.0,1.9916038185341984,1.9590928554534912,1.984173806670247,2.2191755771636963,1.1387876338122493,1.035383701324463,0.18995822204005577,0.19726115465164185,1.9349582220400559,1.7753674983978271,0.6503838596530573
GPR,seed13,113,Y-dominant,1.4,2.5,2.360044647882747,2.3335092067718506,2.506676585676999,2.506173610687256,1.3777679176184583,1.3554928302764893,0.23451570284295817,0.2770845293998718,1.6815157028429581,1.7011395692825317,0.8869415956363873
GPR,seed13,105,Y-dominant,1.2,2.4,2.6517274746851345,2.143200397491455,2.3349885910637207,2.454716444015503,1.4752984374702838,1.2508574724197388,0.38206007837083816,0.3202518820762634,1.7460600783708382,1.6728205680847168,0.45897046925040597
GPR,seed13,23,Bar-dominant,1.7,1.1,2.0720018918910283,2.0628554821014404,2.074586213855673,2.3027570247650146,1.1956045839992344,1.1032967567443848,0.17935135052876194,0.1919569969177246,1.9133513505287618,1.7825794219970703,0.6599484760278195
GPR,seed13,56,Balanced,1.1,1.4,1.9825000000000002,1.979736328125,1.98375,1.9798033237457275,1.145,1.1399625539779663,-0.21059265358979307,-0.22854222357273102,1.407,1.3997015953063965,0.9671179948030124
GPR,seed13,84,Balanced,2.0,2.5,2.898,2.767301082611084,2.898,2.813802719116211,1.674,1.570745587348938,-0.1435926535897929,-0.15109343826770782,1.459,1.425757884979248,0.780060513887507
GPR,seed13,60,Balanced,1.3,1.7,2.208,2.2043895721435547,2.208,2.230557680130005,1.275,1.267133355140686,-0.19459265358979305,-0.16817839443683624,1.427,1.4317505359649658,0.9294892387034389
GPR,seed13,63,Balanced,1.4,1.6,2.205,2.2213995456695557,2.2065,2.226625680923462,1.2734999999999999,1.282422423362732,-0.2535926535897932,-0.16427107155323029,1.349,1.4469072818756104,0.7433984573372907
GPR,seed13,14,Bar-dominant,1.6,1.3,1.9821499999999999,2.0182576179504395,1.9821499999999999,2.0111515522003174,1.14405,1.1549224853515625,0.174,0.21623960137367249,1.745,1.8020784854888916,0.8471953864321975
GPR,seed13,44,Bar-dominant,2.0,1.0,2.367001901139921,2.3326306343078613,2.3652699633674903,2.753758430480957,1.3664989024479868,1.3577120304107666,0.15926742644428815,0.18025106191635132,1.7332674264442882,1.7310686111450195,0.5776323560032164
GPR,seed13,80,Balanced,1.9,2.2,2.706,2.714463233947754,2.706,2.7213261127471924,1.56415,1.5656390190124512,-0.18459265358979327,-0.15601091086864471,1.408,1.4423669576644897,0.8628303130056382
GPR,seed13,31,Bar-dominant,1.8,1.4,2.1696094395074894,2.1741979122161865,2.171690846380896,2.2316417694091797,1.2479992899619083,1.2292780876159668,0.17905015604875554,0.23015686869621277,1.7920501560487554,1.820231556892395,0.8197252783032425
GPR,seed13,83,Balanced,2.0,2.4,2.8534,2.787086009979248,2.8534,2.823173761367798,1.6478000000000002,1.5865437984466553,-0.14459265358979323,-0.18446119129657745,1.449,1.404091477394104,0.8006722563887185
GPR,seed13,55,Balanced,1.1,1.3,1.9356003719776456,1.926034927368164,1.937492994056581,1.9130518436431885,1.117199041344767,1.1152263879776,-0.24521261631259683,-0.20157454907894135,1.3623800372771964,1.4284638166427612,0.8536891031057744
GPR,seed13,12,Bar-dominant,1.6,1.4,2.082,2.0784316062927246,2.082,2.042752981185913,1.203,1.20687735080719,0.203,0.1721559762954712,1.774,1.7581467628479004,0.8919462543199114
GPR,seed13,69,Balanced,1.5,1.9,2.3935999999999997,2.4103848934173584,2.3935999999999997,2.423995018005371,1.3820999999999999,1.3843225240707397,-0.17359265358979314,-0.22357885539531708,1.437,1.3957866430282593,0.8423557884888155
GPR,seed13,116,Y-dominant,1.5,2.5,2.472,2.4563140869140625,2.472,2.5110416412353516,1.428,1.4190388917922974,0.209,0.2399057000875473,1.706,1.7033642530441284,0.9016522152260555
GPR,seed13,59,Balanced,1.2,1.4,2.0254000000000003,2.0163087844848633,2.0267,2.0038115978240967,1.1700000000000002,1.1644772291183472,-0.24459265358979332,-0.19033031165599823,1.361,1.4331616163253784,0.829289760609119
GPR,seed13,104,Y-dominant,1.2,2.0,2.1840023443210863,2.163241386413574,2.1842449814232756,2.1365156173706055,1.25760099440452,1.2539782524108887,0.26453479958330284,0.163155198097229,1.735534799583303,1.6544002294540405,0.7336587047770141
GPR,seed13,50,Bar-dominant,2.0,1.7,2.3550507266298957,2.3788340091705322,2.357967418581508,2.4197113513946533,1.3578981277724995,1.3452708721160889,0.1712144542071438,0.2087589055299759,1.7502144542071436,1.7669715881347656,0.8371696506863211
GPR,seed13,88,Y-dominant,1.0,2.0,2.128711405991897,2.1068639755249023,2.0291177037158423,2.0487279891967773,1.2122168100084028,1.20259428024292,0.330093499509708,0.3730790615081787,1.746093499509708,1.780164361000061,0.8659396346919839
GPR,seed13,9,Bar-dominant,1.5,1.0,1.871256680014797,1.859948754310608,1.8728957857199402,2.015716075897217,1.0812494801536263,1.0167009830474854,0.20032799567099582,0.2379547506570816,1.8683279956709957,1.8067227602005005,0.7342552042016243
GPR,seed13,39,Bar-dominant,1.9,1.5,2.2678312216741356,2.269331455230713,2.2712910690935604,2.3483309745788574,1.3072998429801153,1.2772207260131836,0.164752671849456,0.2127741128206253,1.7837526718494559,1.7973822355270386,0.8073296546038377
k-NN,seed13,96,Y-dominant,1.1,2.2,2.3918068996054007,2.042534340078216,2.1837499019514097,2.300381541646931,1.3443531449091817,1.2010131552847179,0.35728782838716905,0.310580360072058,1.7452878283871691,1.6742470267387246,0.5566225426696323
k-NN,seed13,15,Bar-dominant,1.6,1.0,1.9916038185341984,1.9695699917907772,1.984173806670247,2.1511997941353775,1.1387876338122493,1.0736213750805181,0.18995822204005577,0.1958337222061163,1.9349582220400559,1.7761670555394495,0.7237830300869114
k-NN,seed13,113,Y-dominant,1.4,2.5,2.360044647882747,2.291653336986816,2.506676585676999,2.449328535187572,1.3777679176184583,1.3388459064944878,0.23451570284295817,0.24911272739711152,1.6815157028429581,1.6851127273971116,0.8623688460961466
k-NN,seed13,105,Y-dominant,1.2,2.4,2.6517274746851345,2.1298729823010585,2.3349885910637207,2.498525864269638,1.4752984374702838,1.252750839457179,0.38206007837083816,0.30389634065802773,1.7460600783708382,1.6455630073246945,0.4187409696714416
k-NN,seed13,23,Bar-dominant,1.7,1.1,2.0720018918910283,2.037564148458948,2.074586213855673,2.2826395693893997,1.1956045839992344,1.0915245274545475,0.17935135052876194,0.18630096819980457,1.9133513505287618,1.7569676348664711,0.663779709009185
k-NN,seed13,56,Balanced,1.1,1.4,1.9825000000000002,1.9476166666666668,1.98375,1.9476166666666668,1.145,1.1249,-0.21059265358979307,-0.23059265358979308,1.407,1.4066666666666665,0.9098614042834597
k-NN,seed13,84,Balanced,2.0,2.5,2.898,2.7874166666666667,2.898,2.7874166666666667,1.674,1.6091666666666669,-0.1435926535897929,-0.16325932025645976,1.459,1.4349999999999998,0.7756879524201227
k-NN,seed13,60,Balanced,1.3,1.7,2.208,2.1794999999999995,2.208,2.1794999999999995,1.275,1.2585499999999998,-0.19459265358979305,-0.19592598692312654,1.427,1.417,0.9322830044584905
k-NN,seed13,63,Balanced,1.4,1.6,2.205,2.1799666666666666,2.2065,2.1799666666666666,1.2734999999999999,1.2585499999999998,-0.2535926535897932,-0.20925932025645988,1.349,1.3950000000000002,0.857221028846392
k-NN,seed13,14,Bar-dominant,1.6,1.3,1.9821499999999999,2.0101,1.9821499999999999,2.0101,1.14405,1.1605,0.174,0.19999999999999998,1.745,1.796,0.8721931512680601
k-NN,seed13,44,Bar-dominant,2.0,1.0,2.367001901139921,2.3043381134283893,2.3652699633674903,2.634873466539499,1.3664989024479868,1.4043756932811657,0.15926742644428815,0.1612233864903197,1.7332674264442882,1.7312233864903197,0.6785848450276768
k-NN,seed13,80,Balanced,1.9,2.2,2.706,2.7145499999999996,2.706,2.7145499999999996,1.56415,1.5673666666666666,-0.18459265358979327,-0.15459265358979316,1.408,1.4476666666666667,0.849154020086963
k-NN,seed13,31,Bar-dominant,1.8,1.4,2.1696094395074894,2.1734896741909107,2.171690846380896,2.241143907606974,1.2479992899619083,1.2267468629797076,0.17905015604875554,0.1739783941762709,1.7920501560487554,1.7776450608429375,0.8868475564885057
k-NN,seed13,83,Balanced,2.0,2.4,2.8534,2.7874166666666667,2.8534,2.7874166666666667,1.6478000000000002,1.6091666666666669,-0.14459265358979323,-0.16325932025645976,1.449,1.4349999999999998,0.8519535850110898
k-NN,seed13,55,Balanced,1.1,1.3,1.9356003719776456,1.8894166666666667,1.937492994056581,1.8894166666666667,1.117199041344767,1.0910666666666666,-0.24521261631259683,-0.23792598692312636,1.3623800372771964,1.3906666666666665,0.8768189532172335
k-NN,seed13,12,Bar-dominant,1.6,1.4,2.082,2.105666859885288,2.082,2.105885197041783,1.203,1.2160165550999247,0.203,0.18991598100561635,1.774,1.7609159810056163,0.9335222847646965
k-NN,seed13,69,Balanced,1.5,1.9,2.3935999999999997,2.4171502070025763,2.3935999999999997,2.416320126776338,1.3820999999999999,1.395350708568716,-0.17359265358979314,-0.194495894619388,1.437,1.4117634256370717,0.8990301776303812
k-NN,seed13,116,Y-dominant,1.5,2.5,2.472,2.4761207611447014,2.472,2.4781713900708424,1.428,1.430401731288736,0.209,0.2216168013718148,1.706,1.7139501347051482,0.955611701152919
k-NN,seed13,59,Balanced,1.2,1.4,2.0254000000000003,2.0706334798176926,2.0267,2.0713433429485035,1.1700000000000002,1.1956829557737605,-0.24459265358979332,-0.22514300078135466,1.361,1.392782986141772,0.8794814073223378
k-NN,seed13,104,Y-dominant,1.2,2.0,2.1840023443210863,2.114690534188535,2.1842449814232756,2.129746712248344,1.25760099440452,1.219303514314751,0.26453479958330284,0.23581610865995117,1.735534799583303,1.7121494419932846,0.8442988227587722
k-NN,seed13,50,Bar-dominant,2.0,1.7,2.3550507266298957,2.3692985249617693,2.357967418581508,2.40998132797368,1.3578981277724995,1.3537463507961514,0.1712144542071438,0.15850963720873973,1.7502144542071436,1.7291763038754064,0.8992969290741711
k-NN,seed13,88,Y-dominant,1.0,2.0,2.128711405991897,2.121931246188208,2.0291177037158423,2.045583930344804,1.2122168100084028,1.2106619075572658,0.330093499509708,0.28755916583473495,1.746093499509708,1.7268924991680683,0.9110954846720817
k-NN,seed13,9,Bar-dominant,1.5,1.0,1.871256680014797,1.8106404421583269,1.8728957857199402,1.8173257568385488,1.0812494801536263,1.0487694475342961,0.20032799567099582,0.2040417955999103,1.8683279956709957,1.7913751289332438,0.8458957926875887
k-NN,seed13,39,Bar-dominant,1.9,1.5,2.2678312216741356,2.2695164144450524,2.2712910690935604,2.336722258540597,1.3072998429801153,1.2812040316773605,0.164752671849456,0.17090626796253683,1.7837526718494559,1.7739062679625368,0.8867039136413672
RF,seed13,96,Y-dominant,1.1,2.2,2.3918068996054007,2.031796517530662,2.1837499019514097,2.2906771914604254,1.3443531449091817,1.1926494999734747,0.35728782838716905,0.32849601038459253,1.7452878283871691,1.672506010384594,0.5557736366400984
RF,seed13,15,Bar-dominant,1.6,1.0,1.9916038185341984,1.9988178901569227,1.984173806670247,2.2373642984851214,1.1387876338122493,1.0714766874894734,0.18995822204005577,0.19051881002748264,1.9349582220400559,1.765526063836446,0.6659884530984106
RF,seed13,113,Y-dominant,1.4,2.5,2.360044647882747,2.328300517703229,2.506676585676999,2.4640111823258697,1.3777679176184583,1.356133076547806,0.23451570284295817,0.2392447747522824,1.6815157028429581,1.6844557012881871,0.9059570827695942
RF,seed13,105,Y-dominant,1.2,2.4,2.6517274746851345,2.144720414930821,2.3349885910637207,2.495624678836988,1.4752984374702838,1.260105004034494,0.38206007837083816,0.2983574948637963,1.7460600783708382,1.649309994863804,0.42851749997625654
RF,seed13,23,Bar-dominant,1.7,1.1,2.0720018918910283,2.0759743258912904,2.074586213855673,2.373826902715863,1.1956045839992344,1.0935574013205192,0.17935135052876194,0.18141727216894032,1.9133513505287618,1.7530772721689316,0.6148189963179852
RF,seed13,56,Balanced,1.1,1.4,1.9825000000000002,1.9540055481360346,1.98375,1.9540066883913627,1.145,1.128529235750708,-0.21059265358979307,-0.20068634506274852,1.407,1.431986859507805,0.9154373703543364
RF,seed13,84,Balanced,2.0,2.5,2.898,2.7206882291017003,2.898,2.719920547651683,1.674,1.5701723690281941,-0.1435926535897929,-0.05632156812459321,1.459,1.5146198628523668,0.6101613016523221
RF,seed13,60,Balanced,1.3,1.7,2.208,2.1778916890591926,2.208,2.1773400570594688,1.275,1.2554000772949963,-0.19459265358979305,-0.026627650626211058,1.427,1.530395349697534,0.7073348513274083
RF,seed13,63,Balanced,1.4,1.6,2.205,2.1840508169190564,2.2065,2.18401130834721,1.2734999999999999,1.2600501658338201,-0.2535926535897932,-0.1292861532119116,1.349,1.4703468594637683,0.7005268348876719
RF,seed13,14,Bar-dominant,1.6,1.3,1.9821499999999999,2.0233692064797104,1.9821499999999999,2.041240980321993,1.14405,1.1620008948450986,0.174,0.19079864927462573,1.745,1.7895636201605163,0.8575001910927916
RF,seed13,44,Bar-dominant,2.0,1.0,2.367001901139921,2.339887396817994,2.3652699633674903,2.570676724959913,1.3664989024479868,1.5538653574434271,0.15926742644428815,0.15834751463876734,1.7332674264442882,1.7277500146387663,0.7018763248691067
RF,seed13,80,Balanced,1.9,2.2,2.706,2.7050824504541526,2.706,2.7054617089299966,1.56415,1.5617598034860398,-0.18459265358979327,-0.1374862841223276,1.408,1.4601187735200332,0.8040041982290487
RF,seed13,31,Bar-dominant,1.8,1.4,2.1696094395074894,2.182086362909614,2.171690846380896,2.216614813457258,1.2479992899619083,1.2428783995528927,0.17905015604875554,0.173466379968089,1.7920501560487554,1.8090338799680894,0.914622079323118
RF,seed13,83,Balanced,2.0,2.4,2.8534,2.74322553808149,2.8534,2.742762714406148,1.6478000000000002,1.5833653727829278,-0.14459265358979323,-0.0993764240521103,1.449,1.4834066804536996,0.735573317437463
RF,seed13,55,Balanced,1.1,1.3,1.9356003719776456,1.9103724110636982,1.937492994056581,1.909649402588928,1.117199041344767,1.1023327932938094,-0.24521261631259683,-0.17620630464091053,1.3623800372771964,1.441977730518108,0.8203993669141129
RF,seed13,12,Bar-dominant,1.6,1.4,2.082,2.066517639517702,2.082,2.0730534196059445,1.203,1.1910151213972238,0.203,0.18236747610824483,1.774,1.7663708735300374,0.9439131000889296
RF,seed13,69,Balanced,1.5,1.9,2.3935999999999997,2.3495926885248717,2.3935999999999997,2.3497786766451845,1.3820999999999999,1.356295754337175,-0.17359265358979314,-0.13831272296750094,1.437,1.4507069055645883,0.8713278896612742
RF,seed13,116,Y-dominant,1.5,2.5,2.472,2.4383383486550456,2.472,2.50114702920067,1.428,1.412590386405864,0.209,0.20481487388543368,1.706,1.683021914734799,0.893931242394652
RF,seed13,59,Balanced,1.2,1.4,2.0254000000000003,2.006782589227174,2.0267,2.006121433747956,1.1700000000000002,1.1576490650114477,-0.24459265358979332,-0.029523888501906282,1.361,1.5702550342404233,0.6171735699443625
RF,seed13,104,Y-dominant,1.2,2.0,2.1840023443210863,2.158345308086555,2.1842449814232756,2.1573067121869105,1.25760099440452,1.2410354462058226,0.26453479958330284,0.16409615516925716,1.735534799583303,1.668791626671827,0.7652390199352752
RF,seed13,50,Bar-dominant,2.0,1.7,2.3550507266298957,2.3827091778302214,2.357967418581508,2.4306306784776264,1.3578981277724995,1.3535114113525126,0.1712144542071438,0.16014247428005945,1.7502144542071436,1.737378955914034,0.8749661978577691
RF,seed13,88,Y-dominant,1.0,2.0,2.128711405991897,2.105895198244176,2.0291177037158423,2.0523809256632437,1.2122168100084028,1.2016612446847266,0.330093499509708,0.29973276303158014,1.746093499509708,1.7261601712014507,0.9051910389795692
RF,seed13,9,Bar-dominant,1.5,1.0,1.871256680014797,1.8487244645727363,1.8728957857199402,1.9159213472191552,1.0812494801536263,1.0486965007702767,0.20032799567099582,0.2059378331889578,1.8683279956709957,1.7913965686319024,0.8709665246332337
RF,seed13,39,Bar-dominant,1.9,1.5,2.2678312216741356,2.2696425242540186,2.2712910690935604,2.3624409810523233,1.3072998429801153,1.2759512321210664,0.164752671849456,0.17170046182863336,1.7837526718494559,1.7676829618286292,0.8518236017372425
PRSM,seed13,96,Y-dominant,1.1,2.2,2.3918068996054007,2.164236704659261,2.1837499019514097,2.306676632399835,1.3443531449091817,1.2494706346064006,0.35728782838716905,0.2677142288054304,1.7452878283871691,1.6474989379374603,0.5926797230165519
PRSM,seed13,15,Bar-dominant,1.6,1.0,1.9916038185341984,1.9677198493353314,1.984173806670247,2.1568951291061604,1.1387876338122493,1.0745315754836438,0.18995822204005577,0.24930000053743706,1.9349582220400559,1.8128325882264993,0.6602738802350566
PRSM,seed13,113,Y-dominant,1.4,2.5,2.360044647882747,2.3652245297676093,2.506676585676999,2.6243374559359065,1.3777679176184583,1.3952649395819459,0.23451570284295817,0.1130258452051991,1.6815157028429581,1.5670260694634321,0.5953842981585352
PRSM,seed13,105,Y-dominant,1.2,2.4,2.6517274746851345,2.176202582607807,2.3349885910637207,2.445338328580819,1.4752984374702838,1.2767643123632066,0.38206007837083816,0.3091290130222002,1.7460600783708382,1.6648819119531626,0.485542049573156
PRSM,seed13,23,Bar-dominant,1.7,1.1,2.0720018918910283,2.070329996626401,2.074586213855673,2.2733862023024574,1.1956045839992344,1.134824349736423,0.17935135052876194,0.2079014751101944,1.9133513505287618,1.7851199765694679,0.6763582493435075
PRSM,seed13,56,Balanced,1.1,1.4,1.9825000000000002,1.9331294568870967,1.98375,1.8725368660049229,1.145,1.1328774454115103,-0.21059265358979307,-0.06851796597201654,1.407,1.5398981372802205,0.7103916958805958
PRSM,seed13,84,Balanced,2.0,2.5,2.898,2.8758321195884817,2.898,2.8965784586124004,1.674,1.6633185469142238,-0.1435926535897929,-0.14950196500288504,1.459,1.4368077120364098,0.9112656183995591
PRSM,seed13,60,Balanced,1.3,1.7,2.208,2.1457715241958777,2.208,2.061800033599046,1.275,1.2552185575978276,-0.19459265358979305,-0.009485429666434175,1.427,1.5854863697163304,0.624067415788787
PRSM,seed13,63,Balanced,1.4,1.6,2.205,2.1246060196916545,2.2065,2.0570238552722304,1.2734999999999999,1.2345554483056893,-0.2535926535897932,-0.0012004815323662932,1.349,1.6075206520160399,0.5265606768543245
PRSM,seed13,14,Bar-dominant,1.6,1.3,1.9821499999999999,2.0548642799203956,1.9821499999999999,2.129653318793303,1.14405,1.1564848372464829,0.174,0.10907641964228043,1.745,1.704125384721348,0.7310372203518796
PRSM,seed13,44,Bar-dominant,2.0,1.0,2.367001901139921,2.383798936426969,2.3652699633674903,2.8079054731212274,1.3664989024479868,1.3196483373663044,0.15926742644428815,0.25101423778156784,1.7332674264442882,1.862000811454509,0.4337970558231142
PRSM,seed13,80,Balanced,1.9,2.2,2.706,2.696348166301165,2.706,2.6484102675747216,1.56415,1.5469888619735885,-0.18459265358979327,-0.07098670348828406,1.408,1.5212802868240076,0.642105467596819
PRSM,seed13,31,Bar-dominant,1.8,1.4,2.1696094395074894,2.2186407989378867,2.171690846380896,2.3399185351205434,1.2479992899619083,1.2457241507438037,0.17905015604875554,0.11185897220950114,1.7920501560487554,1.7060917975077001,0.6936814430629432
PRSM,seed13,83,Balanced,2.0,2.4,2.8534,2.8294660256710507,2.8534,2.810610482461424,1.6478000000000002,1.6358742660446823,-0.14459265358979323,-0.10352832287098268,1.449,1.479426810077006,0.8439079272541303
PRSM,seed13,55,Balanced,1.1,1.3,1.9356003719776456,1.8695919235725778,1.937492994056581,1.8241102387121242,1.117199041344767,1.097405771607606,-0.24521261631259683,-0.06322715543190904,1.3623800372771964,1.5506248236692617,0.6601948650465606
PRSM,seed13,12,Bar-dominant,1.6,1.4,2.082,2.103024896385849,2.082,2.1409657117430037,1.203,1.1909746696299128,0.203,0.07394838251916092,1.774,1.6755086070147622,0.7048967471180024
PRSM,seed13,69,Balanced,1.5,1.9,2.3935999999999997,2.3439806892651713,2.3935999999999997,2.2681207032450237,1.3820999999999999,1.3562146844959795,-0.17359265358979314,-0.025470022069107312,1.437,1.5729101710384978,0.6341766663114764
PRSM,seed13,116,Y-dominant,1.5,2.5,2.472,2.48323183902049,2.472,2.690532163691916,1.428,1.455852884428796,0.209,0.005973873165954213,1.706,1.513283281132114,0.47573746905618663
PRSM,seed13,59,Balanced,1.2,1.4,2.0254000000000003,1.9407382809451161,2.0267,1.8826613964278585,1.1700000000000002,1.139584637819974,-0.24459265358979332,-0.023726003657544847,1.361,1.586549909433125,0.5991889275290456
PRSM,seed13,104,Y-dominant,1.2,2.0,2.1840023443210863,2.2257442556139138,2.1842449814232756,2.208785011530095,1.25760099440452,1.2990909948472384,0.26453479958330284,0.08185016054117566,1.735534799583303,1.5927342686840245,0.6058469253034275
PRSM,seed13,50,Bar-dominant,2.0,1.7,2.3550507266298957,2.4262797453583005,2.357967418581508,2.492597665377322,1.3578981277724995,1.4028328964005472,0.1712144542071438,0.11147036778743269,1.7502144542071436,1.692149998900907,0.7258754625094489
PRSM,seed13,88,Y-dominant,1.0,2.0,2.128711405991897,2.147509204610045,2.0291177037158423,2.2095116251401135,1.2122168100084028,1.216332994382409,0.330093499509708,0.17176669462994676,1.746093499509708,1.5865771323964832,0.5528480264912239
PRSM,seed13,9,Bar-dominant,1.5,1.0,1.871256680014797,1.8790688516677232,1.8728957857199402,2.0192999600472037,1.0812494801536263,1.0407378545370205,0.20032799567099582,0.23341191949858198,1.8683279956709957,1.7971977635855558,0.7456626421804354
PRSM,seed13,39,Bar-dominant,1.9,1.5,2.2678312216741356,2.3073321843694554,2.2712910690935604,2.4269016861570956,1.3072998429801153,1.309348418864201,0.164752671849456,0.11232415012263663,1.7837526718494559,1.703853160663527,0.7173473184870905
GPR,seed14,58,Balanced,1.2,1.5,2.073600439453079,2.0637807846069336,2.0757300288455096,2.0827183723449707,1.1974488673212813,1.188949704170227,-0.2012436951644775,-0.22078381478786469,1.4103489584253157,1.3967350721359253,0.947158059696213
GPR,seed14,69,Balanced,1.5,1.9,2.3935999999999997,2.421074390411377,2.3935999999999997,2.4431464672088623,1.3820999999999999,1.391990303993225,-0.17359265358979314,-0.2222106009721756,1.437,1.3947029113769531,0.8291824896776767
GPR,seed14,54,Balanced,1.1,1.5,2.0215,2.0026159286499023,2.0215,2.0259437561035156,1.1674,1.1590385437011719,-0.2255926535897932,-0.20101593434810638,1.413,1.4094773530960083,0.9572477342321092
GPR,seed14,20,Bar-dominant,1.7,1.0,2.072253957650944,2.0784192085266113,2.4482796890160827,2.31428861618042,1.0617171253923112,1.141099452972412,0.1800456050942413,0.16027912497520447,1.7500456050942412,1.7632635831832886,0.77230373823289
GPR,seed14,39,Bar-dominant,1.9,1.5,2.2678312216741356,2.2696497440338135,2.2712910690935604,2.348942279815674,1.3072998429801153,1.2771905660629272,0.164752671849456,0.21498045325279236,1.7837526718494559,1.7961968183517456,0.8034373390426874
GPR,seed14,29,Bar-dominant,1.8,1.7,2.338000654940028,2.336707353591919,2.339010572321792,2.318385124206543,1.349249622036961,1.3524196147918701,0.18225149714577257,0.09110268950462341,1.7532514971457727,1.675951600074768,0.7434991142697605
GPR,seed14,7,Bar-dominant,1.5,1.1,1.8681,1.8804640769958496,1.8668,1.9233694076538086,1.0776999999999999,1.064772367477417,0.21,0.23203402757644653,1.81,1.8199759721755981,0.882891996575662
GPR,seed14,108,Y-dominant,1.3,2.4,2.2576822739260725,2.2396397590637207,2.4252537494916315,2.4332427978515625,1.3208798064459844,1.3077497482299805,0.25141479063014,0.28219443559646606,1.68241479063014,1.691654920578003,0.9365967456913716
GPR,seed14,82,Balanced,1.9,2.3,2.7615,2.7739503383636475,2.7615,2.780740737915039,1.5939,1.5972851514816284,-0.14859265358979323,-0.16043992340564728,1.447,1.438152551651001,0.9436102913365494
GPR,seed14,85,Balanced,2.0,2.3,2.795,2.7889816761016846,2.795,2.816157817840576,1.61465,1.6027723550796509,-0.18959265358979316,-0.16227500140666962,1.402,1.4321208000183105,0.8678047971806485
GPR,seed14,15,Bar-dominant,1.6,1.0,1.9916038185341984,1.9670170545578003,1.984173806670247,2.1354448795318604,1.1387876338122493,1.0853428840637207,0.18995822204005577,0.20492826402187347,1.9349582220400559,1.8004505634307861,0.7380485597476225
GPR,seed14,95,Y-dominant,1.1,1.8,2.0764,2.0445826053619385,2.0764,2.0279338359832764,1.1977,1.1928783655166626,0.26,0.11570381373167038,1.731,1.63227117061615,0.7110465326784929
GPR,seed14,105,Y-dominant,1.2,2.4,2.6517274746851345,2.159493923187256,2.3349885910637207,2.4541263580322266,1.4752984374702838,1.2636009454727173,0.38206007837083816,0.31540995836257935,1.7460600783708382,1.6858054399490356,0.47451951296092165
GPR,seed14,94,Y-dominant,1.1,2.1,2.073720984124914,2.1789627075195312,2.146000717583487,2.1352763175964355,1.210489867834984,1.241628646850586,0.27119795102684563,0.33118152618408203,1.7161979510268457,1.7380986213684082,0.8592442845586843
GPR,seed14,89,Y-dominant,1.0,2.5,1.8435641601257062,2.0193307399749756,2.6631260895011266,2.575761318206787,1.0493352926583754,1.2019648551940918,0.4613304225896439,0.33499675989151,1.552330422589644,1.655036211013794,0.5290655106429145
GPR,seed14,2,Bar-dominant,1.3,1.0,1.691664072001294,1.7591578960418701,1.7417773872883584,1.7399754524230957,1.0083539845366503,1.033722162246704,0.20092116470008953,0.26167094707489014,1.7719211647000896,1.8255436420440674,0.8488420409840723
GPR,seed14,34,Bar-dominant,1.9,1.0,2.2736018494890438,2.278738260269165,2.8609124048970145,2.5248031616210938,1.0897000064267142,1.3045326471328735,0.16527550951236195,0.14280295372009277,1.736275509512362,1.731995701789856,0.5691525421287468
GPR,seed14,6,Bar-dominant,1.5,1.3,1.9991999999999999,1.9787606000900269,1.9991999999999999,1.9417864084243774,1.1536,1.141228199005127,0.215,0.14163759350776672,1.786,1.7348130941390991,0.8084943519536282
GPR,seed14,38,Bar-dominant,1.9,1.7,2.293211302954876,2.3500232696533203,2.3429667876993387,2.3429136276245117,1.351962881050306,1.3482946157455444,0.1601397071085639,0.16733837127685547,1.730139707108564,1.7381932735443115,0.9538336803596256
GPR,seed14,75,Balanced,1.7,2.0,2.5271000000000003,2.545525550842285,2.5271000000000003,2.559696674346924,1.4596500000000001,1.4711886644363403,-0.17859265358979304,-0.19293959438800812,1.416,1.4273979663848877,0.9148585049387158
GPR,seed14,64,Balanced,1.4,1.7,2.2568,2.2785844802856445,2.2568,2.3082873821258545,1.30355,1.3124809265136719,-0.18659265358979304,-0.2209199219942093,1.416,1.3955985307693481,0.8747380090157721
GPR,seed14,55,Balanced,1.1,1.3,1.9356003719776456,1.9363834857940674,1.937492994056581,1.9395276308059692,1.117199041344767,1.1183531284332275,-0.24521261631259683,-0.2032022327184677,1.3623800372771964,1.4220752716064453,0.8636117508795574
GPR,seed14,66,Balanced,1.5,1.8,2.34795,2.3826441764831543,2.34795,2.412946939468384,1.3562999999999998,1.3714869022369385,-0.18259265358979304,-0.23146368563175201,1.417,1.3910293579101562,0.8335376003029726
GPR,seed14,53,Balanced,1.0,1.3,1.8917499999999998,1.9259347915649414,1.8917499999999998,1.9393222332000732,1.0924999999999998,1.1158607006072998,-0.22259265358979308,-0.22745941579341888,1.402,1.3990356922149658,0.8909564803548159
k-NN,seed14,58,Balanced,1.2,1.5,2.073600439453079,2.08128,2.0757300288455096,2.08179,1.1974488673212813,1.20186,-0.2012436951644775,-0.22099265358979325,1.4103489584253157,1.3916,0.9390817651435744
k-NN,seed14,69,Balanced,1.5,1.9,2.3935999999999997,2.4409834203526324,2.3935999999999997,2.440561661364822,1.3820999999999999,1.408836607255635,-0.17359265358979314,-0.2115785483954415,1.437,1.4070758791943514,0.8450548404529754
k-NN,seed14,54,Balanced,1.1,1.5,2.0215,2.0339400000000003,2.0215,2.03445,1.1674,1.17484,-0.2255926535897932,-0.23119265358979318,1.413,1.3898,0.9355242534692447
k-NN,seed14,20,Bar-dominant,1.7,1.0,2.072253957650944,2.0912012045615427,2.4482796890160827,2.3381666730148343,1.0617171253923112,1.1186858752016007,0.1800456050942413,0.18019630464409975,1.7500456050942412,1.7833963046441,0.8264341288335051
k-NN,seed14,39,Bar-dominant,1.9,1.5,2.2678312216741356,2.2626761401638515,2.2712910690935604,2.3121589748025264,1.3072998429801153,1.2902944939058325,0.164752671849456,0.17360115273804716,1.7837526718494559,1.7642011527380472,0.909412065141695
k-NN,seed14,29,Bar-dominant,1.8,1.7,2.338000654940028,2.2710582142895355,2.339010572321792,2.2783351323966925,1.349249622036961,1.310818662518467,0.18225149714577257,0.18027472791341453,1.7532514971457727,1.7512747279134147,0.8671087820251556
k-NN,seed14,7,Bar-dominant,1.5,1.1,1.8681,1.898586804842233,1.8668,1.9372185499251273,1.0776999999999999,1.087800964521152,0.21,0.18858178879896684,1.81,1.7857817887989669,0.8674860138447006
k-NN,seed14,108,Y-dominant,1.3,2.4,2.2576822739260725,2.323389611661223,2.4252537494916315,2.424889612232352,1.3208798064459844,1.3519748030954655,0.25141479063014,0.23193695441287968,1.68241479063014,1.6907369544128799,0.9107418277908157
k-NN,seed14,82,Balanced,1.9,2.3,2.7615,2.74946,2.7615,2.74946,1.5939,1.58782,-0.14859265358979323,-0.15919265358979312,1.447,1.4418,0.9581949754027625
k-NN,seed14,85,Balanced,2.0,2.3,2.795,2.79506,2.795,2.79506,1.61465,1.61422,-0.18959265358979316,-0.1571926535897931,1.402,1.4444000000000004,0.8345755478489948
k-NN,seed14,15,Bar-dominant,1.6,1.0,1.9916038185341984,2.0094451759840846,1.984173806670247,2.1410566739991954,1.1387876338122493,1.1137492876780715,0.18995822204005577,0.18938182249224886,1.9349582220400559,1.819181822492249,0.7707087199729232
k-NN,seed14,95,Y-dominant,1.1,1.8,2.0764,2.0607101169889837,2.0764,2.0602854508043955,1.1977,1.1869814757914086,0.26,0.26385763833251374,1.731,1.732257638332514,0.9589031242802597
k-NN,seed14,105,Y-dominant,1.2,2.4,2.6517274746851345,2.061460385862807,2.3349885910637207,2.4807600060312547,1.4752984374702838,1.2132449763477766,0.38206007837083816,0.3257020719609111,1.7460600783708382,1.637702071960911,0.39470572397199644
k-NN,seed14,94,Y-dominant,1.1,2.1,2.073720984124914,2.2341407201863612,2.146000717583487,2.1413472187141287,1.210489867834984,1.2696121074189537,0.27119795102684563,0.290150100085537,1.7161979510268457,1.730950100085537,0.829868403947842
k-NN,seed14,89,Y-dominant,1.0,2.5,1.8435641601257062,2.144200498051868,2.6631260895011266,2.489026935160133,1.0493352926583754,1.2329693641769457,0.4613304225896439,0.3988713480995535,1.552330422589644,1.6418713480995535,0.4603422538716657
k-NN,seed14,2,Bar-dominant,1.3,1.0,1.691664072001294,1.8023956706111182,1.7417773872883584,1.8069018009315858,1.0083539845366503,1.0431516631271058,0.20092116470008953,0.21716465256627515,1.7719211647000896,1.811564652566275,0.8162650378973173
k-NN,seed14,34,Bar-dominant,1.9,1.0,2.2736018494890438,2.269996007025366,2.8609124048970145,2.5251172180310713,1.0897000064267142,1.3349788621804415,0.16527550951236195,0.16408698991788992,1.736275509512362,1.7346869899178898,0.5854329059091224
k-NN,seed14,6,Bar-dominant,1.5,1.3,1.9991999999999999,2.00035,1.9991999999999999,2.00035,1.1536,1.1553099999999998,0.215,0.18860000000000002,1.786,1.7666,0.9294609911408968
k-NN,seed14,38,Bar-dominant,1.9,1.7,2.293211302954876,2.328641379588679,2.3429667876993387,2.360474798788924,1.351962881050306,1.3373733697271049,0.1601397071085639,0.17478495738488126,1.730139707108564,1.7477849573848812,0.9255454043812872
k-NN,seed14,75,Balanced,1.7,2.0,2.5271000000000003,2.52843,2.5271000000000003,2.52882,1.4596500000000001,1.46005,-0.17859265358979304,-0.17379265358979304,1.416,1.4302,0.9528773235772142
k-NN,seed14,64,Balanced,1.4,1.7,2.2568,2.238740995849551,2.2568,2.2405533577399277,1.30355,1.2915174353120022,-0.18659265358979304,-0.21840759075378724,1.416,1.3921850628360057,0.909334351166012
k-NN,seed14,55,Balanced,1.1,1.3,1.9356003719776456,1.9231200000000002,1.937492994056581,1.92363,1.117199041344767,1.1105800000000001,-0.24521261631259683,-0.14187412287183448,1.3623800372771964,1.4692,0.7717977905135257
k-NN,seed14,66,Balanced,1.5,1.8,2.34795,2.406544416202183,2.34795,2.4076350191047493,1.3562999999999998,1.388154042567637,-0.18259265358979304,-0.2321934855594356,1.417,1.3866609420303575,0.8161454539965591
k-NN,seed14,53,Balanced,1.0,1.3,1.8917499999999998,1.9231200000000002,1.8917499999999998,1.92363,1.0924999999999998,1.1105800000000001,-0.22259265358979308,-0.14187412287183448,1.402,1.4691999999999998,0.8275508432656172
RF,seed14,58,Balanced,1.2,1.5,2.073600439453079,2.0773907749124807,2.0757300288455096,2.077770668383196,1.1974488673212813,1.1993974893443535,-0.2012436951644775,-0.1778657373491507,1.4103489584253157,1.4208728345419201,0.9545241110384214
RF,seed14,69,Balanced,1.5,1.9,2.3935999999999997,2.361447554494732,2.3935999999999997,2.3620838797774635,1.3820999999999999,1.3624542519219858,-0.17359265358979314,-0.1338379232645552,1.437,1.4568009426239434,0.8842479413930612
RF,seed14,54,Balanced,1.1,1.5,2.0215,2.029626011806559,2.0215,2.0301310586801704,1.1674,1.1717531347270143,-0.2255926535897932,-0.1507694564056126,1.413,1.4448642991457117,0.879664857412156
RF,seed14,20,Bar-dominant,1.7,1.0,2.072253957650944,2.067100729895365,2.4482796890160827,2.216018562973307,1.0617171253923112,1.1412300594320106,0.1800456050942413,0.1815082950161196,1.7500456050942412,1.839008295016117,0.7045292530207585
RF,seed14,39,Bar-dominant,1.9,1.5,2.2678312216741356,2.2751413242724605,2.2712910690935604,2.3768631985903523,1.3072998429801153,1.2737215584299717,0.164752671849456,0.1712131923953273,1.7837526718494559,1.7726706923953193,0.8388144046922371
RF,seed14,29,Bar-dominant,1.8,1.7,2.338000654940028,2.305247045708345,2.339010572321792,2.3246200415190112,1.349249622036961,1.3322741818613755,0.18225149714577257,0.08750904896760575,1.7532514971457727,1.6715520430945372,0.7346231313630079
RF,seed14,7,Bar-dominant,1.5,1.1,1.8681,1.8847514499981164,1.8668,1.9201203482374964,1.0776999999999999,1.0799794311030713,0.21,0.19109900485753417,1.81,1.8116949313934385,0.8918979154387172
RF,seed14,108,Y-dominant,1.3,2.4,2.2576822739260725,2.226824041214245,2.4252537494916315,2.481885660036632,1.3208798064459844,1.304672129220683,0.25141479063014,0.27203791506390823,1.68241479063014,1.6666079150639133,0.8695289185777236
RF,seed14,82,Balanced,1.9,2.3,2.7615,2.7162292901782763,2.7615,2.7162594729212834,1.5939,1.5690870075250596,-0.14859265358979323,-0.16276042374751815,1.447,1.4365174135025343,0.8939822072504999
RF,seed14,85,Balanced,2.0,2.3,2.795,2.7468592671261627,2.795,2.746425340027731,1.61465,1.58638420612045,-0.18959265358979316,-0.14953326103079012,1.402,1.4472337415134902,0.806363320629223
RF,seed14,15,Bar-dominant,1.6,1.0,1.9916038185341984,1.9690633797793615,1.984173806670247,2.1135505986026395,1.1387876338122493,1.0880264233052117,0.18995822204005577,0.19571700602341743,1.9349582220400559,1.7935945060234135,0.7658009454650956
RF,seed14,95,Y-dominant,1.1,1.8,2.0764,2.0816864942149724,2.0764,2.078649545119257,1.1977,1.1988152095931925,0.26,0.1919109336795942,1.731,1.6819132916706303,0.8343846009087473
RF,seed14,105,Y-dominant,1.2,2.4,2.6517274746851345,2.1014233574095478,2.3349885910637207,2.5320747636297556,1.4752984374702838,1.2369399738801605,0.38206007837083816,0.31835795900846064,1.7460600783708382,1.6340554590084695,0.38003487953057596
RF,seed14,94,Y-dominant,1.1,2.1,2.073720984124914,2.249087342377374,2.146000717583487,2.1430246138857787,1.210489867834984,1.2756346399130085,0.27119795102684563,0.324298076704444,1.7161979510268457,1.729463076704444,0.8193979854486457
RF,seed14,89,Y-dominant,1.0,2.5,1.8435641601257062,2.0564169321822248,2.6631260895011266,2.50314158241892,1.0493352926583754,1.1826698952407506,0.4613304225896439,0.41936330632123847,1.552330422589644,1.6236933063212395,0.5436514478718382
RF,seed14,2,Bar-dominant,1.3,1.0,1.691664072001294,1.795675149269233,1.7417773872883584,1.7975883208534396,1.0083539845366503,1.0367802125881744,0.20092116470008953,0.20410246223391923,1.7719211647000896,1.7854224663512301,0.8423363590462564
RF,seed14,34,Bar-dominant,1.9,1.0,2.2736018494890438,2.2698606693337293,2.8609124048970145,2.6260360227271895,1.0897000064267142,1.2030438205354723,0.16527550951236195,0.1644788547433275,1.736275509512362,1.7367863547433222,0.7182910542889862
RF,seed14,6,Bar-dominant,1.5,1.3,1.9991999999999999,1.9330152147647512,1.9991999999999999,1.9329092496097025,1.1536,1.1138543020998273,0.215,0.1728048211464084,1.786,1.7519366742182014,0.8238105531832848
RF,seed14,38,Bar-dominant,1.9,1.7,2.293211302954876,2.344214130790858,2.3429667876993387,2.355864750422859,1.351962881050306,1.3479546961390239,0.1601397071085639,0.16638456906899218,1.730139707108564,1.7449069481247654,0.9391885894046422
RF,seed14,75,Balanced,1.7,2.0,2.5271000000000003,2.511475774307611,2.5271000000000003,2.511277590335298,1.4596500000000001,1.4495003635811274,-0.17859265358979304,-0.12769695154567645,1.416,1.4730535072043667,0.8070993047421581
RF,seed14,64,Balanced,1.4,1.7,2.2568,2.2426576759129095,2.2568,2.244530725614024,1.30355,1.293675847062558,-0.18659265358979304,-0.18940284294172902,1.416,1.4128904243448555,0.9675476807392385
RF,seed14,55,Balanced,1.1,1.3,1.9356003719776456,1.8905995403119098,1.937492994056581,1.8889996865175849,1.117199041344767,1.0897016150507393,-0.24521261631259683,-0.14110041267124537,1.3623800372771964,1.4655902836646941,0.7714827213955876
RF,seed14,66,Balanced,1.5,1.8,2.34795,2.3588758429711643,2.34795,2.3602040571241574,1.3562999999999998,1.36047296931722,-0.18259265358979304,-0.18037593067322835,1.417,1.4293446845889906,0.9577135751876236
RF,seed14,53,Balanced,1.0,1.3,1.8917499999999998,1.8735117706925268,1.8917499999999998,1.8716526682437418,1.0924999999999998,1.0797299140505605,-0.22259265358979308,-0.1448464674406929,1.402,1.4632712656272968,0.8483684664197068
PRSM,seed14,58,Balanced,1.2,1.5,2.073600439453079,2.013127590666702,2.0757300288455096,1.9666638768856586,1.1974488673212813,1.1713081529051945,-0.2012436951644775,-0.05935431576851302,1.4103489584253157,1.5399964938312336,0.6971498338044871
PRSM,seed14,69,Balanced,1.5,1.9,2.3935999999999997,2.3458672576612862,2.3935999999999997,2.2758862925169328,1.3820999999999999,1.3547849911507694,-0.17359265358979314,-0.03828615390166645,1.437,1.5606702756767512,0.654201841244346
PRSM,seed14,54,Balanced,1.1,1.5,2.0215,2.0033147827989213,2.0215,1.9454046662148878,1.1674,1.1630740129150756,-0.2255926535897932,-0.08027130531627047,1.413,1.5093156484793964,0.745950213399333
PRSM,seed14,20,Bar-dominant,1.7,1.0,2.072253957650944,2.0677096506958503,2.4482796890160827,2.192685597471618,1.0617171253923112,1.1609765901564841,0.1800456050942413,0.26419084361198264,1.7500456050942412,1.8570359940180157,0.5760022814633887
PRSM,seed14,39,Bar-dominant,1.9,1.5,2.2678312216741356,2.300832958269999,2.2712910690935604,2.415327477776196,1.3072998429801153,1.3013517874096083,0.164752671849456,0.12155893144589314,1.7837526718494559,1.713474028127382,0.7407561085834109
PRSM,seed14,29,Bar-dominant,1.8,1.7,2.338000654940028,2.3589066352066848,2.339010572321792,2.3715037982110045,1.349249622036961,1.3342067004321463,0.18225149714577257,0.0418548231087057,1.7532514971457727,1.6460107297123736,0.6593818979773592
PRSM,seed14,7,Bar-dominant,1.5,1.1,1.8681,1.9142412049378275,1.8668,1.9873155351881002,1.0776999999999999,1.0844886356797834,0.21,0.1705947158169061,1.81,1.7671292112952939,0.787032757277448
PRSM,seed14,108,Y-dominant,1.3,2.4,2.2576822739260725,2.292714475827395,2.4252537494916315,2.4676316009210986,1.3208798064459844,1.344003255600646,0.25141479063014,0.21435716179876385,1.68241479063014,1.6354231831244381,0.8063745686372259
PRSM,seed14,82,Balanced,1.9,2.3,2.7615,2.7526475394528664,2.7615,2.70333264185635,1.5939,1.5810394990053591,-0.14859265358979323,-0.08686890590254837,1.447,1.5125898992163491,0.7545916702011376
PRSM,seed14,85,Balanced,2.0,2.3,2.795,2.790974414164364,2.795,2.7451940391825564,1.61465,1.608506452242475,-0.18959265358979316,-0.06855018440666771,1.402,1.5193879626912277,0.6181996594622474
PRSM,seed14,15,Bar-dominant,1.6,1.0,1.9916038185341984,1.9738977524650183,1.984173806670247,2.072381617490299,1.1387876338122493,1.1104641863589255,0.18995822204005577,0.2503514575009549,1.9349582220400559,1.840473379415311,0.7517144894440246
PRSM,seed14,95,Y-dominant,1.1,1.8,2.0764,2.1527288283685633,2.0764,2.0874163978019644,1.1977,1.248652945906417,0.26,0.003294623731318058,1.731,1.5330614879150932,0.5563023400202451
PRSM,seed14,105,Y-dominant,1.2,2.4,2.6517274746851345,2.1908718009531722,2.3349885910637207,2.417279875467524,1.4752984374702838,1.2772605047241632,0.38206007837083816,0.341680371023243,1.7460600783708382,1.694763118143464,0.522013708583669
PRSM,seed14,94,Y-dominant,1.1,2.1,2.073720984124914,2.2016767940695967,2.146000717583487,2.2282936188753255,1.210489867834984,1.2737723461182993,0.27119795102684563,0.1946599519787171,1.7161979510268457,1.620824430089369,0.6697075527871763
PRSM,seed14,89,Y-dominant,1.0,2.5,1.8435641601257062,1.8883454546844587,2.6631260895011266,2.368005946577727,1.0493352926583754,1.0498004148718494,0.4613304225896439,0.8158712841890918,1.552330422589644,1.926186996168091,0.3200782907864158
PRSM,seed14,2,Bar-dominant,1.3,1.0,1.691664072001294,1.7593874049694684,1.7417773872883584,1.7978954104370761,1.0083539845366503,1.013995267353707,0.20092116470008953,0.14383005651115366,1.7719211647000896,1.7369966004628603,0.8483594151905524
PRSM,seed14,34,Bar-dominant,1.9,1.0,2.2736018494890438,2.2753613230938887,2.8609124048970145,2.468925903055689,1.0897000064267142,1.295232182797784,0.16527550951236195,0.25503246751289543,1.736275509512362,1.8589261482355615,0.4534065697816966
PRSM,seed14,6,Bar-dominant,1.5,1.3,1.9991999999999999,1.996246604599536,1.9991999999999999,2.039721251289268,1.1536,1.134828837108253,0.215,0.08086557445661335,1.786,1.6883190346067276,0.7174810096979126
PRSM,seed14,38,Bar-dominant,1.9,1.7,2.293211302954876,2.397572065345013,2.3429667876993387,2.4429352344838353,1.351962881050306,1.35922093627211,0.1601397071085639,0.06997992948801213,1.730139707108564,1.6630963217233137,0.7256101861771789
PRSM,seed14,75,Balanced,1.7,2.0,2.5271000000000003,2.4981794197123235,2.5271000000000003,2.430357964705901,1.4596500000000001,1.429032877854286,-0.17859265358979304,-0.04260960961963889,1.416,1.5653541787496676,0.6064132851983972
PRSM,seed14,64,Balanced,1.4,1.7,2.2568,2.1900198421096198,2.2568,2.1334446161046445,1.30355,1.2671867626763385,-0.18659265358979304,-0.03559438384926383,1.416,1.5673221054001663,0.6396578027889314
PRSM,seed14,55,Balanced,1.1,1.3,1.9356003719776456,1.8776199376312896,1.937492994056581,1.8488931564633686,1.117199041344767,1.0906128633462957,-0.24521261631259683,-0.0750268364957376,1.3623800372771964,1.5323997525700257,0.6810858303751594
PRSM,seed14,66,Balanced,1.5,1.8,2.34795,2.2898114589052727,2.34795,2.2277737654125236,1.3562999999999998,1.318898640225125,-0.18259265358979304,-0.03358964259292485,1.417,1.572079087242323,0.6216533253245486
PRSM,seed14,53,Balanced,1.0,1.3,1.8917499999999998,1.8850316553318143,1.8917499999999998,1.8396554284879034,1.0924999999999998,1.0866026206290749,-0.22259265358979308,-0.11840951338608896,1.402,1.4868249841392709,0.8031714366089564
GPR,seed15,101,Y-dominant,1.1,2.4,2.0119520993303985,2.1123390197753906,2.49534848601559,2.4711904525756836,1.1883787520566418,1.2162528038024902,0.34589256406251734,0.3550812304019928,1.6248925640625174,1.656722068786621,0.8293854413212262
GPR,seed15,97,Y-dominant,1.1,2.0,2.06925,2.1661298274993896,2.06925,2.0919597148895264,1.1950500000000002,1.234093189239502,0.217,0.32560014724731445,1.704,1.7676138877868652,0.7643557363585433
GPR,seed15,8,Bar-dominant,1.5,1.4,2.0793,2.060753345489502,2.0793,2.0958950519561768,1.2006,1.1973716020584106,0.198,0.08248643577098846,1.769,1.6646591424942017,0.7232274448250512
GPR,seed15,57,Balanced,1.2,1.6,2.1153999999999997,2.0952835083007812,2.1153999999999997,2.0913686752319336,1.2222,1.212782859802246,-0.2085926535897933,-0.1736825406551361,1.421,1.4180922508239746,0.9250005402763387
GPR,seed15,11,Bar-dominant,1.6,1.1,1.9683560177213877,1.9685535430908203,2.1385196933900494,1.9957468509674072,1.0814469998492438,1.096895694732666,0.19745556152410765,0.2086431086063385,1.7684555615241078,1.8278552293777466,0.7972328395196759
GPR,seed15,81,Balanced,1.9,2.4,2.8057499999999997,2.8228211402893066,2.8057499999999997,2.8207662105560303,1.61895,1.6223254203796387,-0.1515926535897929,-0.14325132966041565,1.456,1.4542853832244873,0.9605110673890619
GPR,seed15,87,Y-dominant,1.0,2.2,1.9253432317381753,2.1901206970214844,2.296459772530195,2.214533805847168,1.1422904154156968,1.2384036779403687,0.35463302764849364,0.34829792380332947,1.6536330276484936,1.7026047706604004,0.653591230234872
GPR,seed15,36,Bar-dominant,1.9,1.4,2.268798599479469,2.2611258029937744,2.478161714658128,2.3709774017333984,1.2312060260178583,1.2553151845932007,0.17145463892772492,0.18691802024841309,1.7424546389277251,1.7895092964172363,0.8174343240648609
GPR,seed15,108,Y-dominant,1.3,2.4,2.2576822739260725,2.3351974487304688,2.4252537494916315,2.402601957321167,1.3208798064459844,1.3453412055969238,0.25141479063014,0.2753794193267822,1.68241479063014,1.6863411664962769,0.9007342613710347
GPR,seed15,25,Bar-dominant,1.8,1.3,2.1793198434373973,2.1632540225982666,2.1738144170374447,2.238079786300659,1.252434897621491,1.2030322551727295,0.1717326005842388,0.20677052438259125,1.8407326005842388,1.8153483867645264,0.8149092717172772
GPR,seed15,52,Balanced,1.0,1.2,1.8469000000000002,1.8942267894744873,1.8469000000000002,1.8635393381118774,1.0659,1.1008132696151733,-0.247592653589793,-0.1103474497795105,1.365,1.4803857803344727,0.752992984658869
GPR,seed15,112,Y-dominant,1.4,2.4,2.375,2.4032833576202393,2.3826,2.4225642681121826,1.3756,1.3883912563323975,0.227,0.23651477694511414,1.716,1.6974965333938599,0.89983167705634
GPR,seed15,94,Y-dominant,1.1,2.1,2.073720984124914,2.2204627990722656,2.146000717583487,2.1287708282470703,1.210489867834984,1.260161280632019,0.27119795102684563,0.33090195059776306,1.7161979510268457,1.747287392616272,0.8122398249140448
GPR,seed15,51,Balanced,1.0,1.4,1.9296,1.9590203762054443,1.9296,1.943095088005066,1.1148,1.1461122035980225,-0.24359265358979298,-0.20320144295692444,1.405,1.4004985094070435,0.9047108530801773
GPR,seed15,90,Y-dominant,1.0,1.9,1.972,2.0992372035980225,1.972,2.013458013534546,1.13825,1.1944142580032349,0.253,0.3516744077205658,1.723,1.7917944192886353,0.7486483464599376
GPR,seed15,102,Y-dominant,1.2,2.3,2.153371266758243,2.2738940715789795,2.3416477004409244,2.3039309978485107,1.2639060920494574,1.3007135391235352,0.2725523918299775,0.3016795516014099,1.6835523918299775,1.6896804571151733,0.8517152564559622
GPR,seed15,61,Balanced,1.3,1.6,2.1663,2.1737170219421387,2.1663,2.1596016883850098,1.2499,1.254725456237793,-0.19259265358979327,-0.2229527235031128,1.414,1.3843846321105957,0.9059581651214028
GPR,seed15,64,Balanced,1.4,1.7,2.2568,2.2793445587158203,2.2568,2.2668099403381348,1.30355,1.316255807876587,-0.18659265358979304,-0.22710180282592773,1.416,1.3848298788070679,0.8839179980840208
GPR,seed15,21,Bar-dominant,1.7,1.3,2.0655,2.0741686820983887,2.0655,2.066222906112671,1.1925000000000001,1.1726579666137695,0.187,0.2236085832118988,1.798,1.8248792886734009,0.8899588946504021
GPR,seed15,30,Bar-dominant,1.8,1.1,2.173554352897576,2.1754989624023438,2.562926455036068,2.4803781509399414,1.1099229606491847,1.1763664484024048,0.1709986684491855,0.17957645654678345,1.7409986684491856,1.794994831085205,0.8273916226711582
GPR,seed15,43,Bar-dominant,2.0,1.8,2.4548595581010333,2.4141974449157715,2.4166987192494345,2.424830436706543,1.3867678249722057,1.3899608850479126,0.14596583160301807,0.19083799421787262,1.716965831603018,1.7470279932022095,0.8608541241980935
GPR,seed15,14,Bar-dominant,1.6,1.3,1.9821499999999999,2.013596773147583,1.9821499999999999,1.99013090133667,1.14405,1.158107876777649,0.174,0.21079839766025543,1.745,1.8024483919143677,0.8584678684174122
GPR,seed15,86,Y-dominant,1.0,2.3,2.724201468320579,2.098978042602539,2.2233624753656565,2.366380453109741,1.4705649477788796,1.19904625415802,0.5356053013296822,0.3664892315864563,1.7706053013296823,1.6741067171096802,0.3658190188806688
GPR,seed15,38,Bar-dominant,1.9,1.7,2.293211302954876,2.3465707302093506,2.3429667876993387,2.33840274810791,1.351962881050306,1.3551186323165894,0.1601397071085639,0.18914255499839783,1.730139707108564,1.7567648887634277,0.8905684835078876
k-NN,seed15,101,Y-dominant,1.1,2.4,2.0119520993303985,2.1868613947555127,2.49534848601559,2.416834651798735,1.1883787520566418,1.256727681859923,0.34589256406251734,0.37491443833745275,1.6248925640625174,1.663247771670786,0.7185244465621295
k-NN,seed15,97,Y-dominant,1.1,2.0,2.06925,2.130571971604674,2.06925,2.0985328708357223,1.1950500000000002,1.223771463000459,0.217,0.2923950995505243,1.704,1.7417284328838578,0.8326859426514007
k-NN,seed15,8,Bar-dominant,1.5,1.4,2.0793,2.0821833333333335,2.0793,2.0827,1.2006,1.2024833333333333,0.198,0.20366666666666666,1.769,1.7746666666666666,0.9796207429867327
k-NN,seed15,57,Balanced,1.2,1.6,2.1153999999999997,2.101033479817693,2.1153999999999997,2.101743342948503,1.2222,1.2132829557737603,-0.2085926535897933,-0.20714300078135459,1.421,1.416782986141772,0.965493507540058
k-NN,seed15,11,Bar-dominant,1.6,1.1,1.9683560177213877,2.009735236808409,2.1385196933900494,2.0081200068419736,1.0814469998492438,1.156597405937161,0.19745556152410765,0.18910319085627258,1.7684555615241078,1.8841031908562726,0.7420106086259974
k-NN,seed15,81,Balanced,1.9,2.4,2.8057499999999997,2.7756833333333333,2.8057499999999997,2.7756833333333333,1.61895,1.6026333333333334,-0.1515926535897929,-0.1515926535897932,1.456,1.4486666666666668,0.931911760603674
k-NN,seed15,87,Y-dominant,1.0,2.2,1.9253432317381753,2.249781271089748,2.296459772530195,2.2190664799307447,1.1422904154156968,1.281499876642503,0.35463302764849364,0.35663673620512687,1.6536330276484936,1.7179700695384603,0.5898271732244703
k-NN,seed15,36,Bar-dominant,1.9,1.4,2.268798599479469,2.2704750822470374,2.478161714658128,2.377217095608296,1.2312060260178583,1.267785227891015,0.17145463892772492,0.1663891986973357,1.7424546389277251,1.8027225320306688,0.8228737502757133
k-NN,seed15,108,Y-dominant,1.3,2.4,2.2576822739260725,2.388543628369501,2.4252537494916315,2.393936688849495,1.3208798064459844,1.370934845109718,0.25141479063014,0.2970763825307594,1.68241479063014,1.7054097158640928,0.8182790116997962
k-NN,seed15,25,Bar-dominant,1.8,1.3,2.1793198434373973,2.204036667629234,2.1738144170374447,2.203889531161758,1.252434897621491,1.2702992794220722,0.1717326005842388,0.17158479376148403,1.8407326005842388,1.8605847937614837,0.9268310692959486
k-NN,seed15,52,Balanced,1.0,1.2,1.8469000000000002,1.936616790659215,1.8469000000000002,1.9376643313521935,1.0659,1.118233013781589,-0.247592653589793,-0.22613264116406098,1.365,1.3904600124257323,0.7918269287111387
k-NN,seed15,112,Y-dominant,1.4,2.4,2.375,2.401518977105617,2.3826,2.4573802519631753,1.3756,1.3920410371615555,0.227,0.21545536898613418,1.716,1.6941220356528008,0.854892683862699
k-NN,seed15,94,Y-dominant,1.1,2.1,2.073720984124914,2.305817085536906,2.146000717583487,2.151080370715789,1.210489867834984,1.298469847563416,0.27119795102684563,0.3230719002814606,1.7161979510268457,1.7384052336147942,0.7684706743503079
k-NN,seed15,51,Balanced,1.0,1.4,1.9296,1.9366167906592153,1.9296,1.9376643313521935,1.1148,1.118233013781589,-0.24359265358979298,-0.22613264116406098,1.405,1.3904600124257323,0.9515033228722373
k-NN,seed15,90,Y-dominant,1.0,1.9,1.972,2.0690032155385762,1.972,2.035016658771515,1.13825,1.1854077315203084,0.253,0.30494896386299136,1.723,1.7482822971963248,0.803990841724138
k-NN,seed15,102,Y-dominant,1.2,2.3,2.153371266758243,2.1579618206284894,2.3416477004409244,2.3037914906080923,1.2639060920494574,1.2593990784199491,0.2725523918299775,0.2724512434093087,1.6835523918299775,1.6941179100759756,0.9307123763004832
k-NN,seed15,61,Balanced,1.3,1.6,2.1663,2.1766,2.1663,2.1771,1.2499,1.2569,-0.19259265358979327,-0.23225932025645987,1.414,1.377,0.8816572570491765
k-NN,seed15,64,Balanced,1.4,1.7,2.2568,2.242201659749252,2.2568,2.2452222628998793,1.30355,1.2932290588533368,-0.18659265358979304,-0.23895088219645,1.416,1.3713084380600098,0.8537135060597765
k-NN,seed15,21,Bar-dominant,1.7,1.3,2.0655,2.0754776832201256,2.0655,2.1381916389624718,1.1925000000000001,1.1770030408072873,0.187,0.18771656033263792,1.798,1.758716560332638,0.8805863066654548
k-NN,seed15,30,Bar-dominant,1.8,1.1,2.173554352897576,2.1711699393003254,2.562926455036068,2.337520234351373,1.1099229606491847,1.1900989455093651,0.1709986684491855,0.17123644958332185,1.7409986684491856,1.849569782916655,0.701342389900123
k-NN,seed15,43,Bar-dominant,2.0,1.8,2.4548595581010333,2.4294004947351797,2.4166987192494345,2.4307474727473415,1.3867678249722057,1.4011325636680263,0.14596583160301807,0.17347915119550308,1.716965831603018,1.74714581786217,0.8836191747178643
k-NN,seed15,14,Bar-dominant,1.6,1.3,1.9821499999999999,2.0155999999999996,1.9821499999999999,2.0155999999999996,1.14405,1.164,0.174,0.20533333333333334,1.745,1.7880000000000003,0.870331535792176
k-NN,seed15,86,Y-dominant,1.0,2.3,2.724201468320579,2.1002212030622682,2.2233624753656565,2.366421755427965,1.4705649477788796,1.2130792510062223,0.5356053013296822,0.3666570216762297,1.7706053013296823,1.662990355009563,0.369895314762545
k-NN,seed15,38,Bar-dominant,1.9,1.7,2.293211302954876,2.3156837938566412,2.3429667876993387,2.3169926636344336,1.351962881050306,1.3363825832698202,0.1601397071085639,0.17782198378430544,1.730139707108564,1.7521553171176387,0.911691697529877
RF,seed15,101,Y-dominant,1.1,2.4,2.0119520993303985,2.139809853273998,2.49534848601559,2.500463801087906,1.1883787520566418,1.231409591463894,0.34589256406251734,0.3845444474646531,1.6248925640625174,1.638836947464652,0.8606908042375477
RF,seed15,97,Y-dominant,1.1,2.0,2.06925,2.1786062639132684,2.06925,2.093791583845146,1.1950500000000002,1.2418755152537138,0.217,0.31746340482160845,1.704,1.7402771036917843,0.8146822286023393
RF,seed15,8,Bar-dominant,1.5,1.4,2.0793,2.0472938313120377,2.0793,2.04783540008041,1.2006,1.1815540418512027,0.198,0.08248504956331303,1.769,1.6636715476665265,0.7279012202192034
RF,seed15,57,Balanced,1.2,1.6,2.1153999999999997,2.1247990644661154,2.1153999999999997,2.125075674329734,1.2222,1.2259246132938149,-0.2085926535897933,-0.08989143975144201,1.421,1.4865827722056444,0.7916586494635972
RF,seed15,11,Bar-dominant,1.6,1.1,1.9683560177213877,1.990187633857763,2.1385196933900494,2.007662609629099,1.0814469998492438,1.1356446493081527,0.19745556152410765,0.19076779105924474,1.7684555615241078,1.8890589577259138,0.7614604986524612
RF,seed15,81,Balanced,1.9,2.4,2.8057499999999997,2.777176091312614,2.8057499999999997,2.777016439653394,1.61895,1.603554644452067,-0.1515926535897929,-0.10669917791159408,1.456,1.4787169405807594,0.8624249649538228
RF,seed15,87,Y-dominant,1.0,2.2,1.9253432317381753,2.268840417311681,2.296459772530195,2.19735400724588,1.1422904154156968,1.2823200436256275,0.35463302764849364,0.36717875635044145,1.6536330276484936,1.724458700794888,0.5661803251065861
RF,seed15,36,Bar-dominant,1.9,1.4,2.268798599479469,2.269428269244252,2.478161714658128,2.3644019140448176,1.2312060260178583,1.272401220826368,0.17145463892772492,0.16560863870054676,1.7424546389277251,1.8325859303672059,0.7890651895495863
RF,seed15,108,Y-dominant,1.3,2.4,2.2576822739260725,2.430201655254653,2.4252537494916315,2.427807918159389,1.3208798064459844,1.3875491371587565,0.25141479063014,0.3239321661591476,1.68241479063014,1.7011784161591508,0.8095762081535787
RF,seed15,25,Bar-dominant,1.8,1.3,2.1793198434373973,2.174565985543608,2.1738144170374447,2.2096211796880256,1.252434897621491,1.2416980825897552,0.1717326005842388,0.17284651639075238,1.8407326005842388,1.8570357247240756,0.9408461975233562
RF,seed15,52,Balanced,1.0,1.2,1.8469000000000002,1.883686368661677,1.8469000000000002,1.8799159257523193,1.0659,1.0837782337074224,-0.247592653589793,0.038922797115997575,1.365,1.6301774983557638,0.5973537733091571
RF,seed15,112,Y-dominant,1.4,2.4,2.375,2.4280730202077567,2.3826,2.4618977189700475,1.3756,1.400719403375196,0.227,0.24894862425868783,1.716,1.6940512640625311,0.8318050707690678
RF,seed15,94,Y-dominant,1.1,2.1,2.073720984124914,2.283121516822302,2.146000717583487,2.134810384866422,1.210489867834984,1.2890198374737099,0.27119795102684563,0.34883739134791325,1.7161979510268457,1.7420619463945877,0.7725724404783042
RF,seed15,51,Balanced,1.0,1.4,1.9296,1.9725761667792887,1.9296,1.9734295812226648,1.1148,1.138938320010202,-0.24359265358979298,-0.20101974520421226,1.405,1.41216005887596,0.8815416669717087
RF,seed15,90,Y-dominant,1.0,1.9,1.972,2.070645869293731,1.972,2.056141377814876,1.13825,1.1851709123053944,0.253,0.3011562471798785,1.723,1.7379096602843647,0.7783953245919557
RF,seed15,102,Y-dominant,1.2,2.3,2.153371266758243,2.2651470903528335,2.3416477004409244,2.3086526007492982,1.2639060920494574,1.3060725498800272,0.2725523918299775,0.28221657873982875,1.6835523918299775,1.705073700763638,0.8371161166664298
RF,seed15,61,Balanced,1.3,1.6,2.1663,2.1610286097111757,2.1663,2.16139428942989,1.2499,1.2472978151718288,-0.19259265358979327,-0.1425752359953717,1.414,1.4464060414841606,0.8869070713217524
RF,seed15,64,Balanced,1.4,1.7,2.2568,2.25399730256578,2.2568,2.2559123911691894,1.30355,1.3002214691707314,-0.18659265358979304,-0.19524900793390987,1.416,1.4090173363326217,0.9721315235756913
RF,seed15,21,Bar-dominant,1.7,1.3,2.0655,2.087407505150505,2.0655,2.1928843852538873,1.1925000000000001,1.1694633542370922,0.187,0.17887993377811193,1.798,1.7794165845460552,0.8150428031857377
RF,seed15,30,Bar-dominant,1.8,1.1,2.173554352897576,2.1493551519302967,2.562926455036068,2.4058425320756034,1.1099229606491847,1.1568011927164852,0.1709986684491855,0.17346369861306143,1.7409986684491856,1.8104611986130539,0.7783250292466396
RF,seed15,43,Bar-dominant,2.0,1.8,2.4548595581010333,2.4456280125044034,2.4166987192494345,2.457276170850857,1.3867678249722057,1.4066881689862987,0.14596583160301807,0.1435702291603319,1.716965831603018,1.7216645904825878,0.9213215405833686
RF,seed15,14,Bar-dominant,1.6,1.3,1.9821499999999999,2.025858725659686,1.9821499999999999,2.0472211586483517,1.14405,1.1622854920552763,0.174,0.19168828332006185,1.745,1.780923550591207,0.851676863390164
RF,seed15,86,Y-dominant,1.0,2.3,2.724201468320579,2.0821273009669685,2.2233624753656565,2.357847807627713,1.4705649477788796,1.205347053941603,0.5356053013296822,0.3604374760850373,1.7706053013296823,1.662904476085034,0.3687516165551728
RF,seed15,38,Bar-dominant,1.9,1.7,2.293211302954876,2.3383987540553886,2.3429667876993387,2.3453362278415835,1.351962881050306,1.3476693351680604,0.1601397071085639,0.16702248109457846,1.730139707108564,1.7460680782450446,0.9412787992013893
PRSM,seed15,101,Y-dominant,1.1,2.4,2.0119520993303985,2.086247127391838,2.49534848601559,2.404967629518615,1.1883787520566418,1.200358628816954,0.34589256406251734,0.4520507768621749,1.6248925640625174,1.726120048231195,0.6381249237220121
PRSM,seed15,97,Y-dominant,1.1,2.0,2.06925,2.214801755342152,2.06925,2.215903421161193,1.1950500000000002,1.2738031525715838,0.217,0.10878189866326471,1.704,1.5687200959303265,0.6006514292296824
PRSM,seed15,8,Bar-dominant,1.5,1.4,2.0793,2.0582264063210953,2.0793,2.063825176860618,1.2006,1.1778088160430649,0.198,0.040621235206235395,1.769,1.6543703854732914,0.686700511524996
PRSM,seed15,57,Balanced,1.2,1.6,2.1153999999999997,2.1024122190697376,2.1153999999999997,2.0082210578051143,1.2222,1.2232963637673802,-0.2085926535897933,-0.04528673808219019,1.421,1.538086535030342,0.6951767097686801
PRSM,seed15,11,Bar-dominant,1.6,1.1,1.9683560177213877,1.9744685784235143,2.1385196933900494,2.101362681659711,1.0814469998492438,1.105476328924243,0.19745556152410765,0.18055920007466186,1.7684555615241078,1.7865756957206538,0.9015993297886756
PRSM,seed15,81,Balanced,1.9,2.4,2.8057499999999997,2.795884454092446,2.8057499999999997,2.79633370274817,1.61895,1.6079199622845826,-0.1515926535897929,-0.13810931814908534,1.456,1.4598151588332282,0.9508014938921728
PRSM,seed15,87,Y-dominant,1.0,2.2,1.9253432317381753,2.0951596898470197,2.296459772530195,2.322746296060691,1.1422904154156968,1.1795030263814912,0.35463302764849364,0.3558337871303272,1.6536330276484936,1.6646530918750697,0.843821860164849
PRSM,seed15,36,Bar-dominant,1.9,1.4,2.268798599479469,2.2608746122019707,2.478161714658128,2.424407188284598,1.2312060260178583,1.2823388530399518,0.17145463892772492,0.13666742296022583,1.7424546389277251,1.727701217507293,0.8376032481690612
PRSM,seed15,108,Y-dominant,1.3,2.4,2.2576822739260725,2.3271246658340057,2.4252537494916315,2.471119392796941,1.3208798064459844,1.360225510677075,0.25141479063014,0.20529269652106263,1.68241479063014,1.6243685735909024,0.7629965851404079
PRSM,seed15,25,Bar-dominant,1.8,1.3,2.1793198434373973,2.167463254944222,2.1738144170374447,2.3295314894750576,1.252434897621491,1.2177915606722631,0.1717326005842388,0.14261870487392114,1.8407326005842388,1.7429147941681176,0.7265515803653557
PRSM,seed15,52,Balanced,1.0,1.2,1.8469000000000002,1.8040821720568307,1.8469000000000002,1.8033951816020417,1.0659,1.0490897748146168,-0.247592653589793,-0.08994872112278729,1.365,1.5063832107549513,0.7336737521737838
PRSM,seed15,112,Y-dominant,1.4,2.4,2.375,2.430695731327724,2.3826,2.5228383419277205,1.3756,1.4193257382917421,0.227,0.1049255801698954,1.716,1.5800940463166269,0.5735073639470175
PRSM,seed15,94,Y-dominant,1.1,2.1,2.073720984124914,2.2128316034410007,2.146000717583487,2.2658113736514482,1.210489867834984,1.2717040721524717,0.27119795102684563,0.17802781844098914,1.7161979510268457,1.5998068658667388,0.6179112667357529
PRSM,seed15,51,Balanced,1.0,1.4,1.9296,1.9417037195973466,1.9296,1.9186693295343327,1.1148,1.1190440937492916,-0.24359265358979298,-0.10422099862951328,1.405,1.472098904459799,0.804128791463994
PRSM,seed15,90,Y-dominant,1.0,1.9,1.972,2.1497369898816605,1.972,2.1864583127907844,1.13825,1.217760754790362,0.253,0.08771629466593511,1.723,1.536478197414789,0.5264208813198337
PRSM,seed15,102,Y-dominant,1.2,2.3,2.153371266758243,2.2570062340557064,2.3416477004409244,2.379204101811114,1.2639060920494574,1.3115990575112852,0.2725523918299775,0.2416094023507478,1.6835523918299775,1.63930627043934,0.7948094014085052
PRSM,seed15,61,Balanced,1.3,1.6,2.1663,2.1275553857487446,2.1663,2.0339208478259674,1.2499,1.2366664595379544,-0.19259265358979327,-0.03436913883882187,1.414,1.5634681327320519,0.6574129520716515
PRSM,seed15,64,Balanced,1.4,1.7,2.2568,2.2184360909385212,2.2568,2.1257519625011696,1.30355,1.2845106861563975,-0.18659265358979304,-0.03057961720436686,1.416,1.5711448115245008,0.6368948655507817
PRSM,seed15,21,Bar-dominant,1.7,1.3,2.0655,2.1033301513108276,2.0655,2.2250739572765035,1.1925000000000001,1.1828596915677438,0.187,0.12110880502415844,1.798,1.7272627768914084,0.7114349517327043
PRSM,seed15,30,Bar-dominant,1.8,1.1,2.173554352897576,2.1435097370546394,2.562926455036068,2.3521303639328526,1.1099229606491847,1.1909934661247539,0.1709986684491855,0.2100254323886941,1.7409986684491856,1.8128723952672388,0.6693845098405233
PRSM,seed15,43,Bar-dominant,2.0,1.8,2.4548595581010333,2.4807764553757163,2.4166987192494345,2.5261900295642556,1.3867678249722057,1.434882553888794,0.14596583160301807,0.06631225561506815,1.716965831603018,1.6433017877310458,0.7025882306553884
PRSM,seed15,14,Bar-dominant,1.6,1.3,1.9821499999999999,2.047862843338096,1.9821499999999999,2.1251643433318237,1.14405,1.1582410530947276,0.174,0.09838276737461316,1.745,1.7086119786359533,0.7261664282092066
PRSM,seed15,86,Y-dominant,1.0,2.3,2.724201468320579,2.034148813608802,2.2233624753656565,2.3625514924150437,1.4705649477788796,1.1437138770511859,0.5356053013296822,0.47022993569392746,1.7706053013296823,1.7202968730043942,0.3407767894988352
PRSM,seed15,38,Bar-dominant,1.9,1.7,2.293211302954876,2.387970342172901,2.3429667876993387,2.449832430957456,1.351962881050306,1.3657057946675528,0.1601397071085639,0.05631274260095975,1.730139707108564,1.6482827056922325,0.6952511492862349
GPR,seed16,92,Y-dominant,1.0,2.1,2.3245437385646244,2.0400445461273193,2.0955017910344127,2.1600613594055176,1.2986857226717972,1.1774486303329468,0.39267749750420494,0.3649585545063019,1.753677497504205,1.7473922967910767,0.6611950776047474
GPR,seed16,101,Y-dominant,1.1,2.4,2.0119520993303985,2.0897350311279297,2.49534848601559,2.4804189205169678,1.1883787520566418,1.206746220588684,0.34589256406251734,0.3460492491722107,1.6248925640625174,1.6699916124343872,0.8065199822605428
GPR,seed16,82,Balanced,1.9,2.3,2.7615,2.7726073265075684,2.7615,2.7768895626068115,1.5939,1.5965968370437622,-0.14859265358979323,-0.16581128537654877,1.447,1.4335765838623047,0.9284705011707383
GPR,seed16,7,Bar-dominant,1.5,1.1,1.8681,1.8813382387161255,1.8668,1.9268732070922852,1.0776999999999999,1.0587158203125,0.21,0.2510366439819336,1.81,1.8400968313217163,0.8468453851952942
GPR,seed16,113,Y-dominant,1.4,2.5,2.360044647882747,2.3854827880859375,2.506676585676999,2.4829559326171875,1.3777679176184583,1.377799153327942,0.23451570284295817,0.2853437066078186,1.6815157028429581,1.7139891386032104,0.842955529093385
GPR,seed16,102,Y-dominant,1.2,2.3,2.153371266758243,2.224752902984619,2.3416477004409244,2.3255715370178223,1.2639060920494574,1.2765164375305176,0.2725523918299775,0.3088962137699127,1.6835523918299775,1.6961476802825928,0.9067275050191745
GPR,seed16,13,Bar-dominant,1.6,1.2,1.9655999999999998,1.9814025163650513,1.9655999999999998,2.0357017517089844,1.1354,1.111467957496643,0.198,0.2449456751346588,1.804,1.8381519317626953,0.8214829769514328
GPR,seed16,26,Bar-dominant,1.8,1.5,2.1614999999999998,2.211033582687378,2.1614999999999998,2.2401280403137207,1.2473999999999998,1.2639129161834717,0.182,0.2146172672510147,1.752,1.7969409227371216,0.8093106138356039
GPR,seed16,55,Balanced,1.1,1.3,1.9356003719776456,1.9295549392700195,1.937492994056581,1.9475027322769165,1.117199041344767,1.11253023147583,-0.24521261631259683,-0.2108571082353592,1.3623800372771964,1.4097073078155518,0.8871480669018399
GPR,seed16,51,Balanced,1.0,1.4,1.9296,1.9498649835586548,1.9296,1.961206078529358,1.1148,1.1225974559783936,-0.24359265358979298,-0.20749832689762115,1.405,1.4008938074111938,0.9160105871115991
GPR,seed16,9,Bar-dominant,1.5,1.0,1.871256680014797,1.8633129596710205,1.8728957857199402,1.9669755697250366,1.0812494801536263,1.0340139865875244,0.20032799567099582,0.2677498459815979,1.8683279956709957,1.8533134460449219,0.7620589707709275
GPR,seed16,104,Y-dominant,1.2,2.0,2.1840023443210863,2.207473039627075,2.1842449814232756,2.123964548110962,1.25760099440452,1.2701441049575806,0.26453479958330284,0.16642148792743683,1.735534799583303,1.6533758640289307,0.7302716305269127
GPR,seed16,97,Y-dominant,1.1,2.0,2.06925,2.1157760620117188,2.06925,2.0689945220947266,1.1950500000000002,1.21992027759552,0.217,0.27643781900405884,1.704,1.7227284908294678,0.8937893890328779
GPR,seed16,61,Balanced,1.3,1.6,2.1663,2.1742053031921387,2.1663,2.190880060195923,1.2499,1.2512662410736084,-0.19259265358979327,-0.19372500479221344,1.414,1.4127490520477295,0.9528871149212508
GPR,seed16,106,Y-dominant,1.2,2.5,2.119984573646705,2.181962251663208,2.574975357301693,2.544095993041992,1.24899395986891,1.256373643875122,0.31438166728142597,0.3307560682296753,1.629381667281426,1.6748261451721191,0.8104067894769194
GPR,seed16,56,Balanced,1.1,1.4,1.9825000000000002,1.984891414642334,1.98375,2.0050222873687744,1.145,1.1398582458496094,-0.21059265358979307,-0.2309093326330185,1.407,1.3858429193496704,0.9322108144868831
GPR,seed16,99,Y-dominant,1.1,1.9,2.0790021645010377,2.097290515899658,2.082235927368049,2.029907703399658,1.2014965845884542,1.2124509811401367,0.28255699955856206,0.2137393355369568,1.7435569995585622,1.6936498880386353,0.8114679952324029
GPR,seed16,60,Balanced,1.3,1.7,2.208,2.220017910003662,2.208,2.2242655754089355,1.275,1.2765400409698486,-0.19459265358979305,-0.1665678173303604,1.427,1.428308129310608,0.9416816169595689
GPR,seed16,29,Bar-dominant,1.8,1.7,2.338000654940028,2.3283345699310303,2.339010572321792,2.318774700164795,1.349249622036961,1.348821997642517,0.18225149714577257,0.09772644191980362,1.7532514971457727,1.681989312171936,0.7590293306951775
GPR,seed16,25,Bar-dominant,1.8,1.3,2.1793198434373973,2.1672050952911377,2.1738144170374447,2.307610273361206,1.252434897621491,1.207481026649475,0.1717326005842388,0.22392797470092773,1.8407326005842388,1.8191981315612793,0.7317595772057955
GPR,seed16,67,Balanced,1.5,1.7,2.313604979247754,2.3043761253356934,2.3211667886996374,2.321291923522949,1.331187176560011,1.3333622217178345,-0.26866733940976373,-0.16443924605846405,1.3379253141800294,1.4481580257415771,0.7000235778659495
GPR,seed16,39,Bar-dominant,1.9,1.5,2.2678312216741356,2.272951602935791,2.2712910690935604,2.3615970611572266,1.3072998429801153,1.2813856601715088,0.164752671849456,0.2127646952867508,1.7837526718494559,1.7942650318145752,0.7912029454824554
GPR,seed16,86,Y-dominant,1.0,2.3,2.724201468320579,2.0053257942199707,2.2233624753656565,2.4090142250061035,1.4705649477788796,1.1636728048324585,0.5356053013296822,0.35745084285736084,1.7706053013296823,1.679343342781067,0.3101139487505603
GPR,seed16,10,Bar-dominant,1.5,1.2,1.8927,1.9213836193084717,1.8927,1.9198176860809326,1.0935000000000001,1.0967744588851929,0.17,0.21389493346214294,1.741,1.8050180673599243,0.8482318023968759
k-NN,seed16,92,Y-dominant,1.0,2.1,2.3245437385646244,2.042591873951662,2.0955017910344127,2.157192731276508,1.2986857226717972,1.1883323644196946,0.39267749750420494,0.31864149272834913,1.753677497504205,1.705308159395016,0.6540415296550645
k-NN,seed16,101,Y-dominant,1.1,2.4,2.0119520993303985,2.1868613947555127,2.49534848601559,2.416834651798735,1.1883787520566418,1.256727681859923,0.34589256406251734,0.3749144383374528,1.6248925640625174,1.663247771670786,0.7185244465621295
k-NN,seed16,82,Balanced,1.9,2.3,2.7615,2.7413000000000003,2.7615,2.7413000000000003,1.5939,1.5831,-0.14859265358979323,-0.16592598692312643,1.447,1.438,0.9322954487509257
k-NN,seed16,7,Bar-dominant,1.5,1.1,1.8681,1.8996995780909822,1.8668,1.9574649941628006,1.0776999999999999,1.0766843935317987,0.21,0.1989599470834765,1.81,1.7696266137501435,0.8535903609983619
k-NN,seed16,113,Y-dominant,1.4,2.5,2.360044647882747,2.3630925790114587,2.506676585676999,2.4649106186903613,1.3777679176184583,1.3745526376791597,0.23451570284295817,0.23497446385373152,1.6815157028429581,1.6929744638537312,0.925609947074326
k-NN,seed16,102,Y-dominant,1.2,2.3,2.153371266758243,2.284662421060536,2.3416477004409244,2.313224481158106,1.2639060920494574,1.3120158293029134,0.2725523918299775,0.31972271031283955,1.6835523918299775,1.705056043646173,0.824686355051896
k-NN,seed16,13,Bar-dominant,1.6,1.2,1.9655999999999998,2.007529495908633,1.9655999999999998,2.1272630063840388,1.1354,1.1189688189904439,0.198,0.18428576650172412,1.804,1.7552857665017243,0.7661419894719868
k-NN,seed16,26,Bar-dominant,1.8,1.5,2.1614999999999998,2.1924167975065494,2.1614999999999998,2.2250866567775183,1.2473999999999998,1.2704388143065388,0.182,0.17812325517010197,1.752,1.763123255170102,0.8766148285710378
k-NN,seed16,55,Balanced,1.1,1.3,1.9356003719776456,1.9213500000000003,1.937492994056581,1.9217833333333332,1.117199041344767,1.1094666666666668,-0.24521261631259683,-0.2382593202564598,1.3623800372771964,1.3760000000000001,0.9536178257862016
k-NN,seed16,51,Balanced,1.0,1.4,1.9296,1.9200499999999998,1.9296,1.9200499999999998,1.1148,1.1086,-0.24359265358979298,-0.2319259869231264,1.405,1.3933333333333333,0.9607145133773152
k-NN,seed16,9,Bar-dominant,1.5,1.0,1.871256680014797,1.8518083816697264,1.8728957857199402,1.856450359061964,1.0812494801536263,1.0691319921383793,0.20032799567099582,0.19736120294659554,1.8683279956709957,1.833027869613262,0.9372141650107486
k-NN,seed16,104,Y-dominant,1.2,2.0,2.1840023443210863,2.1345110028525007,2.1842449814232756,2.116369280153625,1.25760099440452,1.225025784317552,0.26453479958330284,0.27351394182985383,1.735534799583303,1.7261806084965208,0.8440935133886895
k-NN,seed16,97,Y-dominant,1.1,2.0,2.06925,2.1345110028525007,2.06925,2.116369280153625,1.1950500000000002,1.2250257843175518,0.217,0.27351394182985383,1.704,1.7261806084965203,0.8431431263555753
k-NN,seed16,61,Balanced,1.3,1.6,2.1663,2.145733333333333,2.1663,2.146233333333333,1.2499,1.2392999999999998,-0.19259265358979327,-0.2369259869231266,1.414,1.375,0.8761061607261598
k-NN,seed16,106,Y-dominant,1.2,2.5,2.119984573646705,2.294335342066327,2.574975357301693,2.4963337289088194,1.24899395986891,1.319613888641702,0.31438166728142597,0.342240774612887,1.629381667281426,1.666240774612887,0.7203355674734602
k-NN,seed16,56,Balanced,1.1,1.4,1.9825000000000002,2.0401668131510267,1.98375,2.0413100096151697,1.145,1.1782829557737606,-0.21059265358979307,-0.22380966744802133,1.407,1.394782986141772,0.8538283162306416
k-NN,seed16,99,Y-dominant,1.1,1.9,2.0790021645010377,2.015898692040931,2.082235927368049,2.0140321150768843,1.2014965845884542,1.1594865999880228,0.28255699955856206,0.2717321308402347,1.7435569995585622,1.7363987975069015,0.8368711968033996
k-NN,seed16,60,Balanced,1.3,1.7,2.208,2.1923999999999997,2.208,2.1929,1.275,1.2664166666666665,-0.19459265358979305,-0.21625932025645986,1.427,1.3953333333333333,0.9026175934192191
k-NN,seed16,29,Bar-dominant,1.8,1.7,2.338000654940028,2.266014253479659,2.339010572321792,2.29786496203006,1.349249622036961,1.3199410851824627,0.18225149714577257,0.1718088889703964,1.7532514971457727,1.7431422223037298,0.8891760228584313
k-NN,seed16,25,Bar-dominant,1.8,1.3,2.1793198434373973,2.204036667629234,2.1738144170374447,2.203889531161758,1.252434897621491,1.2702992794220722,0.1717326005842388,0.17158479376148403,1.8407326005842388,1.8605847937614837,0.9268310692959486
k-NN,seed16,67,Balanced,1.5,1.7,2.313604979247754,2.2699166666666666,2.3211667886996374,2.2704166666666667,1.331187176560011,1.3111166666666665,-0.26866733940976373,-0.2075926535897931,1.3379253141800294,1.3940000000000001,0.8051590470643217
k-NN,seed16,39,Bar-dominant,1.9,1.5,2.2678312216741356,2.300349747778386,2.2712910690935604,2.36755559187393,1.3072998429801153,1.2994040316773605,0.164752671849456,0.17023960129587015,1.7837526718494559,1.7742396012958703,0.8498120090763563
k-NN,seed16,86,Y-dominant,1.0,2.3,2.724201468320579,1.9447333137731933,2.2233624753656565,2.40399171228756,1.4705649477788796,1.1457250078417271,0.5356053013296822,0.3657720880966713,1.7706053013296823,1.6324387547633379,0.2901388926649818
k-NN,seed16,10,Bar-dominant,1.5,1.2,1.8927,1.9099809055171864,1.8927,1.9110250963661173,1.0935000000000001,1.1007353935820507,0.17,0.20480809324210725,1.741,1.775474759908774,0.8969279014714033
RF,seed16,92,Y-dominant,1.0,2.1,2.3245437385646244,2.0630585577478313,2.0955017910344127,2.1228682206298175,1.2986857226717972,1.1920528632528984,0.39267749750420494,0.31950624272499106,1.753677497504205,1.7150937427249908,0.7008940815558113
RF,seed16,101,Y-dominant,1.1,2.4,2.0119520993303985,2.09947932156798,2.49534848601559,2.5087398956124196,1.1883787520566418,1.2139536300067673,0.34589256406251734,0.37568507725862127,1.6248925640625174,1.6324050772586198,0.908066006082574
RF,seed16,82,Balanced,1.9,2.3,2.7615,2.7407405301513217,2.7615,2.740867729468395,1.5939,1.5833562811107011,-0.14859265358979323,-0.17467878355562458,1.447,1.4234184067662219,0.8897959385659968
RF,seed16,7,Bar-dominant,1.5,1.1,1.8681,1.952373037438541,1.8668,2.0385994971011727,1.0776999999999999,1.0998323780181227,0.21,0.19228936372291588,1.81,1.8040948269908634,0.7242150074288021
RF,seed16,113,Y-dominant,1.4,2.5,2.360044647882747,2.3294454096534274,2.506676585676999,2.459011958883847,1.3777679176184583,1.354141523305005,0.23451570284295817,0.24189669583449047,1.6815157028429581,1.6844866040043687,0.8968223982133118
RF,seed16,102,Y-dominant,1.2,2.3,2.153371266758243,2.320142529569224,2.3416477004409244,2.2976792627475273,1.2639060920494574,1.329714731731183,0.2725523918299775,0.2898146972275828,1.6835523918299775,1.71376117886156,0.7729858512421351
RF,seed16,13,Bar-dominant,1.6,1.2,1.9655999999999998,2.009453755012845,1.9655999999999998,2.0754100045595276,1.1354,1.1370541845905324,0.198,0.18312248346096363,1.804,1.7624714650949358,0.8237163811910926
RF,seed16,26,Bar-dominant,1.8,1.5,2.1614999999999998,2.196202666197116,2.1614999999999998,2.228625627200781,1.2473999999999998,1.2595941057450157,0.182,0.17710294214058117,1.752,1.7842679421405716,0.8631058428495925
RF,seed16,55,Balanced,1.1,1.3,1.9356003719776456,1.9100649613162062,1.937492994056581,1.9095158557499352,1.117199041344767,1.1022340685815124,-0.24521261631259683,-0.19507986681053144,1.3623800372771964,1.4218703744920782,0.8563905710276329
RF,seed16,51,Balanced,1.0,1.4,1.9296,1.9505230788758778,1.9296,1.9500899163948677,1.1148,1.1253200888648247,-0.24359265358979298,-0.17648471535614177,1.405,1.4276317279727462,0.8984029568763944
RF,seed16,9,Bar-dominant,1.5,1.0,1.871256680014797,1.9564667183048194,1.8728957857199402,2.030948128923507,1.0812494801536263,1.0985659447282539,0.20032799567099582,0.19412597616376914,1.8683279956709957,1.8527264394317207,0.749875931392832
RF,seed16,104,Y-dominant,1.2,2.0,2.1840023443210863,2.216636204395861,2.1842449814232756,2.1935794273050258,1.25760099440452,1.268355817841693,0.26453479958330284,0.18031313606306906,1.735534799583303,1.6751010157355142,0.782469539327005
RF,seed16,97,Y-dominant,1.1,2.0,2.06925,2.1259450784045164,2.06925,2.117980981072813,1.1950500000000002,1.225170443742942,0.217,0.28949437982759446,1.704,1.7229882696314427,0.8370754257040707
RF,seed16,61,Balanced,1.3,1.6,2.1663,2.1230977133324505,2.1663,2.1227958080650593,1.2499,1.225133016704861,-0.19259265358979327,-0.17347852477192202,1.414,1.4261670838512008,0.888677014925727
RF,seed16,106,Y-dominant,1.2,2.5,2.119984573646705,2.4010953113768747,2.574975357301693,2.434701338726812,1.24899395986891,1.367775527496364,0.31438166728142597,0.3430470120847343,1.629381667281426,1.6936295120847376,0.5752416563729758
RF,seed16,56,Balanced,1.1,1.4,1.9825000000000002,1.9767543446516855,1.98375,1.9771136462432781,1.145,1.1414180618425,-0.21059265358979307,-0.20194236632153537,1.407,1.4103142647849192,0.9764581387520512
RF,seed16,99,Y-dominant,1.1,1.9,2.0790021645010377,2.0850972564996315,2.082235927368049,2.0774890599172724,1.2014965845884542,1.2010414945425603,0.28255699955856206,0.24045631543252483,1.7435569995585622,1.7089513195498327,0.8748686068292186
RF,seed16,60,Balanced,1.3,1.7,2.208,2.18033181451015,2.208,2.176869352963146,1.275,1.2558110049216151,-0.19459265358979305,-0.032920934590316475,1.427,1.5276795657334323,0.7134785845028623
RF,seed16,29,Bar-dominant,1.8,1.7,2.338000654940028,2.2949049055895507,2.339010572321792,2.3238388330110396,1.349249622036961,1.3339164611973637,0.18225149714577257,0.11581064322656612,1.7532514971457727,1.7014524605092654,0.8068488136955139
RF,seed16,25,Bar-dominant,1.8,1.3,2.1793198434373973,2.1832689749895375,2.1738144170374447,2.231234996639201,1.252434897621491,1.2415098583261193,0.1717326005842388,0.17216751616921327,1.8407326005842388,1.8538200161692038,0.9140914792965249
RF,seed16,67,Balanced,1.5,1.7,2.313604979247754,2.288471632509624,2.3211667886996374,2.2881453160049694,1.331187176560011,1.321067943293248,-0.26866733940976373,-0.09307010133779249,1.3379253141800294,1.5036708217917305,0.6029850622497438
RF,seed16,39,Bar-dominant,1.9,1.5,2.2678312216741356,2.2738698450695076,2.2712910690935604,2.384764822622179,1.3072998429801153,1.2709462770186999,0.164752671849456,0.1714823850334994,1.7837526718494559,1.7682023850334907,0.8264629981704443
RF,seed16,86,Y-dominant,1.0,2.3,2.724201468320579,1.9907780592984323,2.2233624753656565,2.3307108287320766,1.4705649477788796,1.1716318098160006,0.5356053013296822,0.3471051991822779,1.7706053013296823,1.6562626991822749,0.35347708070697564
RF,seed16,10,Bar-dominant,1.5,1.2,1.8927,2.000800721968482,1.8927,2.0459699579662316,1.0935000000000001,1.1368256958384313,0.17,0.19605056191764295,1.741,1.7720694517214826,0.7149091892779506
PRSM,seed16,92,Y-dominant,1.0,2.1,2.3245437385646244,2.025583695687336,2.0955017910344127,2.2146751326199405,1.2986857226717972,1.1768315166238046,0.39267749750420494,0.2544742846407708,1.753677497504205,1.6184116688485246,0.5278620925096634
PRSM,seed16,101,Y-dominant,1.1,2.4,2.0119520993303985,2.158901874976992,2.49534848601559,2.45421632630023,1.1883787520566418,1.2454961764197146,0.34589256406251734,0.36988820821157065,1.6248925640625174,1.681749098293874,0.7278417735445081
PRSM,seed16,82,Balanced,1.9,2.3,2.7615,2.720168198107384,2.7615,2.691942105262492,1.5939,1.5742245775011998,-0.14859265358979323,-0.09835186226885839,1.447,1.4990738947251154,0.7841460572911002
PRSM,seed16,7,Bar-dominant,1.5,1.1,1.8681,1.9864507166747223,1.8668,2.0553395125424956,1.0776999999999999,1.120361046349829,0.21,0.09781568339558244,1.81,1.724675589850817,0.6446939781423395
PRSM,seed16,113,Y-dominant,1.4,2.5,2.360044647882747,2.4159221814586993,2.506676585676999,2.5803032029657516,1.3777679176184583,1.392462148224029,0.23451570284295817,0.2076864670489038,1.6815157028429581,1.6321534995554865,0.7854063684663156
PRSM,seed16,102,Y-dominant,1.2,2.3,2.153371266758243,2.217845383078169,2.3416477004409244,2.3886551766808033,1.2639060920494574,1.2811958385090034,0.2725523918299775,0.2406847312750715,1.6835523918299775,1.6372798692633914,0.8104529728319998
PRSM,seed16,13,Bar-dominant,1.6,1.2,1.9655999999999998,2.0808075170678255,1.9655999999999998,2.1495025191816786,1.1354,1.1743257126948883,0.198,0.0981913106535306,1.804,1.7227217173061118,0.6554804991317604
PRSM,seed16,26,Bar-dominant,1.8,1.5,2.1614999999999998,2.322622971345298,2.1614999999999998,2.36337962241046,1.2473999999999998,1.3203289301507504,0.182,0.04620396047779651,1.752,1.6675103126589563,0.5970610709253381
PRSM,seed16,55,Balanced,1.1,1.3,1.9356003719776456,1.8676524726861516,1.937492994056581,1.8298057218307977,1.117199041344767,1.0816497940081307,-0.24521261631259683,-0.01876376936530494,1.3623800372771964,1.5661712614854157,0.6399760112784371
PRSM,seed16,51,Balanced,1.0,1.4,1.9296,1.844123987100805,1.9296,1.8232512276259838,1.1148,1.0753573446635196,-0.24359265358979298,-0.006327129464086756,1.405,1.5375793743039274,0.6809793273086178
PRSM,seed16,9,Bar-dominant,1.5,1.0,1.871256680014797,1.9377022703575182,1.8728957857199402,2.0501612715182844,1.0812494801536263,1.0872773204137274,0.20032799567099582,0.1358432270404315,1.8683279956709957,1.7581832331810179,0.6963850904844334
PRSM,seed16,104,Y-dominant,1.2,2.0,2.1840023443210863,2.1467773274829294,2.1842449814232756,2.1883336973063683,1.25760099440452,1.2436106846501247,0.26453479958330284,0.10763570114021936,1.735534799583303,1.5889532542197138,0.6124491160481619
PRSM,seed16,97,Y-dominant,1.1,2.0,2.06925,2.076388887235666,2.06925,2.163021640162379,1.1950500000000002,1.2052745688598494,0.217,0.1519590367407324,1.704,1.5932254627156581,0.6930858903906563
PRSM,seed16,61,Balanced,1.3,1.6,2.1663,2.08878416142525,2.1663,2.0329281464264226,1.2499,1.204893080301923,-0.19259265358979327,-0.003377693781969837,1.414,1.5835900906654503,0.624881709449091
PRSM,seed16,106,Y-dominant,1.2,2.5,2.119984573646705,2.25686841330155,2.574975357301693,2.545108645494451,1.24899395986891,1.2993387166285215,0.31438166728142597,0.3567416488499857,1.629381667281426,1.6861030880844972,0.7374775553546105
PRSM,seed16,56,Balanced,1.1,1.4,1.9825000000000002,1.9024853645830062,1.98375,1.8636645063397514,1.145,1.1034588108016454,-0.21059265358979307,-0.010789335555450141,1.407,1.5600728621002582,0.6697460321489765
PRSM,seed16,99,Y-dominant,1.1,1.9,2.0790021645010377,2.051582803546945,2.082235927368049,2.1016758765765955,1.2014965845884542,1.1917622214100159,0.28255699955856206,0.11115552594886269,1.7435569995585622,1.5793972915504313,0.6005148995309331
PRSM,seed16,60,Balanced,1.3,1.7,2.208,2.1230547243761793,2.208,2.0730618935006273,1.275,1.2261169496589703,-0.19459265358979305,0.006217559037044351,1.427,1.5787319972205593,0.6238671678200276
PRSM,seed16,29,Bar-dominant,1.8,1.7,2.338000654940028,2.4150906077392165,2.339010572321792,2.401723318513578,1.349249622036961,1.3819753832656572,0.18225149714577257,-0.014045644123752643,1.7532514971457727,1.6108581340028163,0.5774253403855489
PRSM,seed16,25,Bar-dominant,1.8,1.3,2.1793198434373973,2.2234707961459566,2.1738144170374447,2.3433605790252283,1.252434897621491,1.2531513641400562,0.1717326005842388,0.12833961640068914,1.8407326005842388,1.7374468716820193,0.7107088387324915
PRSM,seed16,67,Balanced,1.5,1.7,2.313604979247754,2.243847565849477,2.3211667886996374,2.1826133854566665,1.331187176560011,1.2898250592635536,-0.26866733940976373,-0.015447809036460258,1.3379253141800294,1.5933727267959568,0.5007243023394594
PRSM,seed16,39,Bar-dominant,1.9,1.5,2.2678312216741356,2.372600584731681,2.2712910690935604,2.4584935124353553,1.3072998429801153,1.3465726934748057,0.164752671849456,0.07050512613667148,1.7837526718494559,1.680868244487839,0.6349890792538126
PRSM,seed16,86,Y-dominant,1.0,2.3,2.724201468320579,2.062389114399858,2.2233624753656565,2.3677410026620302,1.4705649477788796,1.193379133168364,0.5356053013296822,0.3782325898580381,1.7706053013296823,1.6713964659725582,0.3547345961493283
PRSM,seed16,10,Bar-dominant,1.5,1.2,1.8927,2.0335280282905708,1.8927,2.0650989167461784,1.0935000000000001,1.1520619940619836,0.17,0.06525965258106914,1.741,1.6944890416123464,0.6560895830703395
GPR,seed17,46,Bar-dominant,2.0,1.1,2.3684045647861773,2.358520746231079,2.2762335055230363,2.7411081790924072,2.001234820887922,1.21281898021698,0.1550366517373936,0.12708908319473267,1.7230366517373936,1.716813087463379,0.4159469326156756
GPR,seed17,9,Bar-dominant,1.5,1.0,1.871256680014797,1.8655993938446045,1.8728957857199402,1.950016736984253,1.0812494801536263,1.058334231376648,0.20032799567099582,0.2627502977848053,1.8683279956709957,1.844287633895874,0.7954586248651618
GPR,seed17,59,Balanced,1.2,1.4,2.0254000000000003,2.0108089447021484,2.0267,2.014575958251953,1.1700000000000002,1.1579668521881104,-0.24459265358979332,-0.19858212769031525,1.361,1.427478551864624,0.8423936186173117
GPR,seed17,117,Y-dominant,1.6,2.5,2.5768499999999994,2.553034543991089,2.5747999999999998,2.546225070953369,1.4862499999999998,1.466489315032959,0.215,0.135986790060997,1.711,1.6444125175476074,0.735492230236469
GPR,seed17,37,Bar-dominant,1.9,1.6,2.254,2.2950527667999268,2.254,2.324808359146118,1.302,1.3142459392547607,0.18,0.20752209424972534,1.753,1.7790777683258057,0.83154555260718
GPR,seed17,92,Y-dominant,1.0,2.1,2.3245437385646244,2.122291326522827,2.0955017910344127,2.1396169662475586,1.2986857226717972,1.2069165706634521,0.39267749750420494,0.3808503746986389,1.753677497504205,1.7609950304031372,0.7446129131415048
GPR,seed17,67,Balanced,1.5,1.7,2.313604979247754,2.3149375915527344,2.3211667886996374,2.3275508880615234,1.331187176560011,1.3376359939575195,-0.26866733940976373,-0.1790037900209427,1.3379253141800294,1.44191575050354,0.7164153397210049
GPR,seed17,55,Balanced,1.1,1.3,1.9356003719776456,1.92690110206604,1.937492994056581,1.9290392398834229,1.117199041344767,1.116997480392456,-0.24521261631259683,-0.1993875652551651,1.3623800372771964,1.4288105964660645,0.8517920412292567
GPR,seed17,16,Bar-dominant,1.6,1.5,2.16535,2.1545441150665283,2.1669,2.1110880374908447,1.25085,1.2563135623931885,0.193,0.06990231573581696,1.764,1.6683439016342163,0.7117121965428129
GPR,seed17,11,Bar-dominant,1.6,1.1,1.9683560177213877,1.963456153869629,2.1385196933900494,2.070636034011841,1.0814469998492438,1.0983119010925293,0.19745556152410765,0.23301450908184052,1.7684555615241078,1.8264416456222534,0.8353568404660604
GPR,seed17,106,Y-dominant,1.2,2.5,2.119984573646705,2.1977698802948,2.574975357301693,2.5298874378204346,1.24899395986891,1.2846189737319946,0.31438166728142597,0.3271968364715576,1.629381667281426,1.6920660734176636,0.7440856410861697
GPR,seed17,48,Bar-dominant,2.0,1.4,2.3698152438534104,2.349673271179199,2.6904826933396144,2.5867629051208496,1.2449578454068284,1.2718844413757324,0.15541321480755507,0.14529436826705933,1.7274132148075552,1.7367151975631714,0.8415037556645176
GPR,seed17,76,Balanced,1.7,2.1,2.5783,2.589447259902954,2.5783,2.585280656814575,1.4896,1.499504804611206,-0.15859265358979302,-0.17381517589092255,1.444,1.4358479976654053,0.9485007100985328
GPR,seed17,23,Bar-dominant,1.7,1.1,2.0720018918910283,2.068526029586792,2.074586213855673,2.2610974311828613,1.1956045839992344,1.1285452842712402,0.17935135052876194,0.2017931491136551,1.9133513505287618,1.8025257587432861,0.6957530758907687
GPR,seed17,110,Y-dominant,1.3,2.5,2.2422777370343754,2.275559186935425,2.540131856071085,2.4977614879608154,1.3200579130374792,1.3229128122329712,0.26892339156119455,0.30390214920043945,1.6569233915611945,1.7030235528945923,0.808149597752557
GPR,seed17,83,Balanced,2.0,2.4,2.8534,2.8332161903381348,2.8534,2.855185031890869,1.6478000000000002,1.6044673919677734,-0.14459265358979323,-0.1881418377161026,1.449,1.403525710105896,0.8017345719650486
GPR,seed17,109,Y-dominant,1.3,2.2,2.278510752662801,2.2960286140441895,2.2755322720951447,2.2699577808380127,1.3090153278909717,1.324404001235962,0.19292781304489365,0.19898974895477295,1.6939278130448936,1.658800721168518,0.8793702086040142
GPR,seed17,58,Balanced,1.2,1.5,2.073600439453079,2.0680019855499268,2.0757300288455096,2.0821962356567383,1.1974488673212813,1.1889927387237549,-0.2012436951644775,-0.20775525271892548,1.4103489584253157,1.4117053747177124,0.9749130431409633
GPR,seed17,28,Bar-dominant,1.8,1.0,2.1700112902932096,2.1923208236694336,2.6536816770303138,2.51656436920166,1.075045374388253,1.1524051427841187,0.1717742047373788,0.1431044340133667,1.741774204737379,1.744879126548767,0.7605088818434137
GPR,seed17,89,Y-dominant,1.0,2.5,1.8435641601257062,2.0757334232330322,2.6631260895011266,2.5669353008270264,1.0493352926583754,1.2263460159301758,0.4613304225896439,0.35916197299957275,1.552330422589644,1.6776429414749146,0.4737011853670508
GPR,seed17,42,Bar-dominant,2.0,1.5,2.378250643855689,2.3432352542877197,2.370505060963663,2.502873420715332,1.3650060690142234,1.294870138168335,0.15926416495988552,0.1774725615978241,1.8272641649598855,1.7575163841247559,0.736779569705619
GPR,seed17,81,Balanced,1.9,2.4,2.8057499999999997,2.8011255264282227,2.8057499999999997,2.8030049800872803,1.61895,1.595580816268921,-0.1515926535897929,-0.15654651820659637,1.456,1.4325610399246216,0.909761751713532
GPR,seed17,66,Balanced,1.5,1.8,2.34795,2.373892068862915,2.34795,2.397026538848877,1.3562999999999998,1.3695145845413208,-0.18259265358979304,-0.20779703557491302,1.417,1.4121536016464233,0.8890811321386517
GPR,seed17,70,Balanced,1.6,2.1,2.5234,2.5319840908050537,2.5234,2.5150060653686523,1.4578000000000002,1.4656740427017212,-0.18559265358979316,-0.151162251830101,1.437,1.4477635622024536,0.9246467234015198
k-NN,seed17,46,Bar-dominant,2.0,1.1,2.3684045647861773,2.3110349991611185,2.2762335055230363,2.708422194678692,2.001234820887922,1.1819975385761055,0.1550366517373936,0.1622295283590447,1.7230366517373936,1.7338295283590448,0.4359319051544178
k-NN,seed17,9,Bar-dominant,1.5,1.0,1.871256680014797,1.8230378434020948,1.8728957857199402,1.8355856928948504,1.0812494801536263,1.0586899921903576,0.20032799567099582,0.20060095470797523,1.8683279956709957,1.8162009547079752,0.8889733249722156
k-NN,seed17,59,Balanced,1.2,1.4,2.0254000000000003,2.03316,2.0267,2.03341,1.1700000000000002,1.17432,-0.24459265358979332,-0.22739265358979316,1.361,1.4002000000000003,0.9060646799436946
k-NN,seed17,117,Y-dominant,1.6,2.5,2.5768499999999994,2.47914138626337,2.5747999999999998,2.510108151177905,1.4862499999999998,1.4353846222969335,0.215,0.1463546906737219,1.711,1.6536732213916807,0.7485452459378298
k-NN,seed17,37,Bar-dominant,1.9,1.6,2.254,2.3019398701765077,2.254,2.34403500089556,1.302,1.3273762133860811,0.18,0.17037084176421102,1.753,1.750770841764211,0.8359998408193935
k-NN,seed17,92,Y-dominant,1.0,2.1,2.3245437385646244,2.117766504292077,2.0955017910344127,2.144915619156187,1.2986857226717972,1.2208800476336532,0.39267749750420494,0.3060424613144433,1.753677497504205,1.7130424613144435,0.7223750371088382
k-NN,seed17,67,Balanced,1.5,1.7,2.313604979247754,2.297083296151087,2.3211667886996374,2.297459585299019,1.331187176560011,1.3263761821144056,-0.26866733940976373,-0.22523660377768456,1.3379253141800294,1.3938178238121082,0.8305394205420935
k-NN,seed17,55,Balanced,1.1,1.3,1.9356003719776456,1.93445,1.937492994056581,1.9346999999999999,1.117199041344767,1.11712,-0.24521261631259683,-0.22999265358979307,1.3623800372771964,1.3984,0.9197869677644815
k-NN,seed17,16,Bar-dominant,1.6,1.5,2.16535,2.1311839378295003,2.1669,2.1391488360557567,1.25085,1.2315778763711305,0.193,0.18917345448804426,1.764,1.759973454488044,0.9307647610062515
k-NN,seed17,11,Bar-dominant,1.6,1.1,1.9683560177213877,1.9939280492379308,2.1385196933900494,2.1051945642896794,1.0814469998492438,1.1090028432653298,0.19745556152410765,0.19188111302307237,1.7684555615241078,1.8102811130230723,0.9026893526343556
k-NN,seed17,106,Y-dominant,1.2,2.5,2.119984573646705,2.254081462060765,2.574975357301693,2.475229630367919,1.24899395986891,1.3051620458017423,0.31438166728142597,0.3179243979626164,1.629381667281426,1.6661243979626164,0.7300469302601111
k-NN,seed17,48,Bar-dominant,2.0,1.4,2.3698152438534104,2.3114880791593713,2.6904826933396144,2.5368155111515907,1.2449578454068284,1.245536236867783,0.15541321480755507,0.1627610563905404,1.7274132148075552,1.7741610563905403,0.7860185676696102
k-NN,seed17,76,Balanced,1.7,2.1,2.5783,2.58373,2.5783,2.5841199999999995,1.4896,1.4917500000000001,-0.15859265358979302,-0.1699926535897931,1.444,1.4317999999999997,0.9475507391783032
k-NN,seed17,23,Bar-dominant,1.7,1.1,2.0720018918910283,2.0907981561106066,2.074586213855673,2.2816850939628432,1.1956045839992344,1.1381899086327167,0.17935135052876194,0.1802892023048983,1.9133513505287618,1.7896892023048985,0.7059715209048729
k-NN,seed17,110,Y-dominant,1.3,2.5,2.2422777370343754,2.326691042194685,2.540131856071085,2.452679933164801,1.3200579130374792,1.3426062953904137,0.26892339156119455,0.2941458851501129,1.6569233915611945,1.684345885150113,0.8040614159162845
k-NN,seed17,83,Balanced,2.0,2.4,2.8534,2.7745299999999995,2.8534,2.7745299999999995,1.6478000000000002,1.6025800000000001,-0.14459265358979323,-0.16559265358979314,1.449,1.4331999999999998,0.8287036920669135
k-NN,seed17,109,Y-dominant,1.3,2.2,2.278510752662801,2.232672834397037,2.2755322720951447,2.287482768924067,1.3090153278909717,1.2924026480144086,0.19292781304489365,0.23564232285738096,1.6939278130448936,1.7026423228573808,0.9227015023151569
k-NN,seed17,58,Balanced,1.2,1.5,2.073600439453079,2.0805,2.0757300288455096,2.08075,1.1974488673212813,1.20134,-0.2012436951644775,-0.21719265358979323,1.4103489584253157,1.402,0.9631010786641739
k-NN,seed17,28,Bar-dominant,1.8,1.0,2.1700112902932096,2.192183617209502,2.6536816770303138,2.562018607629523,1.075045374388253,1.1272064689994141,0.1717742047373788,0.17013555625539847,1.741774204737379,1.7725355562553986,0.8491289936394619
k-NN,seed17,89,Y-dominant,1.0,2.5,1.8435641601257062,2.250549078259554,2.6631260895011266,2.441029581912539,1.0493352926583754,1.2782302596972204,0.4613304225896439,0.4124070303174359,1.552330422589644,1.6652070303174362,0.3709077523960401
k-NN,seed17,42,Bar-dominant,2.0,1.5,2.378250643855689,2.2867919382454813,2.370505060963663,2.4328010443449033,1.3650060690142234,1.2634038810051276,0.15926416495988552,0.16890947067451176,1.8272641649598855,1.749709470674512,0.7606085673402547
k-NN,seed17,81,Balanced,1.9,2.4,2.8057499999999997,2.7745299999999995,2.8057499999999997,2.7745299999999995,1.61895,1.6025800000000001,-0.1515926535897929,-0.16559265358979314,1.456,1.4332,0.8941837523093602
k-NN,seed17,66,Balanced,1.5,1.8,2.34795,2.3807532961510867,2.34795,2.3808295852990193,1.3562999999999998,1.3744961821144053,-0.18259265358979304,-0.20623660377768452,1.417,1.4094178238121085,0.9022075323874664
k-NN,seed17,70,Balanced,1.6,2.1,2.5234,2.542880124201546,2.5234,2.542772076065803,1.4578000000000002,1.4679004251412295,-0.18559265358979316,-0.18353459820755008,1.437,1.422858055382243,0.9372215438146679
RF,seed17,46,Bar-dominant,2.0,1.1,2.3684045647861773,2.3502036481728954,2.2762335055230363,2.6329994365169536,2.001234820887922,1.246671826963254,0.1550366517373936,0.15899990364735786,1.7230366517373936,1.7310611536473501,0.45463908813829007
RF,seed17,9,Bar-dominant,1.5,1.0,1.871256680014797,1.8736419519115943,1.8728957857199402,1.8946130684749816,1.0812494801536263,1.0739770613889859,0.20032799567099582,0.2038979679810592,1.8683279956709957,1.837342134647727,0.9454070858861833
RF,seed17,59,Balanced,1.2,1.4,2.0254000000000003,2.0031073671256108,2.0267,2.0004018889000195,1.1700000000000002,1.1538893083347397,-0.24459265358979332,0.02847855080825192,1.361,1.6176791920153262,0.571405857326594
RF,seed17,117,Y-dominant,1.6,2.5,2.5768499999999994,2.513764871726893,2.5747999999999998,2.5218044991331086,1.4862499999999998,1.4525188010685082,0.215,0.12234534070602962,1.711,1.643022975868223,0.722901510415795
RF,seed17,37,Bar-dominant,1.9,1.6,2.254,2.286928144708718,2.254,2.338843967157757,1.302,1.3108496803967549,0.18,0.1684279383976408,1.753,1.7583020008976444,0.8454604098223472
RF,seed17,92,Y-dominant,1.0,2.1,2.3245437385646244,2.078989655468876,2.0955017910344127,2.09315042149128,1.2986857226717972,1.1945077106339892,0.39267749750420494,0.32106842240066763,1.753677497504205,1.721833302844162,0.7375528725861433
RF,seed17,67,Balanced,1.5,1.7,2.313604979247754,2.2920668541267006,2.3211667886996374,2.29291443513771,1.331187176560011,1.3237315304877282,-0.26866733940976373,-0.1372728196618778,1.3379253141800294,1.4698157748099592,0.6602399240809343
RF,seed17,55,Balanced,1.1,1.3,1.9356003719776456,1.9232504660191023,1.937492994056581,1.9228242078204416,1.117199041344767,1.1098444493118977,-0.24521261631259683,-0.17330072937627922,1.3623800372771964,1.4424329823186366,0.8199854367456066
RF,seed17,16,Bar-dominant,1.6,1.5,2.16535,2.1430034828732754,2.1669,2.1529909103357836,1.25085,1.2398035008984853,0.193,0.08931299482544258,1.764,1.6725492046873596,0.7384977861487716
RF,seed17,11,Bar-dominant,1.6,1.1,1.9683560177213877,1.962827028804635,2.1385196933900494,1.99179264500368,1.0814469998492438,1.115780875960825,0.19745556152410765,0.19338133117354864,1.7684555615241078,1.8696631228402196,0.7762914602647448
RF,seed17,106,Y-dominant,1.2,2.5,2.119984573646705,2.406600405530396,2.574975357301693,2.4105590573043285,1.24899395986891,1.3650837583042121,0.31438166728142597,0.3582450948430476,1.629381667281426,1.697774261509714,0.5553533409503422
RF,seed17,48,Bar-dominant,2.0,1.4,2.3698152438534104,2.3276513503780136,2.6904826933396144,2.603194561689485,1.2449578454068284,1.2349597905486622,0.15541321480755507,0.1633070124491441,1.7274132148075552,1.7483245124491367,0.8620009409408339
RF,seed17,76,Balanced,1.7,2.1,2.5783,2.5498718475756283,2.5783,2.550811434267437,1.4896,1.472182420585868,-0.15859265358979302,-0.1544850532023443,1.444,1.4408043952463785,0.9374479953963918
RF,seed17,23,Bar-dominant,1.7,1.1,2.0720018918910283,2.0824471020689974,2.074586213855673,2.3796447725290752,1.1956045839992344,1.0935107971240359,0.17935135052876194,0.18000665414800998,1.9133513505287618,1.7684391541480013,0.6126565697353472
RF,seed17,110,Y-dominant,1.3,2.5,2.2422777370343754,2.303855422410073,2.540131856071085,2.4270315231550894,1.3200579130374792,1.3370645176495077,0.26892339156119455,0.26980105308922653,1.6569233915611945,1.6866083680565322,0.7861764926191024
RF,seed17,83,Balanced,2.0,2.4,2.8534,2.8244662895932295,2.8534,2.8248109488955095,1.6478000000000002,1.6313315324215794,-0.14459265358979323,-0.1144177258788435,1.449,1.4758376990840179,0.8672615506896634
RF,seed17,109,Y-dominant,1.3,2.2,2.278510752662801,2.266450577901307,2.2755322720951447,2.299748737702586,1.3090153278909717,1.3112701657286763,0.19292781304489365,0.1971207749752568,1.6939278130448936,1.6716954131444977,0.9124785927890029
RF,seed17,58,Balanced,1.2,1.5,2.073600439453079,2.0809337970243478,2.0757300288455096,2.080719013985466,1.1974488673212813,1.2008969363621957,-0.2012436951644775,-0.12487991990003408,1.4103489584253157,1.4746293951288552,0.8234274657081865
RF,seed17,28,Bar-dominant,1.8,1.0,2.1700112902932096,2.1413249643258196,2.6536816770303138,2.461234031433691,1.075045374388253,1.1183575594001944,0.1717742047373788,0.17445696586485776,1.741774204737379,1.7647219658648508,0.7643656197453862
RF,seed17,89,Y-dominant,1.0,2.5,1.8435641601257062,2.0618126657230462,2.6631260895011266,2.4919455077322312,1.0493352926583754,1.1829957018459523,0.4613304225896439,0.4259870961181007,1.552330422589644,1.6260145961181018,0.5330334123478626
RF,seed17,42,Bar-dominant,2.0,1.5,2.378250643855689,2.319150209970141,2.370505060963663,2.4524228399992154,1.3650060690142234,1.2869733162652652,0.15926416495988552,0.16541802219162377,1.8272641649598855,1.757155522191622,0.7825047178540713
RF,seed17,81,Balanced,1.9,2.4,2.8057499999999997,2.7697864736237263,2.8057499999999997,2.770224320903964,1.61895,1.5995599034681638,-0.1515926535897929,-0.11075621115465696,1.456,1.4774660189062843,0.8626136503015049
RF,seed17,66,Balanced,1.5,1.8,2.34795,2.3939729272853794,2.34795,2.3939925431306124,1.3562999999999998,1.3818283897689208,-0.18259265358979304,-0.1916012579902188,1.417,1.429811751964357,0.8924097648724302
RF,seed17,70,Balanced,1.6,2.1,2.5234,2.4928190379238053,2.5234,2.4930494937376353,1.4578000000000002,1.4385479614421335,-0.18559265358979316,-0.13271844399133811,1.437,1.4598352386979008,0.8642180021036305
PRSM,seed17,46,Bar-dominant,2.0,1.1,2.3684045647861773,2.202642930973682,2.2762335055230363,2.5631517833272097,2.001234820887922,1.1523309393740655,0.1550366517373936,0.38382970113938186,1.7230366517373936,1.9144735279129828,0.2449315411743647
PRSM,seed17,9,Bar-dominant,1.5,1.0,1.871256680014797,1.9000974178979009,1.8728957857199402,2.017675233850019,1.0812494801536263,1.062896961515647,0.20032799567099582,0.14833636553243545,1.8683279956709957,1.7662515082164951,0.7335623696026417
PRSM,seed17,59,Balanced,1.2,1.4,2.0254000000000003,1.9584072764554186,2.0267,1.9032571474321451,1.1700000000000002,1.1433464676333662,-0.24459265358979332,-0.015336958452993654,1.361,1.5827997554434865,0.6049466020981107
PRSM,seed17,117,Y-dominant,1.6,2.5,2.5768499999999994,2.5578056481383995,2.5747999999999998,2.61455176651417,1.4862499999999998,1.4934353128285385,0.215,0.08567531568733111,1.711,1.5801365365336912,0.5825615987070583
PRSM,seed17,37,Bar-dominant,1.9,1.6,2.254,2.408097611001369,2.254,2.4715074540025546,1.302,1.3543997137123638,0.18,0.046886652562438735,1.753,1.6579217880510777,0.592905578370604
PRSM,seed17,92,Y-dominant,1.0,2.1,2.3245437385646244,2.100274709280871,2.0955017910344127,2.217034853454873,1.2986857226717972,1.1988964557622115,0.39267749750420494,0.26882732805888643,1.753677497504205,1.6451666777613418,0.5785086075812714
PRSM,seed17,67,Balanced,1.5,1.7,2.313604979247754,2.2199345872444236,2.3211667886996374,2.1632028310750213,1.331187176560011,1.2948108623778443,-0.26866733940976373,-0.0029204734190140247,1.3379253141800294,1.6019263901405099,0.49323241800305606
PRSM,seed17,55,Balanced,1.1,1.3,1.9356003719776456,1.8799165085384089,1.937492994056581,1.8308059696056416,1.117199041344767,1.0960040813462792,-0.24521261631259683,-0.03427275606533331,1.3623800372771964,1.5611331655749763,0.6486171339286657
PRSM,seed17,16,Bar-dominant,1.6,1.5,2.16535,2.188160834865929,2.1669,2.1751577592684734,1.25085,1.2588522031851306,0.193,0.02661010401355668,1.764,1.6488475722541645,0.6608194332368602
PRSM,seed17,11,Bar-dominant,1.6,1.1,1.9683560177213877,1.9956600268749494,2.1385196933900494,2.1138726517437436,1.0814469998492438,1.113772017526195,0.19745556152410765,0.15740610429797397,1.7684555615241078,1.7702609771237081,0.8745038235402478
PRSM,seed17,106,Y-dominant,1.2,2.5,2.119984573646705,2.3017584359666006,2.574975357301693,2.514770925802805,1.24899395986891,1.313582183538895,0.31438166728142597,0.3859689563850355,1.629381667281426,1.7176126403459246,0.6365333785921911
PRSM,seed17,48,Bar-dominant,2.0,1.4,2.3698152438534104,2.3690539216290682,2.6904826933396144,2.5618924209156915,1.2449578454068284,1.290578832756054,0.15541321480755507,0.1774599733571811,1.7274132148075552,1.7559691926973153,0.7816018454609841
PRSM,seed17,76,Balanced,1.7,2.1,2.5783,2.4932015632334554,2.5783,2.4530237570979203,1.4896,1.4550168410814515,-0.15859265358979302,-0.03648888354329349,1.444,1.5523055984783742,0.6495778309080971
PRSM,seed17,23,Bar-dominant,1.7,1.1,2.0720018918910283,2.04341136855465,2.074586213855673,2.211404167721624,1.1956045839992344,1.1249801626990212,0.17935135052876194,0.2083823131843141,1.9133513505287618,1.8072112159194207,0.7249265590505954
PRSM,seed17,110,Y-dominant,1.3,2.5,2.2422777370343754,2.361775854664568,2.540131856071085,2.5249278690626604,1.3200579130374792,1.3601138805721646,0.26892339156119455,0.30526585588659794,1.6569233915611945,1.6841407154912602,0.8329396169781038
PRSM,seed17,83,Balanced,2.0,2.4,2.8534,2.820121960444781,2.8534,2.823434267613512,1.6478000000000002,1.6324390291328426,-0.14459265358979323,-0.1519592791785358,1.449,1.445670851066089,0.9315951054240894
PRSM,seed17,109,Y-dominant,1.3,2.2,2.278510752662801,2.282356342934572,2.2755322720951447,2.3193644276645444,1.3090153278909717,1.3289758375464018,0.19292781304489365,0.15463792362054773,1.6939278130448936,1.622721376224048,0.7658333511144425
PRSM,seed17,58,Balanced,1.2,1.5,2.073600439453079,1.9975929615652324,2.0757300288455096,1.9384077920712146,1.1974488673212813,1.1679736814140198,-0.2012436951644775,-0.00642997487182817,1.4103489584253157,1.5782824382204148,0.6430629816604694
PRSM,seed17,28,Bar-dominant,1.8,1.0,2.1700112902932096,2.038440492521671,2.6536816770303138,2.320542466270103,1.075045374388253,1.0898483014702363,0.1717742047373788,0.3262650211601894,1.741774204737379,1.8927053174420818,0.5034711910095713
PRSM,seed17,89,Y-dominant,1.0,2.5,1.8435641601257062,2.18971236726063,2.6631260895011266,2.524033573119066,1.0493352926583754,1.2173819600506386,0.4613304225896439,0.5586345380299331,1.552330422589644,1.782762287858466,0.3633127474882638
PRSM,seed17,42,Bar-dominant,2.0,1.5,2.378250643855689,2.4213354745131026,2.370505060963663,2.569649240257582,1.3650060690142234,1.333000968040414,0.15926416495988552,0.11970021302172862,1.8272641649598855,1.7098436279050464,0.6612483242781029
PRSM,seed17,81,Balanced,1.9,2.4,2.8057499999999997,2.7431010649420067,2.8057499999999997,2.740841183907575,1.61895,1.5954509659382103,-0.1515926535897929,-0.10586140984839498,1.456,1.478128216767109,0.8270780089232355
PRSM,seed17,66,Balanced,1.5,1.8,2.34795,2.259248056767928,2.34795,2.200345701446243,1.3562999999999998,1.3206204279579334,-0.18259265358979304,-0.0024682954186596717,1.417,1.59186980049842,0.5884911251797436
PRSM,seed17,70,Balanced,1.6,2.1,2.5234,2.429080386835979,2.5234,2.389734522741513,1.4578000000000002,1.421565044028992,-0.18559265358979316,-0.004131662533862102,1.437,1.567365669144157,0.5967328338212425
GPR,seed18,109,Y-dominant,1.3,2.2,2.278510752662801,2.335761785507202,2.2755322720951447,2.28295636177063,1.3090153278909717,1.3416707515716553,0.19292781304489365,0.20174884796142578,1.6939278130448936,1.663748860359192,0.8717359948120997
GPR,seed18,107,Y-dominant,1.2,2.2,2.169266613397256,2.2948851585388184,2.2267371056041863,2.231452226638794,1.2592882880919258,1.3063855171203613,0.2571631698436739,0.28833162784576416,1.714163169843674,1.699662446975708,0.8553927161796596
GPR,seed18,53,Balanced,1.0,1.3,1.8917499999999998,1.919662594795227,1.8917499999999998,1.8971649408340454,1.0924999999999998,1.1230641603469849,-0.22259265358979308,-0.2536419928073883,1.402,1.3700823783874512,0.901383434246241
GPR,seed18,41,Bar-dominant,2.0,1.9,2.5096507575756433,2.441908121109009,2.510774999660516,2.4418301582336426,1.446899563231579,1.4202903509140015,0.17122299937936544,0.08991694450378418,1.7422229993793656,1.6450893878936768,0.6963495601393608
GPR,seed18,111,Y-dominant,1.3,2.3,2.271625673388994,2.3637630939483643,2.306689619413679,2.326883316040039,1.317448184821391,1.3519121408462524,0.2402456776602456,0.2542916238307953,1.7132456776602456,1.6825928688049316,0.8491282954309712
GPR,seed18,61,Balanced,1.3,1.6,2.1663,2.1800217628479004,2.1663,2.1660943031311035,1.2499,1.2532227039337158,-0.19259265358979327,-0.20428937673568726,1.414,1.4000383615493774,0.9535451163710398
GPR,seed18,43,Bar-dominant,2.0,1.8,2.4548595581010333,2.387606143951416,2.4166987192494345,2.380023241043091,1.3867678249722057,1.3834490776062012,0.14596583160301807,0.1586165726184845,1.716965831603018,1.7108676433563232,0.9057685788901415
GPR,seed18,93,Y-dominant,1.0,2.4,1.8758635344821866,2.1587042808532715,2.537567617526073,2.4771664142608643,1.0934238457629544,1.2194889783859253,0.4227383539175136,0.40071389079093933,1.5887383539175137,1.6950503587722778,0.5414349025546605
GPR,seed18,37,Bar-dominant,1.9,1.6,2.254,2.2962517738342285,2.254,2.309964895248413,1.302,1.3113170862197876,0.18,0.20632517337799072,1.753,1.7790372371673584,0.8535345788587994
GPR,seed18,23,Bar-dominant,1.7,1.1,2.0720018918910283,2.064347743988037,2.074586213855673,2.297177791595459,1.1956045839992344,1.1079528331756592,0.17935135052876194,0.18511557579040527,1.9133513505287618,1.792239785194397,0.6780343021942032
GPR,seed18,0,Bar-dominant,1.2,1.0,1.7457003465658132,1.7505736351013184,1.7452359484223434,1.7929234504699707,1.0087004928790133,1.0521900653839111,0.2463698803606492,0.1477588713169098,1.8173698803606493,1.7099229097366333,0.7588819042020786
GPR,seed18,102,Y-dominant,1.2,2.3,2.153371266758243,2.3217222690582275,2.3416477004409244,2.3075075149536133,1.2639060920494574,1.3146499395370483,0.2725523918299775,0.3166797161102295,1.6835523918299775,1.6942028999328613,0.8171013209194113
GPR,seed18,72,Balanced,1.6,1.8,2.5148164807554334,2.3960938453674316,2.5151979264950954,2.4212467670440674,1.4518309105720266,1.3824882507324219,-0.30881240452925035,-0.1354629099369049,1.3440891190605426,1.4697606563568115,0.5865307437203169
GPR,seed18,56,Balanced,1.1,1.4,1.9825000000000002,1.9862983226776123,1.98375,1.974287748336792,1.145,1.147926926612854,-0.21059265358979307,-0.24607372283935547,1.407,1.3730223178863525,0.9054569826018978
GPR,seed18,54,Balanced,1.1,1.5,2.0215,2.0277745723724365,2.0215,2.0039730072021484,1.1674,1.168630838394165,-0.2255926535897932,-0.19390109181404114,1.413,1.4064319133758545,0.9377954066499041
GPR,seed18,83,Balanced,2.0,2.4,2.8534,2.8344221115112305,2.8534,2.8494224548339844,1.6478000000000002,1.6206954717636108,-0.14459265358979323,-0.1751161515712738,1.449,1.422403335571289,0.8693340071866061
GPR,seed18,76,Balanced,1.7,2.1,2.5783,2.5781538486480713,2.5783,2.5802793502807617,1.4896,1.489366054534912,-0.15859265358979302,-0.18294522166252136,1.444,1.4286463260650635,0.924658578617959
GPR,seed18,45,Bar-dominant,2.0,1.6,2.359824713829398,2.344536304473877,2.4702784769722665,2.396716594696045,1.3225083463659424,1.3197823762893677,0.16942337291463724,0.18830092251300812,1.7404233729146374,1.7625397443771362,0.8650601543489069
GPR,seed18,12,Bar-dominant,1.6,1.4,2.082,2.066598415374756,2.082,2.0426769256591797,1.203,1.204494595527649,0.203,0.17043408751487732,1.774,1.7491672039031982,0.8848602626423246
GPR,seed18,71,Balanced,1.6,1.9,2.43775,2.45424222946167,2.43775,2.4675869941711426,1.407,1.4123971462249756,-0.17959265358979293,-0.18443244695663452,1.417,1.4293873310089111,0.9296596372291748
GPR,seed18,100,Y-dominant,1.1,2.3,2.0329931750992176,2.2864863872528076,2.377947746806412,2.3102004528045654,1.2014607623465305,1.2812445163726807,0.3199448827240066,0.36491772532463074,1.6549448827240067,1.7017534971237183,0.6876022613417478
GPR,seed18,96,Y-dominant,1.1,2.2,2.3918068996054007,2.271604537963867,2.1837499019514097,2.203610897064209,1.3443531449091817,1.2796852588653564,0.35728782838716905,0.3472817540168762,1.7452878283871691,1.7188931703567505,0.8129966785030778
GPR,seed18,57,Balanced,1.2,1.6,2.1153999999999997,2.1145379543304443,2.1153999999999997,2.090977430343628,1.2222,1.2137882709503174,-0.2085926535897933,-0.1648319661617279,1.421,1.4257054328918457,0.9185696889504341
GPR,seed18,60,Balanced,1.3,1.7,2.208,2.2033636569976807,2.208,2.1870639324188232,1.275,1.266831636428833,-0.19459265358979305,-0.16677892208099365,1.427,1.4259357452392578,0.9362577077045301
k-NN,seed18,109,Y-dominant,1.3,2.2,2.278510752662801,2.2755942974555885,2.2755322720951447,2.3291977228843925,1.3090153278909717,1.3140834938517512,0.19292781304489365,0.21988838852771597,1.6939278130448936,1.6948883885277162,0.8759782940417248
k-NN,seed18,107,Y-dominant,1.2,2.2,2.169266613397256,2.3088496924169135,2.2267371056041863,2.2183262426029176,1.2592882880919258,1.312719660138179,0.2571631698436739,0.2908361347835639,1.714163169843674,1.7261694681168975,0.8477504844187006
k-NN,seed18,53,Balanced,1.0,1.3,1.8917499999999998,1.9040334573258821,1.8917499999999998,1.9046643313521938,1.0924999999999998,1.0992996804482555,-0.22259265358979308,-0.24546597449739427,1.402,1.377460012425732,0.9299336995515708
k-NN,seed18,41,Bar-dominant,2.0,1.9,2.5096507575756433,2.3572540098615904,2.510774999660516,2.374811402093616,1.446899563231579,1.3694870029409352,0.17122299937936544,0.16978472043856926,1.7422229993793656,1.7431180537719027,0.7383819903317853
k-NN,seed18,111,Y-dominant,1.3,2.3,2.271625673388994,2.3335607579753574,2.306689619413679,2.3987345831638773,1.317448184821391,1.3551599354819945,0.2402456776602456,0.22247159687671333,1.7132456776602456,1.6948049302100465,0.8057477480451386
k-NN,seed18,61,Balanced,1.3,1.6,2.1663,2.1928666666666667,2.1663,2.1933666666666665,1.2499,1.2664166666666665,-0.19259265358979327,-0.2295926535897932,1.414,1.373333333333333,0.8661927949815178
k-NN,seed18,43,Bar-dominant,2.0,1.8,2.4548595581010333,2.3572540098615904,2.4166987192494345,2.374811402093616,1.3867678249722057,1.3694870029409352,0.14596583160301807,0.16978472043856926,1.716965831603018,1.7431180537719027,0.8764313372480337
k-NN,seed18,93,Y-dominant,1.0,2.4,1.8758635344821866,2.193239242592228,2.537567617526073,2.460612350294124,1.0934238457629544,1.2360929974979655,0.4227383539175136,0.4476094293272812,1.5887383539175137,1.649276095993948,0.575845157537627
k-NN,seed18,37,Bar-dominant,1.9,1.6,2.254,2.270624660704371,2.254,2.303628651727914,1.302,1.3217076995091677,0.18,0.1667264462535484,1.753,1.7533931129202152,0.8944233406194642
k-NN,seed18,23,Bar-dominant,1.7,1.1,2.0720018918910283,2.071330946874492,2.074586213855673,2.3208551580627277,1.1956045839992344,1.1075931392068388,0.17935135052876194,0.18328532265145267,1.9133513505287618,1.7539519893181195,0.654914624828016
k-NN,seed18,0,Bar-dominant,1.2,1.0,1.7457003465658132,1.7638880240004313,1.7452359484223434,1.7805924624294527,1.0087004928790133,1.02891799484555,0.2463698803606492,0.2209737215666965,1.8173698803606493,1.7989737215666965,0.9066236231289128
k-NN,seed18,102,Y-dominant,1.2,2.3,2.153371266758243,2.3071206159805353,2.3416477004409244,2.418530275523647,1.2639060920494574,1.3281856653243034,0.2725523918299775,0.3264558110211652,1.6835523918299775,1.6844558110211654,0.7715306224572697
k-NN,seed18,72,Balanced,1.6,1.8,2.5148164807554334,2.3517183264159183,2.5151979264950954,2.3542389295665456,1.4518309105720266,1.3565290588533367,-0.30881240452925035,-0.2082842155297833,1.3440891190605426,1.3973084380600096,0.6117335863794979
k-NN,seed18,56,Balanced,1.1,1.4,1.9825000000000002,1.963533457325882,1.98375,1.9645976646855268,1.145,1.1339996804482555,-0.21059265358979307,-0.24446597449739438,1.407,1.3761266790923987,0.9088945851605589
k-NN,seed18,54,Balanced,1.1,1.5,2.0215,2.009533479817693,2.0215,2.0106766762818364,1.1674,1.1607496224404272,-0.2255926535897932,-0.22980966744802125,1.413,1.3921163194751054,0.9443653437033666
k-NN,seed18,83,Balanced,2.0,2.4,2.8534,2.8329166666666663,2.8534,2.8329166666666663,1.6478000000000002,1.6358666666666668,-0.14459265358979323,-0.161592653589793,1.449,1.439,0.9291181840398284
k-NN,seed18,76,Balanced,1.7,2.1,2.5783,2.5558,2.5783,2.55645,1.4896,1.4762333333333337,-0.15859265358979302,-0.18125932025645972,1.444,1.422,0.9040461020479217
k-NN,seed18,45,Bar-dominant,2.0,1.6,2.359824713829398,2.34217089114682,2.4702784769722665,2.357146422414837,1.3225083463659424,1.3582890259456761,0.16942337291463724,0.1635394420918644,1.7404233729146374,1.769206108758531,0.819251104636721
k-NN,seed18,12,Bar-dominant,1.6,1.4,2.082,2.0732835265519554,2.082,2.0735018637084495,1.203,1.1971665550999244,0.203,0.18191598100561635,1.774,1.7529159810056163,0.9298320786519848
k-NN,seed18,71,Balanced,1.6,1.9,2.43775,2.409116666666667,2.43775,2.409116666666667,1.407,1.391,-0.17959265358979293,-0.17392598692312644,1.417,1.4313333333333331,0.923920931250992
k-NN,seed18,100,Y-dominant,1.1,2.3,2.0329931750992176,2.2204989331297176,2.377947746806412,2.338390244637147,1.2014607623465305,1.2670780384170728,0.3199448827240066,0.4120436310135644,1.6549448827240067,1.6830436310135644,0.7585125206015295
k-NN,seed18,96,Y-dominant,1.1,2.2,2.3918068996054007,2.2410885613945557,2.1837499019514097,2.2219409884931127,1.3443531449091817,1.2744484103431868,0.35728782838716905,0.3871454266683405,1.7452878283871691,1.7134787600016737,0.7733694399519183
k-NN,seed18,57,Balanced,1.2,1.6,2.1153999999999997,2.1318001464843594,2.1153999999999997,2.13301000961517,1.2222,1.231049622440427,-0.2085926535897933,-0.23447633411468802,1.421,1.3714496528084386,0.8644574944853965
k-NN,seed18,60,Balanced,1.3,1.7,2.208,2.2542000000000004,2.208,2.2547,1.275,1.3016833333333333,-0.19459265358979305,-0.2075926535897931,1.427,1.399333333333333,0.868002643559039
RF,seed18,109,Y-dominant,1.3,2.2,2.278510752662801,2.2173813617513547,2.2755322720951447,2.340227159493299,1.3090153278909717,1.2844631133847964,0.19292781304489365,0.2580482726533063,1.6939278130448936,1.6605785330776734,0.8000064161269664
RF,seed18,107,Y-dominant,1.2,2.2,2.169266613397256,2.2171825253271096,2.2267371056041863,2.298736184269639,1.2592882880919258,1.2738532833485443,0.2571631698436739,0.3333793110666403,1.714163169843674,1.6892900758704916,0.8156727430562511
RF,seed18,53,Balanced,1.0,1.3,1.8917499999999998,1.9059297874569472,1.8917499999999998,1.9057734931120902,1.0924999999999998,1.0995873048217073,-0.22259265358979308,-0.19357283800809608,1.402,1.4220102070201517,0.9338411391873581
RF,seed18,41,Bar-dominant,2.0,1.9,2.5096507575756433,2.4192681105996576,2.510774999660516,2.4482578709585225,1.446899563231579,1.385903198390743,0.17122299937936544,0.11951774354206672,1.7422229993793656,1.7098699283125907,0.7924242085184185
RF,seed18,111,Y-dominant,1.3,2.3,2.271625673388994,2.4011168007853327,2.306689619413679,2.3705347627703173,1.317448184821391,1.3689067683681286,0.2402456776602456,0.3152254778795853,1.7132456776602456,1.7018298537945478,0.7876469209160185
RF,seed18,61,Balanced,1.3,1.6,2.1663,2.140960935449542,2.1663,2.1403388365875475,1.2499,1.2351811319650867,-0.19259265358979327,-0.13713450872271912,1.414,1.441687044247193,0.880358716155048
RF,seed18,43,Bar-dominant,2.0,1.8,2.4548595581010333,2.386622062849589,2.4166987192494345,2.4180472338992565,1.3867678249722057,1.3674729489901682,0.14596583160301807,0.16374586393779103,1.716965831603018,1.7542656103756153,0.8770223039598184
RF,seed18,93,Y-dominant,1.0,2.4,1.8758635344821866,2.16786038092892,2.537567617526073,2.4730135458177407,1.0934238457629544,1.227463122305002,0.4227383539175136,0.4318645775484167,1.5887383539175137,1.6439970775484198,0.6028973986794616
RF,seed18,37,Bar-dominant,1.9,1.6,2.254,2.283367325992209,2.254,2.3086944673730887,1.302,1.3171603779957461,0.18,0.16636301366547177,1.753,1.7716087079295477,0.8763969720066898
RF,seed18,23,Bar-dominant,1.7,1.1,2.0720018918910283,2.0719917486065063,2.074586213855673,2.368223506990165,1.1956045839992344,1.0898178918760058,0.17935135052876194,0.18141426840856925,1.9133513505287618,1.7591990184085589,0.618105016993061
RF,seed18,0,Bar-dominant,1.2,1.0,1.7457003465658132,1.7941076789582342,1.7452359484223434,1.8195379771986055,1.0087004928790133,1.0517081729323876,0.2463698803606492,0.07489752460425211,1.8173698803606493,1.6607780657465705,0.6648862690308764
RF,seed18,102,Y-dominant,1.2,2.3,2.153371266758243,2.485927138535501,2.3416477004409244,2.3289130708781274,1.2639060920494574,1.3936398279891278,0.2725523918299775,0.38644920503607333,1.6835523918299775,1.7225073300360785,0.6682886346309688
RF,seed18,72,Balanced,1.6,1.8,2.5148164807554334,2.308548065546489,2.5151979264950954,2.309388506680941,1.4518309105720266,1.3320101379954716,-0.30881240452925035,-0.09012384515332228,1.3440891190605426,1.503474953190395,0.489385230098261
RF,seed18,56,Balanced,1.1,1.4,1.9825000000000002,1.9520199726165546,1.98375,1.952599123858698,1.145,1.1267546681425125,-0.21059265358979307,-0.18874477407244863,1.407,1.4205689192564355,0.9114771032342711
RF,seed18,54,Balanced,1.1,1.5,2.0215,2.009118511951447,2.0215,2.0101751329752435,1.1674,1.1593845697762744,-0.2255926535897932,-0.07947168006424098,1.413,1.49597601078194,0.7701724024427744
RF,seed18,83,Balanced,2.0,2.4,2.8534,2.8144125052353868,2.8534,2.8151608130099404,1.6478000000000002,1.6249163085675096,-0.14459265358979323,-0.14293014657446934,1.449,1.4513199110678858,0.9138045764195892
RF,seed18,76,Balanced,1.7,2.1,2.5783,2.538394496490157,2.5783,2.53900356541956,1.4896,1.465613076051515,-0.15859265358979302,-0.149371968514218,1.444,1.4500859870741116,0.9037225242741
RF,seed18,45,Bar-dominant,2.0,1.6,2.359824713829398,2.3551574757026135,2.4702784769722665,2.389103299851204,1.3225083463659424,1.3461706490521492,0.16942337291463724,0.1610100552530395,1.7404233729146374,1.7957746240082233,0.8381279057200843
RF,seed18,12,Bar-dominant,1.6,1.4,2.082,2.0704675406054807,2.082,2.0747581521207867,1.203,1.1940871886811566,0.203,0.17206961367431453,1.774,1.747587704229661,0.9082468655176236
RF,seed18,71,Balanced,1.6,1.9,2.43775,2.361277136285015,2.43775,2.361373267142416,1.407,1.362995504807501,-0.17959265358979293,-0.10643931247315579,1.417,1.4925081303006076,0.7440349826921958
RF,seed18,100,Y-dominant,1.1,2.3,2.0329931750992176,2.344658436844486,2.377947746806412,2.3298874122156237,1.2014607623465305,1.3178619280886803,0.3199448827240066,0.4367440831836435,1.6549448827240067,1.7007553331836496,0.6472054298363394
RF,seed18,96,Y-dominant,1.1,2.2,2.3918068996054007,2.092277211614251,2.1837499019514097,2.2937909490695283,1.3443531449091817,1.2120376780501483,0.35728782838716905,0.3745805573691796,1.7452878283871691,1.6763930573691852,0.5836287922250287
RF,seed18,57,Balanced,1.2,1.6,2.1153999999999997,2.1140441051305587,2.1153999999999997,2.1138945111236023,1.2222,1.2194026843230932,-0.2085926535897933,-0.07477813022576539,1.421,1.4919869356204183,0.7775701274840608
RF,seed18,60,Balanced,1.3,1.7,2.208,2.1957402065481615,2.208,2.1941954200782927,1.275,1.2654839709886327,-0.19459265358979305,-0.029590889917886835,1.427,1.5236418420398379,0.7166074657935694
PRSM,seed18,109,Y-dominant,1.3,2.2,2.278510752662801,2.270148257428299,2.2755322720951447,2.324810779361073,1.3090153278909717,1.3104413258489054,0.19292781304489365,0.16586885304556254,1.6939278130448936,1.6256007897964178,0.7773525664122578
PRSM,seed18,107,Y-dominant,1.2,2.2,2.169266613397256,2.2183237384164833,2.2267371056041863,2.3014787486674195,1.2592882880919258,1.2787523099187714,0.2571631698436739,0.2201505516762683,1.714163169843674,1.64071001132201,0.7469619048046844
PRSM,seed18,53,Balanced,1.0,1.3,1.8917499999999998,1.861620807751454,1.8917499999999998,1.7791619474237061,1.0924999999999998,1.07827749353392,-0.22259265358979308,-0.04145663915248421,1.402,1.529545597071246,0.7182464049879013
PRSM,seed18,41,Bar-dominant,2.0,1.9,2.5096507575756433,2.6534872821338125,2.510774999660516,2.651966643601215,1.446899563231579,1.5255106458833316,0.17122299937936544,-0.08439780389257634,1.7422229993793656,1.5446036742746467,0.45243331290202815
PRSM,seed18,111,Y-dominant,1.3,2.3,2.271625673388994,2.2957021222949856,2.306689619413679,2.3934573867943305,1.317448184821391,1.324147987732542,0.2402456776602456,0.20492970869399074,1.7132456776602456,1.637625037976352,0.7363891302673516
PRSM,seed18,61,Balanced,1.3,1.6,2.1663,2.0766877690181667,2.1663,2.0095547513231766,1.2499,1.1978234488551776,-0.19259265358979327,0.024095674792123933,1.414,1.603921575721649,0.5961633625049938
PRSM,seed18,43,Bar-dominant,2.0,1.8,2.4548595581010333,2.608012896502599,2.4166987192494345,2.626025755148544,1.3867678249722057,1.4948304822138079,0.14596583160301807,-0.04823015597095304,1.716965831603018,1.5771993122585413,0.4937650156874833
PRSM,seed18,93,Y-dominant,1.0,2.4,1.8758635344821866,2.168941149601932,2.537567617526073,2.4463880439270977,1.0934238457629544,1.2399599019193621,0.4227383539175136,0.46571544300545464,1.5887383539175137,1.7211077019444359,0.4816461804305502
PRSM,seed18,37,Bar-dominant,1.9,1.6,2.254,2.433646722797101,2.254,2.4764704381144007,1.302,1.3878786713993727,0.18,0.030335456684912332,1.753,1.6493531885050878,0.5571208091726062
PRSM,seed18,23,Bar-dominant,1.7,1.1,2.0720018918910283,2.0450212726527344,2.074586213855673,2.2156156383773657,1.1956045839992344,1.147990683420929,0.17935135052876194,0.18910282431778813,1.9133513505287618,1.7906223502802987,0.7549419021469971
PRSM,seed18,0,Bar-dominant,1.2,1.0,1.7457003465658132,1.7836393702333448,1.7452359484223434,1.7949479428323551,1.0087004928790133,1.0206182616624138,0.2463698803606492,-0.003395779038188218,1.8173698803606493,1.6238527477178215,0.6236689978045188
PRSM,seed18,102,Y-dominant,1.2,2.3,2.153371266758243,2.2421239860095987,2.3416477004409244,2.3735969590418042,1.2639060920494574,1.290860795511687,0.2725523918299775,0.26743882740920344,1.6835523918299775,1.6577352969809993,0.8567112054913887
PRSM,seed18,72,Balanced,1.6,1.8,2.5148164807554334,2.314433394249358,2.5151979264950954,2.265589722055331,1.4518309105720266,1.3334537907902515,-0.30881240452925035,-0.0001869739414235294,1.3440891190605426,1.6036628825435366,0.42064521489657786
PRSM,seed18,56,Balanced,1.1,1.4,1.9825000000000002,1.926516619229091,1.98375,1.848685163495767,1.145,1.113640384738733,-0.21059265358979307,-0.009262208919643022,1.407,1.5640293854987348,0.6666178838305203
PRSM,seed18,54,Balanced,1.1,1.5,2.0215,1.9638536492476866,2.0215,1.887465980025889,1.1674,1.1357232295426067,-0.2255926535897932,0.010980360940797906,1.413,1.5668304610158885,0.6467092997178612
PRSM,seed18,83,Balanced,2.0,2.4,2.8534,2.8521897108541587,2.8534,2.8506879548371735,1.6478000000000002,1.6572129601653027,-0.14459265358979323,-0.19909893233131526,1.449,1.4176728236443432,0.8332727103868299
PRSM,seed18,76,Balanced,1.7,2.1,2.5783,2.4949391098172624,2.5783,2.464144496183548,1.4896,1.4430112048372818,-0.15859265358979302,-0.035979570978861064,1.444,1.5546181959977157,0.6459814235956095
PRSM,seed18,45,Bar-dominant,2.0,1.6,2.359824713829398,2.511330225353027,2.4702784769722665,2.5879473520377245,1.3225083463659424,1.4291304540616305,0.16942337291463724,0.03733256210617042,1.7404233729146374,1.6496000560841644,0.5808530286805691
PRSM,seed18,12,Bar-dominant,1.6,1.4,2.082,2.141480728477833,2.082,2.1522917671683484,1.203,1.2218382873865947,0.203,0.05693630383920745,1.774,1.678060394340351,0.6890634256348163
PRSM,seed18,71,Balanced,1.6,1.9,2.43775,2.352893310786285,2.43775,2.305417022272511,1.407,1.357741249296891,-0.17959265358979293,-0.0034449415250177307,1.417,1.5910713944758614,0.5740913634716691
PRSM,seed18,100,Y-dominant,1.1,2.3,2.0329931750992176,2.193743090750717,2.377947746806412,2.3633529978011225,1.2014607623465305,1.2603095782160394,0.3199448827240066,0.33164998663083334,1.6549448827240067,1.6757526794471242,0.8093131220663468
PRSM,seed18,96,Y-dominant,1.1,2.2,2.3918068996054007,2.1716964604311735,2.1837499019514097,2.28776318448561,1.3443531449091817,1.2497992689138449,0.35728782838716905,0.27613429081339036,1.7452878283871691,1.65372635630908,0.6151901834465389
PRSM,seed18,57,Balanced,1.2,1.6,2.1153999999999997,2.035384953647781,2.1153999999999997,1.9653931029827592,1.2222,1.1757234906693705,-0.2085926535897933,0.02901285291578537,1.421,1.5890245723729126,0.6136658739202898
PRSM,seed18,60,Balanced,1.3,1.7,2.208,2.1137094336591424,2.208,2.0505946111673916,1.275,1.2202095123650736,-0.19459265358979305,0.03670168597280021,1.427,1.6015268881859155,0.5923078050475731
GPR,seed19,112,Y-dominant,1.4,2.4,2.375,2.3765709400177,2.3826,2.4276022911071777,1.3756,1.3757840394973755,0.227,0.2246481478214264,1.716,1.674793004989624,0.8516929749504475
GPR,seed19,77,Balanced,1.8,2.3,2.71215,2.725619077682495,2.71215,2.702289342880249,1.5661999999999998,1.5709189176559448,-0.16159265358979313,-0.13258521258831024,1.45,1.4599907398223877,0.927462890052117
GPR,seed19,101,Y-dominant,1.1,2.4,2.0119520993303985,2.180088996887207,2.49534848601559,2.4523792266845703,1.1883787520566418,1.2603881359100342,0.34589256406251734,0.3532339930534363,1.6248925640625174,1.6880946159362793,0.6973135317253036
GPR,seed19,2,Bar-dominant,1.3,1.0,1.691664072001294,1.7571955919265747,1.7417773872883584,1.7305240631103516,1.0083539845366503,1.0317639112472534,0.20092116470008953,0.25986814498901367,1.7719211647000896,1.8350862264633179,0.8414420577196505
GPR,seed19,89,Y-dominant,1.0,2.5,1.8435641601257062,2.085049629211426,2.6631260895011266,2.5809524059295654,1.0493352926583754,1.2317715883255005,0.4613304225896439,0.3574562072753906,1.552330422589644,1.6682567596435547,0.48530765437575013
GPR,seed19,16,Bar-dominant,1.6,1.5,2.16535,2.1469528675079346,2.1669,2.098769187927246,1.25085,1.2506744861602783,0.193,0.058286190032958984,1.764,1.6558772325515747,0.6885334642345801
GPR,seed19,72,Balanced,1.6,1.8,2.5148164807554334,2.376950740814209,2.5151979264950954,2.388735294342041,1.4518309105720266,1.3784791231155396,-0.30881240452925035,-0.15169976651668549,1.3440891190605426,1.4613443613052368,0.5912943481402904
GPR,seed19,37,Bar-dominant,1.9,1.6,2.254,2.2981693744659424,2.254,2.3130064010620117,1.302,1.3167296648025513,0.18,0.20935040712356567,1.753,1.784696102142334,0.8408211613195332
GPR,seed19,99,Y-dominant,1.1,1.9,2.0790021645010377,2.0896480083465576,2.082235927368049,2.0444493293762207,1.2014965845884542,1.2062429189682007,0.28255699955856206,0.21367518603801727,1.7435569995585622,1.6899160146713257,0.8119063430184549
GPR,seed19,18,Bar-dominant,1.7,1.5,2.156809495528059,2.16434645652771,2.206941025560816,2.1284475326538086,1.2574567784606259,1.2576578855514526,0.18003264965892504,0.1528995931148529,1.751032649658925,1.7414098978042603,0.8391445125059299
GPR,seed19,104,Y-dominant,1.2,2.0,2.1840023443210863,2.1998729705810547,2.1842449814232756,2.1421377658843994,1.25760099440452,1.262783408164978,0.26453479958330284,0.16343078017234802,1.735534799583303,1.6442067623138428,0.7162468130506521
GPR,seed19,27,Bar-dominant,1.8,1.2,2.1705,2.164027690887451,2.1705,2.3729732036590576,1.2525,1.1783719062805176,0.171,0.18686658143997192,1.901,1.7937525510787964,0.6847248557832162
GPR,seed19,8,Bar-dominant,1.5,1.4,2.0793,2.0576767921447754,2.0793,2.0120298862457275,1.2006,1.194394826889038,0.198,0.030587196350097656,1.769,1.6341636180877686,0.6598130684017726
GPR,seed19,107,Y-dominant,1.2,2.2,2.169266613397256,2.249805212020874,2.2267371056041863,2.2323496341705322,1.2592882880919258,1.2852404117584229,0.2571631698436739,0.2777683734893799,1.714163169843674,1.6920524835586548,0.8850054772674159
GPR,seed19,94,Y-dominant,1.1,2.1,2.073720984124914,2.1756415367126465,2.146000717583487,2.1349077224731445,1.210489867834984,1.2386890649795532,0.27119795102684563,0.3234717845916748,1.7161979510268457,1.7301081418991089,0.8795812967496307
GPR,seed19,61,Balanced,1.3,1.6,2.1663,2.1690902709960938,2.1663,2.1846959590911865,1.2499,1.246220588684082,-0.19259265358979327,-0.21997348964214325,1.414,1.392317295074463,0.9201326772151758
GPR,seed19,13,Bar-dominant,1.6,1.2,1.9655999999999998,1.9772891998291016,1.9655999999999998,2.0202794075012207,1.1354,1.1238429546356201,0.198,0.21551668643951416,1.804,1.8149467706680298,0.889639813737233
GPR,seed19,30,Bar-dominant,1.8,1.1,2.173554352897576,2.1757540702819824,2.562926455036068,2.448834180831909,1.1099229606491847,1.163543939590454,0.1709986684491855,0.16087952256202698,1.7409986684491856,1.7727086544036865,0.8156932572962133
GPR,seed19,47,Bar-dominant,2.0,1.3,2.376005156244405,2.364795446395874,2.782773961000561,2.6554837226867676,1.2086051896617225,1.259631633758545,0.1569166696807406,0.11704470217227936,1.7299166696807406,1.7205432653427124,0.7601969933414242
GPR,seed19,65,Balanced,1.4,1.8,2.3008,2.3064119815826416,2.3008,2.3225088119506836,1.328,1.3277642726898193,-0.18259265358979304,-0.19435755908489227,1.433,1.4078396558761597,0.9182424184504895
GPR,seed19,28,Bar-dominant,1.8,1.0,2.1700112902932096,2.1905195713043213,2.6536816770303138,2.496783971786499,1.075045374388253,1.1580119132995605,0.1717742047373788,0.14002740383148193,1.741774204737379,1.7521504163742065,0.7356129305494902
GPR,seed19,46,Bar-dominant,2.0,1.1,2.3684045647861773,2.359586000442505,2.2762335055230363,2.731437921524048,2.001234820887922,1.2199573516845703,0.1550366517373936,0.12591975927352905,1.7230366517373936,1.7213037014007568,0.41607315894461044
GPR,seed19,115,Y-dominant,1.5,2.4,2.4765122834341042,2.468214273452759,2.4771141702125266,2.465045928955078,1.4293551938662081,1.4272805452346802,0.2228504041154444,0.1566644161939621,1.7148504041154444,1.6475862264633179,0.7487151916288839
GPR,seed19,92,Y-dominant,1.0,2.1,2.3245437385646244,2.142522096633911,2.0955017910344127,2.130239963531494,1.2986857226717972,1.21368408203125,0.39267749750420494,0.38350093364715576,1.753677497504205,1.761913537979126,0.7700627469543107
k-NN,seed19,112,Y-dominant,1.4,2.4,2.375,2.299926066446438,2.3826,2.433420362130679,1.3756,1.3410307643846626,0.227,0.23681991253890766,1.716,1.6840199125389077,0.8308122633670091
k-NN,seed19,77,Balanced,1.8,2.3,2.71215,2.71242,2.71215,2.71242,1.5661999999999998,1.56605,-0.16159265358979313,-0.16219265358979315,1.45,1.4402000000000001,0.9656769007424082
k-NN,seed19,101,Y-dominant,1.1,2.4,2.0119520993303985,2.133913914478543,2.49534848601559,2.4878720104579104,1.1883787520566418,1.2365324641732045,0.34589256406251734,0.36297276724008254,1.6248925640625174,1.6429727672400822,0.8424594349280364
k-NN,seed19,2,Bar-dominant,1.3,1.0,1.691664072001294,1.8023956706111182,1.7417773872883584,1.8069018009315858,1.0083539845366503,1.0431516631271058,0.20092116470008953,0.21716465256627515,1.7719211647000896,1.811564652566275,0.8162650378973173
k-NN,seed19,89,Y-dominant,1.0,2.5,1.8435641601257062,2.2721555731228156,2.6631260895011266,2.456954956169759,1.0493352926583754,1.2903533012596742,0.4613304225896439,0.4061048509612176,1.552330422589644,1.666104850961218,0.36668781198821826
k-NN,seed19,16,Bar-dominant,1.6,1.5,2.16535,2.112692038723888,2.1669,2.110630630943594,1.25085,1.2182565206790055,0.193,0.18476692455625923,1.764,1.755366924556259,0.8756463372935163
k-NN,seed19,72,Balanced,1.6,1.8,2.5148164807554334,2.3957409958495512,2.5151979264950954,2.3972533577399275,1.4518309105720266,1.3822374353120022,-0.30881240452925035,-0.1940075907537872,1.3440891190605426,1.4097850628360056,0.6549905414067554
k-NN,seed19,37,Bar-dominant,1.9,1.6,2.254,2.3019398701765077,2.254,2.34403500089556,1.302,1.3273762133860814,0.18,0.170370841764211,1.753,1.750770841764211,0.8359998408193936
k-NN,seed19,99,Y-dominant,1.1,1.9,2.0790021645010377,2.0491314964229383,2.082235927368049,2.0280928097892987,1.2014965845884542,1.177145321994494,0.28255699955856206,0.27245797840608244,1.7435569995585622,1.7318579784060824,0.8724141223517315
k-NN,seed19,18,Bar-dominant,1.7,1.5,2.156809495528059,2.150183926625386,2.206941025560816,2.1485388002197725,1.2574567784606259,1.239046378671387,0.18003264965892504,0.18577695576601033,1.751032649658925,1.7647769557660102,0.9021865864488755
k-NN,seed19,104,Y-dominant,1.2,2.0,2.1840023443210863,2.089492404886518,2.1842449814232756,2.0641514245754773,1.25760099440452,1.1991174970235343,0.26453479958330284,0.25586877489254317,1.735534799583303,1.7240687748925432,0.7496639465042204
k-NN,seed19,27,Bar-dominant,1.8,1.2,2.1705,2.173034119098187,2.1705,2.3886150995765627,1.2525,1.1726132290747462,0.171,0.172622663734711,1.901,1.796022663734711,0.6912786995482543
k-NN,seed19,8,Bar-dominant,1.5,1.4,2.0793,2.005680115931173,2.0793,2.00550111822507,1.2006,1.158149933059955,0.198,0.1881495886033698,1.769,1.75914958860337,0.8399332717325546
k-NN,seed19,107,Y-dominant,1.2,2.2,2.169266613397256,2.2115565425132706,2.2267371056041863,2.2705734080910873,1.2592882880919258,1.274221200461082,0.2571631698436739,0.27239265818781094,1.714163169843674,1.698792658187811,0.8944937404122272
k-NN,seed19,94,Y-dominant,1.1,2.1,2.073720984124914,2.143242431155233,2.146000717583487,2.1505133594717987,1.210489867834984,1.22925620908851,0.27119795102684563,0.29565294609967574,1.7161979510268457,1.7130529460996757,0.9266098183208089
k-NN,seed19,61,Balanced,1.3,1.6,2.1663,2.1803999999999997,2.1663,2.1807,1.2499,1.25929,-0.19259265358979327,-0.21839265358979318,1.414,1.3936,0.9212829519140937
k-NN,seed19,13,Bar-dominant,1.6,1.2,1.9655999999999998,1.9974580759233855,1.9655999999999998,2.0698150466015575,1.1354,1.129202208194113,0.198,0.18044173000678687,1.804,1.784041730006787,0.8300761541156688
k-NN,seed19,30,Bar-dominant,1.8,1.1,2.173554352897576,2.1918905203085157,2.562926455036068,2.5260346971484773,1.1099229606491847,1.1400662508357908,0.1709986684491855,0.17133124552033563,1.7409986684491856,1.7751312455203359,0.9117762786174809
k-NN,seed19,47,Bar-dominant,2.0,1.3,2.376005156244405,2.310835545175955,2.782773961000561,2.5973152542065256,1.2086051896617225,1.2236317902411922,0.1569166696807406,0.16296375731766927,1.7299166696807406,1.7647637573176695,0.7512906242192361
k-NN,seed19,65,Balanced,1.4,1.8,2.3008,2.303990995849551,2.3008,2.3055033577399273,1.328,1.3296274353120023,-0.18259265358979304,-0.2012075907537872,1.433,1.406985062836006,0.914547055069238
k-NN,seed19,28,Bar-dominant,1.8,1.0,2.1700112902932096,2.136093888715032,2.6536816770303138,2.4270853207274925,1.075045374388253,1.1216003204318743,0.1717742047373788,0.17559773707932488,1.741774204737379,1.8137977370793252,0.7267681509891526
k-NN,seed19,46,Bar-dominant,2.0,1.1,2.3684045647861773,2.3110349991611185,2.2762335055230363,2.708422194678692,2.001234820887922,1.1819975385761055,0.1550366517373936,0.1622295283590447,1.7230366517373936,1.7338295283590448,0.4359319051544178
k-NN,seed19,115,Y-dominant,1.5,2.4,2.4765122834341042,2.4069153843617634,2.4771141702125266,2.473416067033726,1.4293551938662081,1.3963795448128884,0.2228504041154444,0.21978609869461962,1.7148504041154444,1.6933860986946196,0.8901966418630498
k-NN,seed19,92,Y-dominant,1.0,2.1,2.3245437385646244,2.2478626011312106,2.0955017910344127,2.1603879707126206,1.2986857226717972,1.2728950636224323,0.39267749750420494,0.3589239313750106,1.753677497504205,1.7239239313750105,0.8138100126253597
RF,seed19,112,Y-dominant,1.4,2.4,2.375,2.38561220375525,2.3826,2.4578582528285207,1.3756,1.3821196458619809,0.227,0.23377629124067195,1.716,1.682562034116312,0.8441902062779661
RF,seed19,77,Balanced,1.8,2.3,2.71215,2.675621198690997,2.71215,2.675817821005518,1.5661999999999998,1.5447129860728763,-0.16159265358979313,-0.12322888090372096,1.45,1.4653370073270986,0.8718916148376971
RF,seed19,101,Y-dominant,1.1,2.4,2.0119520993303985,2.1022452185685383,2.49534848601559,2.489940345336751,1.1883787520566418,1.2127370556800088,0.34589256406251734,0.3866112751057356,1.6248925640625174,1.6353662751057343,0.8974460730678154
RF,seed19,2,Bar-dominant,1.3,1.0,1.691664072001294,1.7930089707500605,1.7417773872883584,1.793178729780611,1.0083539845366503,1.0356563971495991,0.20092116470008953,0.20601839797026042,1.7719211647000896,1.7854394204535975,0.8498402815802397
RF,seed19,89,Y-dominant,1.0,2.5,1.8435641601257062,2.039708706533493,2.6631260895011266,2.5196646324894103,1.0493352926583754,1.1771510665178992,0.4613304225896439,0.40971914264015813,1.552330422589644,1.6187566426401592,0.5674869412176027
RF,seed19,16,Bar-dominant,1.6,1.5,2.16535,2.1088138911557794,2.1669,2.1143113662220663,1.25085,1.2156913350805498,0.193,0.08840485626178358,1.764,1.6683095931233345,0.7292142827523558
RF,seed19,72,Balanced,1.6,1.8,2.5148164807554334,2.3160058111415958,2.5151979264950954,2.3168939722776356,1.4518309105720266,1.336007179472963,-0.30881240452925035,-0.10165339692227592,1.3440891190605426,1.4862115565380145,0.5051130310991084
RF,seed19,37,Bar-dominant,1.9,1.6,2.254,2.302206657608405,2.254,2.350999804732575,1.302,1.3163336320582215,0.18,0.1679180960154104,1.753,1.7629905960154113,0.8214625190200986
RF,seed19,99,Y-dominant,1.1,1.9,2.0790021645010377,2.067447224583714,2.082235927368049,2.058275684061392,1.2014965845884542,1.1907059938881002,0.28255699955856206,0.25144405916551926,1.7435569995585622,1.72023091223731,0.9019130426278926
RF,seed19,18,Bar-dominant,1.7,1.5,2.156809495528059,2.113236944478879,2.206941025560816,2.1175101430650902,1.2574567784606259,1.2179926427194108,0.18003264965892504,0.16213468487177898,1.751032649658925,1.7430738542833162,0.8239621734111016
RF,seed19,104,Y-dominant,1.2,2.0,2.1840023443210863,2.176419343377374,2.1842449814232756,2.1581526935040753,1.25760099440452,1.2476976100008987,0.26453479958330284,0.1801535735057252,1.735534799583303,1.675631636838421,0.7866518530483492
RF,seed19,27,Bar-dominant,1.8,1.2,2.1705,2.1532215469287577,2.1705,2.305103613561274,1.2525,1.185005594463443,0.171,0.1749744688465589,1.901,1.7859369688465594,0.7554019803977094
RF,seed19,8,Bar-dominant,1.5,1.4,2.0793,2.0361678381547,2.0793,2.036204911469734,1.2006,1.1745581640552392,0.198,0.07129589764138926,1.769,1.653755730450373,0.7084135990892731
RF,seed19,107,Y-dominant,1.2,2.2,2.169266613397256,2.2502377969363137,2.2267371056041863,2.269517386835557,1.2592882880919258,1.2933954736890287,0.2571631698436739,0.25580750081003667,1.714163169843674,1.6996499089799073,0.8598200354877432
RF,seed19,94,Y-dominant,1.1,2.1,2.073720984124914,2.1729913518676263,2.146000717583487,2.1262567438761297,1.210489867834984,1.2421322420933572,0.27119795102684563,0.2733220230684483,1.7161979510268457,1.7181785047024192,0.8873397595832447
RF,seed19,61,Balanced,1.3,1.6,2.1663,2.1488189336103973,2.1663,2.148832586844611,1.2499,1.2406569368180609,-0.19259265358979327,-0.19783338870765207,1.414,1.4088632423988081,0.9578137727658912
RF,seed19,13,Bar-dominant,1.6,1.2,1.9655999999999998,1.9934352228318317,1.9655999999999998,2.0626859101018744,1.1354,1.1263824125709712,0.198,0.18272971217233952,1.804,1.7690372121723386,0.8407976801324847
RF,seed19,30,Bar-dominant,1.8,1.1,2.173554352897576,2.1422468732635984,2.562926455036068,2.311284255187972,1.1099229606491847,1.17204898127367,0.1709986684491855,0.17491666832360675,1.7409986684491856,1.8184366683236046,0.6893623798373726
RF,seed19,47,Bar-dominant,2.0,1.3,2.376005156244405,2.3344596022484834,2.782773961000561,2.5711268595003505,1.2086051896617225,1.254507304613828,0.1569166696807406,0.15956320891360293,1.7299166696807406,1.785745708913596,0.7277436366494702
RF,seed19,65,Balanced,1.4,1.8,2.3008,2.2321602280466384,2.3008,2.231377179322672,1.328,1.2876056680172503,-0.18259265358979304,-0.06094664550415275,1.433,1.5047536752766513,0.7404304048311754
RF,seed19,28,Bar-dominant,1.8,1.0,2.1700112902932096,2.1265342861501724,2.6536816770303138,2.4150372205560764,1.075045374388253,1.120598372700661,0.1717742047373788,0.1762316812726993,1.741774204737379,1.7816691812726908,0.7159191590098579
RF,seed19,46,Bar-dominant,2.0,1.1,2.3684045647861773,2.348787507285098,2.2762335055230363,2.6131695746644006,2.001234820887922,1.2533248424249777,0.1550366517373936,0.15921144979188018,1.7230366517373936,1.7321089497918722,0.4563949138210088
RF,seed19,115,Y-dominant,1.5,2.4,2.4765122834341042,2.4790885461834224,2.4771141702125266,2.4930388582192573,1.4293551938662081,1.4321420714319189,0.2228504041154444,0.15823493739244202,1.7148504041154444,1.6602557803328393,0.7752689486560033
RF,seed19,92,Y-dominant,1.0,2.1,2.3245437385646244,2.1073401913966654,2.0955017910344127,2.124572335594915,1.2986857226717972,1.2081587485185876,0.39267749750420494,0.32534453685899883,1.753677497504205,1.716498518492971,0.7298822262027018
PRSM,seed19,112,Y-dominant,1.4,2.4,2.375,2.3971408075189333,2.3826,2.4902903102209923,1.3756,1.3940098814577038,0.227,0.16809873227941396,1.716,1.6188216762512937,0.6717551053142076
PRSM,seed19,77,Balanced,1.8,2.3,2.71215,2.6377994028363174,2.71215,2.630313749561802,1.5661999999999998,1.5364915516705113,-0.16159265358979313,-0.07118927741275971,1.45,1.5100269573303353,0.731731855398327
PRSM,seed19,101,Y-dominant,1.1,2.4,2.0119520993303985,2.220170727259299,2.49534848601559,2.4369011028500975,1.1883787520566418,1.2632073332315228,0.34589256406251734,0.39160579654502026,1.6248925640625174,1.708486604027481,0.6381912712210349
PRSM,seed19,2,Bar-dominant,1.3,1.0,1.691664072001294,1.8374052032031916,1.7417773872883584,1.881662042935675,1.0083539845366503,1.046852111941039,0.20092116470008953,0.01625858770936961,1.7719211647000896,1.6590334901689725,0.6555992220237121
PRSM,seed19,89,Y-dominant,1.0,2.5,1.8435641601257062,2.1835635920959575,2.6631260895011266,2.51627907096263,1.0493352926583754,1.219759353297996,0.4613304225896439,0.5648582429418,1.552330422589644,1.7871657246126218,0.3612680487504179
PRSM,seed19,16,Bar-dominant,1.6,1.5,2.16535,2.1914076770280637,2.1669,2.1801110816845792,1.25085,1.2593816993820668,0.193,0.002420604927169223,1.764,1.6273570589363415,0.6258126780626042
PRSM,seed19,72,Balanced,1.6,1.8,2.5148164807554334,2.319209474392662,2.5151979264950954,2.274140242761066,1.4518309105720266,1.347983088093064,-0.30881240452925035,-0.03920650988200214,1.3440891190605426,1.568000476778623,0.4446631356915911
PRSM,seed19,37,Bar-dominant,1.9,1.6,2.254,2.405580206196193,2.254,2.458112385004555,1.302,1.3552986018354045,0.18,0.04699471416913226,1.753,1.6586342278598907,0.6015984742936791
PRSM,seed19,99,Y-dominant,1.1,1.9,2.0790021645010377,2.100935066288978,2.082235927368049,2.111993819885747,1.2014965845884542,1.2172523078593223,0.28255699955856206,0.08501177958299555,1.7435569995585622,1.5618956165966305,0.573931944889723
PRSM,seed19,18,Bar-dominant,1.7,1.5,2.156809495528059,2.2431421498076274,2.206941025560816,2.25765209996025,1.2574567784606259,1.2793381503565242,0.18003264965892504,0.027804248534921805,1.751032649658925,1.650767428845946,0.6645373886153597
PRSM,seed19,104,Y-dominant,1.2,2.0,2.1840023443210863,2.1760599872010125,2.1842449814232756,2.1890517167903902,1.25760099440452,1.2650669413234188,0.26453479958330284,0.08992268397779524,1.735534799583303,1.5748626413145672,0.5908015203529202
PRSM,seed19,27,Bar-dominant,1.8,1.2,2.1705,2.142340386541327,2.1705,2.3022218844455327,1.2525,1.1802721852505047,0.171,0.20859059328359952,1.901,1.8056527487823744,0.7132605791560888
PRSM,seed19,8,Bar-dominant,1.5,1.4,2.0793,2.098593020144158,2.0793,2.085191172941853,1.2006,1.2079503324287129,0.198,-0.0005840590727512751,1.769,1.6271053694608426,0.6334554427653997
PRSM,seed19,107,Y-dominant,1.2,2.2,2.169266613397256,2.2295688859806515,2.2267371056041863,2.309538882369351,1.2592882880919258,1.2898236232918001,0.2571631698436739,0.18865547895383383,1.714163169843674,1.6180415281329275,0.6858908908927231
PRSM,seed19,94,Y-dominant,1.1,2.1,2.073720984124914,2.1536895878155367,2.146000717583487,2.230017892410978,1.210489867834984,1.24092165194477,0.27119795102684563,0.1891304117995657,1.7161979510268457,1.607980066184419,0.6644197098707796
PRSM,seed19,61,Balanced,1.3,1.6,2.1663,2.0912796597930896,2.1663,2.0356136869445796,1.2499,1.219556182353199,-0.19259265358979327,-0.03704208131242459,1.414,1.5539184453938417,0.6630916971624818
PRSM,seed19,13,Bar-dominant,1.6,1.2,1.9655999999999998,2.0484251082481766,1.9655999999999998,2.1218984425896195,1.1354,1.1549183088613668,0.198,0.09960464344105946,1.804,1.724369477247715,0.6902150966306714
PRSM,seed19,30,Bar-dominant,1.8,1.1,2.173554352897576,2.087178143510377,2.562926455036068,2.2962730325741627,1.1099229606491847,1.1373139386119144,0.1709986684491855,0.2710630761197478,1.7409986684491856,1.8576317115016625,0.5844931050576356
PRSM,seed19,47,Bar-dominant,2.0,1.3,2.376005156244405,2.30517895257849,2.782773961000561,2.521989670252001,1.2086051896617225,1.2485447146553228,0.1569166696807406,0.2636380386025535,1.7299166696807406,1.8304353235857167,0.5629093338920029
PRSM,seed19,65,Balanced,1.4,1.8,2.3008,2.2118468191078113,2.3008,2.1618056178037746,1.328,1.2920664725086888,-0.18259265358979304,-0.02170873093254999,1.433,1.5569261739509908,0.6487420508390771
PRSM,seed19,28,Bar-dominant,1.8,1.0,2.1700112902932096,2.0303291480999506,2.6536816770303138,2.2943037942562956,1.075045374388253,1.0925932473278017,0.1717742047373788,0.33970855047864246,1.741774204737379,1.9137946560158015,0.4794217419450091
PRSM,seed19,46,Bar-dominant,2.0,1.1,2.3684045647861773,2.1882854548719988,2.2762335055230363,2.517104621062312,2.001234820887922,1.1551662116757078,0.1550366517373936,0.41787365332415394,1.7230366517373936,1.952756319947702,0.2204672614213254
PRSM,seed19,115,Y-dominant,1.5,2.4,2.4765122834341042,2.4617907918123976,2.4771141702125266,2.5255927189674368,1.4293551938662081,1.4361660427907479,0.2228504041154444,0.10364278106213332,1.7148504041154444,1.5902172722686903,0.6070148352037223
PRSM,seed19,92,Y-dominant,1.0,2.1,2.3245437385646244,2.1065513416206283,2.0955017910344127,2.221483295163577,1.2986857226717972,1.2027944552213279,0.39267749750420494,0.24708143966365081,1.753677497504205,1.622241991180579,0.5493904748935227
